solid OpenSCAD_Model
  facet normal 0.0654172 -0.997858 0
    outer loop
      vertex 86 -80 2.4
      vertex 87.8274 -79.8802 56.8
      vertex 86 -80 56.8
    endloop
  endfacet
  facet normal 0.0654172 -0.997858 0
    outer loop
      vertex 87.8274 -79.8802 56.8
      vertex 86 -80 2.4
      vertex 87.8274 -79.8802 2.4
    endloop
  endfacet
  facet normal -0.896882 -0.44227 0
    outer loop
      vertex -98.1244 -73 2.4
      vertex -98.9343 -71.3576 56.8
      vertex -98.9343 -71.3576 2.4
    endloop
  endfacet
  facet normal -0.896882 -0.44227 0
    outer loop
      vertex -98.9343 -71.3576 56.8
      vertex -98.1244 -73 2.4
      vertex -98.1244 -73 56.8
    endloop
  endfacet
  facet normal -0.321465 -0.946921 0
    outer loop
      vertex -91.3576 -78.9343 2.4
      vertex -89.6235 -79.523 56.8
      vertex -91.3576 -78.9343 56.8
    endloop
  endfacet
  facet normal -0.321465 -0.946921 -0
    outer loop
      vertex -89.6235 -79.523 56.8
      vertex -91.3576 -78.9343 2.4
      vertex -89.6235 -79.523 2.4
    endloop
  endfacet
  facet normal 0 1 -0
    outer loop
      vertex 86 80 2.4
      vertex -86 80 56.8
      vertex 86 80 56.8
    endloop
  endfacet
  facet normal 0 1 0
    outer loop
      vertex -86 80 56.8
      vertex 86 80 2.4
      vertex -86 80 2.4
    endloop
  endfacet
  facet normal 0.896882 0.44227 0
    outer loop
      vertex 98.9343 71.3576 56.8
      vertex 98.1244 73 2.4
      vertex 98.1244 73 56.8
    endloop
  endfacet
  facet normal 0.896882 0.44227 0
    outer loop
      vertex 98.1244 73 2.4
      vertex 98.9343 71.3576 56.8
      vertex 98.9343 71.3576 2.4
    endloop
  endfacet
  facet normal 0.659339 0.751846 -0
    outer loop
      vertex 95.8995 75.8995 2.4
      vertex 94.5227 77.1069 56.8
      vertex 95.8995 75.8995 56.8
    endloop
  endfacet
  facet normal 0.659339 0.751846 0
    outer loop
      vertex 94.5227 77.1069 56.8
      vertex 95.8995 75.8995 2.4
      vertex 94.5227 77.1069 2.4
    endloop
  endfacet
  facet normal 0 -1 0
    outer loop
      vertex -47 -80 2.4
      vertex 47 -80 3.79001
      vertex -47 -80 3.79001
    endloop
  endfacet
  facet normal 0 -1 -0
    outer loop
      vertex 47 -80 3.79001
      vertex -47 -80 2.4
      vertex 47 -80 2.4
    endloop
  endfacet
  facet normal 0 -1 0
    outer loop
      vertex -47 -80 3.79001
      vertex -86 -80 56.8
      vertex -63 -80 3.79001
    endloop
  endfacet
  facet normal 0 -1 0
    outer loop
      vertex -86 -80 2.4
      vertex -63 -80 3.79001
      vertex -86 -80 56.8
    endloop
  endfacet
  facet normal 0 -1 -0
    outer loop
      vertex -63 -80 3.79001
      vertex -86 -80 2.4
      vertex -63 -80 2.4
    endloop
  endfacet
  facet normal 0 -1 0
    outer loop
      vertex -86 -80 56.8
      vertex -47 -80 3.79001
      vertex 86 -80 56.8
    endloop
  endfacet
  facet normal 0 -1 0
    outer loop
      vertex 47 -80 3.79001
      vertex 86 -80 56.8
      vertex -47 -80 3.79001
    endloop
  endfacet
  facet normal 0 -1 0
    outer loop
      vertex 63 -80 3.79001
      vertex 86 -80 56.8
      vertex 47 -80 3.79001
    endloop
  endfacet
  facet normal 0 -1 0
    outer loop
      vertex 86 -80 2.4
      vertex 63 -80 3.79001
      vertex 63 -80 2.4
    endloop
  endfacet
  facet normal 0 -1 0
    outer loop
      vertex 63 -80 3.79001
      vertex 86 -80 2.4
      vertex 86 -80 56.8
    endloop
  endfacet
  facet normal -0.0654172 0.997858 0
    outer loop
      vertex -86 80 2.4
      vertex -87.8274 79.8802 56.8
      vertex -86 80 56.8
    endloop
  endfacet
  facet normal -0.0654172 0.997858 0
    outer loop
      vertex -87.8274 79.8802 56.8
      vertex -86 80 2.4
      vertex -87.8274 79.8802 2.4
    endloop
  endfacet
  facet normal 0.321465 0.946921 -0
    outer loop
      vertex 91.3576 78.9343 2.4
      vertex 89.6235 79.523 56.8
      vertex 91.3576 78.9343 56.8
    endloop
  endfacet
  facet normal 0.321465 0.946921 0
    outer loop
      vertex 89.6235 79.523 56.8
      vertex 91.3576 78.9343 2.4
      vertex 89.6235 79.523 2.4
    endloop
  endfacet
  facet normal 0.195055 -0.980792 0
    outer loop
      vertex 87.8274 -79.8802 2.4
      vertex 89.6235 -79.523 56.8
      vertex 87.8274 -79.8802 56.8
    endloop
  endfacet
  facet normal 0.195055 -0.980792 0
    outer loop
      vertex 89.6235 -79.523 56.8
      vertex 87.8274 -79.8802 2.4
      vertex 89.6235 -79.523 2.4
    endloop
  endfacet
  facet normal -1 0 0
    outer loop
      vertex -100 -66 2.4
      vertex -100 66 56.8
      vertex -100 66 2.4
    endloop
  endfacet
  facet normal -1 -0 0
    outer loop
      vertex -100 66 56.8
      vertex -100 -66 2.4
      vertex -100 -66 56.8
    endloop
  endfacet
  facet normal 0.896882 -0.44227 0
    outer loop
      vertex 98.1244 -73 56.8
      vertex 98.9343 -71.3576 2.4
      vertex 98.9343 -71.3576 56.8
    endloop
  endfacet
  facet normal 0.896882 -0.44227 0
    outer loop
      vertex 98.9343 -71.3576 2.4
      vertex 98.1244 -73 56.8
      vertex 98.1244 -73 2.4
    endloop
  endfacet
  facet normal -0.831453 -0.555595 0
    outer loop
      vertex -97.1069 -74.5227 2.4
      vertex -98.1244 -73 56.8
      vertex -98.1244 -73 2.4
    endloop
  endfacet
  facet normal -0.831453 -0.555595 0
    outer loop
      vertex -98.1244 -73 56.8
      vertex -97.1069 -74.5227 2.4
      vertex -97.1069 -74.5227 56.8
    endloop
  endfacet
  facet normal -0.195055 0.980792 0
    outer loop
      vertex -87.8274 79.8802 2.4
      vertex -89.6235 79.523 56.8
      vertex -87.8274 79.8802 56.8
    endloop
  endfacet
  facet normal -0.195055 0.980792 0
    outer loop
      vertex -89.6235 79.523 56.8
      vertex -87.8274 79.8802 2.4
      vertex -89.6235 79.523 2.4
    endloop
  endfacet
  facet normal -0.896882 0.44227 0
    outer loop
      vertex -98.9343 71.3576 2.4
      vertex -98.1244 73 56.8
      vertex -98.1244 73 2.4
    endloop
  endfacet
  facet normal -0.896882 0.44227 0
    outer loop
      vertex -98.1244 73 56.8
      vertex -98.9343 71.3576 2.4
      vertex -98.9343 71.3576 56.8
    endloop
  endfacet
  facet normal -0.555595 -0.831453 0
    outer loop
      vertex -94.5227 -77.1069 2.4
      vertex -93 -78.1244 56.8
      vertex -94.5227 -77.1069 56.8
    endloop
  endfacet
  facet normal -0.555595 -0.831453 -0
    outer loop
      vertex -93 -78.1244 56.8
      vertex -94.5227 -77.1069 2.4
      vertex -93 -78.1244 2.4
    endloop
  endfacet
  facet normal -0.751846 -0.659339 0
    outer loop
      vertex -95.8995 -75.8995 2.4
      vertex -97.1069 -74.5227 56.8
      vertex -97.1069 -74.5227 2.4
    endloop
  endfacet
  facet normal -0.751846 -0.659339 0
    outer loop
      vertex -97.1069 -74.5227 56.8
      vertex -95.8995 -75.8995 2.4
      vertex -95.8995 -75.8995 56.8
    endloop
  endfacet
  facet normal 0.195055 0.980792 -0
    outer loop
      vertex 89.6235 79.523 2.4
      vertex 87.8274 79.8802 56.8
      vertex 89.6235 79.523 56.8
    endloop
  endfacet
  facet normal 0.195055 0.980792 0
    outer loop
      vertex 87.8274 79.8802 56.8
      vertex 89.6235 79.523 2.4
      vertex 87.8274 79.8802 2.4
    endloop
  endfacet
  facet normal -0.659339 -0.751846 0
    outer loop
      vertex -95.8995 -75.8995 2.4
      vertex -94.5227 -77.1069 56.8
      vertex -95.8995 -75.8995 56.8
    endloop
  endfacet
  facet normal -0.659339 -0.751846 -0
    outer loop
      vertex -94.5227 -77.1069 56.8
      vertex -95.8995 -75.8995 2.4
      vertex -94.5227 -77.1069 2.4
    endloop
  endfacet
  facet normal 0.751846 0.659339 0
    outer loop
      vertex 97.1069 74.5227 56.8
      vertex 95.8995 75.8995 2.4
      vertex 95.8995 75.8995 56.8
    endloop
  endfacet
  facet normal 0.751846 0.659339 0
    outer loop
      vertex 95.8995 75.8995 2.4
      vertex 97.1069 74.5227 56.8
      vertex 97.1069 74.5227 2.4
    endloop
  endfacet
  facet normal -0.659339 0.751846 0
    outer loop
      vertex -94.5227 77.1069 2.4
      vertex -95.8995 75.8995 56.8
      vertex -94.5227 77.1069 56.8
    endloop
  endfacet
  facet normal -0.659339 0.751846 0
    outer loop
      vertex -95.8995 75.8995 56.8
      vertex -94.5227 77.1069 2.4
      vertex -95.8995 75.8995 2.4
    endloop
  endfacet
  facet normal -0.44227 -0.896882 0
    outer loop
      vertex -93 -78.1244 2.4
      vertex -91.3576 -78.9343 56.8
      vertex -93 -78.1244 56.8
    endloop
  endfacet
  facet normal -0.44227 -0.896882 -0
    outer loop
      vertex -91.3576 -78.9343 56.8
      vertex -93 -78.1244 2.4
      vertex -91.3576 -78.9343 2.4
    endloop
  endfacet
  facet normal -0.980792 0.195055 0
    outer loop
      vertex -99.8802 67.8274 2.4
      vertex -99.523 69.6235 56.8
      vertex -99.523 69.6235 2.4
    endloop
  endfacet
  facet normal -0.980792 0.195055 0
    outer loop
      vertex -99.523 69.6235 56.8
      vertex -99.8802 67.8274 2.4
      vertex -99.8802 67.8274 56.8
    endloop
  endfacet
  facet normal 0.980792 -0.195055 0
    outer loop
      vertex 99.523 -69.6235 56.8
      vertex 99.8802 -67.8274 2.4
      vertex 99.8802 -67.8274 56.8
    endloop
  endfacet
  facet normal 0.980792 -0.195055 0
    outer loop
      vertex 99.8802 -67.8274 2.4
      vertex 99.523 -69.6235 56.8
      vertex 99.523 -69.6235 2.4
    endloop
  endfacet
  facet normal -0.946921 -0.321465 0
    outer loop
      vertex -98.9343 -71.3576 2.4
      vertex -99.523 -69.6235 56.8
      vertex -99.523 -69.6235 2.4
    endloop
  endfacet
  facet normal -0.946921 -0.321465 0
    outer loop
      vertex -99.523 -69.6235 56.8
      vertex -98.9343 -71.3576 2.4
      vertex -98.9343 -71.3576 56.8
    endloop
  endfacet
  facet normal -0.751846 0.659339 0
    outer loop
      vertex -97.1069 74.5227 2.4
      vertex -95.8995 75.8995 56.8
      vertex -95.8995 75.8995 2.4
    endloop
  endfacet
  facet normal -0.751846 0.659339 0
    outer loop
      vertex -95.8995 75.8995 56.8
      vertex -97.1069 74.5227 2.4
      vertex -97.1069 74.5227 56.8
    endloop
  endfacet
  facet normal -0.997858 0.0654172 0
    outer loop
      vertex -100 66 2.4
      vertex -99.8802 67.8274 56.8
      vertex -99.8802 67.8274 2.4
    endloop
  endfacet
  facet normal -0.997858 0.0654172 0
    outer loop
      vertex -99.8802 67.8274 56.8
      vertex -100 66 2.4
      vertex -100 66 56.8
    endloop
  endfacet
  facet normal -0.997858 -0.0654172 0
    outer loop
      vertex -99.8802 -67.8274 2.4
      vertex -100 -66 56.8
      vertex -100 -66 2.4
    endloop
  endfacet
  facet normal -0.997858 -0.0654172 0
    outer loop
      vertex -100 -66 56.8
      vertex -99.8802 -67.8274 2.4
      vertex -99.8802 -67.8274 56.8
    endloop
  endfacet
  facet normal 0.321465 -0.946921 0
    outer loop
      vertex 89.6235 -79.523 2.4
      vertex 91.3576 -78.9343 56.8
      vertex 89.6235 -79.523 56.8
    endloop
  endfacet
  facet normal 0.321465 -0.946921 0
    outer loop
      vertex 91.3576 -78.9343 56.8
      vertex 89.6235 -79.523 2.4
      vertex 91.3576 -78.9343 2.4
    endloop
  endfacet
  facet normal -0.831453 0.555595 0
    outer loop
      vertex -98.1244 73 2.4
      vertex -97.1069 74.5227 56.8
      vertex -97.1069 74.5227 2.4
    endloop
  endfacet
  facet normal -0.831453 0.555595 0
    outer loop
      vertex -97.1069 74.5227 56.8
      vertex -98.1244 73 2.4
      vertex -98.1244 73 56.8
    endloop
  endfacet
  facet normal -0.44227 0.896882 0
    outer loop
      vertex -91.3576 78.9343 2.4
      vertex -93 78.1244 56.8
      vertex -91.3576 78.9343 56.8
    endloop
  endfacet
  facet normal -0.44227 0.896882 0
    outer loop
      vertex -93 78.1244 56.8
      vertex -91.3576 78.9343 2.4
      vertex -93 78.1244 2.4
    endloop
  endfacet
  facet normal 1 -0 0
    outer loop
      vertex 100 -66 56.8
      vertex 100 66 2.4
      vertex 100 66 56.8
    endloop
  endfacet
  facet normal 1 0 0
    outer loop
      vertex 100 66 2.4
      vertex 100 -66 56.8
      vertex 100 -66 2.4
    endloop
  endfacet
  facet normal -0.980792 -0.195055 0
    outer loop
      vertex -99.523 -69.6235 2.4
      vertex -99.8802 -67.8274 56.8
      vertex -99.8802 -67.8274 2.4
    endloop
  endfacet
  facet normal -0.980792 -0.195055 0
    outer loop
      vertex -99.8802 -67.8274 56.8
      vertex -99.523 -69.6235 2.4
      vertex -99.523 -69.6235 56.8
    endloop
  endfacet
  facet normal 0.997858 -0.0654172 0
    outer loop
      vertex 99.8802 -67.8274 56.8
      vertex 100 -66 2.4
      vertex 100 -66 56.8
    endloop
  endfacet
  facet normal 0.997858 -0.0654172 0
    outer loop
      vertex 100 -66 2.4
      vertex 99.8802 -67.8274 56.8
      vertex 99.8802 -67.8274 2.4
    endloop
  endfacet
  facet normal 0.44227 -0.896882 0
    outer loop
      vertex 91.3576 -78.9343 2.4
      vertex 93 -78.1244 56.8
      vertex 91.3576 -78.9343 56.8
    endloop
  endfacet
  facet normal 0.44227 -0.896882 0
    outer loop
      vertex 93 -78.1244 56.8
      vertex 91.3576 -78.9343 2.4
      vertex 93 -78.1244 2.4
    endloop
  endfacet
  facet normal 0.0654172 0.997858 -0
    outer loop
      vertex 87.8274 79.8802 2.4
      vertex 86 80 56.8
      vertex 87.8274 79.8802 56.8
    endloop
  endfacet
  facet normal 0.0654172 0.997858 0
    outer loop
      vertex 86 80 56.8
      vertex 87.8274 79.8802 2.4
      vertex 86 80 2.4
    endloop
  endfacet
  facet normal 0.831453 -0.555595 0
    outer loop
      vertex 97.1069 -74.5227 56.8
      vertex 98.1244 -73 2.4
      vertex 98.1244 -73 56.8
    endloop
  endfacet
  facet normal 0.831453 -0.555595 0
    outer loop
      vertex 98.1244 -73 2.4
      vertex 97.1069 -74.5227 56.8
      vertex 97.1069 -74.5227 2.4
    endloop
  endfacet
  facet normal 0.44227 0.896882 -0
    outer loop
      vertex 93 78.1244 2.4
      vertex 91.3576 78.9343 56.8
      vertex 93 78.1244 56.8
    endloop
  endfacet
  facet normal 0.44227 0.896882 0
    outer loop
      vertex 91.3576 78.9343 56.8
      vertex 93 78.1244 2.4
      vertex 91.3576 78.9343 2.4
    endloop
  endfacet
  facet normal 0.555595 0.831453 -0
    outer loop
      vertex 94.5227 77.1069 2.4
      vertex 93 78.1244 56.8
      vertex 94.5227 77.1069 56.8
    endloop
  endfacet
  facet normal 0.555595 0.831453 0
    outer loop
      vertex 93 78.1244 56.8
      vertex 94.5227 77.1069 2.4
      vertex 93 78.1244 2.4
    endloop
  endfacet
  facet normal 0.555595 -0.831453 0
    outer loop
      vertex 93 -78.1244 2.4
      vertex 94.5227 -77.1069 56.8
      vertex 93 -78.1244 56.8
    endloop
  endfacet
  facet normal 0.555595 -0.831453 0
    outer loop
      vertex 94.5227 -77.1069 56.8
      vertex 93 -78.1244 2.4
      vertex 94.5227 -77.1069 2.4
    endloop
  endfacet
  facet normal 0.946921 0.321465 0
    outer loop
      vertex 99.523 69.6235 56.8
      vertex 98.9343 71.3576 2.4
      vertex 98.9343 71.3576 56.8
    endloop
  endfacet
  facet normal 0.946921 0.321465 0
    outer loop
      vertex 98.9343 71.3576 2.4
      vertex 99.523 69.6235 56.8
      vertex 99.523 69.6235 2.4
    endloop
  endfacet
  facet normal 0.980792 0.195055 0
    outer loop
      vertex 99.8802 67.8274 56.8
      vertex 99.523 69.6235 2.4
      vertex 99.523 69.6235 56.8
    endloop
  endfacet
  facet normal 0.980792 0.195055 0
    outer loop
      vertex 99.523 69.6235 2.4
      vertex 99.8802 67.8274 56.8
      vertex 99.8802 67.8274 2.4
    endloop
  endfacet
  facet normal -0.195055 -0.980792 0
    outer loop
      vertex -89.6235 -79.523 2.4
      vertex -87.8274 -79.8802 56.8
      vertex -89.6235 -79.523 56.8
    endloop
  endfacet
  facet normal -0.195055 -0.980792 -0
    outer loop
      vertex -87.8274 -79.8802 56.8
      vertex -89.6235 -79.523 2.4
      vertex -87.8274 -79.8802 2.4
    endloop
  endfacet
  facet normal -0.0654172 -0.997858 0
    outer loop
      vertex -87.8274 -79.8802 2.4
      vertex -86 -80 56.8
      vertex -87.8274 -79.8802 56.8
    endloop
  endfacet
  facet normal -0.0654172 -0.997858 -0
    outer loop
      vertex -86 -80 56.8
      vertex -87.8274 -79.8802 2.4
      vertex -86 -80 2.4
    endloop
  endfacet
  facet normal 0 0 1
    outer loop
      vertex 97.6 66 56.8
      vertex 100 66 56.8
      vertex 99.8802 67.8274 56.8
    endloop
  endfacet
  facet normal 0 0 1
    outer loop
      vertex 100 66 56.8
      vertex 97.6 66 56.8
      vertex 100 -66 56.8
    endloop
  endfacet
  facet normal 0 0 1
    outer loop
      vertex 97.5008 67.5141 56.8
      vertex 99.8802 67.8274 56.8
      vertex 99.523 69.6235 56.8
    endloop
  endfacet
  facet normal 0 0 1
    outer loop
      vertex 97.6 -66 56.8
      vertex 100 -66 56.8
      vertex 97.6 66 56.8
    endloop
  endfacet
  facet normal 0 0 1
    outer loop
      vertex 97.2047 69.0023 56.8
      vertex 99.523 69.6235 56.8
      vertex 98.9343 71.3576 56.8
    endloop
  endfacet
  facet normal 0 0 1
    outer loop
      vertex 100 -66 56.8
      vertex 97.6 -66 56.8
      vertex 99.8802 -67.8274 56.8
    endloop
  endfacet
  facet normal 0 0 1
    outer loop
      vertex 96.717 70.4391 56.8
      vertex 98.9343 71.3576 56.8
      vertex 98.1244 73 56.8
    endloop
  endfacet
  facet normal -0 0 1
    outer loop
      vertex 97.5008 -67.5141 56.8
      vertex 99.8802 -67.8274 56.8
      vertex 97.6 -66 56.8
    endloop
  endfacet
  facet normal 0 0 1
    outer loop
      vertex 99.8802 -67.8274 56.8
      vertex 97.5008 -67.5141 56.8
      vertex 99.523 -69.6235 56.8
    endloop
  endfacet
  facet normal 0 0 1
    outer loop
      vertex 99.8802 67.8274 56.8
      vertex 97.5008 67.5141 56.8
      vertex 97.6 66 56.8
    endloop
  endfacet
  facet normal 0 0 1
    outer loop
      vertex 99.523 69.6235 56.8
      vertex 97.2047 69.0023 56.8
      vertex 97.5008 67.5141 56.8
    endloop
  endfacet
  facet normal 0 0 1
    outer loop
      vertex 96.0459 71.8 56.8
      vertex 98.1244 73 56.8
      vertex 97.1069 74.5227 56.8
    endloop
  endfacet
  facet normal 0 0 1
    outer loop
      vertex 98.9343 71.3576 56.8
      vertex 96.717 70.4391 56.8
      vertex 97.2047 69.0023 56.8
    endloop
  endfacet
  facet normal 0 0 1
    outer loop
      vertex 98.1244 73 56.8
      vertex 96.0459 71.8 56.8
      vertex 96.717 70.4391 56.8
    endloop
  endfacet
  facet normal 0 0 1
    outer loop
      vertex 95.2029 73.0616 56.8
      vertex 97.1069 74.5227 56.8
      vertex 95.8995 75.8995 56.8
    endloop
  endfacet
  facet normal 0 0 1
    outer loop
      vertex 97.1069 74.5227 56.8
      vertex 95.2029 73.0616 56.8
      vertex 96.0459 71.8 56.8
    endloop
  endfacet
  facet normal 0 0 1
    outer loop
      vertex 94.2024 74.2024 56.8
      vertex 95.8995 75.8995 56.8
      vertex 94.5227 77.1069 56.8
    endloop
  endfacet
  facet normal 0 0 1
    outer loop
      vertex 95.8995 75.8995 56.8
      vertex 94.2024 74.2024 56.8
      vertex 95.2029 73.0616 56.8
    endloop
  endfacet
  facet normal 0 0 1
    outer loop
      vertex 94.5227 77.1069 56.8
      vertex 93.0616 75.2029 56.8
      vertex 94.2024 74.2024 56.8
    endloop
  endfacet
  facet normal 0 0 1
    outer loop
      vertex 93 78.1244 56.8
      vertex 93.0616 75.2029 56.8
      vertex 94.5227 77.1069 56.8
    endloop
  endfacet
  facet normal 0 0 1
    outer loop
      vertex 93 78.1244 56.8
      vertex 91.8 76.0459 56.8
      vertex 93.0616 75.2029 56.8
    endloop
  endfacet
  facet normal 0 0 1
    outer loop
      vertex 91.3576 78.9343 56.8
      vertex 91.8 76.0459 56.8
      vertex 93 78.1244 56.8
    endloop
  endfacet
  facet normal 0 0 1
    outer loop
      vertex 91.3576 78.9343 56.8
      vertex 90.4391 76.717 56.8
      vertex 91.8 76.0459 56.8
    endloop
  endfacet
  facet normal 0 0 1
    outer loop
      vertex 89.6235 79.523 56.8
      vertex 90.4391 76.717 56.8
      vertex 91.3576 78.9343 56.8
    endloop
  endfacet
  facet normal 0 0 1
    outer loop
      vertex 89.6235 79.523 56.8
      vertex 89.0023 77.2047 56.8
      vertex 90.4391 76.717 56.8
    endloop
  endfacet
  facet normal 0 0 1
    outer loop
      vertex 87.8274 79.8802 56.8
      vertex 89.0023 77.2047 56.8
      vertex 89.6235 79.523 56.8
    endloop
  endfacet
  facet normal 0 0 1
    outer loop
      vertex 87.8274 79.8802 56.8
      vertex 87.5141 77.5008 56.8
      vertex 89.0023 77.2047 56.8
    endloop
  endfacet
  facet normal 0 0 1
    outer loop
      vertex 86 80 56.8
      vertex 87.5141 77.5008 56.8
      vertex 87.8274 79.8802 56.8
    endloop
  endfacet
  facet normal 0 0 1
    outer loop
      vertex 86 80 56.8
      vertex 86 77.6 56.8
      vertex 87.5141 77.5008 56.8
    endloop
  endfacet
  facet normal -0 0 1
    outer loop
      vertex -86 80 56.8
      vertex 86 77.6 56.8
      vertex 86 80 56.8
    endloop
  endfacet
  facet normal 0 0 1
    outer loop
      vertex -86 80 56.8
      vertex -86 77.6 56.8
      vertex 86 77.6 56.8
    endloop
  endfacet
  facet normal 0 0 1
    outer loop
      vertex -86 80 56.8
      vertex -87.5141 77.5008 56.8
      vertex -86 77.6 56.8
    endloop
  endfacet
  facet normal -0 0 1
    outer loop
      vertex -87.8274 79.8802 56.8
      vertex -87.5141 77.5008 56.8
      vertex -86 80 56.8
    endloop
  endfacet
  facet normal 0 0 1
    outer loop
      vertex -87.8274 79.8802 56.8
      vertex -89.0023 77.2047 56.8
      vertex -87.5141 77.5008 56.8
    endloop
  endfacet
  facet normal -0 0 1
    outer loop
      vertex -89.6235 79.523 56.8
      vertex -89.0023 77.2047 56.8
      vertex -87.8274 79.8802 56.8
    endloop
  endfacet
  facet normal 0 0 1
    outer loop
      vertex -89.6235 79.523 56.8
      vertex -90.4391 76.717 56.8
      vertex -89.0023 77.2047 56.8
    endloop
  endfacet
  facet normal -0 0 1
    outer loop
      vertex -91.3576 78.9343 56.8
      vertex -90.4391 76.717 56.8
      vertex -89.6235 79.523 56.8
    endloop
  endfacet
  facet normal 0 0 1
    outer loop
      vertex -91.3576 78.9343 56.8
      vertex -91.8 76.0459 56.8
      vertex -90.4391 76.717 56.8
    endloop
  endfacet
  facet normal -0 0 1
    outer loop
      vertex -93 78.1244 56.8
      vertex -91.8 76.0459 56.8
      vertex -91.3576 78.9343 56.8
    endloop
  endfacet
  facet normal 0 0 1
    outer loop
      vertex -93 78.1244 56.8
      vertex -93.0616 75.2029 56.8
      vertex -91.8 76.0459 56.8
    endloop
  endfacet
  facet normal -0 0 1
    outer loop
      vertex -94.5227 77.1069 56.8
      vertex -93.0616 75.2029 56.8
      vertex -93 78.1244 56.8
    endloop
  endfacet
  facet normal 0 0 1
    outer loop
      vertex -93.0616 75.2029 56.8
      vertex -94.5227 77.1069 56.8
      vertex -94.2024 74.2024 56.8
    endloop
  endfacet
  facet normal -0 0 1
    outer loop
      vertex -95.8995 75.8995 56.8
      vertex -94.2024 74.2024 56.8
      vertex -94.5227 77.1069 56.8
    endloop
  endfacet
  facet normal 0 0 1
    outer loop
      vertex -94.2024 74.2024 56.8
      vertex -95.8995 75.8995 56.8
      vertex -95.2029 73.0616 56.8
    endloop
  endfacet
  facet normal -0 0 1
    outer loop
      vertex -97.1069 74.5227 56.8
      vertex -95.2029 73.0616 56.8
      vertex -95.8995 75.8995 56.8
    endloop
  endfacet
  facet normal 0 0 1
    outer loop
      vertex -95.2029 73.0616 56.8
      vertex -97.1069 74.5227 56.8
      vertex -96.0459 71.8 56.8
    endloop
  endfacet
  facet normal -0 0 1
    outer loop
      vertex -98.1244 73 56.8
      vertex -96.0459 71.8 56.8
      vertex -97.1069 74.5227 56.8
    endloop
  endfacet
  facet normal 0 0 1
    outer loop
      vertex -96.0459 71.8 56.8
      vertex -98.1244 73 56.8
      vertex -96.717 70.4391 56.8
    endloop
  endfacet
  facet normal -0 0 1
    outer loop
      vertex -98.9343 71.3576 56.8
      vertex -96.717 70.4391 56.8
      vertex -98.1244 73 56.8
    endloop
  endfacet
  facet normal 0 0 1
    outer loop
      vertex -96.717 70.4391 56.8
      vertex -98.9343 71.3576 56.8
      vertex -97.2047 69.0023 56.8
    endloop
  endfacet
  facet normal 0 0 1
    outer loop
      vertex -97.2047 69.0023 56.8
      vertex -99.523 69.6235 56.8
      vertex -97.5008 67.5141 56.8
    endloop
  endfacet
  facet normal -0 0 1
    outer loop
      vertex -99.523 69.6235 56.8
      vertex -97.2047 69.0023 56.8
      vertex -98.9343 71.3576 56.8
    endloop
  endfacet
  facet normal -0 0 1
    outer loop
      vertex 97.2047 -69.0023 56.8
      vertex 99.523 -69.6235 56.8
      vertex 97.5008 -67.5141 56.8
    endloop
  endfacet
  facet normal 0 0 1
    outer loop
      vertex 99.523 -69.6235 56.8
      vertex 97.2047 -69.0023 56.8
      vertex 98.9343 -71.3576 56.8
    endloop
  endfacet
  facet normal -0 0 1
    outer loop
      vertex 96.717 -70.4391 56.8
      vertex 98.9343 -71.3576 56.8
      vertex 97.2047 -69.0023 56.8
    endloop
  endfacet
  facet normal 0 0 1
    outer loop
      vertex 98.9343 -71.3576 56.8
      vertex 96.717 -70.4391 56.8
      vertex 98.1244 -73 56.8
    endloop
  endfacet
  facet normal -0 0 1
    outer loop
      vertex 96.0459 -71.8 56.8
      vertex 98.1244 -73 56.8
      vertex 96.717 -70.4391 56.8
    endloop
  endfacet
  facet normal 0 0 1
    outer loop
      vertex 98.1244 -73 56.8
      vertex 96.0459 -71.8 56.8
      vertex 97.1069 -74.5227 56.8
    endloop
  endfacet
  facet normal -0 0 1
    outer loop
      vertex 95.2029 -73.0616 56.8
      vertex 97.1069 -74.5227 56.8
      vertex 96.0459 -71.8 56.8
    endloop
  endfacet
  facet normal 0 0 1
    outer loop
      vertex 97.1069 -74.5227 56.8
      vertex 95.2029 -73.0616 56.8
      vertex 95.8995 -75.8995 56.8
    endloop
  endfacet
  facet normal -0 0 1
    outer loop
      vertex 94.2024 -74.2024 56.8
      vertex 95.8995 -75.8995 56.8
      vertex 95.2029 -73.0616 56.8
    endloop
  endfacet
  facet normal 0 0 1
    outer loop
      vertex 95.8995 -75.8995 56.8
      vertex 94.2024 -74.2024 56.8
      vertex 94.5227 -77.1069 56.8
    endloop
  endfacet
  facet normal -0 0 1
    outer loop
      vertex 93.0616 -75.2029 56.8
      vertex 94.5227 -77.1069 56.8
      vertex 94.2024 -74.2024 56.8
    endloop
  endfacet
  facet normal 0 0 1
    outer loop
      vertex 93.0616 -75.2029 56.8
      vertex 93 -78.1244 56.8
      vertex 94.5227 -77.1069 56.8
    endloop
  endfacet
  facet normal -0 0 1
    outer loop
      vertex 91.8 -76.0459 56.8
      vertex 93 -78.1244 56.8
      vertex 93.0616 -75.2029 56.8
    endloop
  endfacet
  facet normal 0 0 1
    outer loop
      vertex 91.8 -76.0459 56.8
      vertex 91.3576 -78.9343 56.8
      vertex 93 -78.1244 56.8
    endloop
  endfacet
  facet normal -0 0 1
    outer loop
      vertex 90.4391 -76.717 56.8
      vertex 91.3576 -78.9343 56.8
      vertex 91.8 -76.0459 56.8
    endloop
  endfacet
  facet normal 0 0 1
    outer loop
      vertex 90.4391 -76.717 56.8
      vertex 89.6235 -79.523 56.8
      vertex 91.3576 -78.9343 56.8
    endloop
  endfacet
  facet normal -0 0 1
    outer loop
      vertex 89.0023 -77.2047 56.8
      vertex 89.6235 -79.523 56.8
      vertex 90.4391 -76.717 56.8
    endloop
  endfacet
  facet normal 0 0 1
    outer loop
      vertex 89.0023 -77.2047 56.8
      vertex 87.8274 -79.8802 56.8
      vertex 89.6235 -79.523 56.8
    endloop
  endfacet
  facet normal -0 0 1
    outer loop
      vertex 87.5141 -77.5008 56.8
      vertex 87.8274 -79.8802 56.8
      vertex 89.0023 -77.2047 56.8
    endloop
  endfacet
  facet normal -0 0 1
    outer loop
      vertex 86 -77.6 56.8
      vertex 87.8274 -79.8802 56.8
      vertex 87.5141 -77.5008 56.8
    endloop
  endfacet
  facet normal 0 0 1
    outer loop
      vertex 86 -77.6 56.8
      vertex 86 -80 56.8
      vertex 87.8274 -79.8802 56.8
    endloop
  endfacet
  facet normal -0 0 1
    outer loop
      vertex -86 -77.6 56.8
      vertex 86 -80 56.8
      vertex 86 -77.6 56.8
    endloop
  endfacet
  facet normal 0 0 1
    outer loop
      vertex -86 -77.6 56.8
      vertex -86 -80 56.8
      vertex 86 -80 56.8
    endloop
  endfacet
  facet normal 0 0 1
    outer loop
      vertex -87.5141 -77.5008 56.8
      vertex -86 -80 56.8
      vertex -86 -77.6 56.8
    endloop
  endfacet
  facet normal 0 0 1
    outer loop
      vertex -87.5141 -77.5008 56.8
      vertex -87.8274 -79.8802 56.8
      vertex -86 -80 56.8
    endloop
  endfacet
  facet normal 0 0 1
    outer loop
      vertex -89.0023 -77.2047 56.8
      vertex -87.8274 -79.8802 56.8
      vertex -87.5141 -77.5008 56.8
    endloop
  endfacet
  facet normal 0 0 1
    outer loop
      vertex -89.0023 -77.2047 56.8
      vertex -89.6235 -79.523 56.8
      vertex -87.8274 -79.8802 56.8
    endloop
  endfacet
  facet normal 0 0 1
    outer loop
      vertex -90.4391 -76.717 56.8
      vertex -89.6235 -79.523 56.8
      vertex -89.0023 -77.2047 56.8
    endloop
  endfacet
  facet normal 0 0 1
    outer loop
      vertex -90.4391 -76.717 56.8
      vertex -91.3576 -78.9343 56.8
      vertex -89.6235 -79.523 56.8
    endloop
  endfacet
  facet normal 0 0 1
    outer loop
      vertex -91.8 -76.0459 56.8
      vertex -91.3576 -78.9343 56.8
      vertex -90.4391 -76.717 56.8
    endloop
  endfacet
  facet normal 0 0 1
    outer loop
      vertex -91.8 -76.0459 56.8
      vertex -93 -78.1244 56.8
      vertex -91.3576 -78.9343 56.8
    endloop
  endfacet
  facet normal 0 0 1
    outer loop
      vertex -93.0616 -75.2029 56.8
      vertex -93 -78.1244 56.8
      vertex -91.8 -76.0459 56.8
    endloop
  endfacet
  facet normal 0 0 1
    outer loop
      vertex -94.5227 -77.1069 56.8
      vertex -93.0616 -75.2029 56.8
      vertex -94.2024 -74.2024 56.8
    endloop
  endfacet
  facet normal 0 0 1
    outer loop
      vertex -93.0616 -75.2029 56.8
      vertex -94.5227 -77.1069 56.8
      vertex -93 -78.1244 56.8
    endloop
  endfacet
  facet normal 0 0 1
    outer loop
      vertex -95.8995 -75.8995 56.8
      vertex -94.2024 -74.2024 56.8
      vertex -95.2029 -73.0616 56.8
    endloop
  endfacet
  facet normal 0 0 1
    outer loop
      vertex -94.2024 -74.2024 56.8
      vertex -95.8995 -75.8995 56.8
      vertex -94.5227 -77.1069 56.8
    endloop
  endfacet
  facet normal 0 0 1
    outer loop
      vertex -97.1069 -74.5227 56.8
      vertex -95.2029 -73.0616 56.8
      vertex -96.0459 -71.8 56.8
    endloop
  endfacet
  facet normal 0 0 1
    outer loop
      vertex -98.1244 -73 56.8
      vertex -96.0459 -71.8 56.8
      vertex -96.717 -70.4391 56.8
    endloop
  endfacet
  facet normal 0 0 1
    outer loop
      vertex -95.2029 -73.0616 56.8
      vertex -97.1069 -74.5227 56.8
      vertex -95.8995 -75.8995 56.8
    endloop
  endfacet
  facet normal 0 0 1
    outer loop
      vertex -98.9343 -71.3576 56.8
      vertex -96.717 -70.4391 56.8
      vertex -97.2047 -69.0023 56.8
    endloop
  endfacet
  facet normal 0 0 1
    outer loop
      vertex -99.523 -69.6235 56.8
      vertex -97.2047 -69.0023 56.8
      vertex -97.5008 -67.5141 56.8
    endloop
  endfacet
  facet normal 0 0 1
    outer loop
      vertex -99.8802 -67.8274 56.8
      vertex -97.5008 -67.5141 56.8
      vertex -97.6 -66 56.8
    endloop
  endfacet
  facet normal 0 0 1
    outer loop
      vertex -96.0459 -71.8 56.8
      vertex -98.1244 -73 56.8
      vertex -97.1069 -74.5227 56.8
    endloop
  endfacet
  facet normal 0 0 1
    outer loop
      vertex -97.6 66 56.8
      vertex -100 66 56.8
      vertex -97.6 -66 56.8
    endloop
  endfacet
  facet normal -0 0 1
    outer loop
      vertex -99.8802 67.8274 56.8
      vertex -97.5008 67.5141 56.8
      vertex -99.523 69.6235 56.8
    endloop
  endfacet
  facet normal 0 0 1
    outer loop
      vertex -100 -66 56.8
      vertex -97.6 -66 56.8
      vertex -100 66 56.8
    endloop
  endfacet
  facet normal 0 0 1
    outer loop
      vertex -97.5008 67.5141 56.8
      vertex -99.8802 67.8274 56.8
      vertex -97.6 66 56.8
    endloop
  endfacet
  facet normal 0 -0 1
    outer loop
      vertex -99.8802 -67.8274 56.8
      vertex -97.6 -66 56.8
      vertex -100 -66 56.8
    endloop
  endfacet
  facet normal 0 0 1
    outer loop
      vertex -97.6 66 56.8
      vertex -99.8802 67.8274 56.8
      vertex -100 66 56.8
    endloop
  endfacet
  facet normal 0 0 1
    outer loop
      vertex -96.717 -70.4391 56.8
      vertex -98.9343 -71.3576 56.8
      vertex -98.1244 -73 56.8
    endloop
  endfacet
  facet normal 0 0 1
    outer loop
      vertex -97.2047 -69.0023 56.8
      vertex -99.523 -69.6235 56.8
      vertex -98.9343 -71.3576 56.8
    endloop
  endfacet
  facet normal 0 0 1
    outer loop
      vertex -97.5008 -67.5141 56.8
      vertex -99.8802 -67.8274 56.8
      vertex -99.523 -69.6235 56.8
    endloop
  endfacet
  facet normal 0.831453 0.555595 0
    outer loop
      vertex 98.1244 73 56.8
      vertex 97.1069 74.5227 2.4
      vertex 97.1069 74.5227 56.8
    endloop
  endfacet
  facet normal 0.831453 0.555595 0
    outer loop
      vertex 97.1069 74.5227 2.4
      vertex 98.1244 73 56.8
      vertex 98.1244 73 2.4
    endloop
  endfacet
  facet normal -0.321465 0.946921 0
    outer loop
      vertex -89.6235 79.523 2.4
      vertex -91.3576 78.9343 56.8
      vertex -89.6235 79.523 56.8
    endloop
  endfacet
  facet normal -0.321465 0.946921 0
    outer loop
      vertex -91.3576 78.9343 56.8
      vertex -89.6235 79.523 2.4
      vertex -91.3576 78.9343 2.4
    endloop
  endfacet
  facet normal -0.946921 0.321465 0
    outer loop
      vertex -99.523 69.6235 2.4
      vertex -98.9343 71.3576 56.8
      vertex -98.9343 71.3576 2.4
    endloop
  endfacet
  facet normal -0.946921 0.321465 0
    outer loop
      vertex -98.9343 71.3576 56.8
      vertex -99.523 69.6235 2.4
      vertex -99.523 69.6235 56.8
    endloop
  endfacet
  facet normal 0.946921 -0.321465 0
    outer loop
      vertex 98.9343 -71.3576 56.8
      vertex 99.523 -69.6235 2.4
      vertex 99.523 -69.6235 56.8
    endloop
  endfacet
  facet normal 0.946921 -0.321465 0
    outer loop
      vertex 99.523 -69.6235 2.4
      vertex 98.9343 -71.3576 56.8
      vertex 98.9343 -71.3576 2.4
    endloop
  endfacet
  facet normal -0.555595 0.831453 0
    outer loop
      vertex -93 78.1244 2.4
      vertex -94.5227 77.1069 56.8
      vertex -93 78.1244 56.8
    endloop
  endfacet
  facet normal -0.555595 0.831453 0
    outer loop
      vertex -94.5227 77.1069 56.8
      vertex -93 78.1244 2.4
      vertex -94.5227 77.1069 2.4
    endloop
  endfacet
  facet normal 0.997858 0.0654172 0
    outer loop
      vertex 100 66 56.8
      vertex 99.8802 67.8274 2.4
      vertex 99.8802 67.8274 56.8
    endloop
  endfacet
  facet normal 0.997858 0.0654172 0
    outer loop
      vertex 99.8802 67.8274 2.4
      vertex 100 66 56.8
      vertex 100 66 2.4
    endloop
  endfacet
  facet normal 0.751846 -0.659339 0
    outer loop
      vertex 95.8995 -75.8995 56.8
      vertex 97.1069 -74.5227 2.4
      vertex 97.1069 -74.5227 56.8
    endloop
  endfacet
  facet normal 0.751846 -0.659339 0
    outer loop
      vertex 97.1069 -74.5227 2.4
      vertex 95.8995 -75.8995 56.8
      vertex 95.8995 -75.8995 2.4
    endloop
  endfacet
  facet normal 0.659339 -0.751846 0
    outer loop
      vertex 94.5227 -77.1069 2.4
      vertex 95.8995 -75.8995 56.8
      vertex 94.5227 -77.1069 56.8
    endloop
  endfacet
  facet normal 0.659339 -0.751846 0
    outer loop
      vertex 95.8995 -75.8995 56.8
      vertex 94.5227 -77.1069 2.4
      vertex 95.8995 -75.8995 2.4
    endloop
  endfacet
  facet normal 0 0 -1
    outer loop
      vertex -63 -80 2.4
      vertex -86 -80 2.4
      vertex -63 -78.61 2.4
    endloop
  endfacet
  facet normal 0 0 -1
    outer loop
      vertex 47 -80 2.4
      vertex -47 -80 2.4
      vertex 47 -78.61 2.4
    endloop
  endfacet
  facet normal 0 0 -1
    outer loop
      vertex 97.6 -66 2.4
      vertex 100 -66 2.4
      vertex 99.8802 -67.8274 2.4
    endloop
  endfacet
  facet normal 0 0 -1
    outer loop
      vertex 100 -66 2.4
      vertex 97.6 -66 2.4
      vertex 100 66 2.4
    endloop
  endfacet
  facet normal 0 0 -1
    outer loop
      vertex 97.5008 -67.5141 2.4
      vertex 99.8802 -67.8274 2.4
      vertex 99.523 -69.6235 2.4
    endloop
  endfacet
  facet normal 0 0 -1
    outer loop
      vertex 97.6 66 2.4
      vertex 100 66 2.4
      vertex 97.6 -66 2.4
    endloop
  endfacet
  facet normal 0 0 -1
    outer loop
      vertex 97.2047 -69.0023 2.4
      vertex 99.523 -69.6235 2.4
      vertex 98.9343 -71.3576 2.4
    endloop
  endfacet
  facet normal 0 0 -1
    outer loop
      vertex 100 66 2.4
      vertex 97.6 66 2.4
      vertex 99.8802 67.8274 2.4
    endloop
  endfacet
  facet normal 0 0 -1
    outer loop
      vertex 96.717 -70.4391 2.4
      vertex 98.9343 -71.3576 2.4
      vertex 98.1244 -73 2.4
    endloop
  endfacet
  facet normal 0 0 -1
    outer loop
      vertex 97.5008 67.5141 2.4
      vertex 99.8802 67.8274 2.4
      vertex 97.6 66 2.4
    endloop
  endfacet
  facet normal -0 0 -1
    outer loop
      vertex 99.8802 67.8274 2.4
      vertex 97.5008 67.5141 2.4
      vertex 99.523 69.6235 2.4
    endloop
  endfacet
  facet normal 0 0 -1
    outer loop
      vertex 99.8802 -67.8274 2.4
      vertex 97.5008 -67.5141 2.4
      vertex 97.6 -66 2.4
    endloop
  endfacet
  facet normal 0 0 -1
    outer loop
      vertex 99.523 -69.6235 2.4
      vertex 97.2047 -69.0023 2.4
      vertex 97.5008 -67.5141 2.4
    endloop
  endfacet
  facet normal 0 0 -1
    outer loop
      vertex 96.0459 -71.8 2.4
      vertex 98.1244 -73 2.4
      vertex 97.1069 -74.5227 2.4
    endloop
  endfacet
  facet normal 0 0 -1
    outer loop
      vertex 98.9343 -71.3576 2.4
      vertex 96.717 -70.4391 2.4
      vertex 97.2047 -69.0023 2.4
    endloop
  endfacet
  facet normal 0 0 -1
    outer loop
      vertex 98.1244 -73 2.4
      vertex 96.0459 -71.8 2.4
      vertex 96.717 -70.4391 2.4
    endloop
  endfacet
  facet normal 0 0 -1
    outer loop
      vertex 95.2029 -73.0616 2.4
      vertex 97.1069 -74.5227 2.4
      vertex 95.8995 -75.8995 2.4
    endloop
  endfacet
  facet normal 0 0 -1
    outer loop
      vertex 97.1069 -74.5227 2.4
      vertex 95.2029 -73.0616 2.4
      vertex 96.0459 -71.8 2.4
    endloop
  endfacet
  facet normal 0 0 -1
    outer loop
      vertex 94.2024 -74.2024 2.4
      vertex 95.8995 -75.8995 2.4
      vertex 94.5227 -77.1069 2.4
    endloop
  endfacet
  facet normal 0 0 -1
    outer loop
      vertex 95.8995 -75.8995 2.4
      vertex 94.2024 -74.2024 2.4
      vertex 95.2029 -73.0616 2.4
    endloop
  endfacet
  facet normal 0 0 -1
    outer loop
      vertex 94.5227 -77.1069 2.4
      vertex 93.0616 -75.2029 2.4
      vertex 94.2024 -74.2024 2.4
    endloop
  endfacet
  facet normal 0 0 -1
    outer loop
      vertex 93 -78.1244 2.4
      vertex 93.0616 -75.2029 2.4
      vertex 94.5227 -77.1069 2.4
    endloop
  endfacet
  facet normal 0 0 -1
    outer loop
      vertex 93 -78.1244 2.4
      vertex 91.8 -76.0459 2.4
      vertex 93.0616 -75.2029 2.4
    endloop
  endfacet
  facet normal 0 0 -1
    outer loop
      vertex 91.3576 -78.9343 2.4
      vertex 91.8 -76.0459 2.4
      vertex 93 -78.1244 2.4
    endloop
  endfacet
  facet normal 0 0 -1
    outer loop
      vertex 91.3576 -78.9343 2.4
      vertex 90.4391 -76.717 2.4
      vertex 91.8 -76.0459 2.4
    endloop
  endfacet
  facet normal 0 0 -1
    outer loop
      vertex 89.6235 -79.523 2.4
      vertex 90.4391 -76.717 2.4
      vertex 91.3576 -78.9343 2.4
    endloop
  endfacet
  facet normal 0 0 -1
    outer loop
      vertex 89.6235 -79.523 2.4
      vertex 89.0023 -77.2047 2.4
      vertex 90.4391 -76.717 2.4
    endloop
  endfacet
  facet normal 0 0 -1
    outer loop
      vertex 87.8274 -79.8802 2.4
      vertex 89.0023 -77.2047 2.4
      vertex 89.6235 -79.523 2.4
    endloop
  endfacet
  facet normal 0 0 -1
    outer loop
      vertex 87.8274 -79.8802 2.4
      vertex 87.5141 -77.5008 2.4
      vertex 89.0023 -77.2047 2.4
    endloop
  endfacet
  facet normal 0 0 -1
    outer loop
      vertex 86 -80 2.4
      vertex 87.5141 -77.5008 2.4
      vertex 87.8274 -79.8802 2.4
    endloop
  endfacet
  facet normal 0 0 -1
    outer loop
      vertex 86 -80 2.4
      vertex 86 -77.6 2.4
      vertex 87.5141 -77.5008 2.4
    endloop
  endfacet
  facet normal 0 0 -1
    outer loop
      vertex 63 -78.61 2.4
      vertex 86 -80 2.4
      vertex 63 -80 2.4
    endloop
  endfacet
  facet normal 0 0 -1
    outer loop
      vertex 86 -80 2.4
      vertex 63 -78.61 2.4
      vertex 86 -77.6 2.4
    endloop
  endfacet
  facet normal 0 0 -1
    outer loop
      vertex 47 -78.61 2.4
      vertex 86 -77.6 2.4
      vertex 63 -78.61 2.4
    endloop
  endfacet
  facet normal 0 0 -1
    outer loop
      vertex -47 -78.61 2.4
      vertex 47 -78.61 2.4
      vertex -47 -80 2.4
    endloop
  endfacet
  facet normal 0 0 -1
    outer loop
      vertex 47 -78.61 2.4
      vertex -47 -78.61 2.4
      vertex 86 -77.6 2.4
    endloop
  endfacet
  facet normal 0 0 -1
    outer loop
      vertex -86 -77.6 2.4
      vertex -47 -78.61 2.4
      vertex -63 -78.61 2.4
    endloop
  endfacet
  facet normal 0 0 -1
    outer loop
      vertex -47 -78.61 2.4
      vertex -86 -77.6 2.4
      vertex 86 -77.6 2.4
    endloop
  endfacet
  facet normal 0 0 -1
    outer loop
      vertex -86 -80 2.4
      vertex -86 -77.6 2.4
      vertex -63 -78.61 2.4
    endloop
  endfacet
  facet normal 0 0 -1
    outer loop
      vertex -86 -80 2.4
      vertex -87.5141 -77.5008 2.4
      vertex -86 -77.6 2.4
    endloop
  endfacet
  facet normal 0 0 -1
    outer loop
      vertex -87.8274 -79.8802 2.4
      vertex -87.5141 -77.5008 2.4
      vertex -86 -80 2.4
    endloop
  endfacet
  facet normal 0 0 -1
    outer loop
      vertex -87.8274 -79.8802 2.4
      vertex -89.0023 -77.2047 2.4
      vertex -87.5141 -77.5008 2.4
    endloop
  endfacet
  facet normal 0 0 -1
    outer loop
      vertex -89.6235 -79.523 2.4
      vertex -89.0023 -77.2047 2.4
      vertex -87.8274 -79.8802 2.4
    endloop
  endfacet
  facet normal 0 0 -1
    outer loop
      vertex -89.6235 -79.523 2.4
      vertex -90.4391 -76.717 2.4
      vertex -89.0023 -77.2047 2.4
    endloop
  endfacet
  facet normal 0 0 -1
    outer loop
      vertex -91.3576 -78.9343 2.4
      vertex -90.4391 -76.717 2.4
      vertex -89.6235 -79.523 2.4
    endloop
  endfacet
  facet normal 0 0 -1
    outer loop
      vertex -91.3576 -78.9343 2.4
      vertex -91.8 -76.0459 2.4
      vertex -90.4391 -76.717 2.4
    endloop
  endfacet
  facet normal 0 0 -1
    outer loop
      vertex -93 -78.1244 2.4
      vertex -91.8 -76.0459 2.4
      vertex -91.3576 -78.9343 2.4
    endloop
  endfacet
  facet normal 0 0 -1
    outer loop
      vertex -93 -78.1244 2.4
      vertex -93.0616 -75.2029 2.4
      vertex -91.8 -76.0459 2.4
    endloop
  endfacet
  facet normal 0 0 -1
    outer loop
      vertex -94.5227 -77.1069 2.4
      vertex -93.0616 -75.2029 2.4
      vertex -93 -78.1244 2.4
    endloop
  endfacet
  facet normal -0 0 -1
    outer loop
      vertex -93.0616 -75.2029 2.4
      vertex -94.5227 -77.1069 2.4
      vertex -94.2024 -74.2024 2.4
    endloop
  endfacet
  facet normal 0 0 -1
    outer loop
      vertex -95.8995 -75.8995 2.4
      vertex -94.2024 -74.2024 2.4
      vertex -94.5227 -77.1069 2.4
    endloop
  endfacet
  facet normal -0 0 -1
    outer loop
      vertex -94.2024 -74.2024 2.4
      vertex -95.8995 -75.8995 2.4
      vertex -95.2029 -73.0616 2.4
    endloop
  endfacet
  facet normal 0 0 -1
    outer loop
      vertex -97.1069 -74.5227 2.4
      vertex -95.2029 -73.0616 2.4
      vertex -95.8995 -75.8995 2.4
    endloop
  endfacet
  facet normal -0 0 -1
    outer loop
      vertex -95.2029 -73.0616 2.4
      vertex -97.1069 -74.5227 2.4
      vertex -96.0459 -71.8 2.4
    endloop
  endfacet
  facet normal 0 0 -1
    outer loop
      vertex -98.1244 -73 2.4
      vertex -96.0459 -71.8 2.4
      vertex -97.1069 -74.5227 2.4
    endloop
  endfacet
  facet normal -0 0 -1
    outer loop
      vertex -96.0459 -71.8 2.4
      vertex -98.1244 -73 2.4
      vertex -96.717 -70.4391 2.4
    endloop
  endfacet
  facet normal 0 0 -1
    outer loop
      vertex -98.9343 -71.3576 2.4
      vertex -96.717 -70.4391 2.4
      vertex -98.1244 -73 2.4
    endloop
  endfacet
  facet normal -0 0 -1
    outer loop
      vertex -96.717 -70.4391 2.4
      vertex -98.9343 -71.3576 2.4
      vertex -97.2047 -69.0023 2.4
    endloop
  endfacet
  facet normal -0 0 -1
    outer loop
      vertex -97.2047 -69.0023 2.4
      vertex -99.523 -69.6235 2.4
      vertex -97.5008 -67.5141 2.4
    endloop
  endfacet
  facet normal 0 0 -1
    outer loop
      vertex -99.523 -69.6235 2.4
      vertex -97.2047 -69.0023 2.4
      vertex -98.9343 -71.3576 2.4
    endloop
  endfacet
  facet normal 0 0 -1
    outer loop
      vertex 97.2047 69.0023 2.4
      vertex 99.523 69.6235 2.4
      vertex 97.5008 67.5141 2.4
    endloop
  endfacet
  facet normal -0 0 -1
    outer loop
      vertex 99.523 69.6235 2.4
      vertex 97.2047 69.0023 2.4
      vertex 98.9343 71.3576 2.4
    endloop
  endfacet
  facet normal 0 0 -1
    outer loop
      vertex 96.717 70.4391 2.4
      vertex 98.9343 71.3576 2.4
      vertex 97.2047 69.0023 2.4
    endloop
  endfacet
  facet normal -0 0 -1
    outer loop
      vertex 98.9343 71.3576 2.4
      vertex 96.717 70.4391 2.4
      vertex 98.1244 73 2.4
    endloop
  endfacet
  facet normal 0 0 -1
    outer loop
      vertex 96.0459 71.8 2.4
      vertex 98.1244 73 2.4
      vertex 96.717 70.4391 2.4
    endloop
  endfacet
  facet normal -0 0 -1
    outer loop
      vertex 98.1244 73 2.4
      vertex 96.0459 71.8 2.4
      vertex 97.1069 74.5227 2.4
    endloop
  endfacet
  facet normal 0 0 -1
    outer loop
      vertex 95.2029 73.0616 2.4
      vertex 97.1069 74.5227 2.4
      vertex 96.0459 71.8 2.4
    endloop
  endfacet
  facet normal -0 0 -1
    outer loop
      vertex 97.1069 74.5227 2.4
      vertex 95.2029 73.0616 2.4
      vertex 95.8995 75.8995 2.4
    endloop
  endfacet
  facet normal 0 0 -1
    outer loop
      vertex 94.2024 74.2024 2.4
      vertex 95.8995 75.8995 2.4
      vertex 95.2029 73.0616 2.4
    endloop
  endfacet
  facet normal -0 0 -1
    outer loop
      vertex 95.8995 75.8995 2.4
      vertex 94.2024 74.2024 2.4
      vertex 94.5227 77.1069 2.4
    endloop
  endfacet
  facet normal 0 0 -1
    outer loop
      vertex 93.0616 75.2029 2.4
      vertex 94.5227 77.1069 2.4
      vertex 94.2024 74.2024 2.4
    endloop
  endfacet
  facet normal 0 0 -1
    outer loop
      vertex 93.0616 75.2029 2.4
      vertex 93 78.1244 2.4
      vertex 94.5227 77.1069 2.4
    endloop
  endfacet
  facet normal 0 0 -1
    outer loop
      vertex 91.8 76.0459 2.4
      vertex 93 78.1244 2.4
      vertex 93.0616 75.2029 2.4
    endloop
  endfacet
  facet normal 0 0 -1
    outer loop
      vertex 91.8 76.0459 2.4
      vertex 91.3576 78.9343 2.4
      vertex 93 78.1244 2.4
    endloop
  endfacet
  facet normal 0 0 -1
    outer loop
      vertex 90.4391 76.717 2.4
      vertex 91.3576 78.9343 2.4
      vertex 91.8 76.0459 2.4
    endloop
  endfacet
  facet normal 0 0 -1
    outer loop
      vertex 90.4391 76.717 2.4
      vertex 89.6235 79.523 2.4
      vertex 91.3576 78.9343 2.4
    endloop
  endfacet
  facet normal 0 0 -1
    outer loop
      vertex 89.0023 77.2047 2.4
      vertex 89.6235 79.523 2.4
      vertex 90.4391 76.717 2.4
    endloop
  endfacet
  facet normal 0 0 -1
    outer loop
      vertex 89.0023 77.2047 2.4
      vertex 87.8274 79.8802 2.4
      vertex 89.6235 79.523 2.4
    endloop
  endfacet
  facet normal 0 0 -1
    outer loop
      vertex 87.5141 77.5008 2.4
      vertex 87.8274 79.8802 2.4
      vertex 89.0023 77.2047 2.4
    endloop
  endfacet
  facet normal 0 0 -1
    outer loop
      vertex 86 77.6 2.4
      vertex 87.8274 79.8802 2.4
      vertex 87.5141 77.5008 2.4
    endloop
  endfacet
  facet normal 0 0 -1
    outer loop
      vertex 86 77.6 2.4
      vertex 86 80 2.4
      vertex 87.8274 79.8802 2.4
    endloop
  endfacet
  facet normal 0 0 -1
    outer loop
      vertex -86 77.6 2.4
      vertex 86 80 2.4
      vertex 86 77.6 2.4
    endloop
  endfacet
  facet normal 0 0 -1
    outer loop
      vertex -86 77.6 2.4
      vertex -86 80 2.4
      vertex 86 80 2.4
    endloop
  endfacet
  facet normal 0 0 -1
    outer loop
      vertex -87.5141 77.5008 2.4
      vertex -86 80 2.4
      vertex -86 77.6 2.4
    endloop
  endfacet
  facet normal 0 0 -1
    outer loop
      vertex -87.5141 77.5008 2.4
      vertex -87.8274 79.8802 2.4
      vertex -86 80 2.4
    endloop
  endfacet
  facet normal 0 0 -1
    outer loop
      vertex -89.0023 77.2047 2.4
      vertex -87.8274 79.8802 2.4
      vertex -87.5141 77.5008 2.4
    endloop
  endfacet
  facet normal 0 0 -1
    outer loop
      vertex -89.0023 77.2047 2.4
      vertex -89.6235 79.523 2.4
      vertex -87.8274 79.8802 2.4
    endloop
  endfacet
  facet normal 0 0 -1
    outer loop
      vertex -90.4391 76.717 2.4
      vertex -89.6235 79.523 2.4
      vertex -89.0023 77.2047 2.4
    endloop
  endfacet
  facet normal 0 0 -1
    outer loop
      vertex -90.4391 76.717 2.4
      vertex -91.3576 78.9343 2.4
      vertex -89.6235 79.523 2.4
    endloop
  endfacet
  facet normal 0 0 -1
    outer loop
      vertex -91.8 76.0459 2.4
      vertex -91.3576 78.9343 2.4
      vertex -90.4391 76.717 2.4
    endloop
  endfacet
  facet normal 0 0 -1
    outer loop
      vertex -91.8 76.0459 2.4
      vertex -93 78.1244 2.4
      vertex -91.3576 78.9343 2.4
    endloop
  endfacet
  facet normal 0 0 -1
    outer loop
      vertex -93.0616 75.2029 2.4
      vertex -93 78.1244 2.4
      vertex -91.8 76.0459 2.4
    endloop
  endfacet
  facet normal 0 0 -1
    outer loop
      vertex -94.5227 77.1069 2.4
      vertex -93.0616 75.2029 2.4
      vertex -94.2024 74.2024 2.4
    endloop
  endfacet
  facet normal 0 0 -1
    outer loop
      vertex -93.0616 75.2029 2.4
      vertex -94.5227 77.1069 2.4
      vertex -93 78.1244 2.4
    endloop
  endfacet
  facet normal 0 0 -1
    outer loop
      vertex -95.8995 75.8995 2.4
      vertex -94.2024 74.2024 2.4
      vertex -95.2029 73.0616 2.4
    endloop
  endfacet
  facet normal 0 0 -1
    outer loop
      vertex -94.2024 74.2024 2.4
      vertex -95.8995 75.8995 2.4
      vertex -94.5227 77.1069 2.4
    endloop
  endfacet
  facet normal 0 0 -1
    outer loop
      vertex -97.1069 74.5227 2.4
      vertex -95.2029 73.0616 2.4
      vertex -96.0459 71.8 2.4
    endloop
  endfacet
  facet normal 0 0 -1
    outer loop
      vertex -98.1244 73 2.4
      vertex -96.0459 71.8 2.4
      vertex -96.717 70.4391 2.4
    endloop
  endfacet
  facet normal 0 0 -1
    outer loop
      vertex -95.2029 73.0616 2.4
      vertex -97.1069 74.5227 2.4
      vertex -95.8995 75.8995 2.4
    endloop
  endfacet
  facet normal 0 0 -1
    outer loop
      vertex -98.9343 71.3576 2.4
      vertex -96.717 70.4391 2.4
      vertex -97.2047 69.0023 2.4
    endloop
  endfacet
  facet normal 0 0 -1
    outer loop
      vertex -99.523 69.6235 2.4
      vertex -97.2047 69.0023 2.4
      vertex -97.5008 67.5141 2.4
    endloop
  endfacet
  facet normal 0 0 -1
    outer loop
      vertex -99.8802 67.8274 2.4
      vertex -97.5008 67.5141 2.4
      vertex -97.6 66 2.4
    endloop
  endfacet
  facet normal 0 0 -1
    outer loop
      vertex -96.0459 71.8 2.4
      vertex -98.1244 73 2.4
      vertex -97.1069 74.5227 2.4
    endloop
  endfacet
  facet normal 0 0 -1
    outer loop
      vertex -97.6 -66 2.4
      vertex -100 -66 2.4
      vertex -97.6 66 2.4
    endloop
  endfacet
  facet normal 0 0 -1
    outer loop
      vertex -99.8802 -67.8274 2.4
      vertex -97.5008 -67.5141 2.4
      vertex -99.523 -69.6235 2.4
    endloop
  endfacet
  facet normal 0 0 -1
    outer loop
      vertex -100 66 2.4
      vertex -97.6 66 2.4
      vertex -100 -66 2.4
    endloop
  endfacet
  facet normal -0 0 -1
    outer loop
      vertex -97.5008 -67.5141 2.4
      vertex -99.8802 -67.8274 2.4
      vertex -97.6 -66 2.4
    endloop
  endfacet
  facet normal 0 -0 -1
    outer loop
      vertex -99.8802 67.8274 2.4
      vertex -97.6 66 2.4
      vertex -100 66 2.4
    endloop
  endfacet
  facet normal -0 0 -1
    outer loop
      vertex -97.6 -66 2.4
      vertex -99.8802 -67.8274 2.4
      vertex -100 -66 2.4
    endloop
  endfacet
  facet normal 0 0 -1
    outer loop
      vertex -96.717 70.4391 2.4
      vertex -98.9343 71.3576 2.4
      vertex -98.1244 73 2.4
    endloop
  endfacet
  facet normal 0 0 -1
    outer loop
      vertex -97.2047 69.0023 2.4
      vertex -99.523 69.6235 2.4
      vertex -98.9343 71.3576 2.4
    endloop
  endfacet
  facet normal 0 0 -1
    outer loop
      vertex -97.5008 67.5141 2.4
      vertex -99.8802 67.8274 2.4
      vertex -99.523 69.6235 2.4
    endloop
  endfacet
  facet normal -0.321423 0.946936 0
    outer loop
      vertex 90.4391 -76.717 40.79
      vertex 89.0023 -77.2047 56.8
      vertex 90.4391 -76.717 56.8
    endloop
  endfacet
  facet normal -0.321423 0.946936 0
    outer loop
      vertex 89.0023 -77.2047 56.8
      vertex 90.4391 -76.717 40.79
      vertex 89.0023 -77.2047 40.79
    endloop
  endfacet
  facet normal -0.321423 0.946936 0
    outer loop
      vertex 90.4391 -76.717 2.4
      vertex 89.0023 -77.2047 25.9608
      vertex 90.4391 -76.717 25.9608
    endloop
  endfacet
  facet normal -0.321423 0.946936 0
    outer loop
      vertex 89.0023 -77.2047 25.9608
      vertex 90.4391 -76.717 2.4
      vertex 89.0023 -77.2047 2.4
    endloop
  endfacet
  facet normal -0.19514 0.980775 0
    outer loop
      vertex 89.0023 -77.2047 40.79
      vertex 87.5141 -77.5008 56.8
      vertex 89.0023 -77.2047 56.8
    endloop
  endfacet
  facet normal -0.19514 0.980775 0
    outer loop
      vertex 87.5141 -77.5008 56.8
      vertex 89.0023 -77.2047 40.79
      vertex 87.5141 -77.5008 40.79
    endloop
  endfacet
  facet normal -0.19514 0.980775 0
    outer loop
      vertex 89.0023 -77.2047 2.4
      vertex 87.5141 -77.5008 25.9608
      vertex 89.0023 -77.2047 25.9608
    endloop
  endfacet
  facet normal -0.19514 0.980775 0
    outer loop
      vertex 87.5141 -77.5008 25.9608
      vertex 89.0023 -77.2047 2.4
      vertex 87.5141 -77.5008 2.4
    endloop
  endfacet
  facet normal -0.0653773 0.997861 0
    outer loop
      vertex 87.5141 -77.5008 40.79
      vertex 86 -77.6 56.8
      vertex 87.5141 -77.5008 56.8
    endloop
  endfacet
  facet normal -0.0653773 0.997861 0
    outer loop
      vertex 86 -77.6 56.8
      vertex 87.5141 -77.5008 40.79
      vertex 86 -77.6 40.79
    endloop
  endfacet
  facet normal -0.0653773 0.997861 0
    outer loop
      vertex 87.5141 -77.5008 2.4
      vertex 86 -77.6 25.9608
      vertex 87.5141 -77.5008 25.9608
    endloop
  endfacet
  facet normal -0.0653773 0.997861 0
    outer loop
      vertex 86 -77.6 25.9608
      vertex 87.5141 -77.5008 2.4
      vertex 86 -77.6 2.4
    endloop
  endfacet
  facet normal -0.19514 -0.980775 0
    outer loop
      vertex 87.5141 77.5008 40.79
      vertex 89.0023 77.2047 56.8
      vertex 87.5141 77.5008 56.8
    endloop
  endfacet
  facet normal -0.19514 -0.980775 -0
    outer loop
      vertex 89.0023 77.2047 56.8
      vertex 87.5141 77.5008 40.79
      vertex 89.0023 77.2047 40.79
    endloop
  endfacet
  facet normal -0.19514 -0.980775 0
    outer loop
      vertex 87.5141 77.5008 2.4
      vertex 89.0023 77.2047 25.9608
      vertex 87.5141 77.5008 25.9608
    endloop
  endfacet
  facet normal -0.19514 -0.980775 -0
    outer loop
      vertex 89.0023 77.2047 25.9608
      vertex 87.5141 77.5008 2.4
      vertex 89.0023 77.2047 2.4
    endloop
  endfacet
  facet normal 0 1 -0
    outer loop
      vertex 86 -77.6 40.79
      vertex -86 -77.6 56.8
      vertex 86 -77.6 56.8
    endloop
  endfacet
  facet normal 0 1 0
    outer loop
      vertex -86 -77.6 56.8
      vertex 86 -77.6 40.79
      vertex -86 -77.6 40.79
    endloop
  endfacet
  facet normal 0 1 0
    outer loop
      vertex 86 -77.6 25.9608
      vertex 15 -77.6 6.4554
      vertex -86 -77.6 25.9608
    endloop
  endfacet
  facet normal 0 1 -0
    outer loop
      vertex 86 -77.6 2.4
      vertex 15 -77.6 6.4554
      vertex 86 -77.6 25.9608
    endloop
  endfacet
  facet normal 0 1 0
    outer loop
      vertex 15 -77.6 5.1446
      vertex 86 -77.6 2.4
      vertex -15 -77.6 5.1446
    endloop
  endfacet
  facet normal 0 1 0
    outer loop
      vertex 15 -77.6 6.4554
      vertex 86 -77.6 2.4
      vertex 15 -77.6 5.1446
    endloop
  endfacet
  facet normal 0 1 -0
    outer loop
      vertex -15 -77.6 6.4554
      vertex -86 -77.6 25.9608
      vertex 15 -77.6 6.4554
    endloop
  endfacet
  facet normal 0 1 0
    outer loop
      vertex -86 -77.6 2.4
      vertex -15 -77.6 6.4554
      vertex -15 -77.6 5.1446
    endloop
  endfacet
  facet normal 0 1 0
    outer loop
      vertex -15 -77.6 6.4554
      vertex -86 -77.6 2.4
      vertex -86 -77.6 25.9608
    endloop
  endfacet
  facet normal 0 1 0
    outer loop
      vertex -86 -77.6 2.4
      vertex -15 -77.6 5.1446
      vertex 86 -77.6 2.4
    endloop
  endfacet
  facet normal 0.0653773 0.997861 -0
    outer loop
      vertex -86 -77.6 40.79
      vertex -87.5141 -77.5008 56.8
      vertex -86 -77.6 56.8
    endloop
  endfacet
  facet normal 0.0653773 0.997861 0
    outer loop
      vertex -87.5141 -77.5008 56.8
      vertex -86 -77.6 40.79
      vertex -87.5141 -77.5008 40.79
    endloop
  endfacet
  facet normal 0.0653773 0.997861 -0
    outer loop
      vertex -86 -77.6 2.4
      vertex -87.5141 -77.5008 25.9608
      vertex -86 -77.6 25.9608
    endloop
  endfacet
  facet normal 0.0653773 0.997861 0
    outer loop
      vertex -87.5141 -77.5008 25.9608
      vertex -86 -77.6 2.4
      vertex -87.5141 -77.5008 2.4
    endloop
  endfacet
  facet normal 0.321423 0.946936 -0
    outer loop
      vertex -89.0023 -77.2047 40.79
      vertex -90.4391 -76.717 56.8
      vertex -89.0023 -77.2047 56.8
    endloop
  endfacet
  facet normal 0.321423 0.946936 0
    outer loop
      vertex -90.4391 -76.717 56.8
      vertex -89.0023 -77.2047 40.79
      vertex -90.4391 -76.717 40.79
    endloop
  endfacet
  facet normal 0.321423 0.946936 -0
    outer loop
      vertex -89.0023 -77.2047 2.4
      vertex -90.4391 -76.717 25.9608
      vertex -89.0023 -77.2047 25.9608
    endloop
  endfacet
  facet normal 0.321423 0.946936 0
    outer loop
      vertex -90.4391 -76.717 25.9608
      vertex -89.0023 -77.2047 2.4
      vertex -90.4391 -76.717 2.4
    endloop
  endfacet
  facet normal 0.659363 -0.751825 0
    outer loop
      vertex -94.2024 74.2024 40.79
      vertex -93.0616 75.2029 56.8
      vertex -94.2024 74.2024 56.8
    endloop
  endfacet
  facet normal 0.659363 -0.751825 0
    outer loop
      vertex -93.0616 75.2029 56.8
      vertex -94.2024 74.2024 40.79
      vertex -93.0616 75.2029 40.79
    endloop
  endfacet
  facet normal 0.659363 -0.751825 0
    outer loop
      vertex -94.2024 74.2024 2.4
      vertex -93.0616 75.2029 25.9608
      vertex -94.2024 74.2024 25.9608
    endloop
  endfacet
  facet normal 0.659363 -0.751825 0
    outer loop
      vertex -93.0616 75.2029 25.9608
      vertex -94.2024 74.2024 2.4
      vertex -93.0616 75.2029 2.4
    endloop
  endfacet
  facet normal -0.946936 -0.321423 0
    outer loop
      vertex 97.2047 69.0023 40.79
      vertex 96.717 70.4391 56.8
      vertex 96.717 70.4391 40.79
    endloop
  endfacet
  facet normal -0.946936 -0.321423 0
    outer loop
      vertex 96.717 70.4391 56.8
      vertex 97.2047 69.0023 40.79
      vertex 97.2047 69.0023 56.8
    endloop
  endfacet
  facet normal -0.946936 -0.321423 0
    outer loop
      vertex 97.2047 69.0023 2.4
      vertex 96.717 70.4391 25.9608
      vertex 96.717 70.4391 2.4
    endloop
  endfacet
  facet normal -0.946936 -0.321423 0
    outer loop
      vertex 96.717 70.4391 25.9608
      vertex 97.2047 69.0023 2.4
      vertex 97.2047 69.0023 25.9608
    endloop
  endfacet
  facet normal 0.442277 -0.896878 0
    outer loop
      vertex -91.8 76.0459 40.79
      vertex -90.4391 76.717 56.8
      vertex -91.8 76.0459 56.8
    endloop
  endfacet
  facet normal 0.442277 -0.896878 0
    outer loop
      vertex -90.4391 76.717 56.8
      vertex -91.8 76.0459 40.79
      vertex -90.4391 76.717 40.79
    endloop
  endfacet
  facet normal 0.442277 -0.896878 0
    outer loop
      vertex -91.8 76.0459 2.4
      vertex -90.4391 76.717 25.9608
      vertex -91.8 76.0459 25.9608
    endloop
  endfacet
  facet normal 0.442277 -0.896878 0
    outer loop
      vertex -90.4391 76.717 25.9608
      vertex -91.8 76.0459 2.4
      vertex -90.4391 76.717 2.4
    endloop
  endfacet
  facet normal 0.0653773 -0.997861 0
    outer loop
      vertex -87.5141 77.5008 40.79
      vertex -86 77.6 56.8
      vertex -87.5141 77.5008 56.8
    endloop
  endfacet
  facet normal 0.0653773 -0.997861 0
    outer loop
      vertex -86 77.6 56.8
      vertex -87.5141 77.5008 40.79
      vertex -86 77.6 40.79
    endloop
  endfacet
  facet normal 0.0653773 -0.997861 0
    outer loop
      vertex -87.5141 77.5008 2.4
      vertex -86 77.6 25.9608
      vertex -87.5141 77.5008 25.9608
    endloop
  endfacet
  facet normal 0.0653773 -0.997861 0
    outer loop
      vertex -86 77.6 25.9608
      vertex -87.5141 77.5008 2.4
      vertex -86 77.6 2.4
    endloop
  endfacet
  facet normal 0.659363 0.751825 -0
    outer loop
      vertex -93.0616 -75.2029 40.79
      vertex -94.2024 -74.2024 56.8
      vertex -93.0616 -75.2029 56.8
    endloop
  endfacet
  facet normal 0.659363 0.751825 0
    outer loop
      vertex -94.2024 -74.2024 56.8
      vertex -93.0616 -75.2029 40.79
      vertex -94.2024 -74.2024 40.79
    endloop
  endfacet
  facet normal 0.659363 0.751825 -0
    outer loop
      vertex -93.0616 -75.2029 2.4
      vertex -94.2024 -74.2024 25.9608
      vertex -93.0616 -75.2029 25.9608
    endloop
  endfacet
  facet normal 0.659363 0.751825 0
    outer loop
      vertex -94.2024 -74.2024 25.9608
      vertex -93.0616 -75.2029 2.4
      vertex -94.2024 -74.2024 2.4
    endloop
  endfacet
  facet normal 0.946936 0.321423 0
    outer loop
      vertex -96.717 -70.4391 56.8
      vertex -97.2047 -69.0023 40.79
      vertex -97.2047 -69.0023 56.8
    endloop
  endfacet
  facet normal 0.946936 0.321423 0
    outer loop
      vertex -97.2047 -69.0023 40.79
      vertex -96.717 -70.4391 56.8
      vertex -96.717 -70.4391 40.79
    endloop
  endfacet
  facet normal 0.946936 0.321423 0
    outer loop
      vertex -96.717 -70.4391 25.9608
      vertex -97.2047 -69.0023 2.4
      vertex -97.2047 -69.0023 25.9608
    endloop
  endfacet
  facet normal 0.946936 0.321423 0
    outer loop
      vertex -97.2047 -69.0023 2.4
      vertex -96.717 -70.4391 25.9608
      vertex -96.717 -70.4391 2.4
    endloop
  endfacet
  facet normal -0.980775 0.19514 0
    outer loop
      vertex 97.2047 -69.0023 40.79
      vertex 97.5008 -67.5141 56.8
      vertex 97.5008 -67.5141 40.79
    endloop
  endfacet
  facet normal -0.980775 0.19514 0
    outer loop
      vertex 97.5008 -67.5141 56.8
      vertex 97.2047 -69.0023 40.79
      vertex 97.2047 -69.0023 56.8
    endloop
  endfacet
  facet normal -0.980775 0.19514 0
    outer loop
      vertex 97.2047 -69.0023 2.4
      vertex 97.5008 -67.5141 25.9608
      vertex 97.5008 -67.5141 2.4
    endloop
  endfacet
  facet normal -0.980775 0.19514 0
    outer loop
      vertex 97.5008 -67.5141 25.9608
      vertex 97.2047 -69.0023 2.4
      vertex 97.2047 -69.0023 25.9608
    endloop
  endfacet
  facet normal 0.896878 0.442277 0
    outer loop
      vertex -96.0459 -71.8 56.8
      vertex -96.717 -70.4391 40.79
      vertex -96.717 -70.4391 56.8
    endloop
  endfacet
  facet normal 0.896878 0.442277 0
    outer loop
      vertex -96.717 -70.4391 40.79
      vertex -96.0459 -71.8 56.8
      vertex -96.0459 -71.8 40.79
    endloop
  endfacet
  facet normal 0.896878 0.442277 0
    outer loop
      vertex -96.0459 -71.8 25.9608
      vertex -96.717 -70.4391 2.4
      vertex -96.717 -70.4391 25.9608
    endloop
  endfacet
  facet normal 0.896878 0.442277 0
    outer loop
      vertex -96.717 -70.4391 2.4
      vertex -96.0459 -71.8 25.9608
      vertex -96.0459 -71.8 2.4
    endloop
  endfacet
  facet normal -1 0 0
    outer loop
      vertex 97.6 -66 40.79
      vertex 97.6 66 56.8
      vertex 97.6 66 40.79
    endloop
  endfacet
  facet normal -1 -0 0
    outer loop
      vertex 97.6 66 56.8
      vertex 97.6 -66 40.79
      vertex 97.6 -66 56.8
    endloop
  endfacet
  facet normal -1 0 0
    outer loop
      vertex 97.6 15 6.4554
      vertex 97.6 66 2.4
      vertex 97.6 15 5.1446
    endloop
  endfacet
  facet normal -1 0 0
    outer loop
      vertex 97.6 66 2.4
      vertex 97.6 -15 5.1446
      vertex 97.6 15 5.1446
    endloop
  endfacet
  facet normal -1 -0 0
    outer loop
      vertex 97.6 -15 5.1446
      vertex 97.6 -66 2.4
      vertex 97.6 -15 6.4554
    endloop
  endfacet
  facet normal -1 0 0
    outer loop
      vertex 97.6 -66 2.4
      vertex 97.6 -15 5.1446
      vertex 97.6 66 2.4
    endloop
  endfacet
  facet normal -1 0 0
    outer loop
      vertex 97.6 66 2.4
      vertex 97.6 15 6.4554
      vertex 97.6 66 25.9608
    endloop
  endfacet
  facet normal -1 0 0
    outer loop
      vertex 97.6 -15 6.4554
      vertex 97.6 66 25.9608
      vertex 97.6 15 6.4554
    endloop
  endfacet
  facet normal -1 0 0
    outer loop
      vertex 97.6 -66 25.9608
      vertex 97.6 -15 6.4554
      vertex 97.6 -66 2.4
    endloop
  endfacet
  facet normal -1 0 0
    outer loop
      vertex 97.6 -15 6.4554
      vertex 97.6 -66 25.9608
      vertex 97.6 66 25.9608
    endloop
  endfacet
  facet normal 1 -0 0
    outer loop
      vertex -97.6 -66 56.8
      vertex -97.6 66 40.79
      vertex -97.6 66 56.8
    endloop
  endfacet
  facet normal 1 0 0
    outer loop
      vertex -97.6 66 40.79
      vertex -97.6 -66 56.8
      vertex -97.6 -66 40.79
    endloop
  endfacet
  facet normal 1 0 0
    outer loop
      vertex -97.6 66 25.9608
      vertex -97.6 15 6.4554
      vertex -97.6 66 2.4
    endloop
  endfacet
  facet normal 1 0 0
    outer loop
      vertex -97.6 66 25.9608
      vertex -97.6 -15 6.4554
      vertex -97.6 15 6.4554
    endloop
  endfacet
  facet normal 1 0 0
    outer loop
      vertex -97.6 -66 2.4
      vertex -97.6 -15 6.4554
      vertex -97.6 -66 25.9608
    endloop
  endfacet
  facet normal 1 -0 0
    outer loop
      vertex -97.6 -66 25.9608
      vertex -97.6 -15 6.4554
      vertex -97.6 66 25.9608
    endloop
  endfacet
  facet normal 1 -0 0
    outer loop
      vertex -97.6 15 5.1446
      vertex -97.6 66 2.4
      vertex -97.6 15 6.4554
    endloop
  endfacet
  facet normal 1 -0 0
    outer loop
      vertex -97.6 -15 5.1446
      vertex -97.6 66 2.4
      vertex -97.6 15 5.1446
    endloop
  endfacet
  facet normal 1 0 0
    outer loop
      vertex -97.6 -15 5.1446
      vertex -97.6 -66 2.4
      vertex -97.6 66 2.4
    endloop
  endfacet
  facet normal 1 0 0
    outer loop
      vertex -97.6 -15 6.4554
      vertex -97.6 -66 2.4
      vertex -97.6 -15 5.1446
    endloop
  endfacet
  facet normal -0.442277 0.896878 0
    outer loop
      vertex 91.8 -76.0459 40.79
      vertex 90.4391 -76.717 56.8
      vertex 91.8 -76.0459 56.8
    endloop
  endfacet
  facet normal -0.442277 0.896878 0
    outer loop
      vertex 90.4391 -76.717 56.8
      vertex 91.8 -76.0459 40.79
      vertex 90.4391 -76.717 40.79
    endloop
  endfacet
  facet normal -0.442277 0.896878 0
    outer loop
      vertex 91.8 -76.0459 2.4
      vertex 90.4391 -76.717 25.9608
      vertex 91.8 -76.0459 25.9608
    endloop
  endfacet
  facet normal -0.442277 0.896878 0
    outer loop
      vertex 90.4391 -76.717 25.9608
      vertex 91.8 -76.0459 2.4
      vertex 90.4391 -76.717 2.4
    endloop
  endfacet
  facet normal 0.946936 -0.321423 0
    outer loop
      vertex -97.2047 69.0023 56.8
      vertex -96.717 70.4391 40.79
      vertex -96.717 70.4391 56.8
    endloop
  endfacet
  facet normal 0.946936 -0.321423 0
    outer loop
      vertex -96.717 70.4391 40.79
      vertex -97.2047 69.0023 56.8
      vertex -97.2047 69.0023 40.79
    endloop
  endfacet
  facet normal 0.946936 -0.321423 0
    outer loop
      vertex -97.2047 69.0023 25.9608
      vertex -96.717 70.4391 2.4
      vertex -96.717 70.4391 25.9608
    endloop
  endfacet
  facet normal 0.946936 -0.321423 0
    outer loop
      vertex -96.717 70.4391 2.4
      vertex -97.2047 69.0023 25.9608
      vertex -97.2047 69.0023 2.4
    endloop
  endfacet
  facet normal 0.19514 0.980775 -0
    outer loop
      vertex -87.5141 -77.5008 40.79
      vertex -89.0023 -77.2047 56.8
      vertex -87.5141 -77.5008 56.8
    endloop
  endfacet
  facet normal 0.19514 0.980775 0
    outer loop
      vertex -89.0023 -77.2047 56.8
      vertex -87.5141 -77.5008 40.79
      vertex -89.0023 -77.2047 40.79
    endloop
  endfacet
  facet normal 0.19514 0.980775 -0
    outer loop
      vertex -87.5141 -77.5008 2.4
      vertex -89.0023 -77.2047 25.9608
      vertex -87.5141 -77.5008 25.9608
    endloop
  endfacet
  facet normal 0.19514 0.980775 0
    outer loop
      vertex -89.0023 -77.2047 25.9608
      vertex -87.5141 -77.5008 2.4
      vertex -89.0023 -77.2047 2.4
    endloop
  endfacet
  facet normal -0.896878 0.442277 0
    outer loop
      vertex 96.0459 -71.8 40.79
      vertex 96.717 -70.4391 56.8
      vertex 96.717 -70.4391 40.79
    endloop
  endfacet
  facet normal -0.896878 0.442277 0
    outer loop
      vertex 96.717 -70.4391 56.8
      vertex 96.0459 -71.8 40.79
      vertex 96.0459 -71.8 56.8
    endloop
  endfacet
  facet normal -0.896878 0.442277 0
    outer loop
      vertex 96.0459 -71.8 2.4
      vertex 96.717 -70.4391 25.9608
      vertex 96.717 -70.4391 2.4
    endloop
  endfacet
  facet normal -0.896878 0.442277 0
    outer loop
      vertex 96.717 -70.4391 25.9608
      vertex 96.0459 -71.8 2.4
      vertex 96.0459 -71.8 25.9608
    endloop
  endfacet
  facet normal 0.751825 -0.659363 0
    outer loop
      vertex -95.2029 73.0616 56.8
      vertex -94.2024 74.2024 40.79
      vertex -94.2024 74.2024 56.8
    endloop
  endfacet
  facet normal 0.751825 -0.659363 0
    outer loop
      vertex -94.2024 74.2024 40.79
      vertex -95.2029 73.0616 56.8
      vertex -95.2029 73.0616 40.79
    endloop
  endfacet
  facet normal 0.751825 -0.659363 0
    outer loop
      vertex -95.2029 73.0616 25.9608
      vertex -94.2024 74.2024 2.4
      vertex -94.2024 74.2024 25.9608
    endloop
  endfacet
  facet normal 0.751825 -0.659363 0
    outer loop
      vertex -94.2024 74.2024 2.4
      vertex -95.2029 73.0616 25.9608
      vertex -95.2029 73.0616 2.4
    endloop
  endfacet
  facet normal 0.555582 0.831462 -0
    outer loop
      vertex -91.8 -76.0459 40.79
      vertex -93.0616 -75.2029 56.8
      vertex -91.8 -76.0459 56.8
    endloop
  endfacet
  facet normal 0.555582 0.831462 0
    outer loop
      vertex -93.0616 -75.2029 56.8
      vertex -91.8 -76.0459 40.79
      vertex -93.0616 -75.2029 40.79
    endloop
  endfacet
  facet normal 0.555582 0.831462 -0
    outer loop
      vertex -91.8 -76.0459 2.4
      vertex -93.0616 -75.2029 25.9608
      vertex -91.8 -76.0459 25.9608
    endloop
  endfacet
  facet normal 0.555582 0.831462 0
    outer loop
      vertex -93.0616 -75.2029 25.9608
      vertex -91.8 -76.0459 2.4
      vertex -93.0616 -75.2029 2.4
    endloop
  endfacet
  facet normal 0 -1 0
    outer loop
      vertex -86 77.6 40.79
      vertex 86 77.6 56.8
      vertex -86 77.6 56.8
    endloop
  endfacet
  facet normal 0 -1 -0
    outer loop
      vertex 86 77.6 56.8
      vertex -86 77.6 40.79
      vertex 86 77.6 40.79
    endloop
  endfacet
  facet normal 0 -1 0
    outer loop
      vertex -86 77.6 25.9608
      vertex -15 77.6 6.4554
      vertex 86 77.6 25.9608
    endloop
  endfacet
  facet normal 0 -1 0
    outer loop
      vertex -86 77.6 2.4
      vertex -15 77.6 6.4554
      vertex -86 77.6 25.9608
    endloop
  endfacet
  facet normal 0 -1 -0
    outer loop
      vertex -15 77.6 5.1446
      vertex -86 77.6 2.4
      vertex 15 77.6 5.1446
    endloop
  endfacet
  facet normal 0 -1 -0
    outer loop
      vertex -15 77.6 6.4554
      vertex -86 77.6 2.4
      vertex -15 77.6 5.1446
    endloop
  endfacet
  facet normal 0 -1 0
    outer loop
      vertex 15 77.6 6.4554
      vertex 86 77.6 25.9608
      vertex -15 77.6 6.4554
    endloop
  endfacet
  facet normal 0 -1 0
    outer loop
      vertex 86 77.6 2.4
      vertex 15 77.6 6.4554
      vertex 15 77.6 5.1446
    endloop
  endfacet
  facet normal 0 -1 0
    outer loop
      vertex 15 77.6 6.4554
      vertex 86 77.6 2.4
      vertex 86 77.6 25.9608
    endloop
  endfacet
  facet normal 0 -1 0
    outer loop
      vertex 86 77.6 2.4
      vertex 15 77.6 5.1446
      vertex -86 77.6 2.4
    endloop
  endfacet
  facet normal 0.896878 -0.442277 0
    outer loop
      vertex -96.717 70.4391 56.8
      vertex -96.0459 71.8 40.79
      vertex -96.0459 71.8 56.8
    endloop
  endfacet
  facet normal 0.896878 -0.442277 0
    outer loop
      vertex -96.0459 71.8 40.79
      vertex -96.717 70.4391 56.8
      vertex -96.717 70.4391 40.79
    endloop
  endfacet
  facet normal 0.896878 -0.442277 0
    outer loop
      vertex -96.717 70.4391 25.9608
      vertex -96.0459 71.8 2.4
      vertex -96.0459 71.8 25.9608
    endloop
  endfacet
  facet normal 0.896878 -0.442277 0
    outer loop
      vertex -96.0459 71.8 2.4
      vertex -96.717 70.4391 25.9608
      vertex -96.717 70.4391 2.4
    endloop
  endfacet
  facet normal 0.321423 -0.946936 0
    outer loop
      vertex -90.4391 76.717 40.79
      vertex -89.0023 77.2047 56.8
      vertex -90.4391 76.717 56.8
    endloop
  endfacet
  facet normal 0.321423 -0.946936 0
    outer loop
      vertex -89.0023 77.2047 56.8
      vertex -90.4391 76.717 40.79
      vertex -89.0023 77.2047 40.79
    endloop
  endfacet
  facet normal 0.321423 -0.946936 0
    outer loop
      vertex -90.4391 76.717 2.4
      vertex -89.0023 77.2047 25.9608
      vertex -90.4391 76.717 25.9608
    endloop
  endfacet
  facet normal 0.321423 -0.946936 0
    outer loop
      vertex -89.0023 77.2047 25.9608
      vertex -90.4391 76.717 2.4
      vertex -89.0023 77.2047 2.4
    endloop
  endfacet
  facet normal -0.659363 -0.751825 0
    outer loop
      vertex 93.0616 75.2029 40.79
      vertex 94.2024 74.2024 56.8
      vertex 93.0616 75.2029 56.8
    endloop
  endfacet
  facet normal -0.659363 -0.751825 -0
    outer loop
      vertex 94.2024 74.2024 56.8
      vertex 93.0616 75.2029 40.79
      vertex 94.2024 74.2024 40.79
    endloop
  endfacet
  facet normal -0.659363 -0.751825 0
    outer loop
      vertex 93.0616 75.2029 2.4
      vertex 94.2024 74.2024 25.9608
      vertex 93.0616 75.2029 25.9608
    endloop
  endfacet
  facet normal -0.659363 -0.751825 -0
    outer loop
      vertex 94.2024 74.2024 25.9608
      vertex 93.0616 75.2029 2.4
      vertex 94.2024 74.2024 2.4
    endloop
  endfacet
  facet normal 0.997861 -0.0653773 0
    outer loop
      vertex -97.6 66 56.8
      vertex -97.5008 67.5141 40.79
      vertex -97.5008 67.5141 56.8
    endloop
  endfacet
  facet normal 0.997861 -0.0653773 0
    outer loop
      vertex -97.5008 67.5141 40.79
      vertex -97.6 66 56.8
      vertex -97.6 66 40.79
    endloop
  endfacet
  facet normal 0.997861 -0.0653773 0
    outer loop
      vertex -97.6 66 25.9608
      vertex -97.5008 67.5141 2.4
      vertex -97.5008 67.5141 25.9608
    endloop
  endfacet
  facet normal 0.997861 -0.0653773 0
    outer loop
      vertex -97.5008 67.5141 2.4
      vertex -97.6 66 25.9608
      vertex -97.6 66 2.4
    endloop
  endfacet
  facet normal -0.442277 -0.896878 0
    outer loop
      vertex 90.4391 76.717 40.79
      vertex 91.8 76.0459 56.8
      vertex 90.4391 76.717 56.8
    endloop
  endfacet
  facet normal -0.442277 -0.896878 -0
    outer loop
      vertex 91.8 76.0459 56.8
      vertex 90.4391 76.717 40.79
      vertex 91.8 76.0459 40.79
    endloop
  endfacet
  facet normal -0.442277 -0.896878 0
    outer loop
      vertex 90.4391 76.717 2.4
      vertex 91.8 76.0459 25.9608
      vertex 90.4391 76.717 25.9608
    endloop
  endfacet
  facet normal -0.442277 -0.896878 -0
    outer loop
      vertex 91.8 76.0459 25.9608
      vertex 90.4391 76.717 2.4
      vertex 91.8 76.0459 2.4
    endloop
  endfacet
  facet normal -0.555582 -0.831462 0
    outer loop
      vertex 91.8 76.0459 40.79
      vertex 93.0616 75.2029 56.8
      vertex 91.8 76.0459 56.8
    endloop
  endfacet
  facet normal -0.555582 -0.831462 -0
    outer loop
      vertex 93.0616 75.2029 56.8
      vertex 91.8 76.0459 40.79
      vertex 93.0616 75.2029 40.79
    endloop
  endfacet
  facet normal -0.555582 -0.831462 0
    outer loop
      vertex 91.8 76.0459 2.4
      vertex 93.0616 75.2029 25.9608
      vertex 91.8 76.0459 25.9608
    endloop
  endfacet
  facet normal -0.555582 -0.831462 -0
    outer loop
      vertex 93.0616 75.2029 25.9608
      vertex 91.8 76.0459 2.4
      vertex 93.0616 75.2029 2.4
    endloop
  endfacet
  facet normal 0.19514 -0.980775 0
    outer loop
      vertex -89.0023 77.2047 40.79
      vertex -87.5141 77.5008 56.8
      vertex -89.0023 77.2047 56.8
    endloop
  endfacet
  facet normal 0.19514 -0.980775 0
    outer loop
      vertex -87.5141 77.5008 56.8
      vertex -89.0023 77.2047 40.79
      vertex -87.5141 77.5008 40.79
    endloop
  endfacet
  facet normal 0.19514 -0.980775 0
    outer loop
      vertex -89.0023 77.2047 2.4
      vertex -87.5141 77.5008 25.9608
      vertex -89.0023 77.2047 25.9608
    endloop
  endfacet
  facet normal 0.19514 -0.980775 0
    outer loop
      vertex -87.5141 77.5008 25.9608
      vertex -89.0023 77.2047 2.4
      vertex -87.5141 77.5008 2.4
    endloop
  endfacet
  facet normal 0.555582 -0.831462 0
    outer loop
      vertex -93.0616 75.2029 40.79
      vertex -91.8 76.0459 56.8
      vertex -93.0616 75.2029 56.8
    endloop
  endfacet
  facet normal 0.555582 -0.831462 0
    outer loop
      vertex -91.8 76.0459 56.8
      vertex -93.0616 75.2029 40.79
      vertex -91.8 76.0459 40.79
    endloop
  endfacet
  facet normal 0.555582 -0.831462 0
    outer loop
      vertex -93.0616 75.2029 2.4
      vertex -91.8 76.0459 25.9608
      vertex -93.0616 75.2029 25.9608
    endloop
  endfacet
  facet normal 0.555582 -0.831462 0
    outer loop
      vertex -91.8 76.0459 25.9608
      vertex -93.0616 75.2029 2.4
      vertex -91.8 76.0459 2.4
    endloop
  endfacet
  facet normal 0.831462 -0.555582 0
    outer loop
      vertex -96.0459 71.8 56.8
      vertex -95.2029 73.0616 40.79
      vertex -95.2029 73.0616 56.8
    endloop
  endfacet
  facet normal 0.831462 -0.555582 0
    outer loop
      vertex -95.2029 73.0616 40.79
      vertex -96.0459 71.8 56.8
      vertex -96.0459 71.8 40.79
    endloop
  endfacet
  facet normal 0.831462 -0.555582 0
    outer loop
      vertex -96.0459 71.8 25.9608
      vertex -95.2029 73.0616 2.4
      vertex -95.2029 73.0616 25.9608
    endloop
  endfacet
  facet normal 0.831462 -0.555582 0
    outer loop
      vertex -95.2029 73.0616 2.4
      vertex -96.0459 71.8 25.9608
      vertex -96.0459 71.8 2.4
    endloop
  endfacet
  facet normal 0.442277 0.896878 -0
    outer loop
      vertex -90.4391 -76.717 40.79
      vertex -91.8 -76.0459 56.8
      vertex -90.4391 -76.717 56.8
    endloop
  endfacet
  facet normal 0.442277 0.896878 0
    outer loop
      vertex -91.8 -76.0459 56.8
      vertex -90.4391 -76.717 40.79
      vertex -91.8 -76.0459 40.79
    endloop
  endfacet
  facet normal 0.442277 0.896878 -0
    outer loop
      vertex -90.4391 -76.717 2.4
      vertex -91.8 -76.0459 25.9608
      vertex -90.4391 -76.717 25.9608
    endloop
  endfacet
  facet normal 0.442277 0.896878 0
    outer loop
      vertex -91.8 -76.0459 25.9608
      vertex -90.4391 -76.717 2.4
      vertex -91.8 -76.0459 2.4
    endloop
  endfacet
  facet normal 0.980775 -0.19514 0
    outer loop
      vertex -97.5008 67.5141 56.8
      vertex -97.2047 69.0023 40.79
      vertex -97.2047 69.0023 56.8
    endloop
  endfacet
  facet normal 0.980775 -0.19514 0
    outer loop
      vertex -97.2047 69.0023 40.79
      vertex -97.5008 67.5141 56.8
      vertex -97.5008 67.5141 40.79
    endloop
  endfacet
  facet normal 0.980775 -0.19514 0
    outer loop
      vertex -97.5008 67.5141 25.9608
      vertex -97.2047 69.0023 2.4
      vertex -97.2047 69.0023 25.9608
    endloop
  endfacet
  facet normal 0.980775 -0.19514 0
    outer loop
      vertex -97.2047 69.0023 2.4
      vertex -97.5008 67.5141 25.9608
      vertex -97.5008 67.5141 2.4
    endloop
  endfacet
  facet normal -0.946936 0.321423 0
    outer loop
      vertex 96.717 -70.4391 40.79
      vertex 97.2047 -69.0023 56.8
      vertex 97.2047 -69.0023 40.79
    endloop
  endfacet
  facet normal -0.946936 0.321423 0
    outer loop
      vertex 97.2047 -69.0023 56.8
      vertex 96.717 -70.4391 40.79
      vertex 96.717 -70.4391 56.8
    endloop
  endfacet
  facet normal -0.946936 0.321423 0
    outer loop
      vertex 96.717 -70.4391 2.4
      vertex 97.2047 -69.0023 25.9608
      vertex 97.2047 -69.0023 2.4
    endloop
  endfacet
  facet normal -0.946936 0.321423 0
    outer loop
      vertex 97.2047 -69.0023 25.9608
      vertex 96.717 -70.4391 2.4
      vertex 96.717 -70.4391 25.9608
    endloop
  endfacet
  facet normal -0.980775 -0.19514 0
    outer loop
      vertex 97.5008 67.5141 40.79
      vertex 97.2047 69.0023 56.8
      vertex 97.2047 69.0023 40.79
    endloop
  endfacet
  facet normal -0.980775 -0.19514 0
    outer loop
      vertex 97.2047 69.0023 56.8
      vertex 97.5008 67.5141 40.79
      vertex 97.5008 67.5141 56.8
    endloop
  endfacet
  facet normal -0.980775 -0.19514 0
    outer loop
      vertex 97.5008 67.5141 2.4
      vertex 97.2047 69.0023 25.9608
      vertex 97.2047 69.0023 2.4
    endloop
  endfacet
  facet normal -0.980775 -0.19514 0
    outer loop
      vertex 97.2047 69.0023 25.9608
      vertex 97.5008 67.5141 2.4
      vertex 97.5008 67.5141 25.9608
    endloop
  endfacet
  facet normal -0.751825 0.659363 0
    outer loop
      vertex 94.2024 -74.2024 40.79
      vertex 95.2029 -73.0616 56.8
      vertex 95.2029 -73.0616 40.79
    endloop
  endfacet
  facet normal -0.751825 0.659363 0
    outer loop
      vertex 95.2029 -73.0616 56.8
      vertex 94.2024 -74.2024 40.79
      vertex 94.2024 -74.2024 56.8
    endloop
  endfacet
  facet normal -0.751825 0.659363 0
    outer loop
      vertex 94.2024 -74.2024 2.4
      vertex 95.2029 -73.0616 25.9608
      vertex 95.2029 -73.0616 2.4
    endloop
  endfacet
  facet normal -0.751825 0.659363 0
    outer loop
      vertex 95.2029 -73.0616 25.9608
      vertex 94.2024 -74.2024 2.4
      vertex 94.2024 -74.2024 25.9608
    endloop
  endfacet
  facet normal -0.0653773 -0.997861 0
    outer loop
      vertex 86 77.6 40.79
      vertex 87.5141 77.5008 56.8
      vertex 86 77.6 56.8
    endloop
  endfacet
  facet normal -0.0653773 -0.997861 -0
    outer loop
      vertex 87.5141 77.5008 56.8
      vertex 86 77.6 40.79
      vertex 87.5141 77.5008 40.79
    endloop
  endfacet
  facet normal -0.0653773 -0.997861 0
    outer loop
      vertex 86 77.6 2.4
      vertex 87.5141 77.5008 25.9608
      vertex 86 77.6 25.9608
    endloop
  endfacet
  facet normal -0.0653773 -0.997861 -0
    outer loop
      vertex 87.5141 77.5008 25.9608
      vertex 86 77.6 2.4
      vertex 87.5141 77.5008 2.4
    endloop
  endfacet
  facet normal -0.997861 -0.0653773 0
    outer loop
      vertex 97.6 66 40.79
      vertex 97.5008 67.5141 56.8
      vertex 97.5008 67.5141 40.79
    endloop
  endfacet
  facet normal -0.997861 -0.0653773 0
    outer loop
      vertex 97.5008 67.5141 56.8
      vertex 97.6 66 40.79
      vertex 97.6 66 56.8
    endloop
  endfacet
  facet normal -0.997861 -0.0653773 0
    outer loop
      vertex 97.6 66 2.4
      vertex 97.5008 67.5141 25.9608
      vertex 97.5008 67.5141 2.4
    endloop
  endfacet
  facet normal -0.997861 -0.0653773 0
    outer loop
      vertex 97.5008 67.5141 25.9608
      vertex 97.6 66 2.4
      vertex 97.6 66 25.9608
    endloop
  endfacet
  facet normal -0.659363 0.751825 0
    outer loop
      vertex 94.2024 -74.2024 40.79
      vertex 93.0616 -75.2029 56.8
      vertex 94.2024 -74.2024 56.8
    endloop
  endfacet
  facet normal -0.659363 0.751825 0
    outer loop
      vertex 93.0616 -75.2029 56.8
      vertex 94.2024 -74.2024 40.79
      vertex 93.0616 -75.2029 40.79
    endloop
  endfacet
  facet normal -0.659363 0.751825 0
    outer loop
      vertex 94.2024 -74.2024 2.4
      vertex 93.0616 -75.2029 25.9608
      vertex 94.2024 -74.2024 25.9608
    endloop
  endfacet
  facet normal -0.659363 0.751825 0
    outer loop
      vertex 93.0616 -75.2029 25.9608
      vertex 94.2024 -74.2024 2.4
      vertex 93.0616 -75.2029 2.4
    endloop
  endfacet
  facet normal -0.831462 -0.555582 0
    outer loop
      vertex 96.0459 71.8 40.79
      vertex 95.2029 73.0616 56.8
      vertex 95.2029 73.0616 40.79
    endloop
  endfacet
  facet normal -0.831462 -0.555582 0
    outer loop
      vertex 95.2029 73.0616 56.8
      vertex 96.0459 71.8 40.79
      vertex 96.0459 71.8 56.8
    endloop
  endfacet
  facet normal -0.831462 -0.555582 0
    outer loop
      vertex 96.0459 71.8 2.4
      vertex 95.2029 73.0616 25.9608
      vertex 95.2029 73.0616 2.4
    endloop
  endfacet
  facet normal -0.831462 -0.555582 0
    outer loop
      vertex 95.2029 73.0616 25.9608
      vertex 96.0459 71.8 2.4
      vertex 96.0459 71.8 25.9608
    endloop
  endfacet
  facet normal -0.751825 -0.659363 0
    outer loop
      vertex 95.2029 73.0616 40.79
      vertex 94.2024 74.2024 56.8
      vertex 94.2024 74.2024 40.79
    endloop
  endfacet
  facet normal -0.751825 -0.659363 0
    outer loop
      vertex 94.2024 74.2024 56.8
      vertex 95.2029 73.0616 40.79
      vertex 95.2029 73.0616 56.8
    endloop
  endfacet
  facet normal -0.751825 -0.659363 0
    outer loop
      vertex 95.2029 73.0616 2.4
      vertex 94.2024 74.2024 25.9608
      vertex 94.2024 74.2024 2.4
    endloop
  endfacet
  facet normal -0.751825 -0.659363 0
    outer loop
      vertex 94.2024 74.2024 25.9608
      vertex 95.2029 73.0616 2.4
      vertex 95.2029 73.0616 25.9608
    endloop
  endfacet
  facet normal -0.321423 -0.946936 0
    outer loop
      vertex 89.0023 77.2047 40.79
      vertex 90.4391 76.717 56.8
      vertex 89.0023 77.2047 56.8
    endloop
  endfacet
  facet normal -0.321423 -0.946936 -0
    outer loop
      vertex 90.4391 76.717 56.8
      vertex 89.0023 77.2047 40.79
      vertex 90.4391 76.717 40.79
    endloop
  endfacet
  facet normal -0.321423 -0.946936 0
    outer loop
      vertex 89.0023 77.2047 2.4
      vertex 90.4391 76.717 25.9608
      vertex 89.0023 77.2047 25.9608
    endloop
  endfacet
  facet normal -0.321423 -0.946936 -0
    outer loop
      vertex 90.4391 76.717 25.9608
      vertex 89.0023 77.2047 2.4
      vertex 90.4391 76.717 2.4
    endloop
  endfacet
  facet normal -0.997861 0.0653773 0
    outer loop
      vertex 97.5008 -67.5141 40.79
      vertex 97.6 -66 56.8
      vertex 97.6 -66 40.79
    endloop
  endfacet
  facet normal -0.997861 0.0653773 0
    outer loop
      vertex 97.6 -66 56.8
      vertex 97.5008 -67.5141 40.79
      vertex 97.5008 -67.5141 56.8
    endloop
  endfacet
  facet normal -0.997861 0.0653773 0
    outer loop
      vertex 97.5008 -67.5141 2.4
      vertex 97.6 -66 25.9608
      vertex 97.6 -66 2.4
    endloop
  endfacet
  facet normal -0.997861 0.0653773 0
    outer loop
      vertex 97.6 -66 25.9608
      vertex 97.5008 -67.5141 2.4
      vertex 97.5008 -67.5141 25.9608
    endloop
  endfacet
  facet normal 0.831462 0.555582 0
    outer loop
      vertex -95.2029 -73.0616 56.8
      vertex -96.0459 -71.8 40.79
      vertex -96.0459 -71.8 56.8
    endloop
  endfacet
  facet normal 0.831462 0.555582 0
    outer loop
      vertex -96.0459 -71.8 40.79
      vertex -95.2029 -73.0616 56.8
      vertex -95.2029 -73.0616 40.79
    endloop
  endfacet
  facet normal 0.831462 0.555582 0
    outer loop
      vertex -95.2029 -73.0616 25.9608
      vertex -96.0459 -71.8 2.4
      vertex -96.0459 -71.8 25.9608
    endloop
  endfacet
  facet normal 0.831462 0.555582 0
    outer loop
      vertex -96.0459 -71.8 2.4
      vertex -95.2029 -73.0616 25.9608
      vertex -95.2029 -73.0616 2.4
    endloop
  endfacet
  facet normal -0.896878 -0.442277 0
    outer loop
      vertex 96.717 70.4391 40.79
      vertex 96.0459 71.8 56.8
      vertex 96.0459 71.8 40.79
    endloop
  endfacet
  facet normal -0.896878 -0.442277 0
    outer loop
      vertex 96.0459 71.8 56.8
      vertex 96.717 70.4391 40.79
      vertex 96.717 70.4391 56.8
    endloop
  endfacet
  facet normal -0.896878 -0.442277 0
    outer loop
      vertex 96.717 70.4391 2.4
      vertex 96.0459 71.8 25.9608
      vertex 96.0459 71.8 2.4
    endloop
  endfacet
  facet normal -0.896878 -0.442277 0
    outer loop
      vertex 96.0459 71.8 25.9608
      vertex 96.717 70.4391 2.4
      vertex 96.717 70.4391 25.9608
    endloop
  endfacet
  facet normal 0.980775 0.19514 0
    outer loop
      vertex -97.2047 -69.0023 56.8
      vertex -97.5008 -67.5141 40.79
      vertex -97.5008 -67.5141 56.8
    endloop
  endfacet
  facet normal 0.980775 0.19514 0
    outer loop
      vertex -97.5008 -67.5141 40.79
      vertex -97.2047 -69.0023 56.8
      vertex -97.2047 -69.0023 40.79
    endloop
  endfacet
  facet normal 0.980775 0.19514 0
    outer loop
      vertex -97.2047 -69.0023 25.9608
      vertex -97.5008 -67.5141 2.4
      vertex -97.5008 -67.5141 25.9608
    endloop
  endfacet
  facet normal 0.980775 0.19514 0
    outer loop
      vertex -97.5008 -67.5141 2.4
      vertex -97.2047 -69.0023 25.9608
      vertex -97.2047 -69.0023 2.4
    endloop
  endfacet
  facet normal 0.751825 0.659363 0
    outer loop
      vertex -94.2024 -74.2024 56.8
      vertex -95.2029 -73.0616 40.79
      vertex -95.2029 -73.0616 56.8
    endloop
  endfacet
  facet normal 0.751825 0.659363 0
    outer loop
      vertex -95.2029 -73.0616 40.79
      vertex -94.2024 -74.2024 56.8
      vertex -94.2024 -74.2024 40.79
    endloop
  endfacet
  facet normal 0.751825 0.659363 0
    outer loop
      vertex -94.2024 -74.2024 25.9608
      vertex -95.2029 -73.0616 2.4
      vertex -95.2029 -73.0616 25.9608
    endloop
  endfacet
  facet normal 0.751825 0.659363 0
    outer loop
      vertex -95.2029 -73.0616 2.4
      vertex -94.2024 -74.2024 25.9608
      vertex -94.2024 -74.2024 2.4
    endloop
  endfacet
  facet normal -0.831462 0.555582 0
    outer loop
      vertex 95.2029 -73.0616 40.79
      vertex 96.0459 -71.8 56.8
      vertex 96.0459 -71.8 40.79
    endloop
  endfacet
  facet normal -0.831462 0.555582 0
    outer loop
      vertex 96.0459 -71.8 56.8
      vertex 95.2029 -73.0616 40.79
      vertex 95.2029 -73.0616 56.8
    endloop
  endfacet
  facet normal -0.831462 0.555582 0
    outer loop
      vertex 95.2029 -73.0616 2.4
      vertex 96.0459 -71.8 25.9608
      vertex 96.0459 -71.8 2.4
    endloop
  endfacet
  facet normal -0.831462 0.555582 0
    outer loop
      vertex 96.0459 -71.8 25.9608
      vertex 95.2029 -73.0616 2.4
      vertex 95.2029 -73.0616 25.9608
    endloop
  endfacet
  facet normal 0.997861 0.0653773 0
    outer loop
      vertex -97.5008 -67.5141 56.8
      vertex -97.6 -66 40.79
      vertex -97.6 -66 56.8
    endloop
  endfacet
  facet normal 0.997861 0.0653773 0
    outer loop
      vertex -97.6 -66 40.79
      vertex -97.5008 -67.5141 56.8
      vertex -97.5008 -67.5141 40.79
    endloop
  endfacet
  facet normal 0.997861 0.0653773 0
    outer loop
      vertex -97.5008 -67.5141 25.9608
      vertex -97.6 -66 2.4
      vertex -97.6 -66 25.9608
    endloop
  endfacet
  facet normal 0.997861 0.0653773 0
    outer loop
      vertex -97.6 -66 2.4
      vertex -97.5008 -67.5141 25.9608
      vertex -97.5008 -67.5141 2.4
    endloop
  endfacet
  facet normal -0.555582 0.831462 0
    outer loop
      vertex 93.0616 -75.2029 40.79
      vertex 91.8 -76.0459 56.8
      vertex 93.0616 -75.2029 56.8
    endloop
  endfacet
  facet normal -0.555582 0.831462 0
    outer loop
      vertex 91.8 -76.0459 56.8
      vertex 93.0616 -75.2029 40.79
      vertex 91.8 -76.0459 40.79
    endloop
  endfacet
  facet normal -0.555582 0.831462 0
    outer loop
      vertex 93.0616 -75.2029 2.4
      vertex 91.8 -76.0459 25.9608
      vertex 93.0616 -75.2029 25.9608
    endloop
  endfacet
  facet normal -0.555582 0.831462 0
    outer loop
      vertex 91.8 -76.0459 25.9608
      vertex 93.0616 -75.2029 2.4
      vertex 91.8 -76.0459 2.4
    endloop
  endfacet
  facet normal -0.141452 0.710939 0.688881
    outer loop
      vertex 87.1734 -70.3792 33.3704
      vertex 87.5141 -77.5008 40.79
      vertex 89.0023 -77.2047 40.79
    endloop
  endfacet
  facet normal -0.14217 0.710849 0.688826
    outer loop
      vertex 87.5141 -77.5008 40.79
      vertex 87.1734 -70.3792 33.3704
      vertex 87.1724 -70.3794 33.3704
    endloop
  endfacet
  facet normal 0.579325 0.434494 0.689635
    outer loop
      vertex -95.2029 -73.0616 40.79
      vertex -89.5962 -68.7607 33.3704
      vertex -89.5968 -68.7599 33.3704
    endloop
  endfacet
  facet normal 0.544981 0.477957 0.688877
    outer loop
      vertex -89.5962 -68.7607 33.3704
      vertex -95.2029 -73.0616 40.79
      vertex -94.2024 -74.2024 40.79
    endloop
  endfacet
  facet normal -0.0473902 0.723322 0.688882
    outer loop
      vertex 86.5918 -70.4949 33.3704
      vertex 86 -77.6 40.79
      vertex 87.5141 -77.5008 40.79
    endloop
  endfacet
  facet normal -0.0657545 0.7233 0.687396
    outer loop
      vertex 86 -77.6 40.79
      vertex 86.5918 -70.4949 33.3704
      vertex 86.5907 -70.495 33.3704
    endloop
  endfacet
  facet normal -0.723324 -0.0473889 0.688881
    outer loop
      vertex 90.5337 66 33.3704
      vertex 97.6 66 40.79
      vertex 90.495 66.5907 33.3704
    endloop
  endfacet
  facet normal 0.208123 0.693744 0.689496
    outer loop
      vertex -87.1744 -70.3789 33.3704
      vertex -89.0023 -77.2047 40.79
      vertex -87.1734 -70.3792 33.3704
    endloop
  endfacet
  facet normal 0.232992 0.686412 0.688878
    outer loop
      vertex -89.0023 -77.2047 40.79
      vertex -87.1744 -70.3789 33.3704
      vertex -90.4391 -76.717 40.79
    endloop
  endfacet
  facet normal 0.710942 0.141429 0.688882
    outer loop
      vertex -90.3794 -67.1724 33.3704
      vertex -90.4949 -66.5918 33.3704
      vertex -97.5008 -67.5141 40.79
    endloop
  endfacet
  facet normal -0.723324 0.0473889 0.688881
    outer loop
      vertex 97.6 -66 40.79
      vertex 90.5337 -66 33.3704
      vertex 90.495 -66.5907 33.3704
    endloop
  endfacet
  facet normal 0.141429 0.710942 0.688882
    outer loop
      vertex -86.5918 -70.4949 33.3704
      vertex -87.1724 -70.3794 33.3704
      vertex -87.5141 -77.5008 40.79
    endloop
  endfacet
  facet normal -0.634982 0.352768 0.687279
    outer loop
      vertex 90.1881 -67.7359 33.3704
      vertex 96.717 -70.4391 40.79
      vertex 90.1886 -67.735 33.3704
    endloop
  endfacet
  facet normal -0.650124 0.320595 0.688882
    outer loop
      vertex 96.717 -70.4391 40.79
      vertex 90.1881 -67.7359 33.3704
      vertex 96.0459 -71.8 40.79
    endloop
  endfacet
  facet normal -0.693744 0.208123 0.689496
    outer loop
      vertex 90.3789 -67.1744 33.3704
      vertex 97.2047 -69.0023 40.79
      vertex 90.3792 -67.1734 33.3704
    endloop
  endfacet
  facet normal -0.686412 0.232992 0.688878
    outer loop
      vertex 97.2047 -69.0023 40.79
      vertex 90.3789 -67.1744 33.3704
      vertex 96.717 -70.4391 40.79
    endloop
  endfacet
  facet normal -0.0657545 -0.7233 0.687396
    outer loop
      vertex 86.5918 70.4949 33.3704
      vertex 86 77.6 40.79
      vertex 86.5907 70.495 33.3704
    endloop
  endfacet
  facet normal -0.0473902 -0.723322 0.688882
    outer loop
      vertex 86 77.6 40.79
      vertex 86.5918 70.4949 33.3704
      vertex 87.5141 77.5008 40.79
    endloop
  endfacet
  facet normal 0.434494 0.579325 0.689635
    outer loop
      vertex -88.7607 -69.5962 33.3704
      vertex -93.0616 -75.2029 40.79
      vertex -88.7599 -69.5968 33.3704
    endloop
  endfacet
  facet normal 0.477957 0.544981 0.688877
    outer loop
      vertex -93.0616 -75.2029 40.79
      vertex -88.7607 -69.5962 33.3704
      vertex -94.2024 -74.2024 40.79
    endloop
  endfacet
  facet normal 0 0.724137 0.689656
    outer loop
      vertex 86 -70.5337 33.3704
      vertex -86 -77.6 40.79
      vertex 86 -77.6 40.79
    endloop
  endfacet
  facet normal 0 0.724137 0.689656
    outer loop
      vertex -86 -77.6 40.79
      vertex 86 -70.5337 33.3704
      vertex -86 -70.5337 33.3704
    endloop
  endfacet
  facet normal 0.7233 0.0657545 0.687396
    outer loop
      vertex -97.6 -66 40.79
      vertex -90.4949 -66.5918 33.3704
      vertex -90.495 -66.5907 33.3704
    endloop
  endfacet
  facet normal 0.723322 0.0473902 0.688882
    outer loop
      vertex -90.4949 -66.5918 33.3704
      vertex -97.6 -66 40.79
      vertex -97.5008 -67.5141 40.79
    endloop
  endfacet
  facet normal -0.724137 0 0.689656
    outer loop
      vertex 90.5337 -66 33.3704
      vertex 97.6 66 40.79
      vertex 90.5337 66 33.3704
    endloop
  endfacet
  facet normal -0.724137 0 0.689656
    outer loop
      vertex 97.6 66 40.79
      vertex 90.5337 -66 33.3704
      vertex 97.6 -66 40.79
    endloop
  endfacet
  facet normal -0.7233 -0.0657545 0.687396
    outer loop
      vertex 97.6 66 40.79
      vertex 90.4949 66.5918 33.3704
      vertex 90.495 66.5907 33.3704
    endloop
  endfacet
  facet normal -0.723322 -0.0473902 0.688882
    outer loop
      vertex 90.4949 66.5918 33.3704
      vertex 97.6 66 40.79
      vertex 97.5008 67.5141 40.79
    endloop
  endfacet
  facet normal 0.0473889 0.723324 0.688881
    outer loop
      vertex -86 -77.6 40.79
      vertex -86 -70.5337 33.3704
      vertex -86.5907 -70.495 33.3704
    endloop
  endfacet
  facet normal 0.724137 -0 0.689656
    outer loop
      vertex -97.6 -66 40.79
      vertex -90.5337 66 33.3704
      vertex -97.6 66 40.79
    endloop
  endfacet
  facet normal 0.724137 0 0.689656
    outer loop
      vertex -90.5337 66 33.3704
      vertex -97.6 -66 40.79
      vertex -90.5337 -66 33.3704
    endloop
  endfacet
  facet normal 0.0473902 -0.723322 0.688882
    outer loop
      vertex -86.5918 70.4949 33.3704
      vertex -86 77.6 40.79
      vertex -87.5141 77.5008 40.79
    endloop
  endfacet
  facet normal 0.0657545 -0.7233 0.687396
    outer loop
      vertex -86 77.6 40.79
      vertex -86.5918 70.4949 33.3704
      vertex -86.5907 70.495 33.3704
    endloop
  endfacet
  facet normal -0.602707 -0.402728 0.688879
    outer loop
      vertex 95.2029 73.0616 40.79
      vertex 89.5974 68.7591 33.3704
      vertex 96.0459 71.8 40.79
    endloop
  endfacet
  facet normal -0.579325 -0.434494 0.689635
    outer loop
      vertex 89.5974 68.7591 33.3704
      vertex 95.2029 73.0616 40.79
      vertex 89.5968 68.7599 33.3704
    endloop
  endfacet
  facet normal -0.0473889 0.723324 0.688881
    outer loop
      vertex 86.5907 -70.495 33.3704
      vertex 86 -70.5337 33.3704
      vertex 86 -77.6 40.79
    endloop
  endfacet
  facet normal 0.693744 0.208123 0.689496
    outer loop
      vertex -97.2047 -69.0023 40.79
      vertex -90.3789 -67.1744 33.3704
      vertex -90.3792 -67.1734 33.3704
    endloop
  endfacet
  facet normal 0.686412 0.232992 0.688878
    outer loop
      vertex -90.3789 -67.1744 33.3704
      vertex -97.2047 -69.0023 40.79
      vertex -96.717 -70.4391 40.79
    endloop
  endfacet
  facet normal 0.686406 -0.233006 0.688879
    outer loop
      vertex -90.3789 67.1744 33.3704
      vertex -90.1886 67.735 33.3704
      vertex -96.717 70.4391 40.79
    endloop
  endfacet
  facet normal 0.634982 0.352768 0.687279
    outer loop
      vertex -96.717 -70.4391 40.79
      vertex -90.1881 -67.7359 33.3704
      vertex -90.1886 -67.735 33.3704
    endloop
  endfacet
  facet normal 0.650124 0.320595 0.688882
    outer loop
      vertex -90.1881 -67.7359 33.3704
      vertex -96.717 -70.4391 40.79
      vertex -96.0459 -71.8 40.79
    endloop
  endfacet
  facet normal 0.208123 -0.693744 0.689496
    outer loop
      vertex -89.0023 77.2047 40.79
      vertex -87.1744 70.3789 33.3704
      vertex -87.1734 70.3792 33.3704
    endloop
  endfacet
  facet normal 0.232992 -0.686412 0.688878
    outer loop
      vertex -87.1744 70.3789 33.3704
      vertex -89.0023 77.2047 40.79
      vertex -90.4391 76.717 40.79
    endloop
  endfacet
  facet normal 0 -0.724137 0.689656
    outer loop
      vertex -86 70.5337 33.3704
      vertex 86 77.6 40.79
      vertex -86 77.6 40.79
    endloop
  endfacet
  facet normal 0 -0.724137 0.689656
    outer loop
      vertex 86 77.6 40.79
      vertex -86 70.5337 33.3704
      vertex 86 70.5337 33.3704
    endloop
  endfacet
  facet normal -0.402728 -0.602707 0.688879
    outer loop
      vertex 88.7591 69.5974 33.3704
      vertex 93.0616 75.2029 40.79
      vertex 91.8 76.0459 40.79
    endloop
  endfacet
  facet normal -0.434494 -0.579325 0.689635
    outer loop
      vertex 93.0616 75.2029 40.79
      vertex 88.7591 69.5974 33.3704
      vertex 88.7599 69.5968 33.3704
    endloop
  endfacet
  facet normal 0.434494 0.579325 0.689635
    outer loop
      vertex -93.0616 -75.2029 40.79
      vertex -88.7591 -69.5974 33.3704
      vertex -88.7599 -69.5968 33.3704
    endloop
  endfacet
  facet normal 0.402728 0.602707 0.688879
    outer loop
      vertex -88.7591 -69.5974 33.3704
      vertex -93.0616 -75.2029 40.79
      vertex -91.8 -76.0459 40.79
    endloop
  endfacet
  facet normal 0.434494 -0.579325 0.689635
    outer loop
      vertex -93.0616 75.2029 40.79
      vertex -88.7607 69.5962 33.3704
      vertex -88.7599 69.5968 33.3704
    endloop
  endfacet
  facet normal 0.477957 -0.544981 0.688877
    outer loop
      vertex -88.7607 69.5962 33.3704
      vertex -93.0616 75.2029 40.79
      vertex -94.2024 74.2024 40.79
    endloop
  endfacet
  facet normal 0.602734 0.40268 0.688884
    outer loop
      vertex -89.5974 -68.7591 33.3704
      vertex -89.9263 -68.2668 33.3704
      vertex -96.0459 -71.8 40.79
    endloop
  endfacet
  facet normal -0.141429 0.710942 0.688882
    outer loop
      vertex 87.5141 -77.5008 40.79
      vertex 87.1724 -70.3794 33.3704
      vertex 86.5918 -70.4949 33.3704
    endloop
  endfacet
  facet normal 0.544955 0.477983 0.68888
    outer loop
      vertex -89.2058 -69.2058 33.3704
      vertex -89.5962 -68.7607 33.3704
      vertex -94.2024 -74.2024 40.79
    endloop
  endfacet
  facet normal 0.723322 -0.0473902 0.688882
    outer loop
      vertex -97.6 66 40.79
      vertex -90.4949 66.5918 33.3704
      vertex -97.5008 67.5141 40.79
    endloop
  endfacet
  facet normal 0.7233 -0.0657545 0.687396
    outer loop
      vertex -90.4949 66.5918 33.3704
      vertex -97.6 66 40.79
      vertex -90.495 66.5907 33.3704
    endloop
  endfacet
  facet normal 0.723324 0.0473889 0.688881
    outer loop
      vertex -90.495 -66.5907 33.3704
      vertex -90.5337 -66 33.3704
      vertex -97.6 -66 40.79
    endloop
  endfacet
  facet normal 0.40268 -0.602734 0.688884
    outer loop
      vertex -88.7591 69.5974 33.3704
      vertex -88.2668 69.9263 33.3704
      vertex -91.8 76.0459 40.79
    endloop
  endfacet
  facet normal -0.141429 -0.710942 0.688882
    outer loop
      vertex 87.1724 70.3794 33.3704
      vertex 87.5141 77.5008 40.79
      vertex 86.5918 70.4949 33.3704
    endloop
  endfacet
  facet normal 0.233006 0.686406 0.688879
    outer loop
      vertex -87.1744 -70.3789 33.3704
      vertex -87.735 -70.1886 33.3704
      vertex -90.4391 -76.717 40.79
    endloop
  endfacet
  facet normal 0.710849 0.14217 0.688826
    outer loop
      vertex -97.5008 -67.5141 40.79
      vertex -90.3792 -67.1734 33.3704
      vertex -90.3794 -67.1724 33.3704
    endloop
  endfacet
  facet normal 0.710939 0.141452 0.688881
    outer loop
      vertex -90.3792 -67.1734 33.3704
      vertex -97.5008 -67.5141 40.79
      vertex -97.2047 -69.0023 40.79
    endloop
  endfacet
  facet normal 0.141452 -0.710939 0.688881
    outer loop
      vertex -87.1734 70.3792 33.3704
      vertex -87.5141 77.5008 40.79
      vertex -89.0023 77.2047 40.79
    endloop
  endfacet
  facet normal 0.14217 -0.710849 0.688826
    outer loop
      vertex -87.5141 77.5008 40.79
      vertex -87.1734 70.3792 33.3704
      vertex -87.1724 70.3794 33.3704
    endloop
  endfacet
  facet normal 0.579325 0.434494 0.689635
    outer loop
      vertex -89.5974 -68.7591 33.3704
      vertex -95.2029 -73.0616 40.79
      vertex -89.5968 -68.7599 33.3704
    endloop
  endfacet
  facet normal 0.602707 0.402728 0.688879
    outer loop
      vertex -95.2029 -73.0616 40.79
      vertex -89.5974 -68.7591 33.3704
      vertex -96.0459 -71.8 40.79
    endloop
  endfacet
  facet normal 0.477983 0.544955 0.68888
    outer loop
      vertex -88.7607 -69.5962 33.3704
      vertex -89.2058 -69.2058 33.3704
      vertex -94.2024 -74.2024 40.79
    endloop
  endfacet
  facet normal -0.544981 -0.477957 0.688877
    outer loop
      vertex 89.5962 68.7607 33.3704
      vertex 95.2029 73.0616 40.79
      vertex 94.2024 74.2024 40.79
    endloop
  endfacet
  facet normal -0.579325 -0.434494 0.689635
    outer loop
      vertex 95.2029 73.0616 40.79
      vertex 89.5962 68.7607 33.3704
      vertex 89.5968 68.7599 33.3704
    endloop
  endfacet
  facet normal 0.40268 0.602734 0.688884
    outer loop
      vertex -88.2668 -69.9263 33.3704
      vertex -88.7591 -69.5974 33.3704
      vertex -91.8 -76.0459 40.79
    endloop
  endfacet
  facet normal 0.579325 -0.434494 0.689635
    outer loop
      vertex -95.2029 73.0616 40.79
      vertex -89.5974 68.7591 33.3704
      vertex -89.5968 68.7599 33.3704
    endloop
  endfacet
  facet normal 0.602707 -0.402728 0.688879
    outer loop
      vertex -89.5974 68.7591 33.3704
      vertex -95.2029 73.0616 40.79
      vertex -96.0459 71.8 40.79
    endloop
  endfacet
  facet normal -0.232992 0.686412 0.688878
    outer loop
      vertex 87.1744 -70.3789 33.3704
      vertex 89.0023 -77.2047 40.79
      vertex 90.4391 -76.717 40.79
    endloop
  endfacet
  facet normal -0.208123 0.693744 0.689496
    outer loop
      vertex 89.0023 -77.2047 40.79
      vertex 87.1744 -70.3789 33.3704
      vertex 87.1734 -70.3792 33.3704
    endloop
  endfacet
  facet normal 0.723324 -0.0473889 0.688881
    outer loop
      vertex -90.5337 66 33.3704
      vertex -90.495 66.5907 33.3704
      vertex -97.6 66 40.79
    endloop
  endfacet
  facet normal 0.352768 -0.634982 0.687279
    outer loop
      vertex -90.4391 76.717 40.79
      vertex -87.7359 70.1881 33.3704
      vertex -87.735 70.1886 33.3704
    endloop
  endfacet
  facet normal 0.320595 -0.650124 0.688882
    outer loop
      vertex -87.7359 70.1881 33.3704
      vertex -90.4391 76.717 40.79
      vertex -91.8 76.0459 40.79
    endloop
  endfacet
  facet normal -0.320595 -0.650124 0.688882
    outer loop
      vertex 90.4391 76.717 40.79
      vertex 87.7359 70.1881 33.3704
      vertex 91.8 76.0459 40.79
    endloop
  endfacet
  facet normal -0.352768 -0.634982 0.687279
    outer loop
      vertex 87.7359 70.1881 33.3704
      vertex 90.4391 76.717 40.79
      vertex 87.735 70.1886 33.3704
    endloop
  endfacet
  facet normal -0.477957 -0.544981 0.688877
    outer loop
      vertex 93.0616 75.2029 40.79
      vertex 88.7607 69.5962 33.3704
      vertex 94.2024 74.2024 40.79
    endloop
  endfacet
  facet normal -0.434494 -0.579325 0.689635
    outer loop
      vertex 88.7607 69.5962 33.3704
      vertex 93.0616 75.2029 40.79
      vertex 88.7599 69.5968 33.3704
    endloop
  endfacet
  facet normal -0.14217 -0.710849 0.688826
    outer loop
      vertex 87.1734 70.3792 33.3704
      vertex 87.5141 77.5008 40.79
      vertex 87.1724 70.3794 33.3704
    endloop
  endfacet
  facet normal -0.141452 -0.710939 0.688881
    outer loop
      vertex 87.5141 77.5008 40.79
      vertex 87.1734 70.3792 33.3704
      vertex 89.0023 77.2047 40.79
    endloop
  endfacet
  facet normal -0.0473889 -0.723324 0.688881
    outer loop
      vertex 86 70.5337 33.3704
      vertex 86.5907 70.495 33.3704
      vertex 86 77.6 40.79
    endloop
  endfacet
  facet normal 0.650125 0.320593 0.688881
    outer loop
      vertex -89.9263 -68.2668 33.3704
      vertex -90.1881 -67.7359 33.3704
      vertex -96.0459 -71.8 40.79
    endloop
  endfacet
  facet normal 0.686406 0.233006 0.688879
    outer loop
      vertex -90.1886 -67.735 33.3704
      vertex -90.3789 -67.1744 33.3704
      vertex -96.717 -70.4391 40.79
    endloop
  endfacet
  facet normal 0.0473889 -0.723324 0.688881
    outer loop
      vertex -86 70.5337 33.3704
      vertex -86 77.6 40.79
      vertex -86.5907 70.495 33.3704
    endloop
  endfacet
  facet normal 0.544955 -0.477983 0.68888
    outer loop
      vertex -89.5962 68.7607 33.3704
      vertex -89.2058 69.2058 33.3704
      vertex -94.2024 74.2024 40.79
    endloop
  endfacet
  facet normal 0.320593 -0.650125 0.688881
    outer loop
      vertex -88.2668 69.9263 33.3704
      vertex -87.7359 70.1881 33.3704
      vertex -91.8 76.0459 40.79
    endloop
  endfacet
  facet normal -0.650125 -0.320593 0.688881
    outer loop
      vertex 90.1881 67.7359 33.3704
      vertex 96.0459 71.8 40.79
      vertex 89.9263 68.2668 33.3704
    endloop
  endfacet
  facet normal -0.233006 -0.686406 0.688879
    outer loop
      vertex 87.735 70.1886 33.3704
      vertex 90.4391 76.717 40.79
      vertex 87.1744 70.3789 33.3704
    endloop
  endfacet
  facet normal -0.686412 -0.232992 0.688878
    outer loop
      vertex 90.3789 67.1744 33.3704
      vertex 97.2047 69.0023 40.79
      vertex 96.717 70.4391 40.79
    endloop
  endfacet
  facet normal -0.693744 -0.208123 0.689496
    outer loop
      vertex 97.2047 69.0023 40.79
      vertex 90.3789 67.1744 33.3704
      vertex 90.3792 67.1734 33.3704
    endloop
  endfacet
  facet normal -0.232992 -0.686412 0.688878
    outer loop
      vertex 89.0023 77.2047 40.79
      vertex 87.1744 70.3789 33.3704
      vertex 90.4391 76.717 40.79
    endloop
  endfacet
  facet normal -0.208123 -0.693744 0.689496
    outer loop
      vertex 87.1744 70.3789 33.3704
      vertex 89.0023 77.2047 40.79
      vertex 87.1734 70.3792 33.3704
    endloop
  endfacet
  facet normal 0.320593 0.650125 0.688881
    outer loop
      vertex -87.7359 -70.1881 33.3704
      vertex -88.2668 -69.9263 33.3704
      vertex -91.8 -76.0459 40.79
    endloop
  endfacet
  facet normal 0.352768 0.634982 0.687279
    outer loop
      vertex -87.7359 -70.1881 33.3704
      vertex -90.4391 -76.717 40.79
      vertex -87.735 -70.1886 33.3704
    endloop
  endfacet
  facet normal 0.320595 0.650124 0.688882
    outer loop
      vertex -90.4391 -76.717 40.79
      vertex -87.7359 -70.1881 33.3704
      vertex -91.8 -76.0459 40.79
    endloop
  endfacet
  facet normal -0.710849 0.14217 0.688826
    outer loop
      vertex 90.3792 -67.1734 33.3704
      vertex 97.5008 -67.5141 40.79
      vertex 90.3794 -67.1724 33.3704
    endloop
  endfacet
  facet normal -0.710939 0.141452 0.688881
    outer loop
      vertex 97.5008 -67.5141 40.79
      vertex 90.3792 -67.1734 33.3704
      vertex 97.2047 -69.0023 40.79
    endloop
  endfacet
  facet normal -0.477957 0.544981 0.688877
    outer loop
      vertex 88.7607 -69.5962 33.3704
      vertex 93.0616 -75.2029 40.79
      vertex 94.2024 -74.2024 40.79
    endloop
  endfacet
  facet normal -0.434494 0.579325 0.689635
    outer loop
      vertex 93.0616 -75.2029 40.79
      vertex 88.7607 -69.5962 33.3704
      vertex 88.7599 -69.5968 33.3704
    endloop
  endfacet
  facet normal -0.477983 -0.544955 0.68888
    outer loop
      vertex 89.2058 69.2058 33.3704
      vertex 94.2024 74.2024 40.79
      vertex 88.7607 69.5962 33.3704
    endloop
  endfacet
  facet normal 0.233006 -0.686406 0.688879
    outer loop
      vertex -87.735 70.1886 33.3704
      vertex -87.1744 70.3789 33.3704
      vertex -90.4391 76.717 40.79
    endloop
  endfacet
  facet normal 0.141429 -0.710942 0.688882
    outer loop
      vertex -87.1724 70.3794 33.3704
      vertex -86.5918 70.4949 33.3704
      vertex -87.5141 77.5008 40.79
    endloop
  endfacet
  facet normal -0.686406 0.233006 0.688879
    outer loop
      vertex 96.717 -70.4391 40.79
      vertex 90.3789 -67.1744 33.3704
      vertex 90.1886 -67.735 33.3704
    endloop
  endfacet
  facet normal -0.544955 -0.477983 0.68888
    outer loop
      vertex 89.5962 68.7607 33.3704
      vertex 94.2024 74.2024 40.79
      vertex 89.2058 69.2058 33.3704
    endloop
  endfacet
  facet normal 0.686412 -0.232992 0.688878
    outer loop
      vertex -97.2047 69.0023 40.79
      vertex -90.3789 67.1744 33.3704
      vertex -96.717 70.4391 40.79
    endloop
  endfacet
  facet normal 0.693744 -0.208123 0.689496
    outer loop
      vertex -90.3789 67.1744 33.3704
      vertex -97.2047 69.0023 40.79
      vertex -90.3792 67.1734 33.3704
    endloop
  endfacet
  facet normal 0.544981 -0.477957 0.688877
    outer loop
      vertex -95.2029 73.0616 40.79
      vertex -89.5962 68.7607 33.3704
      vertex -94.2024 74.2024 40.79
    endloop
  endfacet
  facet normal 0.579325 -0.434494 0.689635
    outer loop
      vertex -89.5962 68.7607 33.3704
      vertex -95.2029 73.0616 40.79
      vertex -89.5968 68.7599 33.3704
    endloop
  endfacet
  facet normal 0.14217 0.710849 0.688826
    outer loop
      vertex -87.1734 -70.3792 33.3704
      vertex -87.5141 -77.5008 40.79
      vertex -87.1724 -70.3794 33.3704
    endloop
  endfacet
  facet normal 0.141452 0.710939 0.688881
    outer loop
      vertex -87.5141 -77.5008 40.79
      vertex -87.1734 -70.3792 33.3704
      vertex -89.0023 -77.2047 40.79
    endloop
  endfacet
  facet normal -0.320593 -0.650125 0.688881
    outer loop
      vertex 88.2668 69.9263 33.3704
      vertex 91.8 76.0459 40.79
      vertex 87.7359 70.1881 33.3704
    endloop
  endfacet
  facet normal 0.477983 -0.544955 0.68888
    outer loop
      vertex -89.2058 69.2058 33.3704
      vertex -88.7607 69.5962 33.3704
      vertex -94.2024 74.2024 40.79
    endloop
  endfacet
  facet normal -0.686406 -0.233006 0.688879
    outer loop
      vertex 90.3789 67.1744 33.3704
      vertex 96.717 70.4391 40.79
      vertex 90.1886 67.735 33.3704
    endloop
  endfacet
  facet normal -0.602734 0.40268 0.688884
    outer loop
      vertex 96.0459 -71.8 40.79
      vertex 89.9263 -68.2668 33.3704
      vertex 89.5974 -68.7591 33.3704
    endloop
  endfacet
  facet normal -0.650125 0.320593 0.688881
    outer loop
      vertex 96.0459 -71.8 40.79
      vertex 90.1881 -67.7359 33.3704
      vertex 89.9263 -68.2668 33.3704
    endloop
  endfacet
  facet normal -0.434494 0.579325 0.689635
    outer loop
      vertex 88.7591 -69.5974 33.3704
      vertex 93.0616 -75.2029 40.79
      vertex 88.7599 -69.5968 33.3704
    endloop
  endfacet
  facet normal -0.402728 0.602707 0.688879
    outer loop
      vertex 93.0616 -75.2029 40.79
      vertex 88.7591 -69.5974 33.3704
      vertex 91.8 -76.0459 40.79
    endloop
  endfacet
  facet normal -0.602734 -0.40268 0.688884
    outer loop
      vertex 89.9263 68.2668 33.3704
      vertex 96.0459 71.8 40.79
      vertex 89.5974 68.7591 33.3704
    endloop
  endfacet
  facet normal -0.544955 0.477983 0.68888
    outer loop
      vertex 94.2024 -74.2024 40.79
      vertex 89.5962 -68.7607 33.3704
      vertex 89.2058 -69.2058 33.3704
    endloop
  endfacet
  facet normal -0.40268 -0.602734 0.688884
    outer loop
      vertex 88.7591 69.5974 33.3704
      vertex 91.8 76.0459 40.79
      vertex 88.2668 69.9263 33.3704
    endloop
  endfacet
  facet normal -0.710939 -0.141452 0.688881
    outer loop
      vertex 90.3792 67.1734 33.3704
      vertex 97.5008 67.5141 40.79
      vertex 97.2047 69.0023 40.79
    endloop
  endfacet
  facet normal -0.710849 -0.14217 0.688826
    outer loop
      vertex 97.5008 67.5141 40.79
      vertex 90.3792 67.1734 33.3704
      vertex 90.3794 67.1724 33.3704
    endloop
  endfacet
  facet normal -0.40268 0.602734 0.688884
    outer loop
      vertex 91.8 -76.0459 40.79
      vertex 88.7591 -69.5974 33.3704
      vertex 88.2668 -69.9263 33.3704
    endloop
  endfacet
  facet normal 0.710939 -0.141452 0.688881
    outer loop
      vertex -97.5008 67.5141 40.79
      vertex -90.3792 67.1734 33.3704
      vertex -97.2047 69.0023 40.79
    endloop
  endfacet
  facet normal 0.710849 -0.14217 0.688826
    outer loop
      vertex -90.3792 67.1734 33.3704
      vertex -97.5008 67.5141 40.79
      vertex -90.3794 67.1724 33.3704
    endloop
  endfacet
  facet normal 0.710942 -0.141429 0.688882
    outer loop
      vertex -90.4949 66.5918 33.3704
      vertex -90.3794 67.1724 33.3704
      vertex -97.5008 67.5141 40.79
    endloop
  endfacet
  facet normal -0.710942 -0.141429 0.688882
    outer loop
      vertex 90.4949 66.5918 33.3704
      vertex 97.5008 67.5141 40.79
      vertex 90.3794 67.1724 33.3704
    endloop
  endfacet
  facet normal -0.579325 0.434494 0.689635
    outer loop
      vertex 89.5962 -68.7607 33.3704
      vertex 95.2029 -73.0616 40.79
      vertex 89.5968 -68.7599 33.3704
    endloop
  endfacet
  facet normal -0.544981 0.477957 0.688877
    outer loop
      vertex 95.2029 -73.0616 40.79
      vertex 89.5962 -68.7607 33.3704
      vertex 94.2024 -74.2024 40.79
    endloop
  endfacet
  facet normal -0.602707 0.402728 0.688879
    outer loop
      vertex 89.5974 -68.7591 33.3704
      vertex 95.2029 -73.0616 40.79
      vertex 96.0459 -71.8 40.79
    endloop
  endfacet
  facet normal -0.579325 0.434494 0.689635
    outer loop
      vertex 95.2029 -73.0616 40.79
      vertex 89.5974 -68.7591 33.3704
      vertex 89.5968 -68.7599 33.3704
    endloop
  endfacet
  facet normal -0.477983 0.544955 0.68888
    outer loop
      vertex 94.2024 -74.2024 40.79
      vertex 89.2058 -69.2058 33.3704
      vertex 88.7607 -69.5962 33.3704
    endloop
  endfacet
  facet normal -0.320595 0.650124 0.688882
    outer loop
      vertex 87.7359 -70.1881 33.3704
      vertex 90.4391 -76.717 40.79
      vertex 91.8 -76.0459 40.79
    endloop
  endfacet
  facet normal -0.352768 0.634982 0.687279
    outer loop
      vertex 90.4391 -76.717 40.79
      vertex 87.7359 -70.1881 33.3704
      vertex 87.735 -70.1886 33.3704
    endloop
  endfacet
  facet normal -0.233006 0.686406 0.688879
    outer loop
      vertex 90.4391 -76.717 40.79
      vertex 87.735 -70.1886 33.3704
      vertex 87.1744 -70.3789 33.3704
    endloop
  endfacet
  facet normal -0.710942 0.141429 0.688882
    outer loop
      vertex 97.5008 -67.5141 40.79
      vertex 90.4949 -66.5918 33.3704
      vertex 90.3794 -67.1724 33.3704
    endloop
  endfacet
  facet normal -0.7233 0.0657545 0.687396
    outer loop
      vertex 90.4949 -66.5918 33.3704
      vertex 97.6 -66 40.79
      vertex 90.495 -66.5907 33.3704
    endloop
  endfacet
  facet normal -0.723322 0.0473902 0.688882
    outer loop
      vertex 97.6 -66 40.79
      vertex 90.4949 -66.5918 33.3704
      vertex 97.5008 -67.5141 40.79
    endloop
  endfacet
  facet normal 0.0657545 0.7233 0.687396
    outer loop
      vertex -86.5918 -70.4949 33.3704
      vertex -86 -77.6 40.79
      vertex -86.5907 -70.495 33.3704
    endloop
  endfacet
  facet normal 0.0473902 0.723322 0.688882
    outer loop
      vertex -86 -77.6 40.79
      vertex -86.5918 -70.4949 33.3704
      vertex -87.5141 -77.5008 40.79
    endloop
  endfacet
  facet normal 0.402728 -0.602707 0.688879
    outer loop
      vertex -93.0616 75.2029 40.79
      vertex -88.7591 69.5974 33.3704
      vertex -91.8 76.0459 40.79
    endloop
  endfacet
  facet normal 0.434494 -0.579325 0.689635
    outer loop
      vertex -88.7591 69.5974 33.3704
      vertex -93.0616 75.2029 40.79
      vertex -88.7599 69.5968 33.3704
    endloop
  endfacet
  facet normal 0.602734 -0.40268 0.688884
    outer loop
      vertex -89.9263 68.2668 33.3704
      vertex -89.5974 68.7591 33.3704
      vertex -96.0459 71.8 40.79
    endloop
  endfacet
  facet normal -0.320593 0.650125 0.688881
    outer loop
      vertex 91.8 -76.0459 40.79
      vertex 88.2668 -69.9263 33.3704
      vertex 87.7359 -70.1881 33.3704
    endloop
  endfacet
  facet normal -0.650124 -0.320595 0.688882
    outer loop
      vertex 90.1881 67.7359 33.3704
      vertex 96.717 70.4391 40.79
      vertex 96.0459 71.8 40.79
    endloop
  endfacet
  facet normal -0.634982 -0.352768 0.687279
    outer loop
      vertex 96.717 70.4391 40.79
      vertex 90.1881 67.7359 33.3704
      vertex 90.1886 67.735 33.3704
    endloop
  endfacet
  facet normal 0.650125 -0.320593 0.688881
    outer loop
      vertex -90.1881 67.7359 33.3704
      vertex -89.9263 68.2668 33.3704
      vertex -96.0459 71.8 40.79
    endloop
  endfacet
  facet normal 0.650124 -0.320595 0.688882
    outer loop
      vertex -96.717 70.4391 40.79
      vertex -90.1881 67.7359 33.3704
      vertex -96.0459 71.8 40.79
    endloop
  endfacet
  facet normal 0.634982 -0.352768 0.687279
    outer loop
      vertex -90.1881 67.7359 33.3704
      vertex -96.717 70.4391 40.79
      vertex -90.1886 67.735 33.3704
    endloop
  endfacet
  facet normal -0.722859 -0.0473599 -0.68937
    outer loop
      vertex 97.6 66 25.9608
      vertex 90.4949 66.5918 33.3704
      vertex 97.5008 67.5141 25.9608
    endloop
  endfacet
  facet normal -0.722839 -0.0657126 -0.687885
    outer loop
      vertex 90.4949 66.5918 33.3704
      vertex 97.6 66 25.9608
      vertex 90.495 66.5907 33.3704
    endloop
  endfacet
  facet normal 0 0.723673 -0.690144
    outer loop
      vertex 86 -77.6 25.9608
      vertex -86 -70.5337 33.3704
      vertex 86 -70.5337 33.3704
    endloop
  endfacet
  facet normal 0 0.723673 -0.690144
    outer loop
      vertex -86 -70.5337 33.3704
      vertex 86 -77.6 25.9608
      vertex -86 -77.6 25.9608
    endloop
  endfacet
  facet normal -0.578954 -0.434215 -0.690123
    outer loop
      vertex 89.5962 68.7607 33.3704
      vertex 95.2029 73.0616 25.9608
      vertex 89.5968 68.7599 33.3704
    endloop
  endfacet
  facet normal -0.544632 -0.477651 -0.689365
    outer loop
      vertex 95.2029 73.0616 25.9608
      vertex 89.5962 68.7607 33.3704
      vertex 94.2024 74.2024 25.9608
    endloop
  endfacet
  facet normal -0.0473586 -0.722861 -0.689369
    outer loop
      vertex 86 77.6 25.9608
      vertex 86.5907 70.495 33.3704
      vertex 86 70.5337 33.3704
    endloop
  endfacet
  facet normal -0.477677 -0.544606 -0.689368
    outer loop
      vertex 94.2024 74.2024 25.9608
      vertex 89.2058 69.2058 33.3704
      vertex 88.7607 69.5962 33.3704
    endloop
  endfacet
  facet normal -0.723673 0 -0.690144
    outer loop
      vertex 97.6 -66 25.9608
      vertex 90.5337 66 33.3704
      vertex 97.6 66 25.9608
    endloop
  endfacet
  facet normal -0.723673 -0 -0.690144
    outer loop
      vertex 90.5337 66 33.3704
      vertex 97.6 -66 25.9608
      vertex 90.5337 -66 33.3704
    endloop
  endfacet
  facet normal -0.232843 -0.685973 -0.689366
    outer loop
      vertex 87.1744 70.3789 33.3704
      vertex 89.0023 77.2047 25.9608
      vertex 90.4391 76.717 25.9608
    endloop
  endfacet
  facet normal -0.20799 -0.693299 -0.689984
    outer loop
      vertex 89.0023 77.2047 25.9608
      vertex 87.1744 70.3789 33.3704
      vertex 87.1734 70.3792 33.3704
    endloop
  endfacet
  facet normal 0.142079 0.710394 -0.689315
    outer loop
      vertex -87.5141 -77.5008 25.9608
      vertex -87.1734 -70.3792 33.3704
      vertex -87.1724 -70.3794 33.3704
    endloop
  endfacet
  facet normal 0.141362 0.710484 -0.689369
    outer loop
      vertex -87.1734 -70.3792 33.3704
      vertex -87.5141 -77.5008 25.9608
      vertex -89.0023 -77.2047 25.9608
    endloop
  endfacet
  facet normal 0.477677 -0.544606 -0.689368
    outer loop
      vertex -88.7607 69.5962 33.3704
      vertex -89.2058 69.2058 33.3704
      vertex -94.2024 74.2024 25.9608
    endloop
  endfacet
  facet normal 0.20799 -0.693299 -0.689984
    outer loop
      vertex -87.1744 70.3789 33.3704
      vertex -89.0023 77.2047 25.9608
      vertex -87.1734 70.3792 33.3704
    endloop
  endfacet
  facet normal 0.232843 -0.685973 -0.689366
    outer loop
      vertex -89.0023 77.2047 25.9608
      vertex -87.1744 70.3789 33.3704
      vertex -90.4391 76.717 25.9608
    endloop
  endfacet
  facet normal 0.578954 0.434215 -0.690123
    outer loop
      vertex -95.2029 -73.0616 25.9608
      vertex -89.5974 -68.7591 33.3704
      vertex -89.5968 -68.7599 33.3704
    endloop
  endfacet
  facet normal 0.602321 0.40247 -0.689367
    outer loop
      vertex -89.5974 -68.7591 33.3704
      vertex -95.2029 -73.0616 25.9608
      vertex -96.0459 -71.8 25.9608
    endloop
  endfacet
  facet normal -0.722861 -0.0473586 -0.689369
    outer loop
      vertex 97.6 66 25.9608
      vertex 90.5337 66 33.3704
      vertex 90.495 66.5907 33.3704
    endloop
  endfacet
  facet normal 0.722839 0.0657126 -0.687885
    outer loop
      vertex -90.4949 -66.5918 33.3704
      vertex -97.6 -66 25.9608
      vertex -90.495 -66.5907 33.3704
    endloop
  endfacet
  facet normal 0.722859 0.0473599 -0.68937
    outer loop
      vertex -97.6 -66 25.9608
      vertex -90.4949 -66.5918 33.3704
      vertex -97.5008 -67.5141 25.9608
    endloop
  endfacet
  facet normal -0.544632 0.477651 -0.689365
    outer loop
      vertex 89.5962 -68.7607 33.3704
      vertex 95.2029 -73.0616 25.9608
      vertex 94.2024 -74.2024 25.9608
    endloop
  endfacet
  facet normal -0.578954 0.434215 -0.690123
    outer loop
      vertex 95.2029 -73.0616 25.9608
      vertex 89.5962 -68.7607 33.3704
      vertex 89.5968 -68.7599 33.3704
    endloop
  endfacet
  facet normal -0.710394 0.142079 -0.689315
    outer loop
      vertex 97.5008 -67.5141 25.9608
      vertex 90.3792 -67.1734 33.3704
      vertex 90.3794 -67.1724 33.3704
    endloop
  endfacet
  facet normal -0.710484 0.141362 -0.689369
    outer loop
      vertex 90.3792 -67.1734 33.3704
      vertex 97.5008 -67.5141 25.9608
      vertex 97.2047 -69.0023 25.9608
    endloop
  endfacet
  facet normal 0.578954 -0.434215 -0.690123
    outer loop
      vertex -95.2029 73.0616 25.9608
      vertex -89.5962 68.7607 33.3704
      vertex -89.5968 68.7599 33.3704
    endloop
  endfacet
  facet normal 0.544632 -0.477651 -0.689365
    outer loop
      vertex -89.5962 68.7607 33.3704
      vertex -95.2029 73.0616 25.9608
      vertex -94.2024 74.2024 25.9608
    endloop
  endfacet
  facet normal 0.634577 -0.352543 -0.687768
    outer loop
      vertex -96.717 70.4391 25.9608
      vertex -90.1881 67.7359 33.3704
      vertex -90.1886 67.735 33.3704
    endloop
  endfacet
  facet normal 0.649707 -0.32039 -0.68937
    outer loop
      vertex -90.1881 67.7359 33.3704
      vertex -96.717 70.4391 25.9608
      vertex -96.0459 71.8 25.9608
    endloop
  endfacet
  facet normal -0.722861 0.0473586 -0.689369
    outer loop
      vertex 90.5337 -66 33.3704
      vertex 97.6 -66 25.9608
      vertex 90.495 -66.5907 33.3704
    endloop
  endfacet
  facet normal -0.602321 0.40247 -0.689367
    outer loop
      vertex 95.2029 -73.0616 25.9608
      vertex 89.5974 -68.7591 33.3704
      vertex 96.0459 -71.8 25.9608
    endloop
  endfacet
  facet normal -0.578954 0.434215 -0.690123
    outer loop
      vertex 89.5974 -68.7591 33.3704
      vertex 95.2029 -73.0616 25.9608
      vertex 89.5968 -68.7599 33.3704
    endloop
  endfacet
  facet normal -0.685973 0.232843 -0.689366
    outer loop
      vertex 90.3789 -67.1744 33.3704
      vertex 97.2047 -69.0023 25.9608
      vertex 96.717 -70.4391 25.9608
    endloop
  endfacet
  facet normal -0.693299 0.20799 -0.689984
    outer loop
      vertex 97.2047 -69.0023 25.9608
      vertex 90.3789 -67.1744 33.3704
      vertex 90.3792 -67.1734 33.3704
    endloop
  endfacet
  facet normal 0.434215 -0.578954 -0.690123
    outer loop
      vertex -88.7607 69.5962 33.3704
      vertex -93.0616 75.2029 25.9608
      vertex -88.7599 69.5968 33.3704
    endloop
  endfacet
  facet normal 0.477651 -0.544632 -0.689365
    outer loop
      vertex -93.0616 75.2029 25.9608
      vertex -88.7607 69.5962 33.3704
      vertex -94.2024 74.2024 25.9608
    endloop
  endfacet
  facet normal -0.477651 0.544632 -0.689365
    outer loop
      vertex 93.0616 -75.2029 25.9608
      vertex 88.7607 -69.5962 33.3704
      vertex 94.2024 -74.2024 25.9608
    endloop
  endfacet
  facet normal -0.434215 0.578954 -0.690123
    outer loop
      vertex 88.7607 -69.5962 33.3704
      vertex 93.0616 -75.2029 25.9608
      vertex 88.7599 -69.5968 33.3704
    endloop
  endfacet
  facet normal 0.0473586 -0.722861 -0.689369
    outer loop
      vertex -86 77.6 25.9608
      vertex -86 70.5337 33.3704
      vertex -86.5907 70.495 33.3704
    endloop
  endfacet
  facet normal -0.0473599 0.722859 -0.68937
    outer loop
      vertex 86 -77.6 25.9608
      vertex 86.5918 -70.4949 33.3704
      vertex 87.5141 -77.5008 25.9608
    endloop
  endfacet
  facet normal -0.0657126 0.722839 -0.687885
    outer loop
      vertex 86.5918 -70.4949 33.3704
      vertex 86 -77.6 25.9608
      vertex 86.5907 -70.495 33.3704
    endloop
  endfacet
  facet normal 0.722839 -0.0657126 -0.687885
    outer loop
      vertex -97.6 66 25.9608
      vertex -90.4949 66.5918 33.3704
      vertex -90.495 66.5907 33.3704
    endloop
  endfacet
  facet normal 0.722859 -0.0473599 -0.68937
    outer loop
      vertex -90.4949 66.5918 33.3704
      vertex -97.6 66 25.9608
      vertex -97.5008 67.5141 25.9608
    endloop
  endfacet
  facet normal -0.602348 0.402422 -0.689372
    outer loop
      vertex 89.9263 -68.2668 33.3704
      vertex 96.0459 -71.8 25.9608
      vertex 89.5974 -68.7591 33.3704
    endloop
  endfacet
  facet normal 0.578954 -0.434215 -0.690123
    outer loop
      vertex -89.5974 68.7591 33.3704
      vertex -95.2029 73.0616 25.9608
      vertex -89.5968 68.7599 33.3704
    endloop
  endfacet
  facet normal 0.602321 -0.40247 -0.689367
    outer loop
      vertex -95.2029 73.0616 25.9608
      vertex -89.5974 68.7591 33.3704
      vertex -96.0459 71.8 25.9608
    endloop
  endfacet
  facet normal 0.402422 0.602348 -0.689372
    outer loop
      vertex -88.7591 -69.5974 33.3704
      vertex -88.2668 -69.9263 33.3704
      vertex -91.8 -76.0459 25.9608
    endloop
  endfacet
  facet normal 0.685973 0.232843 -0.689366
    outer loop
      vertex -97.2047 -69.0023 25.9608
      vertex -90.3789 -67.1744 33.3704
      vertex -96.717 -70.4391 25.9608
    endloop
  endfacet
  facet normal 0.693299 0.20799 -0.689984
    outer loop
      vertex -90.3789 -67.1744 33.3704
      vertex -97.2047 -69.0023 25.9608
      vertex -90.3792 -67.1734 33.3704
    endloop
  endfacet
  facet normal 0.320388 0.649709 -0.689369
    outer loop
      vertex -88.2668 -69.9263 33.3704
      vertex -87.7359 -70.1881 33.3704
      vertex -91.8 -76.0459 25.9608
    endloop
  endfacet
  facet normal 0.141339 -0.710487 -0.68937
    outer loop
      vertex -86.5918 70.4949 33.3704
      vertex -87.1724 70.3794 33.3704
      vertex -87.5141 77.5008 25.9608
    endloop
  endfacet
  facet normal -0.402422 0.602348 -0.689372
    outer loop
      vertex 88.7591 -69.5974 33.3704
      vertex 91.8 -76.0459 25.9608
      vertex 88.2668 -69.9263 33.3704
    endloop
  endfacet
  facet normal -0.434215 -0.578954 -0.690123
    outer loop
      vertex 88.7591 69.5974 33.3704
      vertex 93.0616 75.2029 25.9608
      vertex 88.7599 69.5968 33.3704
    endloop
  endfacet
  facet normal -0.40247 -0.602321 -0.689367
    outer loop
      vertex 93.0616 75.2029 25.9608
      vertex 88.7591 69.5974 33.3704
      vertex 91.8 76.0459 25.9608
    endloop
  endfacet
  facet normal -0.320388 -0.649709 -0.689369
    outer loop
      vertex 91.8 76.0459 25.9608
      vertex 88.2668 69.9263 33.3704
      vertex 87.7359 70.1881 33.3704
    endloop
  endfacet
  facet normal -0.649709 -0.320388 -0.689369
    outer loop
      vertex 96.0459 71.8 25.9608
      vertex 90.1881 67.7359 33.3704
      vertex 89.9263 68.2668 33.3704
    endloop
  endfacet
  facet normal 0.434215 -0.578954 -0.690123
    outer loop
      vertex -93.0616 75.2029 25.9608
      vertex -88.7591 69.5974 33.3704
      vertex -88.7599 69.5968 33.3704
    endloop
  endfacet
  facet normal 0.40247 -0.602321 -0.689367
    outer loop
      vertex -88.7591 69.5974 33.3704
      vertex -93.0616 75.2029 25.9608
      vertex -91.8 76.0459 25.9608
    endloop
  endfacet
  facet normal 0 -0.723673 -0.690144
    outer loop
      vertex -86 77.6 25.9608
      vertex 86 70.5337 33.3704
      vertex -86 70.5337 33.3704
    endloop
  endfacet
  facet normal 0 -0.723673 -0.690144
    outer loop
      vertex 86 70.5337 33.3704
      vertex -86 77.6 25.9608
      vertex 86 77.6 25.9608
    endloop
  endfacet
  facet normal -0.710484 -0.141362 -0.689369
    outer loop
      vertex 97.5008 67.5141 25.9608
      vertex 90.3792 67.1734 33.3704
      vertex 97.2047 69.0023 25.9608
    endloop
  endfacet
  facet normal -0.710394 -0.142079 -0.689315
    outer loop
      vertex 90.3792 67.1734 33.3704
      vertex 97.5008 67.5141 25.9608
      vertex 90.3794 67.1724 33.3704
    endloop
  endfacet
  facet normal -0.722839 0.0657126 -0.687885
    outer loop
      vertex 97.6 -66 25.9608
      vertex 90.4949 -66.5918 33.3704
      vertex 90.495 -66.5907 33.3704
    endloop
  endfacet
  facet normal -0.722859 0.0473599 -0.68937
    outer loop
      vertex 90.4949 -66.5918 33.3704
      vertex 97.6 -66 25.9608
      vertex 97.5008 -67.5141 25.9608
    endloop
  endfacet
  facet normal 0.544606 0.477677 -0.689368
    outer loop
      vertex -89.5962 -68.7607 33.3704
      vertex -89.2058 -69.2058 33.3704
      vertex -94.2024 -74.2024 25.9608
    endloop
  endfacet
  facet normal 0.723673 0 -0.690144
    outer loop
      vertex -90.5337 -66 33.3704
      vertex -97.6 66 25.9608
      vertex -90.5337 66 33.3704
    endloop
  endfacet
  facet normal 0.723673 0 -0.690144
    outer loop
      vertex -97.6 66 25.9608
      vertex -90.5337 -66 33.3704
      vertex -97.6 -66 25.9608
    endloop
  endfacet
  facet normal -0.710487 -0.141339 -0.68937
    outer loop
      vertex 97.5008 67.5141 25.9608
      vertex 90.4949 66.5918 33.3704
      vertex 90.3794 67.1724 33.3704
    endloop
  endfacet
  facet normal 0.20799 0.693299 -0.689984
    outer loop
      vertex -89.0023 -77.2047 25.9608
      vertex -87.1744 -70.3789 33.3704
      vertex -87.1734 -70.3792 33.3704
    endloop
  endfacet
  facet normal 0.232843 0.685973 -0.689366
    outer loop
      vertex -87.1744 -70.3789 33.3704
      vertex -89.0023 -77.2047 25.9608
      vertex -90.4391 -76.717 25.9608
    endloop
  endfacet
  facet normal 0.710487 0.141339 -0.68937
    outer loop
      vertex -90.4949 -66.5918 33.3704
      vertex -90.3794 -67.1724 33.3704
      vertex -97.5008 -67.5141 25.9608
    endloop
  endfacet
  facet normal -0.602321 -0.40247 -0.689367
    outer loop
      vertex 89.5974 68.7591 33.3704
      vertex 95.2029 73.0616 25.9608
      vertex 96.0459 71.8 25.9608
    endloop
  endfacet
  facet normal -0.578954 -0.434215 -0.690123
    outer loop
      vertex 95.2029 73.0616 25.9608
      vertex 89.5974 68.7591 33.3704
      vertex 89.5968 68.7599 33.3704
    endloop
  endfacet
  facet normal 0.544632 0.477651 -0.689365
    outer loop
      vertex -95.2029 -73.0616 25.9608
      vertex -89.5962 -68.7607 33.3704
      vertex -94.2024 -74.2024 25.9608
    endloop
  endfacet
  facet normal 0.578954 0.434215 -0.690123
    outer loop
      vertex -89.5962 -68.7607 33.3704
      vertex -95.2029 -73.0616 25.9608
      vertex -89.5968 -68.7599 33.3704
    endloop
  endfacet
  facet normal -0.0657126 -0.722839 -0.687885
    outer loop
      vertex 86 77.6 25.9608
      vertex 86.5918 70.4949 33.3704
      vertex 86.5907 70.495 33.3704
    endloop
  endfacet
  facet normal -0.0473599 -0.722859 -0.68937
    outer loop
      vertex 86.5918 70.4949 33.3704
      vertex 86 77.6 25.9608
      vertex 87.5141 77.5008 25.9608
    endloop
  endfacet
  facet normal -0.685967 0.232857 -0.689367
    outer loop
      vertex 90.3789 -67.1744 33.3704
      vertex 96.717 -70.4391 25.9608
      vertex 90.1886 -67.735 33.3704
    endloop
  endfacet
  facet normal -0.649707 0.32039 -0.68937
    outer loop
      vertex 90.1881 -67.7359 33.3704
      vertex 96.717 -70.4391 25.9608
      vertex 96.0459 -71.8 25.9608
    endloop
  endfacet
  facet normal -0.634577 0.352543 -0.687768
    outer loop
      vertex 96.717 -70.4391 25.9608
      vertex 90.1881 -67.7359 33.3704
      vertex 90.1886 -67.735 33.3704
    endloop
  endfacet
  facet normal 0.649709 -0.320388 -0.689369
    outer loop
      vertex -89.9263 68.2668 33.3704
      vertex -90.1881 67.7359 33.3704
      vertex -96.0459 71.8 25.9608
    endloop
  endfacet
  facet normal 0.685967 0.232857 -0.689367
    outer loop
      vertex -90.3789 -67.1744 33.3704
      vertex -90.1886 -67.735 33.3704
      vertex -96.717 -70.4391 25.9608
    endloop
  endfacet
  facet normal 0.141362 -0.710484 -0.689369
    outer loop
      vertex -87.5141 77.5008 25.9608
      vertex -87.1734 70.3792 33.3704
      vertex -89.0023 77.2047 25.9608
    endloop
  endfacet
  facet normal 0.142079 -0.710394 -0.689315
    outer loop
      vertex -87.1734 70.3792 33.3704
      vertex -87.5141 77.5008 25.9608
      vertex -87.1724 70.3794 33.3704
    endloop
  endfacet
  facet normal 0.710394 0.142079 -0.689315
    outer loop
      vertex -90.3792 -67.1734 33.3704
      vertex -97.5008 -67.5141 25.9608
      vertex -90.3794 -67.1724 33.3704
    endloop
  endfacet
  facet normal 0.710484 0.141362 -0.689369
    outer loop
      vertex -97.5008 -67.5141 25.9608
      vertex -90.3792 -67.1734 33.3704
      vertex -97.2047 -69.0023 25.9608
    endloop
  endfacet
  facet normal 0.722861 -0.0473586 -0.689369
    outer loop
      vertex -90.495 66.5907 33.3704
      vertex -90.5337 66 33.3704
      vertex -97.6 66 25.9608
    endloop
  endfacet
  facet normal 0.649707 0.32039 -0.68937
    outer loop
      vertex -96.717 -70.4391 25.9608
      vertex -90.1881 -67.7359 33.3704
      vertex -96.0459 -71.8 25.9608
    endloop
  endfacet
  facet normal 0.634577 0.352543 -0.687768
    outer loop
      vertex -90.1881 -67.7359 33.3704
      vertex -96.717 -70.4391 25.9608
      vertex -90.1886 -67.735 33.3704
    endloop
  endfacet
  facet normal 0.232857 -0.685967 -0.689367
    outer loop
      vertex -87.1744 70.3789 33.3704
      vertex -87.735 70.1886 33.3704
      vertex -90.4391 76.717 25.9608
    endloop
  endfacet
  facet normal -0.544606 0.477677 -0.689368
    outer loop
      vertex 89.5962 -68.7607 33.3704
      vertex 94.2024 -74.2024 25.9608
      vertex 89.2058 -69.2058 33.3704
    endloop
  endfacet
  facet normal 0.544606 -0.477677 -0.689368
    outer loop
      vertex -89.2058 69.2058 33.3704
      vertex -89.5962 68.7607 33.3704
      vertex -94.2024 74.2024 25.9608
    endloop
  endfacet
  facet normal 0.0473586 0.722861 -0.689369
    outer loop
      vertex -86 -70.5337 33.3704
      vertex -86 -77.6 25.9608
      vertex -86.5907 -70.495 33.3704
    endloop
  endfacet
  facet normal 0.477677 0.544606 -0.689368
    outer loop
      vertex -89.2058 -69.2058 33.3704
      vertex -88.7607 -69.5962 33.3704
      vertex -94.2024 -74.2024 25.9608
    endloop
  endfacet
  facet normal 0.710487 -0.141339 -0.68937
    outer loop
      vertex -90.3794 67.1724 33.3704
      vertex -90.4949 66.5918 33.3704
      vertex -97.5008 67.5141 25.9608
    endloop
  endfacet
  facet normal 0.722861 0.0473586 -0.689369
    outer loop
      vertex -90.5337 -66 33.3704
      vertex -90.495 -66.5907 33.3704
      vertex -97.6 -66 25.9608
    endloop
  endfacet
  facet normal -0.141339 -0.710487 -0.68937
    outer loop
      vertex 87.5141 77.5008 25.9608
      vertex 87.1724 70.3794 33.3704
      vertex 86.5918 70.4949 33.3704
    endloop
  endfacet
  facet normal 0.141339 0.710487 -0.68937
    outer loop
      vertex -87.1724 -70.3794 33.3704
      vertex -86.5918 -70.4949 33.3704
      vertex -87.5141 -77.5008 25.9608
    endloop
  endfacet
  facet normal -0.142079 -0.710394 -0.689315
    outer loop
      vertex 87.5141 77.5008 25.9608
      vertex 87.1734 70.3792 33.3704
      vertex 87.1724 70.3794 33.3704
    endloop
  endfacet
  facet normal -0.141362 -0.710484 -0.689369
    outer loop
      vertex 87.1734 70.3792 33.3704
      vertex 87.5141 77.5008 25.9608
      vertex 89.0023 77.2047 25.9608
    endloop
  endfacet
  facet normal 0.352543 0.634577 -0.687768
    outer loop
      vertex -90.4391 -76.717 25.9608
      vertex -87.7359 -70.1881 33.3704
      vertex -87.735 -70.1886 33.3704
    endloop
  endfacet
  facet normal 0.32039 0.649707 -0.68937
    outer loop
      vertex -87.7359 -70.1881 33.3704
      vertex -90.4391 -76.717 25.9608
      vertex -91.8 -76.0459 25.9608
    endloop
  endfacet
  facet normal -0.602348 -0.402422 -0.689372
    outer loop
      vertex 96.0459 71.8 25.9608
      vertex 89.9263 68.2668 33.3704
      vertex 89.5974 68.7591 33.3704
    endloop
  endfacet
  facet normal 0.0657126 0.722839 -0.687885
    outer loop
      vertex -86 -77.6 25.9608
      vertex -86.5918 -70.4949 33.3704
      vertex -86.5907 -70.495 33.3704
    endloop
  endfacet
  facet normal 0.0473599 0.722859 -0.68937
    outer loop
      vertex -86.5918 -70.4949 33.3704
      vertex -86 -77.6 25.9608
      vertex -87.5141 -77.5008 25.9608
    endloop
  endfacet
  facet normal 0.0473599 -0.722859 -0.68937
    outer loop
      vertex -86 77.6 25.9608
      vertex -86.5918 70.4949 33.3704
      vertex -87.5141 77.5008 25.9608
    endloop
  endfacet
  facet normal 0.0657126 -0.722839 -0.687885
    outer loop
      vertex -86.5918 70.4949 33.3704
      vertex -86 77.6 25.9608
      vertex -86.5907 70.495 33.3704
    endloop
  endfacet
  facet normal -0.710487 0.141339 -0.68937
    outer loop
      vertex 90.4949 -66.5918 33.3704
      vertex 97.5008 -67.5141 25.9608
      vertex 90.3794 -67.1724 33.3704
    endloop
  endfacet
  facet normal -0.32039 0.649707 -0.68937
    outer loop
      vertex 90.4391 -76.717 25.9608
      vertex 87.7359 -70.1881 33.3704
      vertex 91.8 -76.0459 25.9608
    endloop
  endfacet
  facet normal -0.352543 0.634577 -0.687768
    outer loop
      vertex 87.7359 -70.1881 33.3704
      vertex 90.4391 -76.717 25.9608
      vertex 87.735 -70.1886 33.3704
    endloop
  endfacet
  facet normal 0.602348 -0.402422 -0.689372
    outer loop
      vertex -89.5974 68.7591 33.3704
      vertex -89.9263 68.2668 33.3704
      vertex -96.0459 71.8 25.9608
    endloop
  endfacet
  facet normal 0.710484 -0.141362 -0.689369
    outer loop
      vertex -90.3792 67.1734 33.3704
      vertex -97.5008 67.5141 25.9608
      vertex -97.2047 69.0023 25.9608
    endloop
  endfacet
  facet normal 0.710394 -0.142079 -0.689315
    outer loop
      vertex -97.5008 67.5141 25.9608
      vertex -90.3792 67.1734 33.3704
      vertex -90.3794 67.1724 33.3704
    endloop
  endfacet
  facet normal -0.544606 -0.477677 -0.689368
    outer loop
      vertex 94.2024 74.2024 25.9608
      vertex 89.5962 68.7607 33.3704
      vertex 89.2058 69.2058 33.3704
    endloop
  endfacet
  facet normal 0.352543 -0.634577 -0.687768
    outer loop
      vertex -87.7359 70.1881 33.3704
      vertex -90.4391 76.717 25.9608
      vertex -87.735 70.1886 33.3704
    endloop
  endfacet
  facet normal 0.32039 -0.649707 -0.68937
    outer loop
      vertex -90.4391 76.717 25.9608
      vertex -87.7359 70.1881 33.3704
      vertex -91.8 76.0459 25.9608
    endloop
  endfacet
  facet normal 0.40247 0.602321 -0.689367
    outer loop
      vertex -93.0616 -75.2029 25.9608
      vertex -88.7591 -69.5974 33.3704
      vertex -91.8 -76.0459 25.9608
    endloop
  endfacet
  facet normal 0.434215 0.578954 -0.690123
    outer loop
      vertex -88.7591 -69.5974 33.3704
      vertex -93.0616 -75.2029 25.9608
      vertex -88.7599 -69.5968 33.3704
    endloop
  endfacet
  facet normal 0.434215 0.578954 -0.690123
    outer loop
      vertex -93.0616 -75.2029 25.9608
      vertex -88.7607 -69.5962 33.3704
      vertex -88.7599 -69.5968 33.3704
    endloop
  endfacet
  facet normal 0.477651 0.544632 -0.689365
    outer loop
      vertex -88.7607 -69.5962 33.3704
      vertex -93.0616 -75.2029 25.9608
      vertex -94.2024 -74.2024 25.9608
    endloop
  endfacet
  facet normal 0.232857 0.685967 -0.689367
    outer loop
      vertex -87.735 -70.1886 33.3704
      vertex -87.1744 -70.3789 33.3704
      vertex -90.4391 -76.717 25.9608
    endloop
  endfacet
  facet normal -0.649709 0.320388 -0.689369
    outer loop
      vertex 90.1881 -67.7359 33.3704
      vertex 96.0459 -71.8 25.9608
      vertex 89.9263 -68.2668 33.3704
    endloop
  endfacet
  facet normal -0.32039 -0.649707 -0.68937
    outer loop
      vertex 87.7359 70.1881 33.3704
      vertex 90.4391 76.717 25.9608
      vertex 91.8 76.0459 25.9608
    endloop
  endfacet
  facet normal -0.352543 -0.634577 -0.687768
    outer loop
      vertex 90.4391 76.717 25.9608
      vertex 87.7359 70.1881 33.3704
      vertex 87.735 70.1886 33.3704
    endloop
  endfacet
  facet normal -0.320388 0.649709 -0.689369
    outer loop
      vertex 88.2668 -69.9263 33.3704
      vertex 91.8 -76.0459 25.9608
      vertex 87.7359 -70.1881 33.3704
    endloop
  endfacet
  facet normal -0.0473586 0.722861 -0.689369
    outer loop
      vertex 86.5907 -70.495 33.3704
      vertex 86 -77.6 25.9608
      vertex 86 -70.5337 33.3704
    endloop
  endfacet
  facet normal -0.477677 0.544606 -0.689368
    outer loop
      vertex 89.2058 -69.2058 33.3704
      vertex 94.2024 -74.2024 25.9608
      vertex 88.7607 -69.5962 33.3704
    endloop
  endfacet
  facet normal -0.685967 -0.232857 -0.689367
    outer loop
      vertex 96.717 70.4391 25.9608
      vertex 90.3789 67.1744 33.3704
      vertex 90.1886 67.735 33.3704
    endloop
  endfacet
  facet normal 0.602348 0.402422 -0.689372
    outer loop
      vertex -89.9263 -68.2668 33.3704
      vertex -89.5974 -68.7591 33.3704
      vertex -96.0459 -71.8 25.9608
    endloop
  endfacet
  facet normal 0.649709 0.320388 -0.689369
    outer loop
      vertex -90.1881 -67.7359 33.3704
      vertex -89.9263 -68.2668 33.3704
      vertex -96.0459 -71.8 25.9608
    endloop
  endfacet
  facet normal -0.634577 -0.352543 -0.687768
    outer loop
      vertex 90.1881 67.7359 33.3704
      vertex 96.717 70.4391 25.9608
      vertex 90.1886 67.735 33.3704
    endloop
  endfacet
  facet normal -0.649707 -0.32039 -0.68937
    outer loop
      vertex 96.717 70.4391 25.9608
      vertex 90.1881 67.7359 33.3704
      vertex 96.0459 71.8 25.9608
    endloop
  endfacet
  facet normal -0.232843 0.685973 -0.689366
    outer loop
      vertex 89.0023 -77.2047 25.9608
      vertex 87.1744 -70.3789 33.3704
      vertex 90.4391 -76.717 25.9608
    endloop
  endfacet
  facet normal -0.20799 0.693299 -0.689984
    outer loop
      vertex 87.1744 -70.3789 33.3704
      vertex 89.0023 -77.2047 25.9608
      vertex 87.1734 -70.3792 33.3704
    endloop
  endfacet
  facet normal 0.693299 -0.20799 -0.689984
    outer loop
      vertex -97.2047 69.0023 25.9608
      vertex -90.3789 67.1744 33.3704
      vertex -90.3792 67.1734 33.3704
    endloop
  endfacet
  facet normal 0.685973 -0.232843 -0.689366
    outer loop
      vertex -90.3789 67.1744 33.3704
      vertex -97.2047 69.0023 25.9608
      vertex -96.717 70.4391 25.9608
    endloop
  endfacet
  facet normal 0.685967 -0.232857 -0.689367
    outer loop
      vertex -90.1886 67.735 33.3704
      vertex -90.3789 67.1744 33.3704
      vertex -96.717 70.4391 25.9608
    endloop
  endfacet
  facet normal 0.320388 -0.649709 -0.689369
    outer loop
      vertex -87.7359 70.1881 33.3704
      vertex -88.2668 69.9263 33.3704
      vertex -91.8 76.0459 25.9608
    endloop
  endfacet
  facet normal 0.402422 -0.602348 -0.689372
    outer loop
      vertex -88.2668 69.9263 33.3704
      vertex -88.7591 69.5974 33.3704
      vertex -91.8 76.0459 25.9608
    endloop
  endfacet
  facet normal -0.232857 -0.685967 -0.689367
    outer loop
      vertex 90.4391 76.717 25.9608
      vertex 87.735 70.1886 33.3704
      vertex 87.1744 70.3789 33.3704
    endloop
  endfacet
  facet normal -0.232857 0.685967 -0.689367
    outer loop
      vertex 87.735 -70.1886 33.3704
      vertex 90.4391 -76.717 25.9608
      vertex 87.1744 -70.3789 33.3704
    endloop
  endfacet
  facet normal -0.693299 -0.20799 -0.689984
    outer loop
      vertex 90.3789 67.1744 33.3704
      vertex 97.2047 69.0023 25.9608
      vertex 90.3792 67.1734 33.3704
    endloop
  endfacet
  facet normal -0.685973 -0.232843 -0.689366
    outer loop
      vertex 97.2047 69.0023 25.9608
      vertex 90.3789 67.1744 33.3704
      vertex 96.717 70.4391 25.9608
    endloop
  endfacet
  facet normal -0.141339 0.710487 -0.68937
    outer loop
      vertex 87.1724 -70.3794 33.3704
      vertex 87.5141 -77.5008 25.9608
      vertex 86.5918 -70.4949 33.3704
    endloop
  endfacet
  facet normal -0.141362 0.710484 -0.689369
    outer loop
      vertex 87.5141 -77.5008 25.9608
      vertex 87.1734 -70.3792 33.3704
      vertex 89.0023 -77.2047 25.9608
    endloop
  endfacet
  facet normal -0.142079 0.710394 -0.689315
    outer loop
      vertex 87.1734 -70.3792 33.3704
      vertex 87.5141 -77.5008 25.9608
      vertex 87.1724 -70.3794 33.3704
    endloop
  endfacet
  facet normal -0.477651 -0.544632 -0.689365
    outer loop
      vertex 88.7607 69.5962 33.3704
      vertex 93.0616 75.2029 25.9608
      vertex 94.2024 74.2024 25.9608
    endloop
  endfacet
  facet normal -0.434215 -0.578954 -0.690123
    outer loop
      vertex 93.0616 75.2029 25.9608
      vertex 88.7607 69.5962 33.3704
      vertex 88.7599 69.5968 33.3704
    endloop
  endfacet
  facet normal -0.40247 0.602321 -0.689367
    outer loop
      vertex 88.7591 -69.5974 33.3704
      vertex 93.0616 -75.2029 25.9608
      vertex 91.8 -76.0459 25.9608
    endloop
  endfacet
  facet normal -0.434215 0.578954 -0.690123
    outer loop
      vertex 93.0616 -75.2029 25.9608
      vertex 88.7591 -69.5974 33.3704
      vertex 88.7599 -69.5968 33.3704
    endloop
  endfacet
  facet normal -0.402422 -0.602348 -0.689372
    outer loop
      vertex 91.8 76.0459 25.9608
      vertex 88.7591 69.5974 33.3704
      vertex 88.2668 69.9263 33.3704
    endloop
  endfacet
  facet normal -1 0 0
    outer loop
      vertex -15 77 5.8
      vertex -15 77.6 6.4554
      vertex -15 77.6 5.1446
    endloop
  endfacet
  facet normal 0 -0.737593 0.675245
    outer loop
      vertex -15 77 5.8
      vertex 15 77.6 6.4554
      vertex -15 77.6 6.4554
    endloop
  endfacet
  facet normal 0 -0.737593 0.675245
    outer loop
      vertex 15 77.6 6.4554
      vertex -15 77 5.8
      vertex 15 77 5.8
    endloop
  endfacet
  facet normal 0 -0.737593 -0.675245
    outer loop
      vertex -15 77.6 5.1446
      vertex 15 77 5.8
      vertex -15 77 5.8
    endloop
  endfacet
  facet normal 0 -0.737593 -0.675245
    outer loop
      vertex 15 77 5.8
      vertex -15 77.6 5.1446
      vertex 15 77.6 5.1446
    endloop
  endfacet
  facet normal 1 0 -0
    outer loop
      vertex 15 77.6 5.1446
      vertex 15 77.6 6.4554
      vertex 15 77 5.8
    endloop
  endfacet
  facet normal 0 -1 -0
    outer loop
      vertex 97.6 -15 6.4554
      vertex 97 -15 5.8
      vertex 97.6 -15 5.1446
    endloop
  endfacet
  facet normal -0.737593 0 0.675245
    outer loop
      vertex 97 -15 5.8
      vertex 97.6 15 6.4554
      vertex 97 15 5.8
    endloop
  endfacet
  facet normal -0.737593 0 0.675245
    outer loop
      vertex 97.6 15 6.4554
      vertex 97 -15 5.8
      vertex 97.6 -15 6.4554
    endloop
  endfacet
  facet normal 0 1 -0
    outer loop
      vertex 97.6 15 5.1446
      vertex 97 15 5.8
      vertex 97.6 15 6.4554
    endloop
  endfacet
  facet normal -0.737593 0 -0.675245
    outer loop
      vertex 97.6 -15 5.1446
      vertex 97 15 5.8
      vertex 97.6 15 5.1446
    endloop
  endfacet
  facet normal -0.737593 -0 -0.675245
    outer loop
      vertex 97 15 5.8
      vertex 97.6 -15 5.1446
      vertex 97 -15 5.8
    endloop
  endfacet
  facet normal -1 0 0
    outer loop
      vertex -15 -77.6 5.1446
      vertex -15 -77.6 6.4554
      vertex -15 -77 5.8
    endloop
  endfacet
  facet normal 1 0 0
    outer loop
      vertex 15 -77 5.8
      vertex 15 -77.6 6.4554
      vertex 15 -77.6 5.1446
    endloop
  endfacet
  facet normal 0 0.737593 -0.675245
    outer loop
      vertex 15 -77.6 5.1446
      vertex -15 -77 5.8
      vertex 15 -77 5.8
    endloop
  endfacet
  facet normal 0 0.737593 -0.675245
    outer loop
      vertex -15 -77 5.8
      vertex 15 -77.6 5.1446
      vertex -15 -77.6 5.1446
    endloop
  endfacet
  facet normal 0 0.737593 0.675245
    outer loop
      vertex 15 -77 5.8
      vertex -15 -77.6 6.4554
      vertex 15 -77.6 6.4554
    endloop
  endfacet
  facet normal 0 0.737593 0.675245
    outer loop
      vertex -15 -77.6 6.4554
      vertex 15 -77 5.8
      vertex -15 -77 5.8
    endloop
  endfacet
  facet normal -0 -1 0
    outer loop
      vertex -97 -15 5.8
      vertex -97.6 -15 6.4554
      vertex -97.6 -15 5.1446
    endloop
  endfacet
  facet normal 0.737593 -0 0.675245
    outer loop
      vertex -97.6 -15 6.4554
      vertex -97 15 5.8
      vertex -97.6 15 6.4554
    endloop
  endfacet
  facet normal 0.737593 0 0.675245
    outer loop
      vertex -97 15 5.8
      vertex -97.6 -15 6.4554
      vertex -97 -15 5.8
    endloop
  endfacet
  facet normal 0 1 0
    outer loop
      vertex -97.6 15 5.1446
      vertex -97.6 15 6.4554
      vertex -97 15 5.8
    endloop
  endfacet
  facet normal 0.737593 0 -0.675245
    outer loop
      vertex -97 -15 5.8
      vertex -97.6 15 5.1446
      vertex -97 15 5.8
    endloop
  endfacet
  facet normal 0.737593 0 -0.675245
    outer loop
      vertex -97.6 15 5.1446
      vertex -97 -15 5.8
      vertex -97.6 -15 5.1446
    endloop
  endfacet
  facet normal 1 0 0
    outer loop
      vertex -63 -80 2.4
      vertex -63 -78.61 2.4
      vertex -63 -80 3.79001
    endloop
  endfacet
  facet normal -1 0 0
    outer loop
      vertex -47 -78.61 2.4
      vertex -47 -80 2.4
      vertex -47 -80 3.79001
    endloop
  endfacet
  facet normal 0 -0.707109 -0.707104
    outer loop
      vertex -63 -80 3.79001
      vertex -47 -78.61 2.4
      vertex -47 -80 3.79001
    endloop
  endfacet
  facet normal -0 -0.707109 -0.707104
    outer loop
      vertex -47 -78.61 2.4
      vertex -63 -80 3.79001
      vertex -63 -78.61 2.4
    endloop
  endfacet
  facet normal 1 0 0
    outer loop
      vertex 47 -80 2.4
      vertex 47 -78.61 2.4
      vertex 47 -80 3.79001
    endloop
  endfacet
  facet normal -1 0 0
    outer loop
      vertex 63 -78.61 2.4
      vertex 63 -80 2.4
      vertex 63 -80 3.79001
    endloop
  endfacet
  facet normal 0 -0.707109 -0.707104
    outer loop
      vertex 47 -80 3.79001
      vertex 63 -78.61 2.4
      vertex 63 -80 3.79001
    endloop
  endfacet
  facet normal -0 -0.707109 -0.707104
    outer loop
      vertex 63 -78.61 2.4
      vertex 47 -80 3.79001
      vertex 47 -78.61 2.4
    endloop
  endfacet
endsolid OpenSCAD_Model
