solid OpenSCAD_Model
  facet normal 0.0654172 0.997858 -0
    outer loop
      vertex 87.8274 79.8802 0
      vertex 86 80 3.2
      vertex 87.8274 79.8802 3.2
    endloop
  endfacet
  facet normal 0.0654172 0.997858 0
    outer loop
      vertex 86 80 3.2
      vertex 87.8274 79.8802 0
      vertex 86 80 0
    endloop
  endfacet
  facet normal -0.896882 0.44227 0
    outer loop
      vertex -98.9343 71.3576 0
      vertex -98.1244 73 3.2
      vertex -98.1244 73 0
    endloop
  endfacet
  facet normal -0.896882 0.44227 0
    outer loop
      vertex -98.1244 73 3.2
      vertex -98.9343 71.3576 0
      vertex -98.9343 71.3576 3.2
    endloop
  endfacet
  facet normal -0.321465 0.946921 0
    outer loop
      vertex -89.6235 79.523 0
      vertex -91.3576 78.9343 3.2
      vertex -89.6235 79.523 3.2
    endloop
  endfacet
  facet normal -0.321465 0.946921 0
    outer loop
      vertex -91.3576 78.9343 3.2
      vertex -89.6235 79.523 0
      vertex -91.3576 78.9343 0
    endloop
  endfacet
  facet normal 0 -1 0
    outer loop
      vertex -86 -80 0
      vertex 86 -80 3.2
      vertex -86 -80 3.2
    endloop
  endfacet
  facet normal 0 -1 -0
    outer loop
      vertex 86 -80 3.2
      vertex -86 -80 0
      vertex 86 -80 0
    endloop
  endfacet
  facet normal 0.896882 -0.44227 0
    outer loop
      vertex 98.1244 -73 3.2
      vertex 98.9343 -71.3576 0
      vertex 98.9343 -71.3576 3.2
    endloop
  endfacet
  facet normal 0.896882 -0.44227 0
    outer loop
      vertex 98.9343 -71.3576 0
      vertex 98.1244 -73 3.2
      vertex 98.1244 -73 0
    endloop
  endfacet
  facet normal 0.659339 -0.751846 0
    outer loop
      vertex 94.5227 -77.1069 0
      vertex 95.8995 -75.8995 3.2
      vertex 94.5227 -77.1069 3.2
    endloop
  endfacet
  facet normal 0.659339 -0.751846 0
    outer loop
      vertex 95.8995 -75.8995 3.2
      vertex 94.5227 -77.1069 0
      vertex 95.8995 -75.8995 0
    endloop
  endfacet
  facet normal 0 1 -0
    outer loop
      vertex 86 80 0
      vertex -86 80 3.2
      vertex 86 80 3.2
    endloop
  endfacet
  facet normal 0 1 0
    outer loop
      vertex -86 80 3.2
      vertex 86 80 0
      vertex -86 80 0
    endloop
  endfacet
  facet normal -0.0654172 -0.997858 0
    outer loop
      vertex -87.8274 -79.8802 0
      vertex -86 -80 3.2
      vertex -87.8274 -79.8802 3.2
    endloop
  endfacet
  facet normal -0.0654172 -0.997858 -0
    outer loop
      vertex -86 -80 3.2
      vertex -87.8274 -79.8802 0
      vertex -86 -80 0
    endloop
  endfacet
  facet normal 0.321465 -0.946921 0
    outer loop
      vertex 89.6235 -79.523 0
      vertex 91.3576 -78.9343 3.2
      vertex 89.6235 -79.523 3.2
    endloop
  endfacet
  facet normal 0.321465 -0.946921 0
    outer loop
      vertex 91.3576 -78.9343 3.2
      vertex 89.6235 -79.523 0
      vertex 91.3576 -78.9343 0
    endloop
  endfacet
  facet normal 0.195055 0.980792 -0
    outer loop
      vertex 89.6235 79.523 0
      vertex 87.8274 79.8802 3.2
      vertex 89.6235 79.523 3.2
    endloop
  endfacet
  facet normal 0.195055 0.980792 0
    outer loop
      vertex 87.8274 79.8802 3.2
      vertex 89.6235 79.523 0
      vertex 87.8274 79.8802 0
    endloop
  endfacet
  facet normal -1 0 0
    outer loop
      vertex -100 -66 0
      vertex -100 66 3.2
      vertex -100 66 0
    endloop
  endfacet
  facet normal -1 -0 0
    outer loop
      vertex -100 66 3.2
      vertex -100 -66 0
      vertex -100 -66 3.2
    endloop
  endfacet
  facet normal 0.896882 0.44227 0
    outer loop
      vertex 98.9343 71.3576 3.2
      vertex 98.1244 73 0
      vertex 98.1244 73 3.2
    endloop
  endfacet
  facet normal 0.896882 0.44227 0
    outer loop
      vertex 98.1244 73 0
      vertex 98.9343 71.3576 3.2
      vertex 98.9343 71.3576 0
    endloop
  endfacet
  facet normal -0.831453 0.555595 0
    outer loop
      vertex -98.1244 73 0
      vertex -97.1069 74.5227 3.2
      vertex -97.1069 74.5227 0
    endloop
  endfacet
  facet normal -0.831453 0.555595 0
    outer loop
      vertex -97.1069 74.5227 3.2
      vertex -98.1244 73 0
      vertex -98.1244 73 3.2
    endloop
  endfacet
  facet normal -0.195055 -0.980792 0
    outer loop
      vertex -89.6235 -79.523 0
      vertex -87.8274 -79.8802 3.2
      vertex -89.6235 -79.523 3.2
    endloop
  endfacet
  facet normal -0.195055 -0.980792 -0
    outer loop
      vertex -87.8274 -79.8802 3.2
      vertex -89.6235 -79.523 0
      vertex -87.8274 -79.8802 0
    endloop
  endfacet
  facet normal -0.896882 -0.44227 0
    outer loop
      vertex -98.1244 -73 0
      vertex -98.9343 -71.3576 3.2
      vertex -98.9343 -71.3576 0
    endloop
  endfacet
  facet normal -0.896882 -0.44227 0
    outer loop
      vertex -98.9343 -71.3576 3.2
      vertex -98.1244 -73 0
      vertex -98.1244 -73 3.2
    endloop
  endfacet
  facet normal -0.555595 0.831453 0
    outer loop
      vertex -93 78.1244 0
      vertex -94.5227 77.1069 3.2
      vertex -93 78.1244 3.2
    endloop
  endfacet
  facet normal -0.555595 0.831453 0
    outer loop
      vertex -94.5227 77.1069 3.2
      vertex -93 78.1244 0
      vertex -94.5227 77.1069 0
    endloop
  endfacet
  facet normal -0.751846 0.659339 0
    outer loop
      vertex -97.1069 74.5227 0
      vertex -95.8995 75.8995 3.2
      vertex -95.8995 75.8995 0
    endloop
  endfacet
  facet normal -0.751846 0.659339 0
    outer loop
      vertex -95.8995 75.8995 3.2
      vertex -97.1069 74.5227 0
      vertex -97.1069 74.5227 3.2
    endloop
  endfacet
  facet normal 0.195055 -0.980792 0
    outer loop
      vertex 87.8274 -79.8802 0
      vertex 89.6235 -79.523 3.2
      vertex 87.8274 -79.8802 3.2
    endloop
  endfacet
  facet normal 0.195055 -0.980792 0
    outer loop
      vertex 89.6235 -79.523 3.2
      vertex 87.8274 -79.8802 0
      vertex 89.6235 -79.523 0
    endloop
  endfacet
  facet normal -0.659339 0.751846 0
    outer loop
      vertex -94.5227 77.1069 0
      vertex -95.8995 75.8995 3.2
      vertex -94.5227 77.1069 3.2
    endloop
  endfacet
  facet normal -0.659339 0.751846 0
    outer loop
      vertex -95.8995 75.8995 3.2
      vertex -94.5227 77.1069 0
      vertex -95.8995 75.8995 0
    endloop
  endfacet
  facet normal 0.751846 -0.659339 0
    outer loop
      vertex 95.8995 -75.8995 3.2
      vertex 97.1069 -74.5227 0
      vertex 97.1069 -74.5227 3.2
    endloop
  endfacet
  facet normal 0.751846 -0.659339 0
    outer loop
      vertex 97.1069 -74.5227 0
      vertex 95.8995 -75.8995 3.2
      vertex 95.8995 -75.8995 0
    endloop
  endfacet
  facet normal -0.659339 -0.751846 0
    outer loop
      vertex -95.8995 -75.8995 0
      vertex -94.5227 -77.1069 3.2
      vertex -95.8995 -75.8995 3.2
    endloop
  endfacet
  facet normal -0.659339 -0.751846 -0
    outer loop
      vertex -94.5227 -77.1069 3.2
      vertex -95.8995 -75.8995 0
      vertex -94.5227 -77.1069 0
    endloop
  endfacet
  facet normal -0.44227 0.896882 0
    outer loop
      vertex -91.3576 78.9343 0
      vertex -93 78.1244 3.2
      vertex -91.3576 78.9343 3.2
    endloop
  endfacet
  facet normal -0.44227 0.896882 0
    outer loop
      vertex -93 78.1244 3.2
      vertex -91.3576 78.9343 0
      vertex -93 78.1244 0
    endloop
  endfacet
  facet normal -0.980792 -0.195055 0
    outer loop
      vertex -99.523 -69.6235 0
      vertex -99.8802 -67.8274 3.2
      vertex -99.8802 -67.8274 0
    endloop
  endfacet
  facet normal -0.980792 -0.195055 0
    outer loop
      vertex -99.8802 -67.8274 3.2
      vertex -99.523 -69.6235 0
      vertex -99.523 -69.6235 3.2
    endloop
  endfacet
  facet normal 0.980792 0.195055 0
    outer loop
      vertex 99.8802 67.8274 3.2
      vertex 99.523 69.6235 0
      vertex 99.523 69.6235 3.2
    endloop
  endfacet
  facet normal 0.980792 0.195055 0
    outer loop
      vertex 99.523 69.6235 0
      vertex 99.8802 67.8274 3.2
      vertex 99.8802 67.8274 0
    endloop
  endfacet
  facet normal -0.946921 0.321465 0
    outer loop
      vertex -99.523 69.6235 0
      vertex -98.9343 71.3576 3.2
      vertex -98.9343 71.3576 0
    endloop
  endfacet
  facet normal -0.946921 0.321465 0
    outer loop
      vertex -98.9343 71.3576 3.2
      vertex -99.523 69.6235 0
      vertex -99.523 69.6235 3.2
    endloop
  endfacet
  facet normal -0.751846 -0.659339 0
    outer loop
      vertex -95.8995 -75.8995 0
      vertex -97.1069 -74.5227 3.2
      vertex -97.1069 -74.5227 0
    endloop
  endfacet
  facet normal -0.751846 -0.659339 0
    outer loop
      vertex -97.1069 -74.5227 3.2
      vertex -95.8995 -75.8995 0
      vertex -95.8995 -75.8995 3.2
    endloop
  endfacet
  facet normal -0.997858 -0.0654172 0
    outer loop
      vertex -99.8802 -67.8274 0
      vertex -100 -66 3.2
      vertex -100 -66 0
    endloop
  endfacet
  facet normal -0.997858 -0.0654172 0
    outer loop
      vertex -100 -66 3.2
      vertex -99.8802 -67.8274 0
      vertex -99.8802 -67.8274 3.2
    endloop
  endfacet
  facet normal -0.997858 0.0654172 0
    outer loop
      vertex -100 66 0
      vertex -99.8802 67.8274 3.2
      vertex -99.8802 67.8274 0
    endloop
  endfacet
  facet normal -0.997858 0.0654172 0
    outer loop
      vertex -99.8802 67.8274 3.2
      vertex -100 66 0
      vertex -100 66 3.2
    endloop
  endfacet
  facet normal 0.321465 0.946921 -0
    outer loop
      vertex 91.3576 78.9343 0
      vertex 89.6235 79.523 3.2
      vertex 91.3576 78.9343 3.2
    endloop
  endfacet
  facet normal 0.321465 0.946921 0
    outer loop
      vertex 89.6235 79.523 3.2
      vertex 91.3576 78.9343 0
      vertex 89.6235 79.523 0
    endloop
  endfacet
  facet normal -0.831453 -0.555595 0
    outer loop
      vertex -97.1069 -74.5227 0
      vertex -98.1244 -73 3.2
      vertex -98.1244 -73 0
    endloop
  endfacet
  facet normal -0.831453 -0.555595 0
    outer loop
      vertex -98.1244 -73 3.2
      vertex -97.1069 -74.5227 0
      vertex -97.1069 -74.5227 3.2
    endloop
  endfacet
  facet normal -0.44227 -0.896882 0
    outer loop
      vertex -93 -78.1244 0
      vertex -91.3576 -78.9343 3.2
      vertex -93 -78.1244 3.2
    endloop
  endfacet
  facet normal -0.44227 -0.896882 -0
    outer loop
      vertex -91.3576 -78.9343 3.2
      vertex -93 -78.1244 0
      vertex -91.3576 -78.9343 0
    endloop
  endfacet
  facet normal 1 -0 0
    outer loop
      vertex 100 -66 3.2
      vertex 100 66 0
      vertex 100 66 3.2
    endloop
  endfacet
  facet normal 1 0 0
    outer loop
      vertex 100 66 0
      vertex 100 -66 3.2
      vertex 100 -66 0
    endloop
  endfacet
  facet normal -0.980792 0.195055 0
    outer loop
      vertex -99.8802 67.8274 0
      vertex -99.523 69.6235 3.2
      vertex -99.523 69.6235 0
    endloop
  endfacet
  facet normal -0.980792 0.195055 0
    outer loop
      vertex -99.523 69.6235 3.2
      vertex -99.8802 67.8274 0
      vertex -99.8802 67.8274 3.2
    endloop
  endfacet
  facet normal 0.997858 0.0654172 0
    outer loop
      vertex 100 66 3.2
      vertex 99.8802 67.8274 0
      vertex 99.8802 67.8274 3.2
    endloop
  endfacet
  facet normal 0.997858 0.0654172 0
    outer loop
      vertex 99.8802 67.8274 0
      vertex 100 66 3.2
      vertex 100 66 0
    endloop
  endfacet
  facet normal 0.44227 0.896882 -0
    outer loop
      vertex 93 78.1244 0
      vertex 91.3576 78.9343 3.2
      vertex 93 78.1244 3.2
    endloop
  endfacet
  facet normal 0.44227 0.896882 0
    outer loop
      vertex 91.3576 78.9343 3.2
      vertex 93 78.1244 0
      vertex 91.3576 78.9343 0
    endloop
  endfacet
  facet normal 0.0654172 -0.997858 0
    outer loop
      vertex 86 -80 0
      vertex 87.8274 -79.8802 3.2
      vertex 86 -80 3.2
    endloop
  endfacet
  facet normal 0.0654172 -0.997858 0
    outer loop
      vertex 87.8274 -79.8802 3.2
      vertex 86 -80 0
      vertex 87.8274 -79.8802 0
    endloop
  endfacet
  facet normal 0.831453 0.555595 0
    outer loop
      vertex 98.1244 73 3.2
      vertex 97.1069 74.5227 0
      vertex 97.1069 74.5227 3.2
    endloop
  endfacet
  facet normal 0.831453 0.555595 0
    outer loop
      vertex 97.1069 74.5227 0
      vertex 98.1244 73 3.2
      vertex 98.1244 73 0
    endloop
  endfacet
  facet normal 0.44227 -0.896882 0
    outer loop
      vertex 91.3576 -78.9343 0
      vertex 93 -78.1244 3.2
      vertex 91.3576 -78.9343 3.2
    endloop
  endfacet
  facet normal 0.44227 -0.896882 0
    outer loop
      vertex 93 -78.1244 3.2
      vertex 91.3576 -78.9343 0
      vertex 93 -78.1244 0
    endloop
  endfacet
  facet normal 0.555595 -0.831453 0
    outer loop
      vertex 93 -78.1244 0
      vertex 94.5227 -77.1069 3.2
      vertex 93 -78.1244 3.2
    endloop
  endfacet
  facet normal 0.555595 -0.831453 0
    outer loop
      vertex 94.5227 -77.1069 3.2
      vertex 93 -78.1244 0
      vertex 94.5227 -77.1069 0
    endloop
  endfacet
  facet normal 0.555595 0.831453 -0
    outer loop
      vertex 94.5227 77.1069 0
      vertex 93 78.1244 3.2
      vertex 94.5227 77.1069 3.2
    endloop
  endfacet
  facet normal 0.555595 0.831453 0
    outer loop
      vertex 93 78.1244 3.2
      vertex 94.5227 77.1069 0
      vertex 93 78.1244 0
    endloop
  endfacet
  facet normal 0.946921 -0.321465 0
    outer loop
      vertex 98.9343 -71.3576 3.2
      vertex 99.523 -69.6235 0
      vertex 99.523 -69.6235 3.2
    endloop
  endfacet
  facet normal 0.946921 -0.321465 0
    outer loop
      vertex 99.523 -69.6235 0
      vertex 98.9343 -71.3576 3.2
      vertex 98.9343 -71.3576 0
    endloop
  endfacet
  facet normal 0.980792 -0.195055 0
    outer loop
      vertex 99.523 -69.6235 3.2
      vertex 99.8802 -67.8274 0
      vertex 99.8802 -67.8274 3.2
    endloop
  endfacet
  facet normal 0.980792 -0.195055 0
    outer loop
      vertex 99.8802 -67.8274 0
      vertex 99.523 -69.6235 3.2
      vertex 99.523 -69.6235 0
    endloop
  endfacet
  facet normal -0.195055 0.980792 0
    outer loop
      vertex -87.8274 79.8802 0
      vertex -89.6235 79.523 3.2
      vertex -87.8274 79.8802 3.2
    endloop
  endfacet
  facet normal -0.195055 0.980792 0
    outer loop
      vertex -89.6235 79.523 3.2
      vertex -87.8274 79.8802 0
      vertex -89.6235 79.523 0
    endloop
  endfacet
  facet normal -0.0654172 0.997858 0
    outer loop
      vertex -86 80 0
      vertex -87.8274 79.8802 3.2
      vertex -86 80 3.2
    endloop
  endfacet
  facet normal -0.0654172 0.997858 0
    outer loop
      vertex -87.8274 79.8802 3.2
      vertex -86 80 0
      vertex -87.8274 79.8802 0
    endloop
  endfacet
  facet normal 0 0 -1
    outer loop
      vertex -50.9933 -13.1599 0
      vertex -51.985 -12.8202 0
      vertex -50.7778 -13.0208 0
    endloop
  endfacet
  facet normal 0 0 -1
    outer loop
      vertex -52.2266 -13.7027 0
      vertex -51.985 -12.8202 0
      vertex -50.9933 -13.1599 0
    endloop
  endfacet
  facet normal 0 0 -1
    outer loop
      vertex -53.8363 -12.2444 0
      vertex -52.2266 -13.7027 0
      vertex -53.6423 -14.0591 0
    endloop
  endfacet
  facet normal 0 0 -1
    outer loop
      vertex -52.2266 -13.7027 0
      vertex -53.8363 -12.2444 0
      vertex -51.985 -12.8202 0
    endloop
  endfacet
  facet normal 0 0 -1
    outer loop
      vertex -55.1287 -14.174 0
      vertex -53.8363 -12.2444 0
      vertex -53.6423 -14.0591 0
    endloop
  endfacet
  facet normal 0 0 -1
    outer loop
      vertex -55.1287 -14.174 0
      vertex -55.7045 -11.3974 0
      vertex -53.8363 -12.2444 0
    endloop
  endfacet
  facet normal 0 0 -1
    outer loop
      vertex -56.7348 -14.0383 0
      vertex -55.7045 -11.3974 0
      vertex -55.1287 -14.174 0
    endloop
  endfacet
  facet normal -0 0 -1
    outer loop
      vertex -55.7045 -11.3974 0
      vertex -56.7348 -14.0383 0
      vertex -56.1551 -11.1678 0
    endloop
  endfacet
  facet normal 0 0 -1
    outer loop
      vertex -58.4541 -13.634 0
      vertex -56.1551 -11.1678 0
      vertex -56.7348 -14.0383 0
    endloop
  endfacet
  facet normal -0 0 -1
    outer loop
      vertex -56.1551 -11.1678 0
      vertex -58.4541 -13.634 0
      vertex -57.9907 -10.0749 0
    endloop
  endfacet
  facet normal 0 0 -1
    outer loop
      vertex -60.4153 -12.8967 0
      vertex -57.9907 -10.0749 0
      vertex -58.4541 -13.634 0
    endloop
  endfacet
  facet normal -0 0 -1
    outer loop
      vertex -57.9907 -10.0749 0
      vertex -60.4153 -12.8967 0
      vertex -59.8432 -8.71101 0
    endloop
  endfacet
  facet normal 0 0 -1
    outer loop
      vertex -61.7906 -12.1958 0
      vertex -59.8432 -8.71101 0
      vertex -60.4153 -12.8967 0
    endloop
  endfacet
  facet normal 0 0 -1
    outer loop
      vertex -64.4117 -8.72516 0
      vertex -59.8432 -8.71101 0
      vertex -61.7906 -12.1958 0
    endloop
  endfacet
  facet normal -0 0 -1
    outer loop
      vertex -59.8432 -8.71101 0
      vertex -64.4117 -8.72516 0
      vertex -61.7127 -7.07597 0
    endloop
  endfacet
  facet normal -0 0 -1
    outer loop
      vertex -61.3025 -14.4346 0
      vertex -63.3703 -14.4639 0
      vertex -61.6233 -13.0984 0
    endloop
  endfacet
  facet normal 0 0 -1
    outer loop
      vertex -63.9554 -11.6062 0
      vertex -61.6233 -13.0984 0
      vertex -63.3703 -14.4639 0
    endloop
  endfacet
  facet normal 0 0 -1
    outer loop
      vertex -61.6233 -13.0984 0
      vertex -63.9554 -11.6062 0
      vertex -61.7906 -12.1958 0
    endloop
  endfacet
  facet normal 0 0 -1
    outer loop
      vertex -64.4117 -8.72516 0
      vertex -61.7906 -12.1958 0
      vertex -63.9554 -11.6062 0
    endloop
  endfacet
  facet normal -0 0 -1
    outer loop
      vertex -61.7127 -7.07597 0
      vertex -64.4117 -8.72516 0
      vertex -61.9522 -6.83643 0
    endloop
  endfacet
  facet normal 0 0 -1
    outer loop
      vertex -54.0307 30.4 0
      vertex -57.2387 30.8015 0
      vertex -56.8713 31.449 0
    endloop
  endfacet
  facet normal 0 -0 -1
    outer loop
      vertex -63.9554 11.6062 0
      vertex -50.6407 10.9639 0
      vertex -64.4117 8.72516 0
    endloop
  endfacet
  facet normal 0 0 -1
    outer loop
      vertex -51.9195 17.4837 0
      vertex -58.563 28.2024 0
      vertex -57.2387 30.8015 0
    endloop
  endfacet
  facet normal 0 0 -1
    outer loop
      vertex -51.9195 17.4837 0
      vertex -59.7693 25.5466 0
      vertex -58.563 28.2024 0
    endloop
  endfacet
  facet normal 0 0 -1
    outer loop
      vertex -49.9298 7.58961 0
      vertex -64.4117 8.72516 0
      vertex -50.6407 10.9639 0
    endloop
  endfacet
  facet normal 0 0 -1
    outer loop
      vertex -51.9195 17.4837 0
      vertex -60.8553 22.8394 0
      vertex -59.7693 25.5466 0
    endloop
  endfacet
  facet normal 0 0 -1
    outer loop
      vertex -51.9195 17.4837 0
      vertex -61.8187 20.0861 0
      vertex -60.8553 22.8394 0
    endloop
  endfacet
  facet normal 0 0 -1
    outer loop
      vertex -64.9345 2.9162 0
      vertex -60.4398 -5.32404 0
      vertex -62.5354 -3.70575 0
    endloop
  endfacet
  facet normal -0 0 -1
    outer loop
      vertex -51.9195 17.4837 0
      vertex -62.6576 17.2924 0
      vertex -61.8187 20.0861 0
    endloop
  endfacet
  facet normal 0 0 -1
    outer loop
      vertex -64.9345 2.9162 0
      vertex -62.5354 -3.70575 0
      vertex -62.9077 -3.37273 0
    endloop
  endfacet
  facet normal -0 0 -1
    outer loop
      vertex -61.9522 -6.83643 0
      vertex -64.4117 -8.72516 0
      vertex -62.6941 -6.08656 0
    endloop
  endfacet
  facet normal 0 0 -1
    outer loop
      vertex -51.3039 14.2619 0
      vertex -62.6576 17.2924 0
      vertex -51.9195 17.4837 0
    endloop
  endfacet
  facet normal 0 0 -1
    outer loop
      vertex -64.7383 -5.82655 0
      vertex -62.6941 -6.08656 0
      vertex -64.4117 -8.72516 0
    endloop
  endfacet
  facet normal 0 -0 -1
    outer loop
      vertex -62.6576 17.2924 0
      vertex -51.3039 14.2619 0
      vertex -63.3703 14.4639 0
    endloop
  endfacet
  facet normal 0 0 -1
    outer loop
      vertex -62.6941 -6.08656 0
      vertex -64.7383 -5.82655 0
      vertex -62.9077 -3.37273 0
    endloop
  endfacet
  facet normal 0 -0 -1
    outer loop
      vertex -63.3703 14.4639 0
      vertex -51.3039 14.2619 0
      vertex -63.9554 11.6062 0
    endloop
  endfacet
  facet normal 0 0 -1
    outer loop
      vertex -64.9345 -2.9162 0
      vertex -62.9077 -3.37273 0
      vertex -64.7383 -5.82655 0
    endloop
  endfacet
  facet normal 0 0 -1
    outer loop
      vertex -50.6407 10.9639 0
      vertex -63.9554 11.6062 0
      vertex -51.3039 14.2619 0
    endloop
  endfacet
  facet normal 0 0 -1
    outer loop
      vertex -65 0 0
      vertex -62.9077 -3.37273 0
      vertex -64.9345 -2.9162 0
    endloop
  endfacet
  facet normal 0 -0 -1
    outer loop
      vertex -64.4117 8.72516 0
      vertex -49.9298 7.58961 0
      vertex -64.7383 5.82655 0
    endloop
  endfacet
  facet normal 0 0 -1
    outer loop
      vertex -62.9077 -3.37273 0
      vertex -65 0 0
      vertex -64.9345 2.9162 0
    endloop
  endfacet
  facet normal 0 0 -1
    outer loop
      vertex -48.3333 -8.73022 0
      vertex -47.7789 -8.37033 0
      vertex -47.865 -8.5782 0
    endloop
  endfacet
  facet normal 0 0 -1
    outer loop
      vertex -48.3333 -8.73022 0
      vertex -47.865 -8.5782 0
      vertex -47.8655 -8.58061 0
    endloop
  endfacet
  facet normal -0 0 -1
    outer loop
      vertex -47.7789 -8.37033 0
      vertex -48.3333 -8.73022 0
      vertex -47.8301 -8.08069 0
    endloop
  endfacet
  facet normal 0 0 -1
    outer loop
      vertex -49.5288 -8.93069 0
      vertex -47.8301 -8.08069 0
      vertex -48.3333 -8.73022 0
    endloop
  endfacet
  facet normal -0 0 -1
    outer loop
      vertex -47.8301 -8.08069 0
      vertex -49.5288 -8.93069 0
      vertex -48.1522 -6.07709 0
    endloop
  endfacet
  facet normal 0 0 -1
    outer loop
      vertex -51.3755 -8.97212 0
      vertex -48.1522 -6.07709 0
      vertex -49.5288 -8.93069 0
    endloop
  endfacet
  facet normal -0 0 -1
    outer loop
      vertex -48.1522 -6.07709 0
      vertex -51.3755 -8.97212 0
      vertex -48.2052 -5.74249 0
    endloop
  endfacet
  facet normal 0 0 -1
    outer loop
      vertex -52.8826 -8.79126 0
      vertex -48.2052 -5.74249 0
      vertex -51.3755 -8.97212 0
    endloop
  endfacet
  facet normal -0 0 -1
    outer loop
      vertex -48.2052 -5.74249 0
      vertex -52.8826 -8.79126 0
      vertex -48.5526 -3.42111 0
    endloop
  endfacet
  facet normal 0 0 -1
    outer loop
      vertex -48.9696 2.86211 0
      vertex -49.1712 4.13911 0
      vertex -48.8825 2.87592 0
    endloop
  endfacet
  facet normal 0 0 -1
    outer loop
      vertex -49.1227 2.78413 0
      vertex -49.1712 4.13911 0
      vertex -48.9696 2.86211 0
    endloop
  endfacet
  facet normal 0 0 -1
    outer loop
      vertex -49.2441 2.66267 0
      vertex -49.1712 4.13911 0
      vertex -49.1227 2.78413 0
    endloop
  endfacet
  facet normal 0 0 -1
    outer loop
      vertex -49.3221 2.50964 0
      vertex -49.1712 4.13911 0
      vertex -49.2441 2.66267 0
    endloop
  endfacet
  facet normal 0 0 -1
    outer loop
      vertex -64.9345 2.9162 0
      vertex -49.3221 2.50964 0
      vertex -49.349 2.34 0
    endloop
  endfacet
  facet normal 0 -0 -1
    outer loop
      vertex -64.7383 5.82655 0
      vertex -49.3221 2.50964 0
      vertex -64.9345 2.9162 0
    endloop
  endfacet
  facet normal 0 0 -1
    outer loop
      vertex -54.7055 -8.32262 0
      vertex -48.5526 -3.42111 0
      vertex -52.8826 -8.79126 0
    endloop
  endfacet
  facet normal 0 0 -1
    outer loop
      vertex -56.6627 -7.55775 0
      vertex -48.5526 -3.42111 0
      vertex -54.7055 -8.32262 0
    endloop
  endfacet
  facet normal -0 0 -1
    outer loop
      vertex -48.5526 -3.42111 0
      vertex -56.6627 -7.55775 0
      vertex -48.9338 -0.726944 0
    endloop
  endfacet
  facet normal 0 0 -1
    outer loop
      vertex -58.3612 -6.67122 0
      vertex -48.9338 -0.726944 0
      vertex -56.6627 -7.55775 0
    endloop
  endfacet
  facet normal 0 0 -1
    outer loop
      vertex -60.4398 -5.32404 0
      vertex -48.9338 -0.726944 0
      vertex -58.3612 -6.67122 0
    endloop
  endfacet
  facet normal 0 0 -1
    outer loop
      vertex -64.9345 2.9162 0
      vertex -49.349 2.34 0
      vertex -60.4398 -5.32404 0
    endloop
  endfacet
  facet normal -0 0 -1
    outer loop
      vertex -48.9338 -0.726944 0
      vertex -60.4398 -5.32404 0
      vertex -49.349 2.34 0
    endloop
  endfacet
  facet normal 0 0 -1
    outer loop
      vertex -49.3221 2.50964 0
      vertex -64.7383 5.82655 0
      vertex -49.1712 4.13911 0
    endloop
  endfacet
  facet normal 0 0 -1
    outer loop
      vertex -57.2387 30.8015 0
      vertex -52.4875 20.6292 0
      vertex -51.9195 17.4837 0
    endloop
  endfacet
  facet normal 0 0 -1
    outer loop
      vertex -57.2387 30.8015 0
      vertex -53.0077 23.6985 0
      vertex -52.4875 20.6292 0
    endloop
  endfacet
  facet normal 0 0 -1
    outer loop
      vertex -57.2387 30.8015 0
      vertex -53.1272 24.4525 0
      vertex -53.0077 23.6985 0
    endloop
  endfacet
  facet normal 0 0 -1
    outer loop
      vertex -57.2387 30.8015 0
      vertex -53.6028 27.4644 0
      vertex -53.1272 24.4525 0
    endloop
  endfacet
  facet normal 0 0 -1
    outer loop
      vertex -49.1712 4.13911 0
      vertex -64.7383 5.82655 0
      vertex -49.9298 7.58961 0
    endloop
  endfacet
  facet normal 0 0 -1
    outer loop
      vertex -57.2387 30.8015 0
      vertex -54.0307 30.4 0
      vertex -53.6028 27.4644 0
    endloop
  endfacet
  facet normal 0 0 -1
    outer loop
      vertex -54.2453 32.013 0
      vertex -55.678 33.5313 0
      vertex -54.2473 35.8083 0
    endloop
  endfacet
  facet normal 0 0 -1
    outer loop
      vertex -54.0307 30.4 0
      vertex -56.8713 31.449 0
      vertex -54.2453 32.013 0
    endloop
  endfacet
  facet normal -0 0 -1
    outer loop
      vertex -54.2453 32.013 0
      vertex -56.8713 31.449 0
      vertex -55.678 33.5313 0
    endloop
  endfacet
  facet normal 0 0 -1
    outer loop
      vertex -56.8713 31.449 0
      vertex -58.2772 35.032 0
      vertex -55.678 33.5313 0
    endloop
  endfacet
  facet normal 0 -0 -1
    outer loop
      vertex -58.2772 35.032 0
      vertex -56.8713 31.449 0
      vertex -59.4688 32.9487 0
    endloop
  endfacet
  facet normal 0 0 -1
    outer loop
      vertex -51.1176 -17.1159 0
      vertex -48.778 -17.7905 0
      vertex -49.3343 -18.95 0
    endloop
  endfacet
  facet normal 0 0 -1
    outer loop
      vertex -48.778 -17.7905 0
      vertex -49.4105 -16.7513 0
      vertex -48.2113 -16.2788 0
    endloop
  endfacet
  facet normal 0 0 -1
    outer loop
      vertex -51.1176 -17.1159 0
      vertex -49.3343 -18.95 0
      vertex -50.1078 -20.1948 0
    endloop
  endfacet
  facet normal 0 0 -1
    outer loop
      vertex -51.6721 -17.2037 0
      vertex -50.1078 -20.1948 0
      vertex -50.8916 -21.1423 0
    endloop
  endfacet
  facet normal 0 0 -1
    outer loop
      vertex -48.778 -17.7905 0
      vertex -51.1176 -17.1159 0
      vertex -49.4105 -16.7513 0
    endloop
  endfacet
  facet normal 0 0 -1
    outer loop
      vertex -50.1078 -20.1948 0
      vertex -51.6721 -17.2037 0
      vertex -51.1176 -17.1159 0
    endloop
  endfacet
  facet normal 0 0 -1
    outer loop
      vertex -53.375 -17.2715 0
      vertex -50.8916 -21.1423 0
      vertex -51.7099 -21.8534 0
    endloop
  endfacet
  facet normal 0 0 -1
    outer loop
      vertex -53.375 -17.2715 0
      vertex -51.7099 -21.8534 0
      vertex -52.575 -22.3548 0
    endloop
  endfacet
  facet normal 0 0 -1
    outer loop
      vertex -50.8916 -21.1423 0
      vertex -53.375 -17.2715 0
      vertex -51.6721 -17.2037 0
    endloop
  endfacet
  facet normal 0 0 -1
    outer loop
      vertex -53.6329 -22.706 0
      vertex -53.375 -17.2715 0
      vertex -52.575 -22.3548 0
    endloop
  endfacet
  facet normal 0 0 -1
    outer loop
      vertex -54.7305 -22.8327 0
      vertex -53.375 -17.2715 0
      vertex -53.6329 -22.706 0
    endloop
  endfacet
  facet normal 0 0 -1
    outer loop
      vertex -54.7305 -22.8327 0
      vertex -55.1287 -17.0512 0
      vertex -53.375 -17.2715 0
    endloop
  endfacet
  facet normal 0 0 -1
    outer loop
      vertex -56.12 -22.731 0
      vertex -55.1287 -17.0512 0
      vertex -54.7305 -22.8327 0
    endloop
  endfacet
  facet normal -0 0 -1
    outer loop
      vertex -55.1287 -17.0512 0
      vertex -56.12 -22.731 0
      vertex -55.5733 -16.9808 0
    endloop
  endfacet
  facet normal 0 0 -1
    outer loop
      vertex -56.2896 -22.7579 0
      vertex -55.5733 -16.9808 0
      vertex -56.12 -22.731 0
    endloop
  endfacet
  facet normal 0 0 -1
    outer loop
      vertex -57.3229 -16.4812 0
      vertex -56.2896 -22.7579 0
      vertex -56.4427 -22.8358 0
    endloop
  endfacet
  facet normal 0 0 -1
    outer loop
      vertex -60.8553 -22.8394 0
      vertex -56.4427 -22.8358 0
      vertex -56.5641 -22.9573 0
    endloop
  endfacet
  facet normal 0 0 -1
    outer loop
      vertex -60.8553 -22.8394 0
      vertex -56.5641 -22.9573 0
      vertex -56.6421 -23.1103 0
    endloop
  endfacet
  facet normal -0 0 -1
    outer loop
      vertex -56.4427 -23.7241 0
      vertex -59.7693 -25.5466 0
      vertex -56.5641 -23.6027 0
    endloop
  endfacet
  facet normal 0 0 -1
    outer loop
      vertex -56.2896 -22.7579 0
      vertex -57.3229 -16.4812 0
      vertex -55.5733 -16.9808 0
    endloop
  endfacet
  facet normal 0 0 -1
    outer loop
      vertex -60.8553 -22.8394 0
      vertex -56.6421 -23.1103 0
      vertex -56.669 -23.28 0
    endloop
  endfacet
  facet normal -0 0 -1
    outer loop
      vertex -56.5641 -23.6027 0
      vertex -59.7693 -25.5466 0
      vertex -56.6421 -23.4496 0
    endloop
  endfacet
  facet normal -0 0 -1
    outer loop
      vertex -56.6421 -23.4496 0
      vertex -59.7693 -25.5466 0
      vertex -56.669 -23.28 0
    endloop
  endfacet
  facet normal 0 0 -1
    outer loop
      vertex -60.8553 -22.8394 0
      vertex -56.669 -23.28 0
      vertex -59.7693 -25.5466 0
    endloop
  endfacet
  facet normal -0 0 -1
    outer loop
      vertex -56.4427 -22.8358 0
      vertex -60.8553 -22.8394 0
      vertex -61.8187 -20.0861 0
    endloop
  endfacet
  facet normal 0 0 -1
    outer loop
      vertex -56.4427 -22.8358 0
      vertex -61.8187 -20.0861 0
      vertex -57.3229 -16.4812 0
    endloop
  endfacet
  facet normal -0 0 -1
    outer loop
      vertex -57.3229 -16.4812 0
      vertex -61.8187 -20.0861 0
      vertex -59.1233 -15.6935 0
    endloop
  endfacet
  facet normal 0 0 -1
    outer loop
      vertex -62.6576 -17.2924 0
      vertex -59.1233 -15.6935 0
      vertex -61.8187 -20.0861 0
    endloop
  endfacet
  facet normal -0 0 -1
    outer loop
      vertex -59.1233 -15.6935 0
      vertex -62.6576 -17.2924 0
      vertex -59.4252 -15.5397 0
    endloop
  endfacet
  facet normal -0 0 -1
    outer loop
      vertex -59.4252 -15.5397 0
      vertex -62.6576 -17.2924 0
      vertex -61.2268 -14.4892 0
    endloop
  endfacet
  facet normal -0 0 -1
    outer loop
      vertex -61.2268 -14.4892 0
      vertex -62.6576 -17.2924 0
      vertex -61.3025 -14.4346 0
    endloop
  endfacet
  facet normal 0 0 -1
    outer loop
      vertex -63.3703 -14.4639 0
      vertex -61.3025 -14.4346 0
      vertex -62.6576 -17.2924 0
    endloop
  endfacet
  facet normal 0 0 -1
    outer loop
      vertex -43.4443 29.9688 0
      vertex -40.626 40.9694 0
      vertex -43.2537 29.5947 0
    endloop
  endfacet
  facet normal 0 0 -1
    outer loop
      vertex -43.7412 30.2657 0
      vertex -40.626 40.9694 0
      vertex -43.4443 29.9688 0
    endloop
  endfacet
  facet normal 0 0 -1
    outer loop
      vertex -44.1153 30.4563 0
      vertex -40.626 40.9694 0
      vertex -43.7412 30.2657 0
    endloop
  endfacet
  facet normal 0 0 -1
    outer loop
      vertex -44.53 30.522 0
      vertex -40.626 40.9694 0
      vertex -44.1153 30.4563 0
    endloop
  endfacet
  facet normal 0 0 -1
    outer loop
      vertex -40.626 40.9694 0
      vertex -44.53 30.522 0
      vertex -49.3757 36.0425 0
    endloop
  endfacet
  facet normal 0 0 -1
    outer loop
      vertex -40.626 40.9694 0
      vertex -44.9191 46.9817 0
      vertex -42.766 48.9496 0
    endloop
  endfacet
  facet normal 0 0 -1
    outer loop
      vertex -49.165 33.2594 0
      vertex -44.53 30.522 0
      vertex -44.9447 30.4563 0
    endloop
  endfacet
  facet normal 0 0 -1
    outer loop
      vertex -49.165 33.2594 0
      vertex -44.9447 30.4563 0
      vertex -45.3188 30.2657 0
    endloop
  endfacet
  facet normal 0 0 -1
    outer loop
      vertex -48.9067 30.4 0
      vertex -45.3188 30.2657 0
      vertex -45.6157 29.9688 0
    endloop
  endfacet
  facet normal 0 0 -1
    outer loop
      vertex -48.9067 30.4 0
      vertex -45.6157 29.9688 0
      vertex -45.8063 29.5947 0
    endloop
  endfacet
  facet normal 0 0 -1
    outer loop
      vertex -48.6008 27.4644 0
      vertex -45.8063 29.5947 0
      vertex -46.2493 26.8898 0
    endloop
  endfacet
  facet normal 0 0 -1
    outer loop
      vertex -48.6008 27.4644 0
      vertex -46.2493 26.8898 0
      vertex -46.3159 26.4689 0
    endloop
  endfacet
  facet normal 0 0 -1
    outer loop
      vertex -45.3414 19.5224 0
      vertex -47.8459 21.3644 0
      vertex -46.0168 21.4264 0
    endloop
  endfacet
  facet normal -0 0 -1
    outer loop
      vertex -46.0168 21.4264 0
      vertex -47.8459 21.3644 0
      vertex -46.0855 21.86 0
    endloop
  endfacet
  facet normal 0 0 -1
    outer loop
      vertex -40.626 40.9694 0
      vertex -49.3757 36.0425 0
      vertex -49.5387 38.7494 0
    endloop
  endfacet
  facet normal -0 0 -1
    outer loop
      vertex -46.0855 21.86 0
      vertex -47.8459 21.3644 0
      vertex -46.3871 24.0289 0
    endloop
  endfacet
  facet normal 0 0 -1
    outer loop
      vertex -48.2472 24.4525 0
      vertex -46.3871 24.0289 0
      vertex -47.8459 21.3644 0
    endloop
  endfacet
  facet normal 0 0 -1
    outer loop
      vertex -46.3871 24.0289 0
      vertex -48.2472 24.4525 0
      vertex -46.3159 26.4689 0
    endloop
  endfacet
  facet normal 0 0 -1
    outer loop
      vertex -48.6008 27.4644 0
      vertex -46.3159 26.4689 0
      vertex -48.2472 24.4525 0
    endloop
  endfacet
  facet normal -0 0 -1
    outer loop
      vertex -45.8063 29.5947 0
      vertex -48.6008 27.4644 0
      vertex -48.9067 30.4 0
    endloop
  endfacet
  facet normal 0 0 -1
    outer loop
      vertex -45.3188 30.2657 0
      vertex -48.9067 30.4 0
      vertex -49.165 33.2594 0
    endloop
  endfacet
  facet normal 0 0 -1
    outer loop
      vertex -44.53 30.522 0
      vertex -49.165 33.2594 0
      vertex -49.3757 36.0425 0
    endloop
  endfacet
  facet normal 0 0 -1
    outer loop
      vertex -40.626 40.9694 0
      vertex -46.9817 44.9191 0
      vertex -44.9191 46.9817 0
    endloop
  endfacet
  facet normal 0 0 -1
    outer loop
      vertex -49.5446 38.8855 0
      vertex -40.626 40.9694 0
      vertex -49.5387 38.7494 0
    endloop
  endfacet
  facet normal 0 -0 -1
    outer loop
      vertex -48.9496 42.766 0
      vertex -40.626 40.9694 0
      vertex -49.5446 38.8855 0
    endloop
  endfacet
  facet normal 0 0 -1
    outer loop
      vertex -40.626 40.9694 0
      vertex -48.9496 42.766 0
      vertex -46.9817 44.9191 0
    endloop
  endfacet
  facet normal 0 0 -1
    outer loop
      vertex -49.5446 38.8855 0
      vertex -50.819 40.5268 0
      vertex -48.9496 42.766 0
    endloop
  endfacet
  facet normal 0 0 -1
    outer loop
      vertex -52.5861 38.206 0
      vertex -49.5446 38.8855 0
      vertex -50.9681 37.0305 0
    endloop
  endfacet
  facet normal -0 0 -1
    outer loop
      vertex -49.5446 38.8855 0
      vertex -52.5861 38.206 0
      vertex -50.819 40.5268 0
    endloop
  endfacet
  facet normal 0 0 -1
    outer loop
      vertex -54.2473 35.8083 0
      vertex -50.9681 37.0305 0
      vertex -52.8362 34.3123 0
    endloop
  endfacet
  facet normal 0 0 -1
    outer loop
      vertex -54.2473 35.8083 0
      vertex -52.8362 34.3123 0
      vertex -54.2453 32.013 0
    endloop
  endfacet
  facet normal -0 0 -1
    outer loop
      vertex -50.9681 37.0305 0
      vertex -54.2473 35.8083 0
      vertex -52.5861 38.206 0
    endloop
  endfacet
  facet normal 0 0 -1
    outer loop
      vertex -41.9664 19.5031 0
      vertex -42.7166 20.6205 0
      vertex -42.09 20.64 0
    endloop
  endfacet
  facet normal 0 0 -1
    outer loop
      vertex -43.5913 26.4689 0
      vertex -40.626 25.6443 0
      vertex -41.2242 24.5985 0
    endloop
  endfacet
  facet normal -0 0 -1
    outer loop
      vertex -31.598 32.3036 0
      vertex -32.4311 32.0538 0
      vertex -31.598 41.0511 0
    endloop
  endfacet
  facet normal 0 0 -1
    outer loop
      vertex -20.496 33.0947 0
      vertex -21.6327 33.2923 0
      vertex -20.496 40.1945 0
    endloop
  endfacet
  facet normal 0 0 -1
    outer loop
      vertex -11.8913 29.698 0
      vertex -11.468 39.0292 0
      vertex -11.468 29.3391 0
    endloop
  endfacet
  facet normal 0 0 -1
    outer loop
      vertex -14.0021 31.0035 0
      vertex -11.468 39.0292 0
      vertex -11.8913 29.698 0
    endloop
  endfacet
  facet normal 0 0 -1
    outer loop
      vertex -14.884 31.3949 0
      vertex -11.468 39.0292 0
      vertex -14.0021 31.0035 0
    endloop
  endfacet
  facet normal 0 -0 -1
    outer loop
      vertex -14.4639 63.3703 0
      vertex -11.468 39.0292 0
      vertex -14.884 39.4933 0
    endloop
  endfacet
  facet normal -0 0 -1
    outer loop
      vertex -11.468 39.0292 0
      vertex -14.884 31.3949 0
      vertex -14.884 39.4933 0
    endloop
  endfacet
  facet normal 0 0 -1
    outer loop
      vertex -11.468 39.0292 0
      vertex -14.4639 63.3703 0
      vertex -11.6062 63.9554 0
    endloop
  endfacet
  facet normal 0 0 -1
    outer loop
      vertex -14.884 39.4933 0
      vertex -17.2924 62.6576 0
      vertex -14.4639 63.3703 0
    endloop
  endfacet
  facet normal 0 0 -1
    outer loop
      vertex -18.3 39.954 0
      vertex -17.2924 62.6576 0
      vertex -14.884 39.4933 0
    endloop
  endfacet
  facet normal 0 0 -1
    outer loop
      vertex -18.3 39.954 0
      vertex -20.0861 61.8187 0
      vertex -17.2924 62.6576 0
    endloop
  endfacet
  facet normal 0 0 -1
    outer loop
      vertex -22.8394 60.8553 0
      vertex -18.3 39.954 0
      vertex -20.496 40.1945 0
    endloop
  endfacet
  facet normal 0 0 -1
    outer loop
      vertex -24.4 33.45 0
      vertex -20.496 40.1945 0
      vertex -21.6327 33.2923 0
    endloop
  endfacet
  facet normal 0 -0 -1
    outer loop
      vertex -25.5466 59.7693 0
      vertex -20.496 40.1945 0
      vertex -25.986 40.7294 0
    endloop
  endfacet
  facet normal -0 0 -1
    outer loop
      vertex -20.496 40.1945 0
      vertex -24.4 33.45 0
      vertex -25.986 40.7294 0
    endloop
  endfacet
  facet normal 0 0 -1
    outer loop
      vertex -18.3 39.954 0
      vertex -22.8394 60.8553 0
      vertex -20.0861 61.8187 0
    endloop
  endfacet
  facet normal 0 0 -1
    outer loop
      vertex -25.986 40.7294 0
      vertex -24.4 33.45 0
      vertex -25.986 33.3596 0
    endloop
  endfacet
  facet normal 0 0 -1
    outer loop
      vertex -20.496 40.1945 0
      vertex -25.5466 59.7693 0
      vertex -22.8394 60.8553 0
    endloop
  endfacet
  facet normal 0 0 -1
    outer loop
      vertex -25.986 40.7294 0
      vertex -28.2024 58.563 0
      vertex -25.5466 59.7693 0
    endloop
  endfacet
  facet normal 0 0 -1
    outer loop
      vertex -30.8015 57.2387 0
      vertex -25.986 40.7294 0
      vertex -30.5 41.0343 0
    endloop
  endfacet
  facet normal 0 0 -1
    outer loop
      vertex -25.986 40.7294 0
      vertex -30.8015 57.2387 0
      vertex -28.2024 58.563 0
    endloop
  endfacet
  facet normal 0 0 -1
    outer loop
      vertex -35.8083 54.2473 0
      vertex -30.5 41.0343 0
      vertex -31.598 41.0511 0
    endloop
  endfacet
  facet normal 0 0 -1
    outer loop
      vertex -35.014 41.1034 0
      vertex -31.598 41.0511 0
      vertex -32.4311 32.0538 0
    endloop
  endfacet
  facet normal 0 0 -1
    outer loop
      vertex -38.206 52.5861 0
      vertex -31.598 41.0511 0
      vertex -35.014 41.1034 0
    endloop
  endfacet
  facet normal 0 0 -1
    outer loop
      vertex -35.014 41.1034 0
      vertex -32.4311 32.0538 0
      vertex -34.7979 31.0035 0
    endloop
  endfacet
  facet normal 0 0 -1
    outer loop
      vertex -35.014 41.1034 0
      vertex -34.7979 31.0035 0
      vertex -35.014 30.8699 0
    endloop
  endfacet
  facet normal 0 0 -1
    outer loop
      vertex -30.5 41.0343 0
      vertex -33.3384 55.7992 0
      vertex -30.8015 57.2387 0
    endloop
  endfacet
  facet normal 0 0 -1
    outer loop
      vertex -30.5 41.0343 0
      vertex -35.8083 54.2473 0
      vertex -33.3384 55.7992 0
    endloop
  endfacet
  facet normal 0 0 -1
    outer loop
      vertex -38.206 52.5861 0
      vertex -35.014 41.1034 0
      vertex -36.6 41.1276 0
    endloop
  endfacet
  facet normal 0 0 -1
    outer loop
      vertex -31.598 41.0511 0
      vertex -38.206 52.5861 0
      vertex -35.8083 54.2473 0
    endloop
  endfacet
  facet normal 0 0 -1
    outer loop
      vertex -36.6 41.1276 0
      vertex -40.5268 50.819 0
      vertex -38.206 52.5861 0
    endloop
  endfacet
  facet normal 0 0 -1
    outer loop
      vertex -42.766 48.9496 0
      vertex -36.6 41.1276 0
      vertex -40.626 40.9694 0
    endloop
  endfacet
  facet normal 0 0 -1
    outer loop
      vertex -43.2537 29.5947 0
      vertex -40.626 25.6443 0
      vertex -43.188 29.18 0
    endloop
  endfacet
  facet normal 0 0 -1
    outer loop
      vertex -43.6218 24.0289 0
      vertex -41.2242 24.5985 0
      vertex -41.8722 22.6439 0
    endloop
  endfacet
  facet normal 0 0 -1
    outer loop
      vertex -43.3477 22.2924 0
      vertex -41.8722 22.6439 0
      vertex -42.09 20.64 0
    endloop
  endfacet
  facet normal 0 0 -1
    outer loop
      vertex -43.3477 22.2924 0
      vertex -42.09 20.64 0
      vertex -42.7166 20.6205 0
    endloop
  endfacet
  facet normal 0 0 -1
    outer loop
      vertex -40.626 25.6443 0
      vertex -43.2537 29.5947 0
      vertex -40.626 40.9694 0
    endloop
  endfacet
  facet normal 0 0 -1
    outer loop
      vertex -36.6 41.1276 0
      vertex -42.766 48.9496 0
      vertex -40.5268 50.819 0
    endloop
  endfacet
  facet normal -0 0 -1
    outer loop
      vertex -41.8722 22.6439 0
      vertex -43.3477 22.2924 0
      vertex -43.6218 24.0289 0
    endloop
  endfacet
  facet normal 0 0 -1
    outer loop
      vertex -40.626 25.6443 0
      vertex -43.5913 26.4689 0
      vertex -43.188 29.18 0
    endloop
  endfacet
  facet normal -0 0 -1
    outer loop
      vertex -41.2242 24.5985 0
      vertex -43.6218 24.0289 0
      vertex -43.5913 26.4689 0
    endloop
  endfacet
  facet normal 0 0 -1
    outer loop
      vertex -3.30116 37.935 0
      vertex -1.2 64.9731 0
      vertex -0.189514 37.5518 0
    endloop
  endfacet
  facet normal 0 0 -1
    outer loop
      vertex -1.2 64.9731 0
      vertex -3.30116 37.935 0
      vertex -2.9162 64.9345 0
    endloop
  endfacet
  facet normal 0 0 -1
    outer loop
      vertex -5.85597 38.2496 0
      vertex -3.30116 37.935 0
      vertex -5.1588 31.8096 0
    endloop
  endfacet
  facet normal 0 0 -1
    outer loop
      vertex -3.30116 37.935 0
      vertex -5.85597 38.2496 0
      vertex -2.9162 64.9345 0
    endloop
  endfacet
  facet normal -0 0 -1
    outer loop
      vertex 11.3002 -5.97124 0
      vertex -5.96423 -40.2242 0
      vertex 10.45 -5.89117 0
    endloop
  endfacet
  facet normal -0 0 -1
    outer loop
      vertex 10.45 -5.89117 0
      vertex -5.96423 -40.2242 0
      vertex 9.95523 -5.81281 0
    endloop
  endfacet
  facet normal 0 0 -1
    outer loop
      vertex -6.77768 -48.4833 0
      vertex -1.2 -64.9731 0
      vertex -2.9162 -64.9345 0
    endloop
  endfacet
  facet normal 0 0 -1
    outer loop
      vertex -6.77768 -39.5567 0
      vertex 9.95523 -5.81281 0
      vertex -5.96423 -40.2242 0
    endloop
  endfacet
  facet normal -0 0 -1
    outer loop
      vertex 9.95523 -5.81281 0
      vertex -6.77768 -39.5567 0
      vertex 9.02588 -5.51236 0
    endloop
  endfacet
  facet normal 0 0 -1
    outer loop
      vertex -1.2 -64.9731 0
      vertex -4.49513 -45.0672 0
      vertex -4.39198 -44.02 0
    endloop
  endfacet
  facet normal 0 0 -1
    outer loop
      vertex -1.2 -64.9731 0
      vertex -4.8006 -46.0742 0
      vertex -4.49513 -45.0672 0
    endloop
  endfacet
  facet normal 0 0 -1
    outer loop
      vertex -1.2 -64.9731 0
      vertex -5.29665 -47.0023 0
      vertex -4.8006 -46.0742 0
    endloop
  endfacet
  facet normal 0 0 -1
    outer loop
      vertex -7.70575 -48.9794 0
      vertex -2.9162 -64.9345 0
      vertex -5.82655 -64.7383 0
    endloop
  endfacet
  facet normal 0 0 -1
    outer loop
      vertex -1.2 -64.9731 0
      vertex -5.96423 -47.8157 0
      vertex -5.29665 -47.0023 0
    endloop
  endfacet
  facet normal 0 0 -1
    outer loop
      vertex -1.2 -64.9731 0
      vertex -6.77768 -48.4833 0
      vertex -5.96423 -47.8157 0
    endloop
  endfacet
  facet normal 0 0 -1
    outer loop
      vertex -2.9162 -64.9345 0
      vertex -7.70575 -48.9794 0
      vertex -6.77768 -48.4833 0
    endloop
  endfacet
  facet normal 0 0 -1
    outer loop
      vertex -5.82655 -64.7383 0
      vertex -8.71275 -49.2848 0
      vertex -7.70575 -48.9794 0
    endloop
  endfacet
  facet normal 0 0 -1
    outer loop
      vertex -8.72516 -64.4117 0
      vertex -8.71275 -49.2848 0
      vertex -5.82655 -64.7383 0
    endloop
  endfacet
  facet normal 0 0 -1
    outer loop
      vertex -8.72516 -64.4117 0
      vertex -9.75999 -49.388 0
      vertex -8.71275 -49.2848 0
    endloop
  endfacet
  facet normal 0 0 -1
    outer loop
      vertex -11.6062 -63.9554 0
      vertex -9.75999 -49.388 0
      vertex -8.72516 -64.4117 0
    endloop
  endfacet
  facet normal -0 0 -1
    outer loop
      vertex -9.75999 -49.388 0
      vertex -11.6062 -63.9554 0
      vertex -10.8072 -49.2848 0
    endloop
  endfacet
  facet normal 0 0 -1
    outer loop
      vertex -14.4639 -63.3703 0
      vertex -10.8072 -49.2848 0
      vertex -11.6062 -63.9554 0
    endloop
  endfacet
  facet normal -0 0 -1
    outer loop
      vertex -10.8072 -49.2848 0
      vertex -14.4639 -63.3703 0
      vertex -11.8142 -48.9794 0
    endloop
  endfacet
  facet normal 0 0 -1
    outer loop
      vertex -17.2924 -62.6576 0
      vertex -11.8142 -48.9794 0
      vertex -14.4639 -63.3703 0
    endloop
  endfacet
  facet normal -0 0 -1
    outer loop
      vertex -11.8142 -48.9794 0
      vertex -17.2924 -62.6576 0
      vertex -12.7423 -48.4833 0
    endloop
  endfacet
  facet normal 0 0 -1
    outer loop
      vertex -20.0861 -61.8187 0
      vertex -12.7423 -48.4833 0
      vertex -17.2924 -62.6576 0
    endloop
  endfacet
  facet normal -0 0 -1
    outer loop
      vertex -12.7423 -48.4833 0
      vertex -20.0861 -61.8187 0
      vertex -13.5557 -47.8157 0
    endloop
  endfacet
  facet normal 0 0 -1
    outer loop
      vertex -22.8394 -60.8553 0
      vertex -13.5557 -47.8157 0
      vertex -20.0861 -61.8187 0
    endloop
  endfacet
  facet normal -0 0 -1
    outer loop
      vertex -13.5557 -47.8157 0
      vertex -22.8394 -60.8553 0
      vertex -14.2233 -47.0023 0
    endloop
  endfacet
  facet normal 0 0 -1
    outer loop
      vertex -14.7194 -41.9657 0
      vertex -16.5708 6.92548 0
      vertex -15.874 5.70474 0
    endloop
  endfacet
  facet normal 0 0 -1
    outer loop
      vertex -15.0248 -42.9727 0
      vertex -18.971 -6.2 0
      vertex -16.5708 6.92548 0
    endloop
  endfacet
  facet normal 0 0 -1
    outer loop
      vertex -25.5466 -59.7693 0
      vertex -14.2233 -47.0023 0
      vertex -22.8394 -60.8553 0
    endloop
  endfacet
  facet normal -0 0 -1
    outer loop
      vertex -14.2233 -47.0023 0
      vertex -25.5466 -59.7693 0
      vertex -14.7194 -46.0742 0
    endloop
  endfacet
  facet normal 0 0 -1
    outer loop
      vertex -18.9979 -6.03035 0
      vertex -16.5708 6.92548 0
      vertex -18.971 -6.2 0
    endloop
  endfacet
  facet normal 0 0 -1
    outer loop
      vertex -19.0759 -5.8773 0
      vertex -16.5708 6.92548 0
      vertex -18.9979 -6.03035 0
    endloop
  endfacet
  facet normal 0 0 -1
    outer loop
      vertex -19.1973 -5.75586 0
      vertex -16.5708 6.92548 0
      vertex -19.0759 -5.8773 0
    endloop
  endfacet
  facet normal 0 0 -1
    outer loop
      vertex -15.0248 -42.9727 0
      vertex -18.9979 -6.36966 0
      vertex -18.971 -6.2 0
    endloop
  endfacet
  facet normal 0 0 -1
    outer loop
      vertex -15.0248 -42.9727 0
      vertex -19.0759 -6.52269 0
      vertex -18.9979 -6.36966 0
    endloop
  endfacet
  facet normal 0 0 -1
    outer loop
      vertex -15.0248 -42.9727 0
      vertex -25.0979 -20.3996 0
      vertex -25.071 -20.23 0
    endloop
  endfacet
  facet normal 0 0 -1
    outer loop
      vertex -28.2024 -58.563 0
      vertex -14.7194 -46.0742 0
      vertex -25.5466 -59.7693 0
    endloop
  endfacet
  facet normal 0 0 -1
    outer loop
      vertex -15.0248 -42.9727 0
      vertex -25.071 -20.23 0
      vertex -19.0759 -6.52269 0
    endloop
  endfacet
  facet normal 0 0 -1
    outer loop
      vertex -30.8015 -57.2387 0
      vertex -14.7194 -46.0742 0
      vertex -28.2024 -58.563 0
    endloop
  endfacet
  facet normal 0 0 -1
    outer loop
      vertex -19.0759 -6.52269 0
      vertex -25.071 -20.23 0
      vertex -19.1973 -6.64415 0
    endloop
  endfacet
  facet normal 0 0 -1
    outer loop
      vertex -25.0979 -20.0603 0
      vertex -21.1261 -8.49101 0
      vertex -25.071 -20.23 0
    endloop
  endfacet
  facet normal 0 0 -1
    outer loop
      vertex -21.1261 -8.49101 0
      vertex -25.0979 -20.0603 0
      vertex -23.0548 -10.0837 0
    endloop
  endfacet
  facet normal 0 0 -1
    outer loop
      vertex -19.1973 -6.64415 0
      vertex -25.071 -20.23 0
      vertex -21.1261 -8.49101 0
    endloop
  endfacet
  facet normal 0 0 -1
    outer loop
      vertex -15.0248 -42.9727 0
      vertex -25.1759 -20.5527 0
      vertex -25.0979 -20.3996 0
    endloop
  endfacet
  facet normal 0 0 -1
    outer loop
      vertex -15.0248 -42.9727 0
      vertex -25.2973 -20.6741 0
      vertex -25.1759 -20.5527 0
    endloop
  endfacet
  facet normal -0 0 -1
    outer loop
      vertex -14.7194 -46.0742 0
      vertex -30.8015 -57.2387 0
      vertex -15.0248 -45.0672 0
    endloop
  endfacet
  facet normal 0 0 -1
    outer loop
      vertex -15.0248 -42.9727 0
      vertex -26.6245 -21.3984 0
      vertex -25.2973 -20.6741 0
    endloop
  endfacet
  facet normal 0 0 -1
    outer loop
      vertex -15.0248 -42.9727 0
      vertex -26.8272 -21.5017 0
      vertex -26.6245 -21.3984 0
    endloop
  endfacet
  facet normal 0 0 -1
    outer loop
      vertex -33.3384 -55.7992 0
      vertex -15.0248 -45.0672 0
      vertex -30.8015 -57.2387 0
    endloop
  endfacet
  facet normal -0 0 -1
    outer loop
      vertex -15.0248 -45.0672 0
      vertex -33.3384 -55.7992 0
      vertex -15.128 -44.02 0
    endloop
  endfacet
  facet normal 0 0 -1
    outer loop
      vertex -15.0248 -42.9727 0
      vertex -28.2209 -21.9886 0
      vertex -26.8272 -21.5017 0
    endloop
  endfacet
  facet normal 0 0 -1
    outer loop
      vertex -35.8083 -54.2473 0
      vertex -15.128 -44.02 0
      vertex -33.3384 -55.7992 0
    endloop
  endfacet
  facet normal 0 0 -1
    outer loop
      vertex -15.0248 -42.9727 0
      vertex -37.4973 -26.7741 0
      vertex -37.3759 -26.6527 0
    endloop
  endfacet
  facet normal 0 -0 -1
    outer loop
      vertex -29.6317 -22.2129 0
      vertex -15.0248 -42.9727 0
      vertex -37.3759 -26.6527 0
    endloop
  endfacet
  facet normal 0 0 -1
    outer loop
      vertex -29.6317 -22.2129 0
      vertex -37.3759 -26.6527 0
      vertex -29.9662 -22.2659 0
    endloop
  endfacet
  facet normal 0 -0 -1
    outer loop
      vertex -37.2979 -26.4996 0
      vertex -29.9662 -22.2659 0
      vertex -37.3759 -26.6527 0
    endloop
  endfacet
  facet normal -0 0 -1
    outer loop
      vertex -29.9662 -22.2659 0
      vertex -37.2979 -26.4996 0
      vertex -31.4489 -22.2362 0
    endloop
  endfacet
  facet normal 0 -0 -1
    outer loop
      vertex -37.271 -26.33 0
      vertex -31.4489 -22.2362 0
      vertex -37.2979 -26.4996 0
    endloop
  endfacet
  facet normal -0 0 -1
    outer loop
      vertex -31.8385 -22.1745 0
      vertex -37.271 -26.33 0
      vertex -33.393 -21.8735 0
    endloop
  endfacet
  facet normal 0 0 -1
    outer loop
      vertex -15.0248 -42.9727 0
      vertex -35.8083 -54.2473 0
      vertex -38.206 -52.5861 0
    endloop
  endfacet
  facet normal 0 0 -1
    outer loop
      vertex -37.2979 -26.1603 0
      vertex -33.393 -21.8735 0
      vertex -37.271 -26.33 0
    endloop
  endfacet
  facet normal -0 0 -1
    outer loop
      vertex -33.393 -21.8735 0
      vertex -37.3759 -26.0073 0
      vertex -34.9645 -21.3099 0
    endloop
  endfacet
  facet normal 0 0 -1
    outer loop
      vertex -37.3759 -26.0073 0
      vertex -33.393 -21.8735 0
      vertex -37.2979 -26.1603 0
    endloop
  endfacet
  facet normal -0 0 -1
    outer loop
      vertex -31.4489 -22.2362 0
      vertex -37.271 -26.33 0
      vertex -31.8385 -22.1745 0
    endloop
  endfacet
  facet normal 0 0 -1
    outer loop
      vertex -15.0248 -42.9727 0
      vertex -29.6317 -22.2129 0
      vertex -28.2209 -21.9886 0
    endloop
  endfacet
  facet normal -0 0 -1
    outer loop
      vertex -15.0248 -42.9727 0
      vertex -38.206 -52.5861 0
      vertex -37.4973 -26.7741 0
    endloop
  endfacet
  facet normal 0 0 -1
    outer loop
      vertex -40.5268 -50.819 0
      vertex -37.4973 -26.7741 0
      vertex -38.206 -52.5861 0
    endloop
  endfacet
  facet normal 0 0 -1
    outer loop
      vertex -37.4973 -26.7741 0
      vertex -40.5268 -50.819 0
      vertex -37.6503 -26.8521 0
    endloop
  endfacet
  facet normal 0 0 -1
    outer loop
      vertex -37.6503 -26.8521 0
      vertex -40.5268 -50.819 0
      vertex -38.0105 -27.0001 0
    endloop
  endfacet
  facet normal 0 0 -1
    outer loop
      vertex -42.766 -48.9496 0
      vertex -38.0105 -27.0001 0
      vertex -40.5268 -50.819 0
    endloop
  endfacet
  facet normal 0 0 -1
    outer loop
      vertex -44.9191 -46.9817 0
      vertex -38.0105 -27.0001 0
      vertex -42.766 -48.9496 0
    endloop
  endfacet
  facet normal 0 0 -1
    outer loop
      vertex -38.0105 -27.0001 0
      vertex -44.9191 -46.9817 0
      vertex -38.2351 -27.0357 0
    endloop
  endfacet
  facet normal 0 0 -1
    outer loop
      vertex -46.9817 -44.9191 0
      vertex -38.2351 -27.0357 0
      vertex -44.9191 -46.9817 0
    endloop
  endfacet
  facet normal -0 0 -1
    outer loop
      vertex -38.2351 -27.0357 0
      vertex -46.9817 -44.9191 0
      vertex -38.4598 -27.0001 0
    endloop
  endfacet
  facet normal 0 0 -1
    outer loop
      vertex -48.9496 -42.766 0
      vertex -38.4598 -27.0001 0
      vertex -46.9817 -44.9191 0
    endloop
  endfacet
  facet normal -0 0 -1
    outer loop
      vertex -38.4598 -27.0001 0
      vertex -48.9496 -42.766 0
      vertex -38.9468 -26.9025 0
    endloop
  endfacet
  facet normal 0 0 -1
    outer loop
      vertex -50.819 -40.5268 0
      vertex -38.9468 -26.9025 0
      vertex -48.9496 -42.766 0
    endloop
  endfacet
  facet normal -0 0 -1
    outer loop
      vertex -38.9468 -26.9025 0
      vertex -50.819 -40.5268 0
      vertex -39.1991 -26.774 0
    endloop
  endfacet
  facet normal -0 0 -1
    outer loop
      vertex -39.1991 -26.774 0
      vertex -50.819 -40.5268 0
      vertex -39.7527 -26.4053 0
    endloop
  endfacet
  facet normal 0 0 -1
    outer loop
      vertex -52.5861 -38.206 0
      vertex -39.7527 -26.4053 0
      vertex -50.819 -40.5268 0
    endloop
  endfacet
  facet normal -0 0 -1
    outer loop
      vertex -39.7527 -26.4053 0
      vertex -52.5861 -38.206 0
      vertex -39.9922 -26.1658 0
    endloop
  endfacet
  facet normal 0 0 -1
    outer loop
      vertex -54.2473 -35.8083 0
      vertex -39.9922 -26.1658 0
      vertex -52.5861 -38.206 0
    endloop
  endfacet
  facet normal -0 0 -1
    outer loop
      vertex -39.9922 -26.1658 0
      vertex -54.2473 -35.8083 0
      vertex -40.6021 -25.5121 0
    endloop
  endfacet
  facet normal 0 0 -1
    outer loop
      vertex -43.4914 -19.8906 0
      vertex -45.3065 -19.5593 0
      vertex -44.2112 -17.9588 0
    endloop
  endfacet
  facet normal 0 0 -1
    outer loop
      vertex -44.2112 -17.9588 0
      vertex -44.3154 -17.9101 0
      vertex -44.2627 -17.8067 0
    endloop
  endfacet
  facet normal 0 -0 -1
    outer loop
      vertex -50.5793 -24.0723 0
      vertex -40.6021 -25.5121 0
      vertex -54.2473 -35.8083 0
    endloop
  endfacet
  facet normal -0 0 -1
    outer loop
      vertex -44.2112 -17.9588 0
      vertex -45.3065 -19.5593 0
      vertex -44.3154 -17.9101 0
    endloop
  endfacet
  facet normal -0 0 -1
    outer loop
      vertex -43.4914 -19.8906 0
      vertex -46.3655 -20.9543 0
      vertex -45.3065 -19.5593 0
    endloop
  endfacet
  facet normal 0 0 -1
    outer loop
      vertex -40.6021 -25.5121 0
      vertex -49.005 -23.3001 0
      vertex -41.229 -24.6127 0
    endloop
  endfacet
  facet normal 0 0 -1
    outer loop
      vertex -42.7884 -21.5766 0
      vertex -46.3655 -20.9543 0
      vertex -43.4914 -19.8906 0
    endloop
  endfacet
  facet normal 0 0 -1
    outer loop
      vertex -42.1024 -23.017 0
      vertex -47.4922 -22.0951 0
      vertex -42.7884 -21.5766 0
    endloop
  endfacet
  facet normal 0 -0 -1
    outer loop
      vertex -46.3655 -20.9543 0
      vertex -42.7884 -21.5766 0
      vertex -47.4922 -22.0951 0
    endloop
  endfacet
  facet normal 0 -0 -1
    outer loop
      vertex -47.8498 -22.4528 0
      vertex -41.229 -24.6127 0
      vertex -49.005 -23.3001 0
    endloop
  endfacet
  facet normal 0 -0 -1
    outer loop
      vertex -47.4922 -22.0951 0
      vertex -42.1024 -23.017 0
      vertex -47.8498 -22.4528 0
    endloop
  endfacet
  facet normal 0 0 -1
    outer loop
      vertex -41.8728 -23.4676 0
      vertex -47.8498 -22.4528 0
      vertex -42.1024 -23.017 0
    endloop
  endfacet
  facet normal 0 0 -1
    outer loop
      vertex -41.229 -24.6127 0
      vertex -47.8498 -22.4528 0
      vertex -41.8728 -23.4676 0
    endloop
  endfacet
  facet normal 0 -0 -1
    outer loop
      vertex -49.005 -23.3001 0
      vertex -40.6021 -25.5121 0
      vertex -49.406 -23.5044 0
    endloop
  endfacet
  facet normal 0 -0 -1
    outer loop
      vertex -49.406 -23.5044 0
      vertex -40.6021 -25.5121 0
      vertex -50.5793 -24.0723 0
    endloop
  endfacet
  facet normal 0 0 -1
    outer loop
      vertex -55.678 -33.5313 0
      vertex -50.5793 -24.0723 0
      vertex -54.2473 -35.8083 0
    endloop
  endfacet
  facet normal 0 0 -1
    outer loop
      vertex -50.5793 -24.0723 0
      vertex -55.678 -33.5313 0
      vertex -51.8204 -24.386 0
    endloop
  endfacet
  facet normal 0 0 -1
    outer loop
      vertex -51.8204 -24.386 0
      vertex -55.678 -33.5313 0
      vertex -52.155 -24.439 0
    endloop
  endfacet
  facet normal 0 0 -1
    outer loop
      vertex -56.8713 -31.449 0
      vertex -52.155 -24.439 0
      vertex -55.678 -33.5313 0
    endloop
  endfacet
  facet normal 0 0 -1
    outer loop
      vertex -52.155 -24.439 0
      vertex -56.8713 -31.449 0
      vertex -53.4089 -24.4898 0
    endloop
  endfacet
  facet normal 0 0 -1
    outer loop
      vertex -57.2387 -30.8015 0
      vertex -53.4089 -24.4898 0
      vertex -56.8713 -31.449 0
    endloop
  endfacet
  facet normal -0 0 -1
    outer loop
      vertex -53.4089 -24.4898 0
      vertex -57.2387 -30.8015 0
      vertex -54.7305 -24.2865 0
    endloop
  endfacet
  facet normal 0 0 -1
    outer loop
      vertex -58.563 -28.2024 0
      vertex -54.7305 -24.2865 0
      vertex -57.2387 -30.8015 0
    endloop
  endfacet
  facet normal -0 0 -1
    outer loop
      vertex -54.7305 -24.2865 0
      vertex -58.563 -28.2024 0
      vertex -54.9552 -24.2509 0
    endloop
  endfacet
  facet normal -0 0 -1
    outer loop
      vertex -54.9552 -24.2509 0
      vertex -58.563 -28.2024 0
      vertex -56.2896 -23.8021 0
    endloop
  endfacet
  facet normal 0 0 -1
    outer loop
      vertex -59.7693 -25.5466 0
      vertex -56.2896 -23.8021 0
      vertex -58.563 -28.2024 0
    endloop
  endfacet
  facet normal -0 0 -1
    outer loop
      vertex -56.2896 -23.8021 0
      vertex -59.7693 -25.5466 0
      vertex -56.4427 -23.7241 0
    endloop
  endfacet
  facet normal 0 0 -1
    outer loop
      vertex -58.2772 -35.032 0
      vertex -56.8713 -31.449 0
      vertex -55.678 -33.5313 0
    endloop
  endfacet
  facet normal 0 0 -1
    outer loop
      vertex -56.8713 -31.449 0
      vertex -58.2772 -35.032 0
      vertex -59.4688 -32.9487 0
    endloop
  endfacet
  facet normal 0 0 -1
    outer loop
      vertex -7.70575 -39.0606 0
      vertex 9.02588 -5.51236 0
      vertex -6.77768 -39.5567 0
    endloop
  endfacet
  facet normal -0 0 -1
    outer loop
      vertex 9.02588 -5.51236 0
      vertex -7.70575 -39.0606 0
      vertex 8.58376 -5.28708 0
    endloop
  endfacet
  facet normal 0 0 -1
    outer loop
      vertex 8.23289 -4.9362 0
      vertex -1.66904 5.7773 0
      vertex -0.363205 6.52747 0
    endloop
  endfacet
  facet normal 0 0 -1
    outer loop
      vertex -8.71275 -38.7551 0
      vertex 8.58376 -5.28708 0
      vertex -7.70575 -39.0606 0
    endloop
  endfacet
  facet normal 0 0 -1
    outer loop
      vertex 8.23289 -4.9362 0
      vertex -3.08398 5.22783 0
      vertex -1.66904 5.7773 0
    endloop
  endfacet
  facet normal -0 0 -1
    outer loop
      vertex 8.58376 -5.28708 0
      vertex -8.71275 -38.7551 0
      vertex 8.23289 -4.9362 0
    endloop
  endfacet
  facet normal 0 -0 -1
    outer loop
      vertex -4.57318 4.89265 0
      vertex 8.23289 -4.9362 0
      vertex -8.35681 3.18086 0
    endloop
  endfacet
  facet normal 0 -0 -1
    outer loop
      vertex -7.52762 3.88925 0
      vertex -4.57318 4.89265 0
      vertex -8.35681 3.18086 0
    endloop
  endfacet
  facet normal 0 0 -1
    outer loop
      vertex -6.09999 4.78 0
      vertex -6.79846 4.7998 0
      vertex -6.78137 4.83028 0
    endloop
  endfacet
  facet normal -0 0 -1
    outer loop
      vertex -6.09999 4.78 0
      vertex -7.52762 3.88925 0
      vertex -6.79846 4.7998 0
    endloop
  endfacet
  facet normal 0 0 -1
    outer loop
      vertex 8.23289 -4.9362 0
      vertex -4.57318 4.89265 0
      vertex -3.08398 5.22783 0
    endloop
  endfacet
  facet normal 0 0 -1
    outer loop
      vertex -4.57318 4.89265 0
      vertex -7.52762 3.88925 0
      vertex -6.09999 4.78 0
    endloop
  endfacet
  facet normal 0 0 -1
    outer loop
      vertex -9.75999 -38.652 0
      vertex 8.23289 -4.9362 0
      vertex -8.71275 -38.7551 0
    endloop
  endfacet
  facet normal 0 0 -1
    outer loop
      vertex 8.23289 -4.9362 0
      vertex -9.26561 2.69209 0
      vertex -8.35681 3.18086 0
    endloop
  endfacet
  facet normal -0 0 -1
    outer loop
      vertex 8.23289 -4.9362 0
      vertex -9.75999 -38.652 0
      vertex -10.2317 2.43498 0
    endloop
  endfacet
  facet normal 0 0 -1
    outer loop
      vertex 8.23289 -4.9362 0
      vertex -10.2317 2.43498 0
      vertex -9.26561 2.69209 0
    endloop
  endfacet
  facet normal 0 0 -1
    outer loop
      vertex -11.2311 2.41585 0
      vertex -9.75999 -38.652 0
      vertex -10.8072 -38.7551 0
    endloop
  endfacet
  facet normal 0 0 -1
    outer loop
      vertex -9.75999 -38.652 0
      vertex -11.2311 2.41585 0
      vertex -10.2317 2.43498 0
    endloop
  endfacet
  facet normal 0 0 -1
    outer loop
      vertex -12.2395 2.63518 0
      vertex -10.8072 -38.7551 0
      vertex -11.8142 -39.0606 0
    endloop
  endfacet
  facet normal 0 0 -1
    outer loop
      vertex -10.8072 -38.7551 0
      vertex -12.2395 2.63518 0
      vertex -11.2311 2.41585 0
    endloop
  endfacet
  facet normal 0 0 -1
    outer loop
      vertex -13.2318 3.08759 0
      vertex -11.8142 -39.0606 0
      vertex -12.7423 -39.5567 0
    endloop
  endfacet
  facet normal 0 0 -1
    outer loop
      vertex -11.8142 -39.0606 0
      vertex -13.2318 3.08759 0
      vertex -12.2395 2.63518 0
    endloop
  endfacet
  facet normal 0 0 -1
    outer loop
      vertex -14.1837 3.76189 0
      vertex -12.7423 -39.5567 0
      vertex -13.5557 -40.2242 0
    endloop
  endfacet
  facet normal 0 0 -1
    outer loop
      vertex -12.7423 -39.5567 0
      vertex -14.1837 3.76189 0
      vertex -13.2318 3.08759 0
    endloop
  endfacet
  facet normal 0 0 -1
    outer loop
      vertex -15.0717 4.64149 0
      vertex -13.5557 -40.2242 0
      vertex -14.2233 -41.0377 0
    endloop
  endfacet
  facet normal 0 0 -1
    outer loop
      vertex -15.874 5.70474 0
      vertex -14.2233 -41.0377 0
      vertex -14.7194 -41.9657 0
    endloop
  endfacet
  facet normal 0 0 -1
    outer loop
      vertex -16.5708 6.92548 0
      vertex -14.7194 -41.9657 0
      vertex -15.0248 -42.9727 0
    endloop
  endfacet
  facet normal 0 0 -1
    outer loop
      vertex -13.5557 -40.2242 0
      vertex -15.0717 4.64149 0
      vertex -14.1837 3.76189 0
    endloop
  endfacet
  facet normal 0 0 -1
    outer loop
      vertex -35.8083 -54.2473 0
      vertex -15.0248 -42.9727 0
      vertex -15.128 -44.02 0
    endloop
  endfacet
  facet normal 0 0 -1
    outer loop
      vertex -14.2233 -41.0377 0
      vertex -15.874 5.70474 0
      vertex -15.0717 4.64149 0
    endloop
  endfacet
  facet normal 0 0 -1
    outer loop
      vertex -19.3503 -5.67787 0
      vertex -16.5708 6.92548 0
      vertex -19.1973 -5.75586 0
    endloop
  endfacet
  facet normal 0 0 -1
    outer loop
      vertex -19.52 -5.651 0
      vertex -16.5708 6.92548 0
      vertex -19.3503 -5.67787 0
    endloop
  endfacet
  facet normal 0 0 -1
    outer loop
      vertex -21.6327 7.98769 0
      vertex -16.5708 6.92548 0
      vertex -19.52 -5.651 0
    endloop
  endfacet
  facet normal 0 0 -1
    outer loop
      vertex -17.145 8.27362 0
      vertex -18.9335 8.45695 0
      vertex -17.3451 8.93338 0
    endloop
  endfacet
  facet normal 0 0 -1
    outer loop
      vertex -16.5708 6.92548 0
      vertex -18.9335 8.45695 0
      vertex -17.145 8.27362 0
    endloop
  endfacet
  facet normal 0 0 -1
    outer loop
      vertex -21.6327 7.98769 0
      vertex -19.52 -5.651 0
      vertex -19.6897 -5.67787 0
    endloop
  endfacet
  facet normal 0 0 -1
    outer loop
      vertex -24.4 7.82999 0
      vertex -19.6897 -5.67787 0
      vertex -19.8427 -5.75586 0
    endloop
  endfacet
  facet normal 0 0 -1
    outer loop
      vertex -16.5708 6.92548 0
      vertex -21.6327 7.98769 0
      vertex -18.9335 8.45695 0
    endloop
  endfacet
  facet normal 0 0 -1
    outer loop
      vertex -24.4 7.82999 0
      vertex -19.8427 -5.75586 0
      vertex -21.9806 -7.31483 0
    endloop
  endfacet
  facet normal 0 0 -1
    outer loop
      vertex -27.1673 7.98769 0
      vertex -21.9806 -7.31483 0
      vertex -24.0794 -8.59576 0
    endloop
  endfacet
  facet normal 0 0 -1
    outer loop
      vertex -19.6897 -5.67787 0
      vertex -24.4 7.82999 0
      vertex -21.6327 7.98769 0
    endloop
  endfacet
  facet normal 0 0 -1
    outer loop
      vertex -27.1673 7.98769 0
      vertex -24.0794 -8.59576 0
      vertex -25.9546 -9.51649 0
    endloop
  endfacet
  facet normal 0 0 -1
    outer loop
      vertex -21.9806 -7.31483 0
      vertex -27.1673 7.98769 0
      vertex -24.4 7.82999 0
    endloop
  endfacet
  facet normal 0 0 -1
    outer loop
      vertex -29.8665 8.45695 0
      vertex -25.9546 -9.51649 0
      vertex -28.0429 -10.2877 0
    endloop
  endfacet
  facet normal 0 0 -1
    outer loop
      vertex -25.9546 -9.51649 0
      vertex -29.8665 8.45695 0
      vertex -27.1673 7.98769 0
    endloop
  endfacet
  facet normal 0 0 -1
    outer loop
      vertex -30.0102 -10.7747 0
      vertex -29.8665 8.45695 0
      vertex -28.0429 -10.2877 0
    endloop
  endfacet
  facet normal 0 0 -1
    outer loop
      vertex -31.72 -10.9885 0
      vertex -29.8665 8.45695 0
      vertex -30.0102 -10.7747 0
    endloop
  endfacet
  facet normal 0 0 -1
    outer loop
      vertex -33.7533 -10.9885 0
      vertex -29.8665 8.45695 0
      vertex -31.72 -10.9885 0
    endloop
  endfacet
  facet normal 0 0 -1
    outer loop
      vertex -40.5642 -7.42188 0
      vertex -29.8665 8.45695 0
      vertex -33.7533 -10.9885 0
    endloop
  endfacet
  facet normal 0 0 -1
    outer loop
      vertex -40.9869 -6.92691 0
      vertex -29.8665 8.45695 0
      vertex -40.5642 -7.42188 0
    endloop
  endfacet
  facet normal 0 0 -1
    outer loop
      vertex -40.5642 -7.42188 0
      vertex -33.7533 -10.9885 0
      vertex -35.3368 -10.7906 0
    endloop
  endfacet
  facet normal -0 0 -1
    outer loop
      vertex -29.8665 8.45695 0
      vertex -40.9869 -6.92691 0
      vertex -32.4311 9.2262 0
    endloop
  endfacet
  facet normal 0 0 -1
    outer loop
      vertex -40.5642 -7.42188 0
      vertex -35.3368 -10.7906 0
      vertex -37.1555 -10.3312 0
    endloop
  endfacet
  facet normal 0 0 -1
    outer loop
      vertex -43.7982 -1.78429 0
      vertex -32.4311 9.2262 0
      vertex -40.9869 -6.92691 0
    endloop
  endfacet
  facet normal 0 0 -1
    outer loop
      vertex -40.2241 -7.97684 0
      vertex -37.1555 -10.3312 0
      vertex -39.1339 -9.57744 0
    endloop
  endfacet
  facet normal 0 0 -1
    outer loop
      vertex -39.8231 -9.21111 0
      vertex -39.1339 -9.57744 0
      vertex -39.8218 -9.22696 0
    endloop
  endfacet
  facet normal 0 0 -1
    outer loop
      vertex -39.975 -8.5782 0
      vertex -39.1339 -9.57744 0
      vertex -39.8231 -9.21111 0
    endloop
  endfacet
  facet normal 0 0 -1
    outer loop
      vertex -40.2241 -7.97684 0
      vertex -39.1339 -9.57744 0
      vertex -39.975 -8.5782 0
    endloop
  endfacet
  facet normal 0 0 -1
    outer loop
      vertex -40.5642 -7.42188 0
      vertex -37.1555 -10.3312 0
      vertex -40.2241 -7.97684 0
    endloop
  endfacet
  facet normal 0 0 -1
    outer loop
      vertex -44.5361 1.85643 0
      vertex -32.4311 9.2262 0
      vertex -43.7982 -1.78429 0
    endloop
  endfacet
  facet normal -0 0 -1
    outer loop
      vertex -32.4311 9.2262 0
      vertex -44.5361 1.85643 0
      vertex -34.7979 10.2765 0
    endloop
  endfacet
  facet normal 0 0 -1
    outer loop
      vertex -45.8688 8.9091 0
      vertex -36.9087 11.582 0
      vertex -45.2262 5.4209 0
    endloop
  endfacet
  facet normal 0 0 -1
    outer loop
      vertex -45.2262 5.4209 0
      vertex -34.7979 10.2765 0
      vertex -44.5361 1.85643 0
    endloop
  endfacet
  facet normal -0 0 -1
    outer loop
      vertex -36.9087 11.582 0
      vertex -45.8688 8.9091 0
      vertex -38.7115 13.1105 0
    endloop
  endfacet
  facet normal 0 0 -1
    outer loop
      vertex -46.4636 12.3211 0
      vertex -38.7115 13.1105 0
      vertex -45.8688 8.9091 0
    endloop
  endfacet
  facet normal 0 0 -1
    outer loop
      vertex -43.7982 -1.78429 0
      vertex -40.9869 -6.92691 0
      vertex -41.4819 -6.5042 0
    endloop
  endfacet
  facet normal 0 0 -1
    outer loop
      vertex -40.1619 14.8244 0
      vertex -41.0276 15.5876 0
      vertex -40.6953 15.7569 0
    endloop
  endfacet
  facet normal 0 0 -1
    outer loop
      vertex -43.7982 -1.78429 0
      vertex -41.4819 -6.5042 0
      vertex -42.0368 -6.16411 0
    endloop
  endfacet
  facet normal -0 0 -1
    outer loop
      vertex -38.7115 13.1105 0
      vertex -46.4636 12.3211 0
      vertex -40.1619 14.8244 0
    endloop
  endfacet
  facet normal 0 0 -1
    outer loop
      vertex -43.0127 -5.50125 0
      vertex -42.0368 -6.16411 0
      vertex -42.6382 -5.91502 0
    endloop
  endfacet
  facet normal 0 0 -1
    outer loop
      vertex -43.0127 -5.50125 0
      vertex -42.6382 -5.91502 0
      vertex -42.9376 -5.84312 0
    endloop
  endfacet
  facet normal 0 0 -1
    outer loop
      vertex -42.0368 -6.16411 0
      vertex -43.0127 -5.50125 0
      vertex -43.7982 -1.78429 0
    endloop
  endfacet
  facet normal -0 0 -1
    outer loop
      vertex -34.7979 10.2765 0
      vertex -45.2262 5.4209 0
      vertex -36.9087 11.582 0
    endloop
  endfacet
  facet normal 0 0 -1
    outer loop
      vertex -40.1619 14.8244 0
      vertex -41.48 15.516 0
      vertex -41.0276 15.5876 0
    endloop
  endfacet
  facet normal 0 -0 -1
    outer loop
      vertex -41.9324 15.5876 0
      vertex -40.1619 14.8244 0
      vertex -46.4636 12.3211 0
    endloop
  endfacet
  facet normal 0 0 -1
    outer loop
      vertex -40.1619 14.8244 0
      vertex -41.9324 15.5876 0
      vertex -41.48 15.516 0
    endloop
  endfacet
  facet normal -0 0 -1
    outer loop
      vertex -41.9324 15.5876 0
      vertex -46.4636 12.3211 0
      vertex -42.3405 15.7956 0
    endloop
  endfacet
  facet normal 0 0 -1
    outer loop
      vertex -46.9564 15.3245 0
      vertex -42.3405 15.7956 0
      vertex -46.4636 12.3211 0
    endloop
  endfacet
  facet normal -0 0 -1
    outer loop
      vertex -42.3405 15.7956 0
      vertex -46.9564 15.3245 0
      vertex -43.7688 17.1676 0
    endloop
  endfacet
  facet normal -0 0 -1
    outer loop
      vertex -43.7688 17.1676 0
      vertex -46.9564 15.3245 0
      vertex -44.0882 17.487 0
    endloop
  endfacet
  facet normal 0 0 -1
    outer loop
      vertex -47.397 18.2 0
      vertex -44.0882 17.487 0
      vertex -46.9564 15.3245 0
    endloop
  endfacet
  facet normal 0 0 -1
    outer loop
      vertex -44.0882 17.487 0
      vertex -47.397 18.2 0
      vertex -45.1393 19.1256 0
    endloop
  endfacet
  facet normal -0 0 -1
    outer loop
      vertex -45.1393 19.1256 0
      vertex -47.397 18.2 0
      vertex -45.3414 19.5224 0
    endloop
  endfacet
  facet normal 0 0 -1
    outer loop
      vertex -47.8459 21.3644 0
      vertex -45.3414 19.5224 0
      vertex -47.397 18.2 0
    endloop
  endfacet
  facet normal 0 0 -1
    outer loop
      vertex -25.1759 -19.9073 0
      vertex -23.0548 -10.0837 0
      vertex -25.0979 -20.0603 0
    endloop
  endfacet
  facet normal 0 0 -1
    outer loop
      vertex -23.0548 -10.0837 0
      vertex -25.1759 -19.9073 0
      vertex -24.9836 -11.4222 0
    endloop
  endfacet
  facet normal 0 0 -1
    outer loop
      vertex -25.2973 -19.7858 0
      vertex -24.9836 -11.4222 0
      vertex -25.1759 -19.9073 0
    endloop
  endfacet
  facet normal 0 0 -1
    outer loop
      vertex -25.4503 -19.7079 0
      vertex -24.9836 -11.4222 0
      vertex -25.2973 -19.7858 0
    endloop
  endfacet
  facet normal 0 0 -1
    outer loop
      vertex -26.9123 -12.5065 0
      vertex -25.4503 -19.7079 0
      vertex -25.62 -19.681 0
    endloop
  endfacet
  facet normal 0 0 -1
    outer loop
      vertex -27.2638 -12.6856 0
      vertex -25.62 -19.681 0
      vertex -25.7897 -19.7079 0
    endloop
  endfacet
  facet normal 0 0 -1
    outer loop
      vertex -25.4503 -19.7079 0
      vertex -26.9123 -12.5065 0
      vertex -24.9836 -11.4222 0
    endloop
  endfacet
  facet normal 0 0 -1
    outer loop
      vertex -29.2421 -13.5411 0
      vertex -25.7897 -19.7079 0
      vertex -27.1992 -20.0976 0
    endloop
  endfacet
  facet normal 0 0 -1
    outer loop
      vertex -25.62 -19.681 0
      vertex -27.2638 -12.6856 0
      vertex -26.9123 -12.5065 0
    endloop
  endfacet
  facet normal 0 0 -1
    outer loop
      vertex -29.2421 -13.5411 0
      vertex -27.1992 -20.0976 0
      vertex -28.5005 -20.2232 0
    endloop
  endfacet
  facet normal 0 0 -1
    outer loop
      vertex -25.7897 -19.7079 0
      vertex -29.2421 -13.5411 0
      vertex -27.2638 -12.6856 0
    endloop
  endfacet
  facet normal 0 0 -1
    outer loop
      vertex -29.7702 -20.1168 0
      vertex -29.2421 -13.5411 0
      vertex -28.5005 -20.2232 0
    endloop
  endfacet
  facet normal 0 0 -1
    outer loop
      vertex -31.2205 -14.1424 0
      vertex -29.7702 -20.1168 0
      vertex -31.0593 -19.7766 0
    endloop
  endfacet
  facet normal 0 0 -1
    outer loop
      vertex -29.7702 -20.1168 0
      vertex -31.2205 -14.1424 0
      vertex -29.2421 -13.5411 0
    endloop
  endfacet
  facet normal 0 0 -1
    outer loop
      vertex -32.2534 -19.248 0
      vertex -31.2205 -14.1424 0
      vertex -31.0593 -19.7766 0
    endloop
  endfacet
  facet normal 0 0 -1
    outer loop
      vertex -33.5148 -18.4647 0
      vertex -31.2205 -14.1424 0
      vertex -32.2534 -19.248 0
    endloop
  endfacet
  facet normal 0 0 -1
    outer loop
      vertex -31.2205 -14.1424 0
      vertex -33.5148 -18.4647 0
      vertex -33.1988 -14.4895 0
    endloop
  endfacet
  facet normal 0 0 -1
    outer loop
      vertex -34.9438 -17.3253 0
      vertex -33.1988 -14.4895 0
      vertex -33.5148 -18.4647 0
    endloop
  endfacet
  facet normal 0 0 -1
    outer loop
      vertex -33.1988 -14.4895 0
      vertex -34.9438 -17.3253 0
      vertex -33.7533 -14.5773 0
    endloop
  endfacet
  facet normal 0 0 -1
    outer loop
      vertex -36.03 -16.2719 0
      vertex -33.7533 -14.5773 0
      vertex -34.9438 -17.3253 0
    endloop
  endfacet
  facet normal 0 0 -1
    outer loop
      vertex -33.7533 -14.5773 0
      vertex -36.03 -16.2719 0
      vertex -35.7867 -14.679 0
    endloop
  endfacet
  facet normal 0 0 -1
    outer loop
      vertex -37.3767 -14.7342 0
      vertex -35.7867 -14.679 0
      vertex -36.03 -16.2719 0
    endloop
  endfacet
  facet normal -0 0 -1
    outer loop
      vertex -35.7867 -14.679 0
      vertex -37.3767 -14.7342 0
      vertex -37.5179 -14.5491 0
    endloop
  endfacet
  facet normal 0 0 -1
    outer loop
      vertex -37.4973 -25.8858 0
      vertex -34.9645 -21.3099 0
      vertex -37.3759 -26.0073 0
    endloop
  endfacet
  facet normal 0 0 -1
    outer loop
      vertex -38.3833 -24.3815 0
      vertex -34.9645 -21.3099 0
      vertex -37.4973 -25.8858 0
    endloop
  endfacet
  facet normal -0 0 -1
    outer loop
      vertex -34.9645 -21.3099 0
      vertex -38.3833 -24.3815 0
      vertex -35.4152 -21.0803 0
    endloop
  endfacet
  facet normal 0 0 -1
    outer loop
      vertex -37.9238 -25.5248 0
      vertex -37.4973 -25.8858 0
      vertex -37.7465 -25.7534 0
    endloop
  endfacet
  facet normal 0 0 -1
    outer loop
      vertex -37.4973 -25.8858 0
      vertex -37.9238 -25.5248 0
      vertex -38.0865 -25.1948 0
    endloop
  endfacet
  facet normal 0 0 -1
    outer loop
      vertex -37.4973 -25.8858 0
      vertex -38.0865 -25.1948 0
      vertex -38.3833 -24.3815 0
    endloop
  endfacet
  facet normal 0 0 -1
    outer loop
      vertex -38.697 -23.3226 0
      vertex -35.4152 -21.0803 0
      vertex -38.3833 -24.3815 0
    endloop
  endfacet
  facet normal -0 0 -1
    outer loop
      vertex -35.4152 -21.0803 0
      vertex -38.697 -23.3226 0
      vertex -37.0532 -20.2287 0
    endloop
  endfacet
  facet normal 0 0 -1
    outer loop
      vertex -39.0276 -22.018 0
      vertex -37.0532 -20.2287 0
      vertex -38.697 -23.3226 0
    endloop
  endfacet
  facet normal 0 0 -1
    outer loop
      vertex -39.3752 -20.4676 0
      vertex -37.0532 -20.2287 0
      vertex -39.0276 -22.018 0
    endloop
  endfacet
  facet normal -0 0 -1
    outer loop
      vertex -37.0532 -20.2287 0
      vertex -39.3752 -20.4676 0
      vertex -38.7082 -19.1145 0
    endloop
  endfacet
  facet normal 0 0 -1
    outer loop
      vertex -39.7398 -18.6716 0
      vertex -38.7082 -19.1145 0
      vertex -39.3752 -20.4676 0
    endloop
  endfacet
  facet normal 0 0 -1
    outer loop
      vertex -38.7082 -19.1145 0
      vertex -39.7398 -18.6716 0
      vertex -39.8295 -18.1911 0
    endloop
  endfacet
  facet normal 0 0 -1
    outer loop
      vertex 8.04607 19.9452 0
      vertex 6.49165 22.2016 0
      vertex 6.52698 22.47 0
    endloop
  endfacet
  facet normal 0 0 -1
    outer loop
      vertex 8.04607 19.9452 0
      vertex 6.38805 21.9515 0
      vertex 6.49165 22.2016 0
    endloop
  endfacet
  facet normal 0 0 -1
    outer loop
      vertex 6.57571 20.2815 0
      vertex 6.22325 21.7367 0
      vertex 6.38805 21.9515 0
    endloop
  endfacet
  facet normal 0 0 -1
    outer loop
      vertex 6.57571 20.2815 0
      vertex 6.00848 21.5719 0
      vertex 6.22325 21.7367 0
    endloop
  endfacet
  facet normal 0 0 -1
    outer loop
      vertex 5.52011 20.4487 0
      vertex 6.00848 21.5719 0
      vertex 6.57571 20.2815 0
    endloop
  endfacet
  facet normal 0 0 -1
    outer loop
      vertex 6.00848 21.5719 0
      vertex 5.52011 20.4487 0
      vertex 4.64459 20.549 0
    endloop
  endfacet
  facet normal 0 0 -1
    outer loop
      vertex 8.5833 36.8945 0
      vertex 1.2 64.9731 0
      vertex 2.9162 64.9345 0
    endloop
  endfacet
  facet normal 0 0 -1
    outer loop
      vertex -1.2 64.9731 0
      vertex 1.2 64.9731 0
      vertex -0.189514 37.5518 0
    endloop
  endfacet
  facet normal 0 0 -1
    outer loop
      vertex 8.5833 36.8945 0
      vertex -0.189514 37.5518 0
      vertex 1.2 64.9731 0
    endloop
  endfacet
  facet normal -0 0 -1
    outer loop
      vertex 15.8357 21.1309 0
      vertex 11.4417 18.3762 0
      vertex 15.7685 21.555 0
    endloop
  endfacet
  facet normal 0 0 -1
    outer loop
      vertex 10.2689 19.004 0
      vertex 15.7685 21.555 0
      vertex 11.4417 18.3762 0
    endloop
  endfacet
  facet normal -0 0 -1
    outer loop
      vertex 15.7685 21.555 0
      vertex 10.2689 19.004 0
      vertex 15.555 23.8933 0
    endloop
  endfacet
  facet normal 0 0 -1
    outer loop
      vertex 9.38463 19.4545 0
      vertex 15.555 23.8933 0
      vertex 10.2689 19.004 0
    endloop
  endfacet
  facet normal -0 0 -1
    outer loop
      vertex 13.9142 31.9241 0
      vertex 10.492 31.01 0
      vertex 11.1907 35.272 0
    endloop
  endfacet
  facet normal 0 0 -1
    outer loop
      vertex 15.555 23.8933 0
      vertex 10.492 31.01 0
      vertex 13.9142 31.9241 0
    endloop
  endfacet
  facet normal 0 0 -1
    outer loop
      vertex 6.49165 22.7384 0
      vertex 15.555 23.8933 0
      vertex 9.38463 19.4545 0
    endloop
  endfacet
  facet normal 0 0 -1
    outer loop
      vertex 6.38805 22.9885 0
      vertex 15.555 23.8933 0
      vertex 6.49165 22.7384 0
    endloop
  endfacet
  facet normal 0 0 -1
    outer loop
      vertex 6.52698 22.47 0
      vertex 9.38463 19.4545 0
      vertex 8.04607 19.9452 0
    endloop
  endfacet
  facet normal 0 0 -1
    outer loop
      vertex 10.492 31.01 0
      vertex 7.04118 31.8096 0
      vertex 9.65895 35.2446 0
    endloop
  endfacet
  facet normal 0 0 -1
    outer loop
      vertex 6.38805 21.9515 0
      vertex 8.04607 19.9452 0
      vertex 6.57571 20.2815 0
    endloop
  endfacet
  facet normal 0 0 -1
    outer loop
      vertex 9.51598 -2.41798 0
      vertex 13.0152 2.12726 0
      vertex 12.9411 0.143982 0
    endloop
  endfacet
  facet normal 0 0 -1
    outer loop
      vertex 9.02588 -2.49561 0
      vertex 13.0152 2.12726 0
      vertex 9.51598 -2.41798 0
    endloop
  endfacet
  facet normal 0 0 -1
    outer loop
      vertex 9.51598 -2.41798 0
      vertex 12.9411 0.143982 0
      vertex 12.6832 -0.838837 0
    endloop
  endfacet
  facet normal -0 0 -1
    outer loop
      vertex 13.0152 2.12726 0
      vertex 9.02588 -2.49561 0
      vertex 12.9666 4.20013 0
    endloop
  endfacet
  facet normal 0 0 -1
    outer loop
      vertex 10.0061 -2.49561 0
      vertex 12.6832 -0.838837 0
      vertex 12.3534 -1.66695 0
    endloop
  endfacet
  facet normal 0 0 -1
    outer loop
      vertex 1.79597 8.55174 0
      vertex 12.9666 4.20013 0
      vertex 9.02588 -2.49561 0
    endloop
  endfacet
  facet normal 0 0 -1
    outer loop
      vertex 10.7303 -2.70502 0
      vertex 12.3534 -1.66695 0
      vertex 12.0028 -2.24538 0
    endloop
  endfacet
  facet normal 0 0 -1
    outer loop
      vertex 11.1837 -2.73143 0
      vertex 12.0028 -2.24538 0
      vertex 11.752 -2.50528 0
    endloop
  endfacet
  facet normal 0 0 -1
    outer loop
      vertex 12.6832 -0.838837 0
      vertex 10.0061 -2.49561 0
      vertex 9.51598 -2.41798 0
    endloop
  endfacet
  facet normal 0 0 -1
    outer loop
      vertex 11.1837 -2.73143 0
      vertex 11.752 -2.50528 0
      vertex 11.4735 -2.66644 0
    endloop
  endfacet
  facet normal 0 0 -1
    outer loop
      vertex 12.9666 4.20013 0
      vertex 1.79597 8.55174 0
      vertex 12.8 5.97273 0
    endloop
  endfacet
  facet normal 0 0 -1
    outer loop
      vertex 12.0028 -2.24538 0
      vertex 11.1837 -2.73143 0
      vertex 10.7303 -2.70502 0
    endloop
  endfacet
  facet normal 0 0 -1
    outer loop
      vertex 12.3534 -1.66695 0
      vertex 10.7303 -2.70502 0
      vertex 10.0061 -2.49561 0
    endloop
  endfacet
  facet normal 0 0 -1
    outer loop
      vertex 12.8 5.97273 0
      vertex 1.79597 8.55174 0
      vertex 12.5816 7.2041 0
    endloop
  endfacet
  facet normal 0 -0 -1
    outer loop
      vertex 2.59622 9.77597 0
      vertex 12.5816 7.2041 0
      vertex 1.79597 8.55174 0
    endloop
  endfacet
  facet normal 0 0 -1
    outer loop
      vertex 12.5816 7.2041 0
      vertex 2.59622 9.77597 0
      vertex 12.1436 8.77612 0
    endloop
  endfacet
  facet normal -0 0 -1
    outer loop
      vertex 11.6571 9.98666 0
      vertex 2.59622 9.77597 0
      vertex 11.2362 10.7428 0
    endloop
  endfacet
  facet normal -0 0 -1
    outer loop
      vertex 11.2362 10.7428 0
      vertex 2.59622 9.77597 0
      vertex 10.471 11.7508 0
    endloop
  endfacet
  facet normal 0 0 -1
    outer loop
      vertex 12.1436 8.77612 0
      vertex 2.59622 9.77597 0
      vertex 11.6571 9.98666 0
    endloop
  endfacet
  facet normal 0 -0 -1
    outer loop
      vertex 3.1823 11.1025 0
      vertex 10.0932 12.1174 0
      vertex 2.59622 9.77597 0
    endloop
  endfacet
  facet normal 0 0 -1
    outer loop
      vertex 0.801346 7.45995 0
      vertex 9.02588 -2.49561 0
      vertex 8.58376 -2.72089 0
    endloop
  endfacet
  facet normal 0 0 -1
    outer loop
      vertex -0.363205 6.52747 0
      vertex 8.58376 -2.72089 0
      vertex 8.23289 -3.07175 0
    endloop
  endfacet
  facet normal 0 0 -1
    outer loop
      vertex -0.363205 6.52747 0
      vertex 8.23289 -3.07175 0
      vertex 8.0076 -3.51387 0
    endloop
  endfacet
  facet normal 0 0 -1
    outer loop
      vertex -0.363205 6.52747 0
      vertex 8.0076 -3.51387 0
      vertex 7.92999 -4.00398 0
    endloop
  endfacet
  facet normal -0 0 -1
    outer loop
      vertex 10.0932 12.1174 0
      vertex 3.1823 11.1025 0
      vertex 9.10425 12.8118 0
    endloop
  endfacet
  facet normal 0 0 -1
    outer loop
      vertex 18.2796 23.8933 0
      vertex 19.032 21.86 0
      vertex 18.4884 21.806 0
    endloop
  endfacet
  facet normal 0 0 -1
    outer loop
      vertex 19.032 21.86 0
      vertex 18.3305 26.435 0
      vertex 18.666 29.18 0
    endloop
  endfacet
  facet normal 0 0 -1
    outer loop
      vertex 19.032 21.86 0
      vertex 18.2796 23.8933 0
      vertex 18.3305 26.435 0
    endloop
  endfacet
  facet normal -0 0 -1
    outer loop
      vertex 19.0864 14.4257 0
      vertex 16.215 11.7018 0
      vertex 18.6953 14.6249 0
    endloop
  endfacet
  facet normal 0 0 -1
    outer loop
      vertex 15.7455 13.0404 0
      vertex 18.6953 14.6249 0
      vertex 16.215 11.7018 0
    endloop
  endfacet
  facet normal -0 0 -1
    outer loop
      vertex 18.6953 14.6249 0
      vertex 15.7455 13.0404 0
      vertex 18.3849 14.9353 0
    endloop
  endfacet
  facet normal 0 0 -1
    outer loop
      vertex 15.1442 14.2247 0
      vertex 18.3849 14.9353 0
      vertex 15.7455 13.0404 0
    endloop
  endfacet
  facet normal -0 0 -1
    outer loop
      vertex 18.3849 14.9353 0
      vertex 15.1442 14.2247 0
      vertex 17.3155 16.6696 0
    endloop
  endfacet
  facet normal 0 0 -1
    outer loop
      vertex 14.763 14.9729 0
      vertex 17.3155 16.6696 0
      vertex 15.1442 14.2247 0
    endloop
  endfacet
  facet normal -0 0 -1
    outer loop
      vertex 17.3155 16.6696 0
      vertex 14.763 14.9729 0
      vertex 17.1176 17.0579 0
    endloop
  endfacet
  facet normal 0 0 -1
    outer loop
      vertex 14.0126 16.0368 0
      vertex 17.1176 17.0579 0
      vertex 14.763 14.9729 0
    endloop
  endfacet
  facet normal -0 0 -1
    outer loop
      vertex 17.1176 17.0579 0
      vertex 14.0126 16.0368 0
      vertex 16.3343 18.9927 0
    endloop
  endfacet
  facet normal 0 0 -1
    outer loop
      vertex 13.1304 16.9463 0
      vertex 16.3343 18.9927 0
      vertex 14.0126 16.0368 0
    endloop
  endfacet
  facet normal 0 0 -1
    outer loop
      vertex 19.6973 21.2065 0
      vertex 19.032 21.86 0
      vertex 20.2693 21.86 0
    endloop
  endfacet
  facet normal 0 0 -1
    outer loop
      vertex 19.0941 20.1714 0
      vertex 19.032 21.86 0
      vertex 19.6973 21.2065 0
    endloop
  endfacet
  facet normal 0 0 -1
    outer loop
      vertex 18.4884 21.806 0
      vertex 19.0941 20.1714 0
      vertex 18.9643 19.8472 0
    endloop
  endfacet
  facet normal 0 0 -1
    outer loop
      vertex 18.9643 19.8472 0
      vertex 19.0941 20.1714 0
      vertex 18.9799 19.8098 0
    endloop
  endfacet
  facet normal 0 0 -1
    outer loop
      vertex 22.448 37.1259 0
      vertex 24.644 24.6129 0
      vertex 24.3822 24.5271 0
    endloop
  endfacet
  facet normal 0 0 -1
    outer loop
      vertex 31.964 25.6041 0
      vertex 31.1708 25.6639 0
      vertex 31.964 38.1234 0
    endloop
  endfacet
  facet normal 0 0 -1
    outer loop
      vertex 37.332 24.2428 0
      vertex 36.0857 24.7839 0
      vertex 37.332 38.8508 0
    endloop
  endfacet
  facet normal 0 0 -1
    outer loop
      vertex 40.3914 21.6607 0
      vertex 40.748 21.86 0
      vertex 40.8742 20.6494 0
    endloop
  endfacet
  facet normal -0 0 -1
    outer loop
      vertex 40.748 21.86 0
      vertex 40.3914 21.6607 0
      vertex 40.2343 21.86 0
    endloop
  endfacet
  facet normal 0 0 -1
    outer loop
      vertex 41.2411 18.488 0
      vertex 41.0443 18.8742 0
      vertex 41.0866 19.5929 0
    endloop
  endfacet
  facet normal 0 0 -1
    outer loop
      vertex 41.9071 -31.4021 0
      vertex 41.8275 -28.8712 0
      vertex 42.2415 -28.9502 0
    endloop
  endfacet
  facet normal 0 0 -1
    outer loop
      vertex 41.6931 -31.5451 0
      vertex 41.8275 -28.8712 0
      vertex 41.9071 -31.4021 0
    endloop
  endfacet
  facet normal 0 0 -1
    outer loop
      vertex 41.0433 -28.5939 0
      vertex 41.6931 -31.5451 0
      vertex 41.3096 -32.119 0
    endloop
  endfacet
  facet normal 0 0 -1
    outer loop
      vertex 39.199 -27.2066 0
      vertex 41.3096 -32.119 0
      vertex 41.175 -32.796 0
    endloop
  endfacet
  facet normal 0 0 -1
    outer loop
      vertex 41.6931 -31.5451 0
      vertex 41.0433 -28.5939 0
      vertex 41.8275 -28.8712 0
    endloop
  endfacet
  facet normal 0 0 -1
    outer loop
      vertex 42.8181 -22.6687 0
      vertex 43.31 -22.304 0
      vertex 43.5421 -22.2672 0
    endloop
  endfacet
  facet normal 0 0 -1
    outer loop
      vertex 42.8181 -22.6687 0
      vertex 42.4806 -22.1726 0
      vertex 43.31 -22.304 0
    endloop
  endfacet
  facet normal 0 0 -1
    outer loop
      vertex 41.8893 -23.2966 0
      vertex 42.4806 -22.1726 0
      vertex 42.8181 -22.6687 0
    endloop
  endfacet
  facet normal 0 0 -1
    outer loop
      vertex 41.8893 -23.2966 0
      vertex 41.7324 -21.7914 0
      vertex 42.4806 -22.1726 0
    endloop
  endfacet
  facet normal 0 0 -1
    outer loop
      vertex 41.0946 -23.96 0
      vertex 41.7324 -21.7914 0
      vertex 41.8893 -23.2966 0
    endloop
  endfacet
  facet normal -0 0 -1
    outer loop
      vertex 41.7324 -21.7914 0
      vertex 41.0946 -23.96 0
      vertex 41.1386 -21.1976 0
    endloop
  endfacet
  facet normal 0 0 -1
    outer loop
      vertex 39.7127 -24.0875 0
      vertex 41.1386 -21.1976 0
      vertex 41.0946 -23.96 0
    endloop
  endfacet
  facet normal 0 0 -1
    outer loop
      vertex 40.5662 -24.4102 0
      vertex 41.0946 -23.96 0
      vertex 40.6366 -24.4479 0
    endloop
  endfacet
  facet normal 0 0 -1
    outer loop
      vertex 40.1349 -24.2244 0
      vertex 41.0946 -23.96 0
      vertex 40.5662 -24.4102 0
    endloop
  endfacet
  facet normal 0 0 -1
    outer loop
      vertex 39.7127 -24.0875 0
      vertex 41.0946 -23.96 0
      vertex 40.1349 -24.2244 0
    endloop
  endfacet
  facet normal 0 0 -1
    outer loop
      vertex 39.3099 -24.0028 0
      vertex 41.1386 -21.1976 0
      vertex 39.7127 -24.0875 0
    endloop
  endfacet
  facet normal 0 0 -1
    outer loop
      vertex 38.9366 -23.9724 0
      vertex 41.1386 -21.1976 0
      vertex 39.3099 -24.0028 0
    endloop
  endfacet
  facet normal -0 0 -1
    outer loop
      vertex 41.1386 -21.1976 0
      vertex 38.9366 -23.9724 0
      vertex 40.7574 -20.4494 0
    endloop
  endfacet
  facet normal 0 0 -1
    outer loop
      vertex 38.6018 -23.9971 0
      vertex 40.7574 -20.4494 0
      vertex 38.9366 -23.9724 0
    endloop
  endfacet
  facet normal 0 0 -1
    outer loop
      vertex 38.3139 -24.0762 0
      vertex 40.7574 -20.4494 0
      vertex 38.6018 -23.9971 0
    endloop
  endfacet
  facet normal -0 0 -1
    outer loop
      vertex 40.7574 -20.4494 0
      vertex 38.3139 -24.0762 0
      vertex 39.9266 -17.8836 0
    endloop
  endfacet
  facet normal 0 0 -1
    outer loop
      vertex 38.0799 -24.2078 0
      vertex 39.9266 -17.8836 0
      vertex 38.3139 -24.0762 0
    endloop
  endfacet
  facet normal 0 0 -1
    outer loop
      vertex 37.9056 -24.3886 0
      vertex 39.9266 -17.8836 0
      vertex 38.0799 -24.2078 0
    endloop
  endfacet
  facet normal -0 0 -1
    outer loop
      vertex 39.9266 -17.8836 0
      vertex 37.9056 -24.3886 0
      vertex 39.127 -15.3177 0
    endloop
  endfacet
  facet normal -0 0 -1
    outer loop
      vertex 39.127 -15.3177 0
      vertex 37.9056 -24.3886 0
      vertex 38.3584 -12.7519 0
    endloop
  endfacet
  facet normal 0 0 -1
    outer loop
      vertex 37.7953 -24.6142 0
      vertex 38.3584 -12.7519 0
      vertex 37.9056 -24.3886 0
    endloop
  endfacet
  facet normal 0 0 -1
    outer loop
      vertex 12.5708 -5.75031 0
      vertex 37.7953 -24.6142 0
      vertex 37.7517 -24.8791 0
    endloop
  endfacet
  facet normal 0 0 -1
    outer loop
      vertex 37.7953 -24.6142 0
      vertex 13.7171 -5.15344 0
      vertex 38.3584 -12.7519 0
    endloop
  endfacet
  facet normal 0 0 -1
    outer loop
      vertex 40.748 39.3278 0
      vertex 45.6389 38.3967 0
      vertex 43.6412 31.8096 0
    endloop
  endfacet
  facet normal 0 0 -1
    outer loop
      vertex 45.6389 38.3967 0
      vertex 40.748 39.3278 0
      vertex 45.628 38.452 0
    endloop
  endfacet
  facet normal -0 0 -1
    outer loop
      vertex 46.482 4.78 0
      vertex 42.3919 3.90857 0
      vertex 46.5331 5.42888 0
    endloop
  endfacet
  facet normal 0 0 -1
    outer loop
      vertex 45.628 38.452 0
      vertex 40.748 39.3278 0
      vertex 44.9191 46.9817 0
    endloop
  endfacet
  facet normal 0 0 -1
    outer loop
      vertex 42.1472 6.52283 0
      vertex 46.5331 5.42888 0
      vertex 42.3919 3.90857 0
    endloop
  endfacet
  facet normal 0 0 -1
    outer loop
      vertex 46.5331 5.42888 0
      vertex 42.1472 6.52283 0
      vertex 46.685 6.06178 0
    endloop
  endfacet
  facet normal 0 0 -1
    outer loop
      vertex 41.9337 9.13713 0
      vertex 46.685 6.06178 0
      vertex 42.1472 6.52283 0
    endloop
  endfacet
  facet normal 0 0 -1
    outer loop
      vertex 41.7514 11.7514 0
      vertex 46.685 6.06178 0
      vertex 41.9337 9.13713 0
    endloop
  endfacet
  facet normal 0 0 -1
    outer loop
      vertex 41.6001 14.3657 0
      vertex 46.685 6.06178 0
      vertex 41.7514 11.7514 0
    endloop
  endfacet
  facet normal 0 0 -1
    outer loop
      vertex 41.48 16.98 0
      vertex 46.685 6.06178 0
      vertex 41.6001 14.3657 0
    endloop
  endfacet
  facet normal 0 0 -1
    outer loop
      vertex 46.685 6.06178 0
      vertex 41.48 16.98 0
      vertex 43.6412 31.8096 0
    endloop
  endfacet
  facet normal 0 0 -1
    outer loop
      vertex 41.2411 18.488 0
      vertex 43.6412 31.8096 0
      vertex 41.48 16.98 0
    endloop
  endfacet
  facet normal 0 0 -1
    outer loop
      vertex 41.0866 19.5929 0
      vertex 43.6412 31.8096 0
      vertex 41.2411 18.488 0
    endloop
  endfacet
  facet normal 0 0 -1
    outer loop
      vertex 40.748 21.86 0
      vertex 43.6412 31.8096 0
      vertex 41.0866 19.5929 0
    endloop
  endfacet
  facet normal 0 0 -1
    outer loop
      vertex 40.748 21.86 0
      vertex 41.0866 19.5929 0
      vertex 40.8742 20.6494 0
    endloop
  endfacet
  facet normal 0 0 -1
    outer loop
      vertex 40.748 39.3278 0
      vertex 43.6412 31.8096 0
      vertex 40.748 21.86 0
    endloop
  endfacet
  facet normal -0 0 -1
    outer loop
      vertex 44.9191 46.9817 0
      vertex 40.748 39.3278 0
      vertex 42.766 48.9496 0
    endloop
  endfacet
  facet normal 0 0 -1
    outer loop
      vertex 37.332 38.8508 0
      vertex 42.766 48.9496 0
      vertex 40.748 39.3278 0
    endloop
  endfacet
  facet normal -0 0 -1
    outer loop
      vertex 42.766 48.9496 0
      vertex 37.332 38.8508 0
      vertex 40.5268 50.819 0
    endloop
  endfacet
  facet normal 0 0 -1
    outer loop
      vertex 35.38 38.5841 0
      vertex 40.5268 50.819 0
      vertex 37.332 38.8508 0
    endloop
  endfacet
  facet normal 0 0 -1
    outer loop
      vertex 35.38 24.9924 0
      vertex 37.332 38.8508 0
      vertex 36.0857 24.7839 0
    endloop
  endfacet
  facet normal -0 0 -1
    outer loop
      vertex 40.5268 50.819 0
      vertex 35.38 38.5841 0
      vertex 38.206 52.5861 0
    endloop
  endfacet
  facet normal 0 0 -1
    outer loop
      vertex 37.332 38.8508 0
      vertex 35.38 24.9924 0
      vertex 35.38 38.5841 0
    endloop
  endfacet
  facet normal 0 0 -1
    outer loop
      vertex 31.964 38.1234 0
      vertex 38.206 52.5861 0
      vertex 35.38 38.5841 0
    endloop
  endfacet
  facet normal -0 0 -1
    outer loop
      vertex 38.206 52.5861 0
      vertex 31.964 38.1234 0
      vertex 35.8083 54.2473 0
    endloop
  endfacet
  facet normal -0 0 -1
    outer loop
      vertex 35.8083 54.2473 0
      vertex 31.964 38.1234 0
      vertex 33.3384 55.7992 0
    endloop
  endfacet
  facet normal 0 0 -1
    outer loop
      vertex 28.06 37.6587 0
      vertex 33.3384 55.7992 0
      vertex 31.964 38.1234 0
    endloop
  endfacet
  facet normal 0 0 -1
    outer loop
      vertex 28.06 37.6587 0
      vertex 31.964 38.1234 0
      vertex 31.1708 25.6639 0
    endloop
  endfacet
  facet normal 0 0 -1
    outer loop
      vertex 28.06 37.6587 0
      vertex 31.1708 25.6639 0
      vertex 29.4134 25.6253 0
    endloop
  endfacet
  facet normal -0 0 -1
    outer loop
      vertex 33.3384 55.7992 0
      vertex 28.06 37.6587 0
      vertex 30.8015 57.2387 0
    endloop
  endfacet
  facet normal 0 0 -1
    outer loop
      vertex 28.06 37.6587 0
      vertex 29.4134 25.6253 0
      vertex 28.06 25.4653 0
    endloop
  endfacet
  facet normal 0 0 -1
    outer loop
      vertex 24.644 37.2845 0
      vertex 30.8015 57.2387 0
      vertex 28.06 37.6587 0
    endloop
  endfacet
  facet normal -0 0 -1
    outer loop
      vertex 30.8015 57.2387 0
      vertex 24.644 37.2845 0
      vertex 28.2024 58.563 0
    endloop
  endfacet
  facet normal 0 0 -1
    outer loop
      vertex 22.448 37.1259 0
      vertex 28.2024 58.563 0
      vertex 24.644 37.2845 0
    endloop
  endfacet
  facet normal 0 0 -1
    outer loop
      vertex 22.448 37.1259 0
      vertex 24.3822 24.5271 0
      vertex 22.9232 23.8635 0
    endloop
  endfacet
  facet normal 0 0 -1
    outer loop
      vertex 24.644 24.6129 0
      vertex 22.448 37.1259 0
      vertex 24.644 37.2845 0
    endloop
  endfacet
  facet normal -0 0 -1
    outer loop
      vertex 28.2024 58.563 0
      vertex 22.448 37.1259 0
      vertex 25.5466 59.7693 0
    endloop
  endfacet
  facet normal 0 0 -1
    outer loop
      vertex 22.448 37.1259 0
      vertex 22.9232 23.8635 0
      vertex 22.448 23.5727 0
    endloop
  endfacet
  facet normal 0 0 -1
    outer loop
      vertex 19.032 36.8951 0
      vertex 25.5466 59.7693 0
      vertex 22.448 37.1259 0
    endloop
  endfacet
  facet normal -0 0 -1
    outer loop
      vertex 25.5466 59.7693 0
      vertex 19.032 36.8951 0
      vertex 22.8394 60.8553 0
    endloop
  endfacet
  facet normal -0 0 -1
    outer loop
      vertex 22.8394 60.8553 0
      vertex 19.032 36.8951 0
      vertex 20.0861 61.8187 0
    endloop
  endfacet
  facet normal 0 0 -1
    outer loop
      vertex 19.0941 20.1714 0
      vertex 18.4884 21.806 0
      vertex 19.032 21.86 0
    endloop
  endfacet
  facet normal 0 0 -1
    outer loop
      vertex 19.032 21.86 0
      vertex 18.666 29.18 0
      vertex 19.032 36.8951 0
    endloop
  endfacet
  facet normal 0 0 -1
    outer loop
      vertex 18.6003 29.5947 0
      vertex 19.032 36.8951 0
      vertex 18.666 29.18 0
    endloop
  endfacet
  facet normal 0 0 -1
    outer loop
      vertex 18.4097 29.9688 0
      vertex 19.032 36.8951 0
      vertex 18.6003 29.5947 0
    endloop
  endfacet
  facet normal 0 0 -1
    outer loop
      vertex 18.1128 30.2657 0
      vertex 19.032 36.8951 0
      vertex 18.4097 29.9688 0
    endloop
  endfacet
  facet normal 0 0 -1
    outer loop
      vertex 17.7387 30.4563 0
      vertex 19.032 36.8951 0
      vertex 18.1128 30.2657 0
    endloop
  endfacet
  facet normal 0 0 -1
    outer loop
      vertex 17.324 30.522 0
      vertex 19.032 36.8951 0
      vertex 17.7387 30.4563 0
    endloop
  endfacet
  facet normal 0 0 -1
    outer loop
      vertex 13.9142 31.9241 0
      vertex 19.032 36.8951 0
      vertex 17.324 30.522 0
    endloop
  endfacet
  facet normal -0 0 -1
    outer loop
      vertex 19.032 36.8951 0
      vertex 12.2805 36.7536 0
      vertex 20.0861 61.8187 0
    endloop
  endfacet
  facet normal 0 0 -1
    outer loop
      vertex 13.9142 31.9241 0
      vertex 17.324 30.522 0
      vertex 16.9093 30.4563 0
    endloop
  endfacet
  facet normal 0 0 -1
    outer loop
      vertex 13.9142 31.9241 0
      vertex 16.9093 30.4563 0
      vertex 16.5352 30.2657 0
    endloop
  endfacet
  facet normal 0 0 -1
    outer loop
      vertex 13.9142 31.9241 0
      vertex 16.5352 30.2657 0
      vertex 16.2383 29.9688 0
    endloop
  endfacet
  facet normal 0 0 -1
    outer loop
      vertex 13.9142 31.9241 0
      vertex 16.2383 29.9688 0
      vertex 16.0477 29.5947 0
    endloop
  endfacet
  facet normal 0 0 -1
    outer loop
      vertex 13.9142 31.9241 0
      vertex 16.0477 29.5947 0
      vertex 15.982 29.18 0
    endloop
  endfacet
  facet normal 0 0 -1
    outer loop
      vertex 13.9142 31.9241 0
      vertex 15.982 29.18 0
      vertex 15.6261 26.435 0
    endloop
  endfacet
  facet normal 0 0 -1
    outer loop
      vertex 12.4826 17.5941 0
      vertex 16.3343 18.9927 0
      vertex 13.1304 16.9463 0
    endloop
  endfacet
  facet normal -0 0 -1
    outer loop
      vertex 16.3343 18.9927 0
      vertex 12.4826 17.5941 0
      vertex 15.8357 21.1309 0
    endloop
  endfacet
  facet normal 0 0 -1
    outer loop
      vertex 11.4417 18.3762 0
      vertex 15.8357 21.1309 0
      vertex 12.4826 17.5941 0
    endloop
  endfacet
  facet normal 0 0 -1
    outer loop
      vertex 19.032 36.8951 0
      vertex 13.9142 31.9241 0
      vertex 12.2805 36.7536 0
    endloop
  endfacet
  facet normal 0 0 -1
    outer loop
      vertex 15.555 23.8933 0
      vertex 13.9142 31.9241 0
      vertex 15.6261 26.435 0
    endloop
  endfacet
  facet normal -0 0 -1
    outer loop
      vertex 20.0861 61.8187 0
      vertex 12.2805 36.7536 0
      vertex 17.2924 62.6576 0
    endloop
  endfacet
  facet normal -0 0 -1
    outer loop
      vertex 17.2924 62.6576 0
      vertex 12.2805 36.7536 0
      vertex 14.4639 63.3703 0
    endloop
  endfacet
  facet normal 0 0 -1
    outer loop
      vertex 12.2 36.7523 0
      vertex 14.4639 63.3703 0
      vertex 12.2805 36.7536 0
    endloop
  endfacet
  facet normal 0 0 -1
    outer loop
      vertex 8.5833 36.8945 0
      vertex 14.4639 63.3703 0
      vertex 12.2 36.7523 0
    endloop
  endfacet
  facet normal -0 0 -1
    outer loop
      vertex 14.4639 63.3703 0
      vertex 8.5833 36.8945 0
      vertex 11.6062 63.9554 0
    endloop
  endfacet
  facet normal -0 0 -1
    outer loop
      vertex 11.6062 63.9554 0
      vertex 8.5833 36.8945 0
      vertex 8.72516 64.4117 0
    endloop
  endfacet
  facet normal 0 0 -1
    outer loop
      vertex 1.71422 31.9241 0
      vertex 8.5833 36.8945 0
      vertex 7.04118 31.8096 0
    endloop
  endfacet
  facet normal 0 0 -1
    outer loop
      vertex 9.38463 19.4545 0
      vertex 6.52698 22.47 0
      vertex 6.49165 22.7384 0
    endloop
  endfacet
  facet normal -0 0 -1
    outer loop
      vertex 15.555 23.8933 0
      vertex 6.38805 22.9885 0
      vertex 10.492 31.01 0
    endloop
  endfacet
  facet normal 0 0 -1
    outer loop
      vertex 6.22325 23.2032 0
      vertex 10.492 31.01 0
      vertex 6.38805 22.9885 0
    endloop
  endfacet
  facet normal 0 0 -1
    outer loop
      vertex 6.00848 23.3681 0
      vertex 10.492 31.01 0
      vertex 6.22325 23.2032 0
    endloop
  endfacet
  facet normal -0 0 -1
    outer loop
      vertex 10.492 31.01 0
      vertex 6.00848 23.3681 0
      vertex 7.04118 31.8096 0
    endloop
  endfacet
  facet normal 0 0 -1
    outer loop
      vertex 5.75838 23.4716 0
      vertex 7.04118 31.8096 0
      vertex 6.00848 23.3681 0
    endloop
  endfacet
  facet normal 0 0 -1
    outer loop
      vertex -0.189514 37.5518 0
      vertex 8.5833 36.8945 0
      vertex 1.71422 31.9241 0
    endloop
  endfacet
  facet normal 0 0 -1
    outer loop
      vertex 5.48999 23.507 0
      vertex 7.04118 31.8096 0
      vertex 5.75838 23.4716 0
    endloop
  endfacet
  facet normal 0 0 -1
    outer loop
      vertex 5.22159 23.4716 0
      vertex 7.04118 31.8096 0
      vertex 5.48999 23.507 0
    endloop
  endfacet
  facet normal -0 0 -1
    outer loop
      vertex 7.04118 31.8096 0
      vertex 5.22159 23.4716 0
      vertex 1.71422 31.9241 0
    endloop
  endfacet
  facet normal 0 0 -1
    outer loop
      vertex 1.71422 31.9241 0
      vertex 5.22159 23.4716 0
      vertex 4.97148 23.3681 0
    endloop
  endfacet
  facet normal 0 0 -1
    outer loop
      vertex 8.5833 36.8945 0
      vertex 5.82655 64.7383 0
      vertex 8.72516 64.4117 0
    endloop
  endfacet
  facet normal 0 0 -1
    outer loop
      vertex 8.5833 36.8945 0
      vertex 2.9162 64.9345 0
      vertex 5.82655 64.7383 0
    endloop
  endfacet
  facet normal 0 0 -1
    outer loop
      vertex -0.363205 21.3325 0
      vertex 4.97148 23.3681 0
      vertex 1.30629 20.6192 0
    endloop
  endfacet
  facet normal 0 0 -1
    outer loop
      vertex -0.363205 21.3325 0
      vertex 1.30629 20.6192 0
      vertex 0.584854 20.5733 0
    endloop
  endfacet
  facet normal 0 0 -1
    outer loop
      vertex -1.66904 22.0827 0
      vertex 4.97148 23.3681 0
      vertex -0.363205 21.3325 0
    endloop
  endfacet
  facet normal 0 0 -1
    outer loop
      vertex -1.70801 31.01 0
      vertex 4.97148 23.3681 0
      vertex -1.66904 22.0827 0
    endloop
  endfacet
  facet normal 0 0 -1
    outer loop
      vertex 4.97148 23.3681 0
      vertex -1.70801 31.01 0
      vertex 1.71422 31.9241 0
    endloop
  endfacet
  facet normal -0 0 -1
    outer loop
      vertex 1.71422 31.9241 0
      vertex -1.70801 31.01 0
      vertex -1.00932 35.272 0
    endloop
  endfacet
  facet normal 0 0 -1
    outer loop
      vertex -3.08398 22.6322 0
      vertex -1.70801 31.01 0
      vertex -1.66904 22.0827 0
    endloop
  endfacet
  facet normal 0 0 -1
    outer loop
      vertex -4.57318 22.9673 0
      vertex -1.70801 31.01 0
      vertex -3.08398 22.6322 0
    endloop
  endfacet
  facet normal -0 0 -1
    outer loop
      vertex -1.70801 31.01 0
      vertex -4.57318 22.9673 0
      vertex -5.1588 31.8096 0
    endloop
  endfacet
  facet normal 0 0 -1
    outer loop
      vertex -1.70801 31.01 0
      vertex -5.1588 31.8096 0
      vertex -2.54105 35.2446 0
    endloop
  endfacet
  facet normal 0 0 -1
    outer loop
      vertex -5.85597 23.062 0
      vertex -5.1588 31.8096 0
      vertex -4.57318 22.9673 0
    endloop
  endfacet
  facet normal 0 0 -1
    outer loop
      vertex -5.85597 38.2496 0
      vertex -5.1588 31.8096 0
      vertex -5.85597 23.062 0
    endloop
  endfacet
  facet normal 0 0 -1
    outer loop
      vertex -2.9162 64.9345 0
      vertex -5.85597 38.2496 0
      vertex -5.82655 64.7383 0
    endloop
  endfacet
  facet normal 0 0 -1
    outer loop
      vertex -6.09999 38.2796 0
      vertex -5.82655 64.7383 0
      vertex -5.85597 38.2496 0
    endloop
  endfacet
  facet normal 0 0 -1
    outer loop
      vertex -6.09999 38.2796 0
      vertex -8.72516 64.4117 0
      vertex -5.82655 64.7383 0
    endloop
  endfacet
  facet normal 0 0 -1
    outer loop
      vertex -11.468 39.0292 0
      vertex -8.72516 64.4117 0
      vertex -6.09999 38.2796 0
    endloop
  endfacet
  facet normal 0 0 -1
    outer loop
      vertex -8.72516 64.4117 0
      vertex -11.468 39.0292 0
      vertex -11.6062 63.9554 0
    endloop
  endfacet
  facet normal 0 0 -1
    outer loop
      vertex 44.5783 -32.119 0
      vertex 46.2572 -32.5674 0
      vertex 46.0676 -32.851 0
    endloop
  endfacet
  facet normal 0 0 -1
    outer loop
      vertex 44.713 -32.796 0
      vertex 46.0676 -32.851 0
      vertex 45.933 -33.528 0
    endloop
  endfacet
  facet normal 0 0 -1
    outer loop
      vertex 46.2572 -32.5674 0
      vertex 44.2061 -31.562 0
      vertex 45.3253 -29.0264 0
    endloop
  endfacet
  facet normal 0 0 -1
    outer loop
      vertex 45.3253 -29.0264 0
      vertex 44.2061 -31.562 0
      vertex 44.9007 -29.0785 0
    endloop
  endfacet
  facet normal 0 0 -1
    outer loop
      vertex 44.9007 -29.0785 0
      vertex 44.2061 -31.562 0
      vertex 44.5431 -29.0906 0
    endloop
  endfacet
  facet normal -0 0 -1
    outer loop
      vertex 46.7643 -7.09288 0
      vertex 44.3588 -10.8023 0
      vertex 46.5518 -7.05922 0
    endloop
  endfacet
  facet normal 0 0 -1
    outer loop
      vertex 43.9954 -8.5984 0
      vertex 46.5518 -7.05922 0
      vertex 44.3588 -10.8023 0
    endloop
  endfacet
  facet normal -0 0 -1
    outer loop
      vertex 46.5518 -7.05922 0
      vertex 43.9954 -8.5984 0
      vertex 46.3123 -6.94171 0
    endloop
  endfacet
  facet normal 0 0 -1
    outer loop
      vertex 47.6969 1.84692 0
      vertex 47.9315 1.5289 0
      vertex 47.7282 0.279999 0
    endloop
  endfacet
  facet normal 0 0 -1
    outer loop
      vertex 47.9315 1.5289 0
      vertex 47.6969 1.84692 0
      vertex 47.9475 1.6329 0
    endloop
  endfacet
  facet normal 0 0 -1
    outer loop
      vertex 47.2546 -2.34061 0
      vertex 42.9745 -1.31999 0
      vertex 47.4856 -1.11383 0
    endloop
  endfacet
  facet normal 0 0 -1
    outer loop
      vertex 47.7282 0.279999 0
      vertex 47.2742 2.34187 0
      vertex 47.6969 1.84692 0
    endloop
  endfacet
  facet normal 0 0 -1
    outer loop
      vertex 42.9745 -1.31999 0
      vertex 47.2546 -2.34061 0
      vertex 43.3125 -3.93428 0
    endloop
  endfacet
  facet normal 0 0 -1
    outer loop
      vertex 43.3125 -3.93428 0
      vertex 47.2546 -2.34061 0
      vertex 47.035 -3.40028 0
    endloop
  endfacet
  facet normal -0 0 -1
    outer loop
      vertex 47.4856 -1.11383 0
      vertex 42.9745 -1.31999 0
      vertex 47.7282 0.279999 0
    endloop
  endfacet
  facet normal 0 0 -1
    outer loop
      vertex 43.3125 -3.93428 0
      vertex 47.035 -3.40028 0
      vertex 46.8271 -4.29291 0
    endloop
  endfacet
  facet normal 0 0 -1
    outer loop
      vertex 42.6676 1.2943 0
      vertex 47.7282 0.279999 0
      vertex 42.9745 -1.31999 0
    endloop
  endfacet
  facet normal 0 0 -1
    outer loop
      vertex 43.3125 -3.93428 0
      vertex 46.8271 -4.29291 0
      vertex 46.6306 -5.01845 0
    endloop
  endfacet
  facet normal 0 0 -1
    outer loop
      vertex 47.7282 0.279999 0
      vertex 42.6676 1.2943 0
      vertex 47.2742 2.34187 0
    endloop
  endfacet
  facet normal -0 0 -1
    outer loop
      vertex 47.2742 2.34187 0
      vertex 42.6676 1.2943 0
      vertex 46.9341 2.89685 0
    endloop
  endfacet
  facet normal 0 0 -1
    outer loop
      vertex 43.3125 -3.93428 0
      vertex 46.6306 -5.01845 0
      vertex 46.4456 -5.57695 0
    endloop
  endfacet
  facet normal 0 0 -1
    outer loop
      vertex 48.31 38.4399 0
      vertex 51.0427 36.0044 0
      vertex 51.0417 34.06 0
    endloop
  endfacet
  facet normal 0 0 -1
    outer loop
      vertex 50.5142 31.9241 0
      vertex 51.0417 34.06 0
      vertex 51.0122 32.0394 0
    endloop
  endfacet
  facet normal 0 0 -1
    outer loop
      vertex 57.2387 -30.8015 0
      vertex 54.9802 -23.4891 0
      vertex 55.0824 -22.8491 0
    endloop
  endfacet
  facet normal 0 0 -1
    outer loop
      vertex 56.8713 -31.449 0
      vertex 54.6898 -24.1599 0
      vertex 54.9802 -23.4891 0
    endloop
  endfacet
  facet normal 0 0 -1
    outer loop
      vertex 49.471 -33.528 0
      vertex 55.678 -33.5313 0
      vertex 54.2473 -35.8083 0
    endloop
  endfacet
  facet normal 0 0 -1
    outer loop
      vertex 56.8713 -31.449 0
      vertex 54.2183 -24.8452 0
      vertex 54.6898 -24.1599 0
    endloop
  endfacet
  facet normal 0 0 -1
    outer loop
      vertex 56.8713 -31.449 0
      vertex 53.5773 -25.528 0
      vertex 54.2183 -24.8452 0
    endloop
  endfacet
  facet normal 0 0 -1
    outer loop
      vertex 56.8713 -31.449 0
      vertex 52.7827 -26.1914 0
      vertex 53.5773 -25.528 0
    endloop
  endfacet
  facet normal 0 0 -1
    outer loop
      vertex 49.3363 -34.2049 0
      vertex 54.2473 -35.8083 0
      vertex 52.5861 -38.206 0
    endloop
  endfacet
  facet normal 0 0 -1
    outer loop
      vertex 55.678 -33.5313 0
      vertex 49.471 -33.528 0
      vertex 49.3363 -32.851 0
    endloop
  endfacet
  facet normal 0 0 -1
    outer loop
      vertex 48.3789 -35.1623 0
      vertex 52.5861 -38.206 0
      vertex 50.819 -40.5268 0
    endloop
  endfacet
  facet normal 0 0 -1
    outer loop
      vertex 56.8713 -31.449 0
      vertex 51.8539 -26.8192 0
      vertex 52.7827 -26.1914 0
    endloop
  endfacet
  facet normal 0 -0 -1
    outer loop
      vertex 50.8139 -27.3959 0
      vertex 55.678 -33.5313 0
      vertex 49.3363 -32.851 0
    endloop
  endfacet
  facet normal 0 0 -1
    outer loop
      vertex 56.8713 -31.449 0
      vertex 50.8139 -27.3959 0
      vertex 51.8539 -26.8192 0
    endloop
  endfacet
  facet normal 0 0 -1
    outer loop
      vertex 54.2473 -35.8083 0
      vertex 49.3363 -34.2049 0
      vertex 49.471 -33.528 0
    endloop
  endfacet
  facet normal 0 0 -1
    outer loop
      vertex 52.5861 -38.206 0
      vertex 48.9529 -34.7789 0
      vertex 49.3363 -34.2049 0
    endloop
  endfacet
  facet normal 0 0 -1
    outer loop
      vertex 47.702 -35.297 0
      vertex 50.819 -40.5268 0
      vertex 48.9496 -42.766 0
    endloop
  endfacet
  facet normal 0 0 -1
    outer loop
      vertex 52.5861 -38.206 0
      vertex 48.3789 -35.1623 0
      vertex 48.9529 -34.7789 0
    endloop
  endfacet
  facet normal 0 0 -1
    outer loop
      vertex 50.819 -40.5268 0
      vertex 47.702 -35.297 0
      vertex 48.3789 -35.1623 0
    endloop
  endfacet
  facet normal 0 0 -1
    outer loop
      vertex 48.9496 -42.766 0
      vertex 47.025 -35.1623 0
      vertex 47.702 -35.297 0
    endloop
  endfacet
  facet normal 0 0 -1
    outer loop
      vertex 42.944 -34.565 0
      vertex 48.9496 -42.766 0
      vertex 46.9817 -44.9191 0
    endloop
  endfacet
  facet normal 0 0 -1
    outer loop
      vertex 48.9496 -42.766 0
      vertex 42.944 -34.565 0
      vertex 47.025 -35.1623 0
    endloop
  endfacet
  facet normal 0 0 -1
    outer loop
      vertex 47.025 -35.1623 0
      vertex 43.621 -34.4303 0
      vertex 46.4511 -34.7789 0
    endloop
  endfacet
  facet normal 0 -0 -1
    outer loop
      vertex 44.1949 -34.0469 0
      vertex 46.4511 -34.7789 0
      vertex 43.621 -34.4303 0
    endloop
  endfacet
  facet normal 0 0 -1
    outer loop
      vertex 46.4511 -34.7789 0
      vertex 44.1949 -34.0469 0
      vertex 46.0676 -34.2049 0
    endloop
  endfacet
  facet normal 0 0 -1
    outer loop
      vertex 42.944 -34.565 0
      vertex 46.9817 -44.9191 0
      vertex 44.9191 -46.9817 0
    endloop
  endfacet
  facet normal 0 0 -1
    outer loop
      vertex 46.0676 -32.851 0
      vertex 44.713 -32.796 0
      vertex 44.5783 -32.119 0
    endloop
  endfacet
  facet normal 0 0 -1
    outer loop
      vertex 44.2061 -31.562 0
      vertex 46.2572 -32.5674 0
      vertex 44.5783 -32.119 0
    endloop
  endfacet
  facet normal 0 0 -1
    outer loop
      vertex 45.933 -33.528 0
      vertex 44.5783 -33.473 0
      vertex 44.713 -32.796 0
    endloop
  endfacet
  facet normal 0 0 -1
    outer loop
      vertex 46.0676 -34.2049 0
      vertex 44.5783 -33.473 0
      vertex 45.933 -33.528 0
    endloop
  endfacet
  facet normal 0 -0 -1
    outer loop
      vertex 44.5783 -33.473 0
      vertex 46.0676 -34.2049 0
      vertex 44.1949 -34.0469 0
    endloop
  endfacet
  facet normal 0 0 -1
    outer loop
      vertex 47.025 -35.1623 0
      vertex 42.944 -34.565 0
      vertex 43.621 -34.4303 0
    endloop
  endfacet
  facet normal 0 0 -1
    outer loop
      vertex 42.267 -34.4303 0
      vertex 44.9191 -46.9817 0
      vertex 42.766 -48.9496 0
    endloop
  endfacet
  facet normal 0 0 -1
    outer loop
      vertex 44.9191 -46.9817 0
      vertex 42.267 -34.4303 0
      vertex 42.944 -34.565 0
    endloop
  endfacet
  facet normal 0 0 -1
    outer loop
      vertex 42.766 -48.9496 0
      vertex 41.6931 -34.0469 0
      vertex 42.267 -34.4303 0
    endloop
  endfacet
  facet normal 0 0 -1
    outer loop
      vertex 40.5268 -50.819 0
      vertex 41.6931 -34.0469 0
      vertex 42.766 -48.9496 0
    endloop
  endfacet
  facet normal 0 0 -1
    outer loop
      vertex 38.206 -52.5861 0
      vertex 41.6931 -34.0469 0
      vertex 40.5268 -50.819 0
    endloop
  endfacet
  facet normal -0 0 -1
    outer loop
      vertex 41.6931 -34.0469 0
      vertex 38.206 -52.5861 0
      vertex 41.3096 -33.473 0
    endloop
  endfacet
  facet normal 0 0 -1
    outer loop
      vertex 35.8083 -54.2473 0
      vertex 41.3096 -33.473 0
      vertex 38.206 -52.5861 0
    endloop
  endfacet
  facet normal 0 0 -1
    outer loop
      vertex 41.3096 -32.119 0
      vertex 40.414 -28.2219 0
      vertex 41.0433 -28.5939 0
    endloop
  endfacet
  facet normal 0 0 -1
    outer loop
      vertex 33.3384 -55.7992 0
      vertex 41.3096 -33.473 0
      vertex 35.8083 -54.2473 0
    endloop
  endfacet
  facet normal 0 0 -1
    outer loop
      vertex 40.414 -28.2219 0
      vertex 39.5943 -27.5072 0
      vertex 39.9552 -27.7642 0
    endloop
  endfacet
  facet normal 0 0 -1
    outer loop
      vertex 39.9552 -27.7642 0
      vertex 39.5943 -27.5072 0
      vertex 39.9356 -27.7267 0
    endloop
  endfacet
  facet normal 0 0 -1
    outer loop
      vertex 41.3096 -32.119 0
      vertex 39.5943 -27.5072 0
      vertex 40.414 -28.2219 0
    endloop
  endfacet
  facet normal 0 0 -1
    outer loop
      vertex 41.3096 -32.119 0
      vertex 39.199 -27.2066 0
      vertex 39.5943 -27.5072 0
    endloop
  endfacet
  facet normal 0 0 -1
    outer loop
      vertex 41.175 -32.796 0
      vertex 38.8359 -26.8813 0
      vertex 39.199 -27.2066 0
    endloop
  endfacet
  facet normal 0 0 -1
    outer loop
      vertex 30.8015 -57.2387 0
      vertex 41.3096 -33.473 0
      vertex 33.3384 -55.7992 0
    endloop
  endfacet
  facet normal 0 0 -1
    outer loop
      vertex 41.175 -32.796 0
      vertex 38.5138 -26.5396 0
      vertex 38.8359 -26.8813 0
    endloop
  endfacet
  facet normal 0 -0 -1
    outer loop
      vertex 38.2408 -26.1896 0
      vertex 41.3096 -33.473 0
      vertex 30.8015 -57.2387 0
    endloop
  endfacet
  facet normal 0 0 -1
    outer loop
      vertex 41.175 -32.796 0
      vertex 38.2408 -26.1896 0
      vertex 38.5138 -26.5396 0
    endloop
  endfacet
  facet normal 0 0 -1
    outer loop
      vertex 41.3096 -33.473 0
      vertex 38.2408 -26.1896 0
      vertex 41.175 -32.796 0
    endloop
  endfacet
  facet normal 0 0 -1
    outer loop
      vertex 28.2024 -58.563 0
      vertex 38.2408 -26.1896 0
      vertex 30.8015 -57.2387 0
    endloop
  endfacet
  facet normal 0 0 -1
    outer loop
      vertex 38.3584 -12.7519 0
      vertex 13.7171 -5.15344 0
      vertex 37.621 -10.1861 0
    endloop
  endfacet
  facet normal -0 0 -1
    outer loop
      vertex 38.2408 -26.1896 0
      vertex 28.2024 -58.563 0
      vertex 38.0234 -25.8401 0
    endloop
  endfacet
  facet normal 0 0 -1
    outer loop
      vertex 37.7953 -24.6142 0
      vertex 12.5708 -5.75031 0
      vertex 13.0257 -5.51852 0
    endloop
  endfacet
  facet normal 0 0 -1
    outer loop
      vertex 22.8394 -60.8553 0
      vertex -4.49513 -42.9727 0
      vertex 25.5466 -59.7693 0
    endloop
  endfacet
  facet normal 0 -0 -1
    outer loop
      vertex 14.3246 -4.56721 0
      vertex 37.621 -10.1861 0
      vertex 13.7171 -5.15344 0
    endloop
  endfacet
  facet normal 0 0 -1
    outer loop
      vertex 37.621 -10.1861 0
      vertex 14.6923 -4.19948 0
      vertex 36.9148 -7.62032 0
    endloop
  endfacet
  facet normal 0 -0 -1
    outer loop
      vertex 15.2193 -3.38873 0
      vertex 36.9148 -7.62032 0
      vertex 14.6923 -4.19948 0
    endloop
  endfacet
  facet normal 0 0 -1
    outer loop
      vertex 36.9148 -7.62032 0
      vertex 15.2193 -3.38873 0
      vertex 36.2396 -5.05449 0
    endloop
  endfacet
  facet normal 0 0 -1
    outer loop
      vertex 25.5466 -59.7693 0
      vertex -4.49513 -42.9727 0
      vertex 28.2024 -58.563 0
    endloop
  endfacet
  facet normal 0 0 -1
    outer loop
      vertex 36.2396 -5.05449 0
      vertex 15.9029 -1.88501 0
      vertex 35.5956 -2.48869 0
    endloop
  endfacet
  facet normal 0 -0 -1
    outer loop
      vertex 16.2644 -0.627792 0
      vertex 35.5956 -2.48869 0
      vertex 15.9029 -1.88501 0
    endloop
  endfacet
  facet normal 0 -0 -1
    outer loop
      vertex 16.348 -0.0999908 0
      vertex 34.9827 0.0771179 0
      vertex 16.2644 -0.627792 0
    endloop
  endfacet
  facet normal -0 0 -1
    outer loop
      vertex 34.9827 0.0771179 0
      vertex 16.348 -0.0999908 0
      vertex 34.4009 2.64293 0
    endloop
  endfacet
  facet normal 0 0 -1
    outer loop
      vertex -4.49513 -42.9727 0
      vertex 22.8394 -60.8553 0
      vertex -4.39198 -44.02 0
    endloop
  endfacet
  facet normal 0 -0 -1
    outer loop
      vertex 16.6752 2.12726 0
      vertex 34.4009 2.64293 0
      vertex 16.348 -0.0999908 0
    endloop
  endfacet
  facet normal -0 0 -1
    outer loop
      vertex 34.4009 2.64293 0
      vertex 16.6752 2.12726 0
      vertex 33.8503 5.20876 0
    endloop
  endfacet
  facet normal 0 0 -1
    outer loop
      vertex -4.39198 -44.02 0
      vertex 22.8394 -60.8553 0
      vertex 20.0861 -61.8187 0
    endloop
  endfacet
  facet normal 0 0 -1
    outer loop
      vertex 32.8423 10.3404 0
      vertex 32.1122 12.201 0
      vertex 32.4958 12.2847 0
    endloop
  endfacet
  facet normal 0 0 -1
    outer loop
      vertex 28.2024 -58.563 0
      vertex -4.49513 -42.9727 0
      vertex 38.0234 -25.8401 0
    endloop
  endfacet
  facet normal 0 0 -1
    outer loop
      vertex 32.8423 10.3404 0
      vertex 30.3666 11.9946 0
      vertex 32.1122 12.201 0
    endloop
  endfacet
  facet normal 0 0 -1
    outer loop
      vertex 33.3307 7.77454 0
      vertex 30.3666 11.9946 0
      vertex 32.8423 10.3404 0
    endloop
  endfacet
  facet normal 0 0 -1
    outer loop
      vertex -4.8006 -41.9657 0
      vertex 38.0234 -25.8401 0
      vertex -4.49513 -42.9727 0
    endloop
  endfacet
  facet normal 0 -0 -1
    outer loop
      vertex 30.3666 11.9946 0
      vertex 33.3307 7.77454 0
      vertex 28.6092 11.9561 0
    endloop
  endfacet
  facet normal 0 0 -1
    outer loop
      vertex 33.3307 7.77454 0
      vertex 26.8833 12.0863 0
      vertex 28.6092 11.9561 0
    endloop
  endfacet
  facet normal -0 0 -1
    outer loop
      vertex 26.8833 12.0863 0
      vertex 16.8706 4.20013 0
      vertex 25.2314 12.382 0
    endloop
  endfacet
  facet normal 0 -0 -1
    outer loop
      vertex 16.9343 6.11859 0
      vertex 25.2314 12.382 0
      vertex 16.8706 4.20013 0
    endloop
  endfacet
  facet normal 0 -0 -1
    outer loop
      vertex 11.7998 -5.89211 0
      vertex 37.7758 -25.1767 0
      vertex 11.3002 -5.97124 0
    endloop
  endfacet
  facet normal -0 0 -1
    outer loop
      vertex 25.2314 12.382 0
      vertex 16.9343 6.11859 0
      vertex 23.6943 12.836 0
    endloop
  endfacet
  facet normal 0 0 -1
    outer loop
      vertex 16.8661 7.88269 0
      vertex 23.6943 12.836 0
      vertex 16.9343 6.11859 0
    endloop
  endfacet
  facet normal 0 0 -1
    outer loop
      vertex 22.3097 13.4372 0
      vertex 19.52 14.357 0
      vertex 21.1118 14.1706 0
    endloop
  endfacet
  facet normal 0 0 -1
    outer loop
      vertex 21.1118 14.1706 0
      vertex 19.9535 14.4257 0
      vertex 20.3447 14.6249 0
    endloop
  endfacet
  facet normal 0 0 -1
    outer loop
      vertex 21.1118 14.1706 0
      vertex 19.52 14.357 0
      vertex 19.9535 14.4257 0
    endloop
  endfacet
  facet normal 0 0 -1
    outer loop
      vertex 16.6662 9.49242 0
      vertex 22.3097 13.4372 0
      vertex 16.8661 7.88269 0
    endloop
  endfacet
  facet normal 0 0 -1
    outer loop
      vertex -4.39198 -44.02 0
      vertex 20.0861 -61.8187 0
      vertex 17.2924 -62.6576 0
    endloop
  endfacet
  facet normal 0 0 -1
    outer loop
      vertex 16.215 11.7018 0
      vertex 19.52 14.357 0
      vertex 16.5527 10.2087 0
    endloop
  endfacet
  facet normal -0 0 -1
    outer loop
      vertex 19.52 14.357 0
      vertex 16.215 11.7018 0
      vertex 19.0864 14.4257 0
    endloop
  endfacet
  facet normal -0 0 -1
    outer loop
      vertex 22.3097 13.4372 0
      vertex 16.5527 10.2087 0
      vertex 19.52 14.357 0
    endloop
  endfacet
  facet normal 0 0 -1
    outer loop
      vertex 16.5527 10.2087 0
      vertex 22.3097 13.4372 0
      vertex 16.6662 9.49242 0
    endloop
  endfacet
  facet normal 0 0 -1
    outer loop
      vertex 21.1118 14.1706 0
      vertex 20.3447 14.6249 0
      vertex 20.4563 14.7366 0
    endloop
  endfacet
  facet normal -0 0 -1
    outer loop
      vertex 23.6943 12.836 0
      vertex 16.8661 7.88269 0
      vertex 22.3097 13.4372 0
    endloop
  endfacet
  facet normal 0 0 -1
    outer loop
      vertex 33.8503 5.20876 0
      vertex 26.8833 12.0863 0
      vertex 33.3307 7.77454 0
    endloop
  endfacet
  facet normal 0 -0 -1
    outer loop
      vertex 26.8833 12.0863 0
      vertex 33.8503 5.20876 0
      vertex 16.8706 4.20013 0
    endloop
  endfacet
  facet normal 0 -0 -1
    outer loop
      vertex 16.8706 4.20013 0
      vertex 33.8503 5.20876 0
      vertex 16.6752 2.12726 0
    endloop
  endfacet
  facet normal 0 0 -1
    outer loop
      vertex 35.5956 -2.48869 0
      vertex 16.2644 -0.627792 0
      vertex 34.9827 0.0771179 0
    endloop
  endfacet
  facet normal 0 0 -1
    outer loop
      vertex -4.39198 -44.02 0
      vertex 17.2924 -62.6576 0
      vertex 14.4639 -63.3703 0
    endloop
  endfacet
  facet normal 0 -0 -1
    outer loop
      vertex 15.9029 -1.88501 0
      vertex 36.2396 -5.05449 0
      vertex 15.4576 -2.92111 0
    endloop
  endfacet
  facet normal 0 -0 -1
    outer loop
      vertex 15.4576 -2.92111 0
      vertex 36.2396 -5.05449 0
      vertex 15.2193 -3.38873 0
    endloop
  endfacet
  facet normal 0 -0 -1
    outer loop
      vertex 14.6923 -4.19948 0
      vertex 37.621 -10.1861 0
      vertex 14.3246 -4.56721 0
    endloop
  endfacet
  facet normal 0 0 -1
    outer loop
      vertex 37.7953 -24.6142 0
      vertex 13.0257 -5.51852 0
      vertex 13.7171 -5.15344 0
    endloop
  endfacet
  facet normal 0 0 -1
    outer loop
      vertex 37.7758 -25.1767 0
      vertex 12.5708 -5.75031 0
      vertex 37.7517 -24.8791 0
    endloop
  endfacet
  facet normal 0 0 -1
    outer loop
      vertex -4.39198 -44.02 0
      vertex 14.4639 -63.3703 0
      vertex 11.6062 -63.9554 0
    endloop
  endfacet
  facet normal 0 -0 -1
    outer loop
      vertex 12.5708 -5.75031 0
      vertex 37.7758 -25.1767 0
      vertex 11.7998 -5.89211 0
    endloop
  endfacet
  facet normal -0 0 -1
    outer loop
      vertex 38.0234 -25.8401 0
      vertex -4.8006 -41.9657 0
      vertex 37.8672 -25.4997 0
    endloop
  endfacet
  facet normal -0 0 -1
    outer loop
      vertex 37.8672 -25.4997 0
      vertex -4.8006 -41.9657 0
      vertex 37.7758 -25.1767 0
    endloop
  endfacet
  facet normal 0 0 -1
    outer loop
      vertex -4.39198 -44.02 0
      vertex 11.6062 -63.9554 0
      vertex 8.72516 -64.4117 0
    endloop
  endfacet
  facet normal 0 0 -1
    outer loop
      vertex -4.39198 -44.02 0
      vertex 8.72516 -64.4117 0
      vertex 5.82655 -64.7383 0
    endloop
  endfacet
  facet normal 0 0 -1
    outer loop
      vertex -4.39198 -44.02 0
      vertex 5.82655 -64.7383 0
      vertex 2.9162 -64.9345 0
    endloop
  endfacet
  facet normal 0 0 -1
    outer loop
      vertex -4.39198 -44.02 0
      vertex 2.9162 -64.9345 0
      vertex 1.2 -64.9731 0
    endloop
  endfacet
  facet normal 0 0 -1
    outer loop
      vertex -5.29665 -41.0377 0
      vertex 37.7758 -25.1767 0
      vertex -4.8006 -41.9657 0
    endloop
  endfacet
  facet normal 0 0 -1
    outer loop
      vertex -4.39198 -44.02 0
      vertex 1.2 -64.9731 0
      vertex -1.2 -64.9731 0
    endloop
  endfacet
  facet normal -0 0 -1
    outer loop
      vertex 37.7758 -25.1767 0
      vertex -5.29665 -41.0377 0
      vertex 11.3002 -5.97124 0
    endloop
  endfacet
  facet normal 0 0 -1
    outer loop
      vertex 9.02588 -2.49561 0
      vertex 0.801346 7.45995 0
      vertex 1.79597 8.55174 0
    endloop
  endfacet
  facet normal 0 0 -1
    outer loop
      vertex -5.96423 -40.2242 0
      vertex 11.3002 -5.97124 0
      vertex -5.29665 -41.0377 0
    endloop
  endfacet
  facet normal -0 0 -1
    outer loop
      vertex 9.10425 12.8118 0
      vertex 3.1823 11.1025 0
      vertex 8.70641 13.008 0
    endloop
  endfacet
  facet normal -0 0 -1
    outer loop
      vertex 8.70641 13.008 0
      vertex 3.1823 11.1025 0
      vertex 7.42422 13.421 0
    endloop
  endfacet
  facet normal 0 -0 -1
    outer loop
      vertex 3.53983 12.4986 0
      vertex 5.52011 13.6167 0
      vertex 3.1823 11.1025 0
    endloop
  endfacet
  facet normal 0 0 -1
    outer loop
      vertex 3.88025 13.5606 0
      vertex 3.53983 12.4986 0
      vertex 3.62645 13.5304 0
    endloop
  endfacet
  facet normal 0 0 -1
    outer loop
      vertex 5.52011 13.6167 0
      vertex 3.53983 12.4986 0
      vertex 3.88025 13.5606 0
    endloop
  endfacet
  facet normal 0 0 -1
    outer loop
      vertex 8.23289 -4.9362 0
      vertex -0.363205 6.52747 0
      vertex 8.0076 -4.49408 0
    endloop
  endfacet
  facet normal -0 0 -1
    outer loop
      vertex 6.81612 13.5322 0
      vertex 3.1823 11.1025 0
      vertex 5.52011 13.6167 0
    endloop
  endfacet
  facet normal -0 0 -1
    outer loop
      vertex 7.42422 13.421 0
      vertex 3.1823 11.1025 0
      vertex 6.81612 13.5322 0
    endloop
  endfacet
  facet normal 0 0 -1
    outer loop
      vertex 8.0076 -4.49408 0
      vertex -0.363205 6.52747 0
      vertex 7.92999 -4.00398 0
    endloop
  endfacet
  facet normal -0 0 -1
    outer loop
      vertex 10.471 11.7508 0
      vertex 2.59622 9.77597 0
      vertex 10.0932 12.1174 0
    endloop
  endfacet
  facet normal 0 0 -1
    outer loop
      vertex 54.1527 15.76 0
      vertex 62.6576 17.2924 0
      vertex 54.4705 13.2456 0
    endloop
  endfacet
  facet normal 0 0 -1
    outer loop
      vertex 60.8553 22.8394 0
      vertex 55.6253 27.7694 0
      vertex 55.7696 29.2714 0
    endloop
  endfacet
  facet normal 0 0 -1
    outer loop
      vertex 60.8553 22.8394 0
      vertex 55.388 25.52 0
      vertex 55.6253 27.7694 0
    endloop
  endfacet
  facet normal 0 0 -1
    outer loop
      vertex 60.8553 22.8394 0
      vertex 55.1221 23.1944 0
      vertex 55.388 25.52 0
    endloop
  endfacet
  facet normal -0 0 -1
    outer loop
      vertex 60.8553 22.8394 0
      vertex 54.8275 20.7925 0
      vertex 55.1221 23.1944 0
    endloop
  endfacet
  facet normal 0 0 -1
    outer loop
      vertex 54.575 6.06178 0
      vertex 55.6998 5.70108 0
      vertex 54.6525 5.739 0
    endloop
  endfacet
  facet normal 0 0 -1
    outer loop
      vertex 54.3259 6.66315 0
      vertex 55.6998 5.70108 0
      vertex 54.575 6.06178 0
    endloop
  endfacet
  facet normal 0 -0 -1
    outer loop
      vertex 54.5044 18.3144 0
      vertex 62.6576 17.2924 0
      vertex 54.1527 15.76 0
    endloop
  endfacet
  facet normal 0 0 -1
    outer loop
      vertex 61.8187 20.0861 0
      vertex 54.8275 20.7925 0
      vertex 60.8553 22.8394 0
    endloop
  endfacet
  facet normal 0 0 -1
    outer loop
      vertex 55.6998 5.70108 0
      vertex 54.3259 6.66315 0
      vertex 53.9912 9.15843 0
    endloop
  endfacet
  facet normal 0 0 -1
    outer loop
      vertex 55.6998 5.70108 0
      vertex 54.2328 10.9905 0
      vertex 54.4974 13.076 0
    endloop
  endfacet
  facet normal 0 0 -1
    outer loop
      vertex 55.6998 5.70108 0
      vertex 53.9912 9.15843 0
      vertex 54.2328 10.9905 0
    endloop
  endfacet
  facet normal 0 0 -1
    outer loop
      vertex 53.9858 7.21811 0
      vertex 53.9912 9.15843 0
      vertex 54.3259 6.66315 0
    endloop
  endfacet
  facet normal 0 0 -1
    outer loop
      vertex 53.9858 7.21811 0
      vertex 53.7728 7.5799 0
      vertex 53.9912 9.15843 0
    endloop
  endfacet
  facet normal 0 -0 -1
    outer loop
      vertex 53.7728 7.5799 0
      vertex 53.9858 7.21811 0
      vertex 53.7586 7.4841 0
    endloop
  endfacet
  facet normal 0 0 -1
    outer loop
      vertex 62.6576 17.2924 0
      vertex 54.5044 18.3144 0
      vertex 61.8187 20.0861 0
    endloop
  endfacet
  facet normal 0 0 -1
    outer loop
      vertex 54.1527 15.76 0
      vertex 54.4705 13.2456 0
      vertex 54.3925 13.3987 0
    endloop
  endfacet
  facet normal 0 0 -1
    outer loop
      vertex 54.1527 15.76 0
      vertex 54.3925 13.3987 0
      vertex 54.2711 13.5201 0
    endloop
  endfacet
  facet normal 0 -0 -1
    outer loop
      vertex 54.8275 20.7925 0
      vertex 61.8187 20.0861 0
      vertex 54.5044 18.3144 0
    endloop
  endfacet
  facet normal 0 0 -1
    outer loop
      vertex 54.118 13.5981 0
      vertex 54.1527 15.76 0
      vertex 54.2711 13.5201 0
    endloop
  endfacet
  facet normal 0 0 -1
    outer loop
      vertex 53.9484 13.625 0
      vertex 54.1527 15.76 0
      vertex 54.118 13.5981 0
    endloop
  endfacet
  facet normal 0 0 -1
    outer loop
      vertex 54.1527 15.76 0
      vertex 53.9484 13.625 0
      vertex 53.8416 13.6081 0
    endloop
  endfacet
  facet normal 0 0 -1
    outer loop
      vertex 43.6412 31.8096 0
      vertex 50.6081 23.1944 0
      vertex 50.4355 20.7925 0
    endloop
  endfacet
  facet normal 0 0 -1
    outer loop
      vertex 43.6412 31.8096 0
      vertex 50.4355 20.7925 0
      vertex 50.2345 18.3144 0
    endloop
  endfacet
  facet normal 0 0 -1
    outer loop
      vertex 43.6412 31.8096 0
      vertex 50.2345 18.3144 0
      vertex 50.0047 15.76 0
    endloop
  endfacet
  facet normal 0 0 -1
    outer loop
      vertex 47.2742 7.21811 0
      vertex 50.0047 15.76 0
      vertex 49.7464 13.1294 0
    endloop
  endfacet
  facet normal 0 0 -1
    outer loop
      vertex 47.6969 7.71307 0
      vertex 49.7464 13.1294 0
      vertex 49.4595 10.4225 0
    endloop
  endfacet
  facet normal 0 0 -1
    outer loop
      vertex 48.7468 8.47589 0
      vertex 49.4595 10.4225 0
      vertex 49.2631 8.68973 0
    endloop
  endfacet
  facet normal 0 0 -1
    outer loop
      vertex 48.1919 8.13579 0
      vertex 49.4595 10.4225 0
      vertex 48.7468 8.47589 0
    endloop
  endfacet
  facet normal 0 0 -1
    outer loop
      vertex 47.6969 7.71307 0
      vertex 49.4595 10.4225 0
      vertex 48.1919 8.13579 0
    endloop
  endfacet
  facet normal 0 0 -1
    outer loop
      vertex 50.6081 23.1944 0
      vertex 47.092 31.01 0
      vertex 50.5142 31.9241 0
    endloop
  endfacet
  facet normal 0 0 -1
    outer loop
      vertex 49.7464 13.1294 0
      vertex 47.6969 7.71307 0
      vertex 47.2742 7.21811 0
    endloop
  endfacet
  facet normal -0 0 -1
    outer loop
      vertex 50.0047 15.76 0
      vertex 47.2742 7.21811 0
      vertex 43.6412 31.8096 0
    endloop
  endfacet
  facet normal -0 0 -1
    outer loop
      vertex 50.5142 31.9241 0
      vertex 47.092 31.01 0
      vertex 47.7907 35.272 0
    endloop
  endfacet
  facet normal 0 0 -1
    outer loop
      vertex 43.6412 31.8096 0
      vertex 47.2742 7.21811 0
      vertex 46.9341 6.66315 0
    endloop
  endfacet
  facet normal 0 0 -1
    outer loop
      vertex 43.6412 31.8096 0
      vertex 46.9341 6.66315 0
      vertex 46.685 6.06178 0
    endloop
  endfacet
  facet normal -0 0 -1
    outer loop
      vertex 46.5331 4.1311 0
      vertex 42.3919 3.90857 0
      vertex 46.482 4.78 0
    endloop
  endfacet
  facet normal 0 0 -1
    outer loop
      vertex 42.3919 3.90857 0
      vertex 46.685 3.4982 0
      vertex 42.6676 1.2943 0
    endloop
  endfacet
  facet normal 0 0 -1
    outer loop
      vertex 46.1593 -5.97543 0
      vertex 46.4456 -5.57695 0
      vertex 46.3469 -5.79979 0
    endloop
  endfacet
  facet normal 0 0 -1
    outer loop
      vertex 46.1593 -5.97543 0
      vertex 46.3469 -5.79979 0
      vertex 46.2767 -5.90141 0
    endloop
  endfacet
  facet normal 0 0 -1
    outer loop
      vertex 50.6081 23.1944 0
      vertex 43.6412 31.8096 0
      vertex 47.092 31.01 0
    endloop
  endfacet
  facet normal -0 0 -1
    outer loop
      vertex 46.9341 2.89685 0
      vertex 42.6676 1.2943 0
      vertex 46.685 3.4982 0
    endloop
  endfacet
  facet normal -0 0 -1
    outer loop
      vertex 46.4456 -5.57695 0
      vertex 46.1593 -5.97543 0
      vertex 43.3125 -3.93428 0
    endloop
  endfacet
  facet normal 0 0 -1
    outer loop
      vertex 43.3125 -3.93428 0
      vertex 46.1593 -5.97543 0
      vertex 46.0378 -6.09688 0
    endloop
  endfacet
  facet normal 0 0 -1
    outer loop
      vertex 43.6816 -6.54855 0
      vertex 46.0378 -6.09688 0
      vertex 45.9599 -6.24994 0
    endloop
  endfacet
  facet normal 0 0 -1
    outer loop
      vertex 43.6816 -6.54855 0
      vertex 45.9599 -6.24994 0
      vertex 45.933 -6.41959 0
    endloop
  endfacet
  facet normal -0 0 -1
    outer loop
      vertex 46.3123 -6.94171 0
      vertex 43.9954 -8.5984 0
      vertex 46.1593 -6.86374 0
    endloop
  endfacet
  facet normal -0 0 -1
    outer loop
      vertex 46.1593 -6.86374 0
      vertex 43.9954 -8.5984 0
      vertex 46.0378 -6.74226 0
    endloop
  endfacet
  facet normal 0 0 -1
    outer loop
      vertex 43.6816 -6.54855 0
      vertex 46.0378 -6.74226 0
      vertex 43.9954 -8.5984 0
    endloop
  endfacet
  facet normal 0 0 -1
    outer loop
      vertex 46.0378 -6.74226 0
      vertex 43.6816 -6.54855 0
      vertex 45.9599 -6.58923 0
    endloop
  endfacet
  facet normal 0 0 -1
    outer loop
      vertex 45.9599 -6.58923 0
      vertex 43.6816 -6.54855 0
      vertex 45.933 -6.41959 0
    endloop
  endfacet
  facet normal -0 0 -1
    outer loop
      vertex 46.0378 -6.09688 0
      vertex 43.6816 -6.54855 0
      vertex 43.3125 -3.93428 0
    endloop
  endfacet
  facet normal 0 0 -1
    outer loop
      vertex 46.685 3.4982 0
      vertex 42.3919 3.90857 0
      vertex 46.5331 4.1311 0
    endloop
  endfacet
  facet normal 0 0 -1
    outer loop
      vertex 47.092 31.01 0
      vertex 43.6412 31.8096 0
      vertex 46.2589 35.2446 0
    endloop
  endfacet
  facet normal 0 0 -1
    outer loop
      vertex 48.9529 -32.2771 0
      vertex 50.8139 -27.3959 0
      vertex 49.3363 -32.851 0
    endloop
  endfacet
  facet normal 0 0 -1
    outer loop
      vertex 50.8139 -27.3959 0
      vertex 48.9529 -32.2771 0
      vertex 49.6883 -27.9074 0
    endloop
  endfacet
  facet normal 0 0 -1
    outer loop
      vertex 48.4976 -31.9729 0
      vertex 49.6883 -27.9074 0
      vertex 48.9529 -32.2771 0
    endloop
  endfacet
  facet normal 0 0 -1
    outer loop
      vertex 49.6883 -27.9074 0
      vertex 48.4976 -31.9729 0
      vertex 48.5047 -28.3409 0
    endloop
  endfacet
  facet normal 0 0 -1
    outer loop
      vertex 48.5047 -28.3409 0
      vertex 48.4976 -31.9729 0
      vertex 47.6089 -28.5958 0
    endloop
  endfacet
  facet normal 0 0 -1
    outer loop
      vertex 48.0976 39.0677 0
      vertex 48.312 38.452 0
      vertex 48.3059 38.452 0
    endloop
  endfacet
  facet normal 0 0 -1
    outer loop
      vertex 48.312 38.452 0
      vertex 48.0976 39.0677 0
      vertex 48.9496 42.766 0
    endloop
  endfacet
  facet normal 0 0 -1
    outer loop
      vertex 45.8424 39.0677 0
      vertex 48.9496 42.766 0
      vertex 48.0976 39.0677 0
    endloop
  endfacet
  facet normal 0 0 -1
    outer loop
      vertex 45.8424 39.0677 0
      vertex 48.0976 39.0677 0
      vertex 46.97 38.4682 0
    endloop
  endfacet
  facet normal -0 0 -1
    outer loop
      vertex 48.9496 42.766 0
      vertex 45.8424 39.0677 0
      vertex 46.9817 44.9191 0
    endloop
  endfacet
  facet normal 0 0 -1
    outer loop
      vertex 45.628 38.452 0
      vertex 45.8424 39.0677 0
      vertex 45.6556 38.452 0
    endloop
  endfacet
  facet normal 0 0 -1
    outer loop
      vertex 44.9191 46.9817 0
      vertex 45.8424 39.0677 0
      vertex 45.628 38.452 0
    endloop
  endfacet
  facet normal 0 0 -1
    outer loop
      vertex 45.8424 39.0677 0
      vertex 44.9191 46.9817 0
      vertex 46.9817 44.9191 0
    endloop
  endfacet
  facet normal 0 0 -1
    outer loop
      vertex 56.8713 31.449 0
      vertex 58.2772 35.032 0
      vertex 59.4688 32.9487 0
    endloop
  endfacet
  facet normal -0 0 -1
    outer loop
      vertex 57.2387 30.8015 0
      vertex 55.7696 29.2714 0
      vertex 56.8713 31.449 0
    endloop
  endfacet
  facet normal 0 0 -1
    outer loop
      vertex 54.5596 31.5 0
      vertex 56.8713 31.449 0
      vertex 55.7696 29.2714 0
    endloop
  endfacet
  facet normal 0 0 -1
    outer loop
      vertex 56.8713 31.449 0
      vertex 55.678 33.5313 0
      vertex 58.2772 35.032 0
    endloop
  endfacet
  facet normal 0 0 -1
    outer loop
      vertex 56.8713 31.449 0
      vertex 54.5596 31.5 0
      vertex 55.678 33.5313 0
    endloop
  endfacet
  facet normal 0 0 -1
    outer loop
      vertex 52.8362 34.3123 0
      vertex 55.678 33.5313 0
      vertex 54.5596 31.5 0
    endloop
  endfacet
  facet normal 0 0 -1
    outer loop
      vertex 55.678 33.5313 0
      vertex 52.8362 34.3123 0
      vertex 54.2473 35.8083 0
    endloop
  endfacet
  facet normal 0 0 -1
    outer loop
      vertex 51.0288 36.9421 0
      vertex 54.2473 35.8083 0
      vertex 52.8362 34.3123 0
    endloop
  endfacet
  facet normal 0 0 -1
    outer loop
      vertex 54.2473 35.8083 0
      vertex 51.0288 36.9421 0
      vertex 52.5861 38.206 0
    endloop
  endfacet
  facet normal 0 0 -1
    outer loop
      vertex 50.5142 31.9241 0
      vertex 51.0122 32.0394 0
      vertex 50.9541 29.9425 0
    endloop
  endfacet
  facet normal 0 0 -1
    outer loop
      vertex 50.5142 31.9241 0
      vertex 50.9541 29.9425 0
      vertex 50.8673 27.7694 0
    endloop
  endfacet
  facet normal 0 0 -1
    outer loop
      vertex 51.0288 36.9421 0
      vertex 50.819 40.5268 0
      vertex 52.5861 38.206 0
    endloop
  endfacet
  facet normal 0 0 -1
    outer loop
      vertex 48.31 38.4399 0
      vertex 51.0417 34.06 0
      vertex 50.5142 31.9241 0
    endloop
  endfacet
  facet normal 0 0 -1
    outer loop
      vertex 50.5142 31.9241 0
      vertex 50.8673 27.7694 0
      vertex 50.752 25.52 0
    endloop
  endfacet
  facet normal 0 0 -1
    outer loop
      vertex 50.5142 31.9241 0
      vertex 50.752 25.52 0
      vertex 50.6081 23.1944 0
    endloop
  endfacet
  facet normal 0 0 -1
    outer loop
      vertex 51.0427 36.0044 0
      vertex 48.31 38.4399 0
      vertex 51.0288 36.9421 0
    endloop
  endfacet
  facet normal 0 -0 -1
    outer loop
      vertex 48.312 38.452 0
      vertex 51.0288 36.9421 0
      vertex 48.31 38.4399 0
    endloop
  endfacet
  facet normal -0 0 -1
    outer loop
      vertex 50.819 40.5268 0
      vertex 48.312 38.452 0
      vertex 48.9496 42.766 0
    endloop
  endfacet
  facet normal 0 0 -1
    outer loop
      vertex 51.0288 36.9421 0
      vertex 48.312 38.452 0
      vertex 50.819 40.5268 0
    endloop
  endfacet
  facet normal 0 0 -1
    outer loop
      vertex 86 -80 0
      vertex 100 -66 0
      vertex 99.8802 -67.8274 0
    endloop
  endfacet
  facet normal 0 0 -1
    outer loop
      vertex 100 -66 0
      vertex 68 0 0
      vertex 100 66 0
    endloop
  endfacet
  facet normal 0 0 -1
    outer loop
      vertex 86 -80 0
      vertex 99.8802 -67.8274 0
      vertex 99.523 -69.6235 0
    endloop
  endfacet
  facet normal 0 0 -1
    outer loop
      vertex 67.9315 3.0508 0
      vertex 100 66 0
      vertex 68 0 0
    endloop
  endfacet
  facet normal 0 0 -1
    outer loop
      vertex 86 -80 0
      vertex 99.523 -69.6235 0
      vertex 98.9343 -71.3576 0
    endloop
  endfacet
  facet normal 0 0 -1
    outer loop
      vertex 67.7262 6.09546 0
      vertex 100 66 0
      vertex 67.9315 3.0508 0
    endloop
  endfacet
  facet normal 0 0 -1
    outer loop
      vertex 86 -80 0
      vertex 98.9343 -71.3576 0
      vertex 98.1244 -73 0
    endloop
  endfacet
  facet normal 0 0 -1
    outer loop
      vertex 67.3846 9.12785 0
      vertex 100 66 0
      vertex 67.7262 6.09546 0
    endloop
  endfacet
  facet normal 0 0 -1
    outer loop
      vertex 86 -80 0
      vertex 98.1244 -73 0
      vertex 97.1069 -74.5227 0
    endloop
  endfacet
  facet normal 0 0 -1
    outer loop
      vertex 66.9072 12.1419 0
      vertex 100 66 0
      vertex 67.3846 9.12785 0
    endloop
  endfacet
  facet normal 0 0 -1
    outer loop
      vertex 86 -80 0
      vertex 97.1069 -74.5227 0
      vertex 95.8995 -75.8995 0
    endloop
  endfacet
  facet normal 0 0 -1
    outer loop
      vertex 66.2951 15.1314 0
      vertex 100 66 0
      vertex 66.9072 12.1419 0
    endloop
  endfacet
  facet normal 0 0 -1
    outer loop
      vertex 86 -80 0
      vertex 95.8995 -75.8995 0
      vertex 94.5227 -77.1069 0
    endloop
  endfacet
  facet normal 0 0 -1
    outer loop
      vertex 65.5495 18.0905 0
      vertex 100 66 0
      vertex 66.2951 15.1314 0
    endloop
  endfacet
  facet normal 0 0 -1
    outer loop
      vertex 86 -80 0
      vertex 94.5227 -77.1069 0
      vertex 93 -78.1244 0
    endloop
  endfacet
  facet normal 0 0 -1
    outer loop
      vertex 64.6718 21.0132 0
      vertex 100 66 0
      vertex 65.5495 18.0905 0
    endloop
  endfacet
  facet normal 0 0 -1
    outer loop
      vertex 86 -80 0
      vertex 93 -78.1244 0
      vertex 91.3576 -78.9343 0
    endloop
  endfacet
  facet normal 0 0 -1
    outer loop
      vertex 63.664 23.8935 0
      vertex 100 66 0
      vertex 64.6718 21.0132 0
    endloop
  endfacet
  facet normal 0 0 -1
    outer loop
      vertex 86 -80 0
      vertex 91.3576 -78.9343 0
      vertex 89.6235 -79.523 0
    endloop
  endfacet
  facet normal 0 0 -1
    outer loop
      vertex 62.5279 26.7257 0
      vertex 100 66 0
      vertex 63.664 23.8935 0
    endloop
  endfacet
  facet normal 0 0 -1
    outer loop
      vertex 86 -80 0
      vertex 89.6235 -79.523 0
      vertex 87.8274 -79.8802 0
    endloop
  endfacet
  facet normal 0 0 -1
    outer loop
      vertex 61.2659 29.5041 0
      vertex 100 66 0
      vertex 62.5279 26.7257 0
    endloop
  endfacet
  facet normal -0 0 -1
    outer loop
      vertex 100 -66 0
      vertex 86 -80 0
      vertex 55.0132 -39.9694 0
    endloop
  endfacet
  facet normal 0 0 -1
    outer loop
      vertex 59.8805 32.2231 0
      vertex 100 66 0
      vertex 61.2659 29.5041 0
    endloop
  endfacet
  facet normal 0 0 -1
    outer loop
      vertex 59.4688 32.9487 0
      vertex 100 66 0
      vertex 59.8805 32.2231 0
    endloop
  endfacet
  facet normal 0 0 -1
    outer loop
      vertex 100 -66 0
      vertex 67.9315 -3.0508 0
      vertex 68 0 0
    endloop
  endfacet
  facet normal 0 0 -1
    outer loop
      vertex 100 -66 0
      vertex 67.7262 -6.09546 0
      vertex 67.9315 -3.0508 0
    endloop
  endfacet
  facet normal 0 0 -1
    outer loop
      vertex 100 -66 0
      vertex 67.3846 -9.12785 0
      vertex 67.7262 -6.09546 0
    endloop
  endfacet
  facet normal 0 0 -1
    outer loop
      vertex 100 -66 0
      vertex 66.9072 -12.1419 0
      vertex 67.3846 -9.12785 0
    endloop
  endfacet
  facet normal 0 0 -1
    outer loop
      vertex 100 -66 0
      vertex 66.2951 -15.1314 0
      vertex 66.9072 -12.1419 0
    endloop
  endfacet
  facet normal 0 0 -1
    outer loop
      vertex 100 -66 0
      vertex 65.5495 -18.0905 0
      vertex 66.2951 -15.1314 0
    endloop
  endfacet
  facet normal 0 0 -1
    outer loop
      vertex 100 -66 0
      vertex 64.6718 -21.0132 0
      vertex 65.5495 -18.0905 0
    endloop
  endfacet
  facet normal 0 0 -1
    outer loop
      vertex 100 -66 0
      vertex 63.664 -23.8935 0
      vertex 64.6718 -21.0132 0
    endloop
  endfacet
  facet normal 0 0 -1
    outer loop
      vertex 100 -66 0
      vertex 62.5279 -26.7257 0
      vertex 63.664 -23.8935 0
    endloop
  endfacet
  facet normal 0 0 -1
    outer loop
      vertex 100 -66 0
      vertex 61.2659 -29.5041 0
      vertex 62.5279 -26.7257 0
    endloop
  endfacet
  facet normal 0 0 -1
    outer loop
      vertex 100 -66 0
      vertex 59.8805 -32.2231 0
      vertex 61.2659 -29.5041 0
    endloop
  endfacet
  facet normal 0 0 -1
    outer loop
      vertex 100 -66 0
      vertex 59.4688 -32.9487 0
      vertex 59.8805 -32.2231 0
    endloop
  endfacet
  facet normal 0 0 -1
    outer loop
      vertex 100 -66 0
      vertex 58.2772 -35.032 0
      vertex 59.4688 -32.9487 0
    endloop
  endfacet
  facet normal 0 0 -1
    outer loop
      vertex 100 -66 0
      vertex 56.751 -37.461 0
      vertex 58.2772 -35.032 0
    endloop
  endfacet
  facet normal 0 0 -1
    outer loop
      vertex 100 -66 0
      vertex 55.0132 -39.9694 0
      vertex 56.751 -37.461 0
    endloop
  endfacet
  facet normal 0 0 -1
    outer loop
      vertex 86 -80 0
      vertex 53.1645 -42.3973 0
      vertex 55.0132 -39.9694 0
    endloop
  endfacet
  facet normal 0 0 -1
    outer loop
      vertex 86 -80 0
      vertex 51.2088 -44.7398 0
      vertex 53.1645 -42.3973 0
    endloop
  endfacet
  facet normal 0 0 -1
    outer loop
      vertex 86 -80 0
      vertex 49.15 -46.9922 0
      vertex 51.2088 -44.7398 0
    endloop
  endfacet
  facet normal 0 0 -1
    outer loop
      vertex 86 -80 0
      vertex 46.9922 -49.15 0
      vertex 49.15 -46.9922 0
    endloop
  endfacet
  facet normal 0 0 -1
    outer loop
      vertex 86 -80 0
      vertex 44.7398 -51.2088 0
      vertex 46.9922 -49.15 0
    endloop
  endfacet
  facet normal 0 0 -1
    outer loop
      vertex 86 -80 0
      vertex 42.3973 -53.1645 0
      vertex 44.7398 -51.2088 0
    endloop
  endfacet
  facet normal 0 0 -1
    outer loop
      vertex 86 -80 0
      vertex 39.9694 -55.0132 0
      vertex 42.3973 -53.1645 0
    endloop
  endfacet
  facet normal 0 0 -1
    outer loop
      vertex 86 -80 0
      vertex 37.461 -56.751 0
      vertex 39.9694 -55.0132 0
    endloop
  endfacet
  facet normal 0 0 -1
    outer loop
      vertex 86 -80 0
      vertex 34.8771 -58.3745 0
      vertex 37.461 -56.751 0
    endloop
  endfacet
  facet normal 0 0 -1
    outer loop
      vertex 86 -80 0
      vertex 32.2231 -59.8805 0
      vertex 34.8771 -58.3745 0
    endloop
  endfacet
  facet normal 0 0 -1
    outer loop
      vertex 86 -80 0
      vertex 29.5041 -61.2659 0
      vertex 32.2231 -59.8805 0
    endloop
  endfacet
  facet normal 0 0 -1
    outer loop
      vertex 86 -80 0
      vertex 26.7257 -62.5279 0
      vertex 29.5041 -61.2659 0
    endloop
  endfacet
  facet normal 0 0 -1
    outer loop
      vertex 86 -80 0
      vertex 23.8935 -63.664 0
      vertex 26.7257 -62.5279 0
    endloop
  endfacet
  facet normal 0 0 -1
    outer loop
      vertex 86 -80 0
      vertex 21.0132 -64.6718 0
      vertex 23.8935 -63.664 0
    endloop
  endfacet
  facet normal 0 0 -1
    outer loop
      vertex 86 -80 0
      vertex 18.0905 -65.5495 0
      vertex 21.0132 -64.6718 0
    endloop
  endfacet
  facet normal 0 0 -1
    outer loop
      vertex 86 -80 0
      vertex 15.1314 -66.2951 0
      vertex 18.0905 -65.5495 0
    endloop
  endfacet
  facet normal 0 0 -1
    outer loop
      vertex 86 -80 0
      vertex 12.1419 -66.9072 0
      vertex 15.1314 -66.2951 0
    endloop
  endfacet
  facet normal 0 0 -1
    outer loop
      vertex 86 -80 0
      vertex 9.12785 -67.3846 0
      vertex 12.1419 -66.9072 0
    endloop
  endfacet
  facet normal 0 0 -1
    outer loop
      vertex 86 -80 0
      vertex 6.09546 -67.7262 0
      vertex 9.12785 -67.3846 0
    endloop
  endfacet
  facet normal 0 0 -1
    outer loop
      vertex 86 -80 0
      vertex 3.0508 -67.9315 0
      vertex 6.09546 -67.7262 0
    endloop
  endfacet
  facet normal 0 0 -1
    outer loop
      vertex 86 -80 0
      vertex 1.2 -67.9731 0
      vertex 3.0508 -67.9315 0
    endloop
  endfacet
  facet normal 0 0 -1
    outer loop
      vertex -1.2 -67.9731 0
      vertex 1.2 -64.9731 0
      vertex 1.2 -67.9731 0
    endloop
  endfacet
  facet normal 0 0 -1
    outer loop
      vertex 8.58376 -2.72089 0
      vertex -0.363205 6.52747 0
      vertex 0.801346 7.45995 0
    endloop
  endfacet
  facet normal 0 0 -1
    outer loop
      vertex -1.2 -64.9731 0
      vertex 1.2 -64.9731 0
      vertex -1.2 -67.9731 0
    endloop
  endfacet
  facet normal 0 0 -1
    outer loop
      vertex 86 -80 0
      vertex -1.2 -67.9731 0
      vertex 1.2 -67.9731 0
    endloop
  endfacet
  facet normal 0 0 -1
    outer loop
      vertex -86 -80 0
      vertex -1.2 -67.9731 0
      vertex 86 -80 0
    endloop
  endfacet
  facet normal -0 0 -1
    outer loop
      vertex -1.2 -67.9731 0
      vertex -86 -80 0
      vertex -3.0508 -67.9315 0
    endloop
  endfacet
  facet normal -0 0 -1
    outer loop
      vertex -3.0508 -67.9315 0
      vertex -86 -80 0
      vertex -6.09546 -67.7262 0
    endloop
  endfacet
  facet normal -0 0 -1
    outer loop
      vertex -67.7262 -6.09546 0
      vertex -100 -66 0
      vertex -67.9315 -3.0508 0
    endloop
  endfacet
  facet normal -0 0 -1
    outer loop
      vertex -67.3846 -9.12785 0
      vertex -100 -66 0
      vertex -67.7262 -6.09546 0
    endloop
  endfacet
  facet normal -0 0 -1
    outer loop
      vertex -66.9072 -12.1419 0
      vertex -100 -66 0
      vertex -67.3846 -9.12785 0
    endloop
  endfacet
  facet normal -0 0 -1
    outer loop
      vertex -66.2951 -15.1314 0
      vertex -100 -66 0
      vertex -66.9072 -12.1419 0
    endloop
  endfacet
  facet normal -0 0 -1
    outer loop
      vertex -65.5495 -18.0905 0
      vertex -100 -66 0
      vertex -66.2951 -15.1314 0
    endloop
  endfacet
  facet normal -0 0 -1
    outer loop
      vertex -64.6718 -21.0132 0
      vertex -100 -66 0
      vertex -65.5495 -18.0905 0
    endloop
  endfacet
  facet normal -0 0 -1
    outer loop
      vertex -63.664 -23.8935 0
      vertex -100 -66 0
      vertex -64.6718 -21.0132 0
    endloop
  endfacet
  facet normal -0 0 -1
    outer loop
      vertex -62.5279 -26.7257 0
      vertex -100 -66 0
      vertex -63.664 -23.8935 0
    endloop
  endfacet
  facet normal -0 0 -1
    outer loop
      vertex -61.2659 -29.5041 0
      vertex -100 -66 0
      vertex -62.5279 -26.7257 0
    endloop
  endfacet
  facet normal -0 0 -1
    outer loop
      vertex -59.8805 -32.2231 0
      vertex -100 -66 0
      vertex -61.2659 -29.5041 0
    endloop
  endfacet
  facet normal -0 0 -1
    outer loop
      vertex -59.4688 -32.9487 0
      vertex -100 -66 0
      vertex -59.8805 -32.2231 0
    endloop
  endfacet
  facet normal -0 0 -1
    outer loop
      vertex -58.2772 -35.032 0
      vertex -100 -66 0
      vertex -59.4688 -32.9487 0
    endloop
  endfacet
  facet normal -0 0 -1
    outer loop
      vertex -56.751 -37.461 0
      vertex -100 -66 0
      vertex -58.2772 -35.032 0
    endloop
  endfacet
  facet normal -0 0 -1
    outer loop
      vertex -55.0132 -39.9694 0
      vertex -100 -66 0
      vertex -56.751 -37.461 0
    endloop
  endfacet
  facet normal 0 0 -1
    outer loop
      vertex -100 -66 0
      vertex -55.0132 -39.9694 0
      vertex -86 -80 0
    endloop
  endfacet
  facet normal -0 0 -1
    outer loop
      vertex -53.1645 -42.3973 0
      vertex -86 -80 0
      vertex -55.0132 -39.9694 0
    endloop
  endfacet
  facet normal -0 0 -1
    outer loop
      vertex -51.2088 -44.7398 0
      vertex -86 -80 0
      vertex -53.1645 -42.3973 0
    endloop
  endfacet
  facet normal -0 0 -1
    outer loop
      vertex -49.15 -46.9922 0
      vertex -86 -80 0
      vertex -51.2088 -44.7398 0
    endloop
  endfacet
  facet normal -0 0 -1
    outer loop
      vertex -46.9922 -49.15 0
      vertex -86 -80 0
      vertex -49.15 -46.9922 0
    endloop
  endfacet
  facet normal -0 0 -1
    outer loop
      vertex -44.7398 -51.2088 0
      vertex -86 -80 0
      vertex -46.9922 -49.15 0
    endloop
  endfacet
  facet normal -0 0 -1
    outer loop
      vertex -42.3973 -53.1645 0
      vertex -86 -80 0
      vertex -44.7398 -51.2088 0
    endloop
  endfacet
  facet normal -0 0 -1
    outer loop
      vertex -39.9694 -55.0132 0
      vertex -86 -80 0
      vertex -42.3973 -53.1645 0
    endloop
  endfacet
  facet normal -0 0 -1
    outer loop
      vertex -37.461 -56.751 0
      vertex -86 -80 0
      vertex -39.9694 -55.0132 0
    endloop
  endfacet
  facet normal -0 0 -1
    outer loop
      vertex -34.8771 -58.3745 0
      vertex -86 -80 0
      vertex -37.461 -56.751 0
    endloop
  endfacet
  facet normal -0 0 -1
    outer loop
      vertex -32.2231 -59.8805 0
      vertex -86 -80 0
      vertex -34.8771 -58.3745 0
    endloop
  endfacet
  facet normal -0 0 -1
    outer loop
      vertex -29.5041 -61.2659 0
      vertex -86 -80 0
      vertex -32.2231 -59.8805 0
    endloop
  endfacet
  facet normal -0 0 -1
    outer loop
      vertex -26.7257 -62.5279 0
      vertex -86 -80 0
      vertex -29.5041 -61.2659 0
    endloop
  endfacet
  facet normal -0 0 -1
    outer loop
      vertex -23.8935 -63.664 0
      vertex -86 -80 0
      vertex -26.7257 -62.5279 0
    endloop
  endfacet
  facet normal -0 0 -1
    outer loop
      vertex -21.0132 -64.6718 0
      vertex -86 -80 0
      vertex -23.8935 -63.664 0
    endloop
  endfacet
  facet normal -0 0 -1
    outer loop
      vertex -18.0905 -65.5495 0
      vertex -86 -80 0
      vertex -21.0132 -64.6718 0
    endloop
  endfacet
  facet normal -0 0 -1
    outer loop
      vertex -15.1314 -66.2951 0
      vertex -86 -80 0
      vertex -18.0905 -65.5495 0
    endloop
  endfacet
  facet normal -0 0 -1
    outer loop
      vertex -12.1419 -66.9072 0
      vertex -86 -80 0
      vertex -15.1314 -66.2951 0
    endloop
  endfacet
  facet normal -0 0 -1
    outer loop
      vertex -9.12785 -67.3846 0
      vertex -86 -80 0
      vertex -12.1419 -66.9072 0
    endloop
  endfacet
  facet normal -0 0 -1
    outer loop
      vertex -6.09546 -67.7262 0
      vertex -86 -80 0
      vertex -9.12785 -67.3846 0
    endloop
  endfacet
  facet normal 0 0 -1
    outer loop
      vertex 58.2772 35.032 0
      vertex 100 66 0
      vertex 59.4688 32.9487 0
    endloop
  endfacet
  facet normal 0 0 -1
    outer loop
      vertex 56.751 37.461 0
      vertex 100 66 0
      vertex 58.2772 35.032 0
    endloop
  endfacet
  facet normal 0 0 -1
    outer loop
      vertex 55.0132 39.9694 0
      vertex 100 66 0
      vertex 56.751 37.461 0
    endloop
  endfacet
  facet normal 0 -0 -1
    outer loop
      vertex 86 80 0
      vertex 100 66 0
      vertex 55.0132 39.9694 0
    endloop
  endfacet
  facet normal 0 0 -1
    outer loop
      vertex 100 66 0
      vertex 86 80 0
      vertex 99.8802 67.8274 0
    endloop
  endfacet
  facet normal 0 0 -1
    outer loop
      vertex 99.523 69.6235 0
      vertex 86 80 0
      vertex 98.9343 71.3576 0
    endloop
  endfacet
  facet normal 0 0 -1
    outer loop
      vertex 98.9343 71.3576 0
      vertex 86 80 0
      vertex 98.1244 73 0
    endloop
  endfacet
  facet normal 0 0 -1
    outer loop
      vertex 98.1244 73 0
      vertex 86 80 0
      vertex 97.1069 74.5227 0
    endloop
  endfacet
  facet normal 0 0 -1
    outer loop
      vertex 97.1069 74.5227 0
      vertex 86 80 0
      vertex 95.8995 75.8995 0
    endloop
  endfacet
  facet normal 0 0 -1
    outer loop
      vertex 94.5227 77.1069 0
      vertex 86 80 0
      vertex 93 78.1244 0
    endloop
  endfacet
  facet normal 0 0 -1
    outer loop
      vertex 93 78.1244 0
      vertex 86 80 0
      vertex 91.3576 78.9343 0
    endloop
  endfacet
  facet normal 0 0 -1
    outer loop
      vertex 91.3576 78.9343 0
      vertex 86 80 0
      vertex 89.6235 79.523 0
    endloop
  endfacet
  facet normal 0 0 -1
    outer loop
      vertex 89.6235 79.523 0
      vertex 86 80 0
      vertex 87.8274 79.8802 0
    endloop
  endfacet
  facet normal 0 0 -1
    outer loop
      vertex 95.8995 75.8995 0
      vertex 86 80 0
      vertex 94.5227 77.1069 0
    endloop
  endfacet
  facet normal 0 0 -1
    outer loop
      vertex 99.8802 67.8274 0
      vertex 86 80 0
      vertex 99.523 69.6235 0
    endloop
  endfacet
  facet normal 0 0 -1
    outer loop
      vertex 53.1645 42.3973 0
      vertex 86 80 0
      vertex 55.0132 39.9694 0
    endloop
  endfacet
  facet normal 0 0 -1
    outer loop
      vertex 51.2088 44.7398 0
      vertex 86 80 0
      vertex 53.1645 42.3973 0
    endloop
  endfacet
  facet normal 0 0 -1
    outer loop
      vertex 49.15 46.9922 0
      vertex 86 80 0
      vertex 51.2088 44.7398 0
    endloop
  endfacet
  facet normal 0 0 -1
    outer loop
      vertex 46.9922 49.15 0
      vertex 86 80 0
      vertex 49.15 46.9922 0
    endloop
  endfacet
  facet normal 0 0 -1
    outer loop
      vertex 44.7398 51.2088 0
      vertex 86 80 0
      vertex 46.9922 49.15 0
    endloop
  endfacet
  facet normal 0 0 -1
    outer loop
      vertex 42.3973 53.1645 0
      vertex 86 80 0
      vertex 44.7398 51.2088 0
    endloop
  endfacet
  facet normal 0 0 -1
    outer loop
      vertex 39.9694 55.0132 0
      vertex 86 80 0
      vertex 42.3973 53.1645 0
    endloop
  endfacet
  facet normal 0 0 -1
    outer loop
      vertex 37.461 56.751 0
      vertex 86 80 0
      vertex 39.9694 55.0132 0
    endloop
  endfacet
  facet normal 0 0 -1
    outer loop
      vertex 34.8771 58.3745 0
      vertex 86 80 0
      vertex 37.461 56.751 0
    endloop
  endfacet
  facet normal 0 0 -1
    outer loop
      vertex 32.2231 59.8805 0
      vertex 86 80 0
      vertex 34.8771 58.3745 0
    endloop
  endfacet
  facet normal 0 0 -1
    outer loop
      vertex 29.5041 61.2659 0
      vertex 86 80 0
      vertex 32.2231 59.8805 0
    endloop
  endfacet
  facet normal 0 0 -1
    outer loop
      vertex 26.7257 62.5279 0
      vertex 86 80 0
      vertex 29.5041 61.2659 0
    endloop
  endfacet
  facet normal 0 0 -1
    outer loop
      vertex 23.8935 63.664 0
      vertex 86 80 0
      vertex 26.7257 62.5279 0
    endloop
  endfacet
  facet normal 0 0 -1
    outer loop
      vertex 21.0132 64.6718 0
      vertex 86 80 0
      vertex 23.8935 63.664 0
    endloop
  endfacet
  facet normal 0 0 -1
    outer loop
      vertex 18.0905 65.5495 0
      vertex 86 80 0
      vertex 21.0132 64.6718 0
    endloop
  endfacet
  facet normal 0 0 -1
    outer loop
      vertex 15.1314 66.2951 0
      vertex 86 80 0
      vertex 18.0905 65.5495 0
    endloop
  endfacet
  facet normal 0 0 -1
    outer loop
      vertex 12.1419 66.9072 0
      vertex 86 80 0
      vertex 15.1314 66.2951 0
    endloop
  endfacet
  facet normal 0 0 -1
    outer loop
      vertex 9.12785 67.3846 0
      vertex 86 80 0
      vertex 12.1419 66.9072 0
    endloop
  endfacet
  facet normal 0 0 -1
    outer loop
      vertex 6.09546 67.7262 0
      vertex 86 80 0
      vertex 9.12785 67.3846 0
    endloop
  endfacet
  facet normal 0 0 -1
    outer loop
      vertex 3.0508 67.9315 0
      vertex 86 80 0
      vertex 6.09546 67.7262 0
    endloop
  endfacet
  facet normal 0 0 -1
    outer loop
      vertex 1.2 67.9731 0
      vertex 86 80 0
      vertex 3.0508 67.9315 0
    endloop
  endfacet
  facet normal 0 0 -1
    outer loop
      vertex 1.2 64.9731 0
      vertex -1.2 64.9731 0
      vertex 1.2 67.9731 0
    endloop
  endfacet
  facet normal 0 0 -1
    outer loop
      vertex -1.2 67.9731 0
      vertex 1.2 67.9731 0
      vertex -1.2 64.9731 0
    endloop
  endfacet
  facet normal 0 0 -1
    outer loop
      vertex -1.2 67.9731 0
      vertex 86 80 0
      vertex 1.2 67.9731 0
    endloop
  endfacet
  facet normal 0 0 -1
    outer loop
      vertex -86 80 0
      vertex -1.2 67.9731 0
      vertex -3.0508 67.9315 0
    endloop
  endfacet
  facet normal 0 0 -1
    outer loop
      vertex -86 80 0
      vertex -3.0508 67.9315 0
      vertex -6.09546 67.7262 0
    endloop
  endfacet
  facet normal 0 0 -1
    outer loop
      vertex -86 80 0
      vertex -6.09546 67.7262 0
      vertex -9.12785 67.3846 0
    endloop
  endfacet
  facet normal -0 0 -1
    outer loop
      vertex -67.9315 -3.0508 0
      vertex -100 -66 0
      vertex -68 0 0
    endloop
  endfacet
  facet normal 0 0 -1
    outer loop
      vertex -100 66 0
      vertex -68 0 0
      vertex -100 -66 0
    endloop
  endfacet
  facet normal 0 0 -1
    outer loop
      vertex -68 0 0
      vertex -100 66 0
      vertex -67.9315 3.0508 0
    endloop
  endfacet
  facet normal 0 0 -1
    outer loop
      vertex -67.9315 3.0508 0
      vertex -100 66 0
      vertex -67.7262 6.09546 0
    endloop
  endfacet
  facet normal 0 0 -1
    outer loop
      vertex -67.7262 6.09546 0
      vertex -100 66 0
      vertex -67.3846 9.12785 0
    endloop
  endfacet
  facet normal 0 0 -1
    outer loop
      vertex -1.2 67.9731 0
      vertex -86 80 0
      vertex 86 80 0
    endloop
  endfacet
  facet normal 0 0 -1
    outer loop
      vertex -12.1419 66.9072 0
      vertex -86 80 0
      vertex -9.12785 67.3846 0
    endloop
  endfacet
  facet normal 0 0 -1
    outer loop
      vertex -15.1314 66.2951 0
      vertex -86 80 0
      vertex -12.1419 66.9072 0
    endloop
  endfacet
  facet normal 0 0 -1
    outer loop
      vertex -18.0905 65.5495 0
      vertex -86 80 0
      vertex -15.1314 66.2951 0
    endloop
  endfacet
  facet normal 0 0 -1
    outer loop
      vertex -21.0132 64.6718 0
      vertex -86 80 0
      vertex -18.0905 65.5495 0
    endloop
  endfacet
  facet normal 0 0 -1
    outer loop
      vertex -23.8935 63.664 0
      vertex -86 80 0
      vertex -21.0132 64.6718 0
    endloop
  endfacet
  facet normal 0 0 -1
    outer loop
      vertex -26.7257 62.5279 0
      vertex -86 80 0
      vertex -23.8935 63.664 0
    endloop
  endfacet
  facet normal 0 0 -1
    outer loop
      vertex -29.5041 61.2659 0
      vertex -86 80 0
      vertex -26.7257 62.5279 0
    endloop
  endfacet
  facet normal 0 0 -1
    outer loop
      vertex -32.2231 59.8805 0
      vertex -86 80 0
      vertex -29.5041 61.2659 0
    endloop
  endfacet
  facet normal 0 0 -1
    outer loop
      vertex -34.8771 58.3745 0
      vertex -86 80 0
      vertex -32.2231 59.8805 0
    endloop
  endfacet
  facet normal 0 0 -1
    outer loop
      vertex -37.461 56.751 0
      vertex -86 80 0
      vertex -34.8771 58.3745 0
    endloop
  endfacet
  facet normal 0 0 -1
    outer loop
      vertex -39.9694 55.0132 0
      vertex -86 80 0
      vertex -37.461 56.751 0
    endloop
  endfacet
  facet normal 0 0 -1
    outer loop
      vertex -42.3973 53.1645 0
      vertex -86 80 0
      vertex -39.9694 55.0132 0
    endloop
  endfacet
  facet normal 0 0 -1
    outer loop
      vertex -44.7398 51.2088 0
      vertex -86 80 0
      vertex -42.3973 53.1645 0
    endloop
  endfacet
  facet normal 0 0 -1
    outer loop
      vertex -46.9922 49.15 0
      vertex -86 80 0
      vertex -44.7398 51.2088 0
    endloop
  endfacet
  facet normal 0 0 -1
    outer loop
      vertex -49.15 46.9922 0
      vertex -86 80 0
      vertex -46.9922 49.15 0
    endloop
  endfacet
  facet normal 0 0 -1
    outer loop
      vertex -51.2088 44.7398 0
      vertex -86 80 0
      vertex -49.15 46.9922 0
    endloop
  endfacet
  facet normal 0 0 -1
    outer loop
      vertex -53.1645 42.3973 0
      vertex -86 80 0
      vertex -51.2088 44.7398 0
    endloop
  endfacet
  facet normal 0 0 -1
    outer loop
      vertex -55.0132 39.9694 0
      vertex -86 80 0
      vertex -53.1645 42.3973 0
    endloop
  endfacet
  facet normal 0 0 -1
    outer loop
      vertex -100 66 0
      vertex -55.0132 39.9694 0
      vertex -56.751 37.461 0
    endloop
  endfacet
  facet normal 0 0 -1
    outer loop
      vertex -100 66 0
      vertex -56.751 37.461 0
      vertex -58.2772 35.032 0
    endloop
  endfacet
  facet normal 0 0 -1
    outer loop
      vertex -100 66 0
      vertex -58.2772 35.032 0
      vertex -59.4688 32.9487 0
    endloop
  endfacet
  facet normal 0 0 -1
    outer loop
      vertex -100 66 0
      vertex -59.4688 32.9487 0
      vertex -59.8805 32.2231 0
    endloop
  endfacet
  facet normal 0 0 -1
    outer loop
      vertex -100 66 0
      vertex -59.8805 32.2231 0
      vertex -61.2659 29.5041 0
    endloop
  endfacet
  facet normal 0 0 -1
    outer loop
      vertex -100 66 0
      vertex -61.2659 29.5041 0
      vertex -62.5279 26.7257 0
    endloop
  endfacet
  facet normal 0 0 -1
    outer loop
      vertex -100 66 0
      vertex -62.5279 26.7257 0
      vertex -63.664 23.8935 0
    endloop
  endfacet
  facet normal 0 0 -1
    outer loop
      vertex -100 66 0
      vertex -63.664 23.8935 0
      vertex -64.6718 21.0132 0
    endloop
  endfacet
  facet normal 0 0 -1
    outer loop
      vertex -100 66 0
      vertex -64.6718 21.0132 0
      vertex -65.5495 18.0905 0
    endloop
  endfacet
  facet normal 0 0 -1
    outer loop
      vertex -100 66 0
      vertex -65.5495 18.0905 0
      vertex -66.2951 15.1314 0
    endloop
  endfacet
  facet normal 0 0 -1
    outer loop
      vertex -67.3846 9.12785 0
      vertex -100 66 0
      vertex -66.9072 12.1419 0
    endloop
  endfacet
  facet normal 0 0 -1
    outer loop
      vertex -100 -66 0
      vertex -86 -80 0
      vertex -87.8274 -79.8802 0
    endloop
  endfacet
  facet normal 0 0 -1
    outer loop
      vertex -66.9072 12.1419 0
      vertex -100 66 0
      vertex -66.2951 15.1314 0
    endloop
  endfacet
  facet normal 0 0 -1
    outer loop
      vertex -100 -66 0
      vertex -87.8274 -79.8802 0
      vertex -89.6235 -79.523 0
    endloop
  endfacet
  facet normal 0 0 -1
    outer loop
      vertex -55.0132 39.9694 0
      vertex -100 66 0
      vertex -86 80 0
    endloop
  endfacet
  facet normal 0 0 -1
    outer loop
      vertex -100 -66 0
      vertex -89.6235 -79.523 0
      vertex -91.3576 -78.9343 0
    endloop
  endfacet
  facet normal 0 0 -1
    outer loop
      vertex -86 80 0
      vertex -100 66 0
      vertex -87.8274 79.8802 0
    endloop
  endfacet
  facet normal 0 0 -1
    outer loop
      vertex -100 -66 0
      vertex -91.3576 -78.9343 0
      vertex -93 -78.1244 0
    endloop
  endfacet
  facet normal 0 0 -1
    outer loop
      vertex -87.8274 79.8802 0
      vertex -100 66 0
      vertex -89.6235 79.523 0
    endloop
  endfacet
  facet normal 0 0 -1
    outer loop
      vertex -100 -66 0
      vertex -93 -78.1244 0
      vertex -94.5227 -77.1069 0
    endloop
  endfacet
  facet normal 0 0 -1
    outer loop
      vertex -89.6235 79.523 0
      vertex -100 66 0
      vertex -91.3576 78.9343 0
    endloop
  endfacet
  facet normal 0 0 -1
    outer loop
      vertex -100 -66 0
      vertex -94.5227 -77.1069 0
      vertex -95.8995 -75.8995 0
    endloop
  endfacet
  facet normal 0 0 -1
    outer loop
      vertex -91.3576 78.9343 0
      vertex -100 66 0
      vertex -93 78.1244 0
    endloop
  endfacet
  facet normal 0 0 -1
    outer loop
      vertex -100 -66 0
      vertex -95.8995 -75.8995 0
      vertex -97.1069 -74.5227 0
    endloop
  endfacet
  facet normal 0 0 -1
    outer loop
      vertex -93 78.1244 0
      vertex -100 66 0
      vertex -94.5227 77.1069 0
    endloop
  endfacet
  facet normal 0 0 -1
    outer loop
      vertex -100 -66 0
      vertex -97.1069 -74.5227 0
      vertex -98.1244 -73 0
    endloop
  endfacet
  facet normal 0 0 -1
    outer loop
      vertex -94.5227 77.1069 0
      vertex -100 66 0
      vertex -95.8995 75.8995 0
    endloop
  endfacet
  facet normal 0 0 -1
    outer loop
      vertex -100 -66 0
      vertex -98.1244 -73 0
      vertex -98.9343 -71.3576 0
    endloop
  endfacet
  facet normal 0 0 -1
    outer loop
      vertex -95.8995 75.8995 0
      vertex -100 66 0
      vertex -97.1069 74.5227 0
    endloop
  endfacet
  facet normal 0 0 -1
    outer loop
      vertex -100 -66 0
      vertex -98.9343 -71.3576 0
      vertex -99.523 -69.6235 0
    endloop
  endfacet
  facet normal 0 0 -1
    outer loop
      vertex -97.1069 74.5227 0
      vertex -100 66 0
      vertex -98.1244 73 0
    endloop
  endfacet
  facet normal 0 0 -1
    outer loop
      vertex -100 -66 0
      vertex -99.523 -69.6235 0
      vertex -99.8802 -67.8274 0
    endloop
  endfacet
  facet normal 0 0 -1
    outer loop
      vertex -98.1244 73 0
      vertex -100 66 0
      vertex -98.9343 71.3576 0
    endloop
  endfacet
  facet normal 0 0 -1
    outer loop
      vertex -98.9343 71.3576 0
      vertex -100 66 0
      vertex -99.523 69.6235 0
    endloop
  endfacet
  facet normal 0 0 -1
    outer loop
      vertex -99.523 69.6235 0
      vertex -100 66 0
      vertex -99.8802 67.8274 0
    endloop
  endfacet
  facet normal 0 0 -1
    outer loop
      vertex 58.2772 -35.032 0
      vertex 56.8713 -31.449 0
      vertex 59.4688 -32.9487 0
    endloop
  endfacet
  facet normal 0 0 -1
    outer loop
      vertex 60.8553 -22.8394 0
      vertex 55.9316 -5.31526 0
      vertex 56.2298 -5.3625 0
    endloop
  endfacet
  facet normal 0 0 -1
    outer loop
      vertex 55.678 -33.5313 0
      vertex 56.8713 -31.449 0
      vertex 58.2772 -35.032 0
    endloop
  endfacet
  facet normal 0 0 -1
    outer loop
      vertex 50.8139 -27.3959 0
      vertex 56.8713 -31.449 0
      vertex 55.678 -33.5313 0
    endloop
  endfacet
  facet normal 0 0 -1
    outer loop
      vertex 54.9939 -22.2558 0
      vertex 57.2387 -30.8015 0
      vertex 55.0824 -22.8491 0
    endloop
  endfacet
  facet normal 0 0 -1
    outer loop
      vertex 57.2387 -30.8015 0
      vertex 54.9939 -22.2558 0
      vertex 55.9316 -5.31526 0
    endloop
  endfacet
  facet normal 0 0 -1
    outer loop
      vertex 54.7168 -21.7237 0
      vertex 55.9316 -5.31526 0
      vertex 54.9939 -22.2558 0
    endloop
  endfacet
  facet normal 0 0 -1
    outer loop
      vertex 54.2579 -21.2661 0
      vertex 55.9316 -5.31526 0
      vertex 54.7168 -21.7237 0
    endloop
  endfacet
  facet normal 0 0 -1
    outer loop
      vertex 53.6286 -20.894 0
      vertex 55.9316 -5.31526 0
      vertex 54.2579 -21.2661 0
    endloop
  endfacet
  facet normal 0 0 -1
    outer loop
      vertex 52.8444 -20.6168 0
      vertex 55.9316 -5.31526 0
      vertex 53.6286 -20.894 0
    endloop
  endfacet
  facet normal 0 0 -1
    outer loop
      vertex 51.9245 -20.4412 0
      vertex 55.9316 -5.31526 0
      vertex 52.8444 -20.6168 0
    endloop
  endfacet
  facet normal -0 0 -1
    outer loop
      vertex 55.9316 -5.31526 0
      vertex 51.9245 -20.4412 0
      vertex 55.0822 -5.11879 0
    endloop
  endfacet
  facet normal 0 0 -1
    outer loop
      vertex 47.9307 -6.65591 0
      vertex 55.0822 -5.11879 0
      vertex 51.9245 -20.4412 0
    endloop
  endfacet
  facet normal 0 -0 -1
    outer loop
      vertex 48.1442 -6.44241 0
      vertex 55.0822 -5.11879 0
      vertex 47.9307 -6.65591 0
    endloop
  endfacet
  facet normal -0 0 -1
    outer loop
      vertex 54.2788 -4.74948 0
      vertex 48.5733 -6.0083 0
      vertex 53.9325 -4.573 0
    endloop
  endfacet
  facet normal -0 0 -1
    outer loop
      vertex 53.9325 -4.573 0
      vertex 49.0139 -5.40715 0
      vertex 53.1366 -4.01115 0
    endloop
  endfacet
  facet normal 0 -0 -1
    outer loop
      vertex 48.5733 -6.0083 0
      vertex 55.0822 -5.11879 0
      vertex 48.1442 -6.44241 0
    endloop
  endfacet
  facet normal 0 -0 -1
    outer loop
      vertex 49.466 -4.6389 0
      vertex 53.1366 -4.01115 0
      vertex 49.0139 -5.40715 0
    endloop
  endfacet
  facet normal 0 -0 -1
    outer loop
      vertex 50.1455 -3.27989 0
      vertex 52.3868 -3.27647 0
      vertex 49.6621 -4.25389 0
    endloop
  endfacet
  facet normal 0 0 -1
    outer loop
      vertex 44.8289 -13.4651 0
      vertex 50.8917 -20.3715 0
      vertex 45.3302 -16.1278 0
    endloop
  endfacet
  facet normal -0 0 -1
    outer loop
      vertex 51.3161 -2.00203 0
      vertex 50.6403 -2.13884 0
      vertex 50.9328 -1.38327 0
    endloop
  endfacet
  facet normal 0 0 -1
    outer loop
      vertex 52.0505 -2.94023 0
      vertex 50.6403 -2.13884 0
      vertex 51.3161 -2.00203 0
    endloop
  endfacet
  facet normal 0 0 -1
    outer loop
      vertex 45.3302 -16.1278 0
      vertex 49.7713 -20.4095 0
      vertex 45.8626 -18.7906 0
    endloop
  endfacet
  facet normal 0 -0 -1
    outer loop
      vertex 50.6403 -2.13884 0
      vertex 52.0505 -2.94023 0
      vertex 50.1455 -3.27989 0
    endloop
  endfacet
  facet normal -0 0 -1
    outer loop
      vertex 52.3868 -3.27647 0
      vertex 50.1455 -3.27989 0
      vertex 52.0505 -2.94023 0
    endloop
  endfacet
  facet normal -0 0 -1
    outer loop
      vertex 53.1366 -4.01115 0
      vertex 49.6621 -4.25389 0
      vertex 52.3868 -3.27647 0
    endloop
  endfacet
  facet normal 0 0 -1
    outer loop
      vertex 45.8626 -18.7906 0
      vertex 48.5909 -20.5542 0
      vertex 45.994 -19.62 0
    endloop
  endfacet
  facet normal 0 -0 -1
    outer loop
      vertex 49.6621 -4.25389 0
      vertex 53.1366 -4.01115 0
      vertex 49.466 -4.6389 0
    endloop
  endfacet
  facet normal 0 -0 -1
    outer loop
      vertex 49.0139 -5.40715 0
      vertex 53.9325 -4.573 0
      vertex 48.5733 -6.0083 0
    endloop
  endfacet
  facet normal -0 0 -1
    outer loop
      vertex 55.0822 -5.11879 0
      vertex 48.5733 -6.0083 0
      vertex 54.2788 -4.74948 0
    endloop
  endfacet
  facet normal 0 0 -1
    outer loop
      vertex 50.8917 -20.3715 0
      vertex 44.8289 -13.4651 0
      vertex 51.9245 -20.4412 0
    endloop
  endfacet
  facet normal 0 0 -1
    outer loop
      vertex 45.994 -19.62 0
      vertex 48.5909 -20.5542 0
      vertex 47.3796 -20.8021 0
    endloop
  endfacet
  facet normal 0 0 -1
    outer loop
      vertex 48.5909 -20.5542 0
      vertex 45.8626 -18.7906 0
      vertex 49.7713 -20.4095 0
    endloop
  endfacet
  facet normal 0 0 -1
    outer loop
      vertex 51.9245 -20.4412 0
      vertex 44.8289 -13.4651 0
      vertex 47.9307 -6.65591 0
    endloop
  endfacet
  facet normal 0 0 -1
    outer loop
      vertex 49.7713 -20.4095 0
      vertex 45.3302 -16.1278 0
      vertex 50.8917 -20.3715 0
    endloop
  endfacet
  facet normal 0 0 -1
    outer loop
      vertex 47.9307 -6.65591 0
      vertex 44.8289 -13.4651 0
      vertex 47.5438 -6.89226 0
    endloop
  endfacet
  facet normal 0 0 -1
    outer loop
      vertex 47.5438 -6.89226 0
      vertex 44.8289 -13.4651 0
      vertex 47.3135 -7.00964 0
    endloop
  endfacet
  facet normal 0 0 -1
    outer loop
      vertex 45.8626 -20.4494 0
      vertex 47.3796 -20.8021 0
      vertex 46.1673 -21.1471 0
    endloop
  endfacet
  facet normal 0 0 -1
    outer loop
      vertex 44.3588 -10.8023 0
      vertex 47.3135 -7.00964 0
      vertex 44.8289 -13.4651 0
    endloop
  endfacet
  facet normal 0 0 -1
    outer loop
      vertex 47.3135 -7.00964 0
      vertex 44.3588 -10.8023 0
      vertex 47.0581 -7.05008 0
    endloop
  endfacet
  facet normal 0 0 -1
    outer loop
      vertex 47.0581 -7.05008 0
      vertex 44.3588 -10.8023 0
      vertex 46.7643 -7.09288 0
    endloop
  endfacet
  facet normal 0 0 -1
    outer loop
      vertex 47.3796 -20.8021 0
      vertex 45.8626 -20.4494 0
      vertex 45.994 -19.62 0
    endloop
  endfacet
  facet normal -0 0 -1
    outer loop
      vertex 46.1673 -21.1471 0
      vertex 45.4814 -21.1976 0
      vertex 45.8626 -20.4494 0
    endloop
  endfacet
  facet normal 0 -0 -1
    outer loop
      vertex 45.4814 -21.1976 0
      vertex 46.1673 -21.1471 0
      vertex 45.1646 -21.5143 0
    endloop
  endfacet
  facet normal 0 0 -1
    outer loop
      vertex 64.7383 -5.82655 0
      vertex 59.4481 -4.51523 0
      vertex 59.475 -4.34558 0
    endloop
  endfacet
  facet normal 0 0 -1
    outer loop
      vertex 60.8553 -22.8394 0
      vertex 59.3701 -4.66827 0
      vertex 59.4481 -4.51523 0
    endloop
  endfacet
  facet normal 0 0 -1
    outer loop
      vertex 60.8553 -22.8394 0
      vertex 59.2487 -4.78973 0
      vertex 59.3701 -4.66827 0
    endloop
  endfacet
  facet normal 0 0 -1
    outer loop
      vertex 60.8553 -22.8394 0
      vertex 59.0956 -4.86772 0
      vertex 59.2487 -4.78973 0
    endloop
  endfacet
  facet normal 0 0 -1
    outer loop
      vertex 55.9316 -5.31526 0
      vertex 59.7693 -25.5466 0
      vertex 58.563 -28.2024 0
    endloop
  endfacet
  facet normal 0 0 -1
    outer loop
      vertex 60.8553 -22.8394 0
      vertex 58.1937 -5.18974 0
      vertex 59.0956 -4.86772 0
    endloop
  endfacet
  facet normal 0 0 -1
    outer loop
      vertex 60.8553 -22.8394 0
      vertex 57.3378 -5.33893 0
      vertex 58.1937 -5.18974 0
    endloop
  endfacet
  facet normal 0 0 -1
    outer loop
      vertex 55.9316 -5.31526 0
      vertex 58.563 -28.2024 0
      vertex 57.2387 -30.8015 0
    endloop
  endfacet
  facet normal 0 0 -1
    outer loop
      vertex 60.8553 -22.8394 0
      vertex 57.0824 -5.37935 0
      vertex 57.3378 -5.33893 0
    endloop
  endfacet
  facet normal 0 0 -1
    outer loop
      vertex 54.9802 -23.4891 0
      vertex 57.2387 -30.8015 0
      vertex 56.8713 -31.449 0
    endloop
  endfacet
  facet normal 0 0 -1
    outer loop
      vertex 60.8553 -22.8394 0
      vertex 56.2298 -5.3625 0
      vertex 57.0824 -5.37935 0
    endloop
  endfacet
  facet normal 0 0 -1
    outer loop
      vertex 61.6027 5.36186 0
      vertex 62.9001 3.46982 0
      vertex 61.7816 2.91583 0
    endloop
  endfacet
  facet normal 0 0 -1
    outer loop
      vertex 62.9001 3.46982 0
      vertex 61.6027 5.36186 0
      vertex 62.6757 6.32033 0
    endloop
  endfacet
  facet normal 0 0 -1
    outer loop
      vertex 60.3534 4.42007 0
      vertex 61.7816 2.91583 0
      vertex 60.4425 2.43129 0
    endloop
  endfacet
  facet normal 0 0 -1
    outer loop
      vertex 61.7816 2.91583 0
      vertex 60.3534 4.42007 0
      vertex 61.6027 5.36186 0
    endloop
  endfacet
  facet normal 0 0 -1
    outer loop
      vertex 59.1156 3.66264 0
      vertex 60.4425 2.43129 0
      vertex 59.3372 2.18671 0
    endloop
  endfacet
  facet normal 0 0 -1
    outer loop
      vertex 60.4425 2.43129 0
      vertex 59.1156 3.66264 0
      vertex 60.3534 4.42007 0
    endloop
  endfacet
  facet normal 0 0 -1
    outer loop
      vertex 59.3372 2.18671 0
      vertex 58.7306 3.46646 0
      vertex 59.1156 3.66264 0
    endloop
  endfacet
  facet normal 0 0 -1
    outer loop
      vertex 58.2519 2.11067 0
      vertex 58.7306 3.46646 0
      vertex 59.3372 2.18671 0
    endloop
  endfacet
  facet normal 0 0 -1
    outer loop
      vertex 58.2519 2.11067 0
      vertex 57.4657 2.87367 0
      vertex 58.7306 3.46646 0
    endloop
  endfacet
  facet normal 0 0 -1
    outer loop
      vertex 57.3255 2.19601 0
      vertex 57.4657 2.87367 0
      vertex 58.2519 2.11067 0
    endloop
  endfacet
  facet normal 0 0 -1
    outer loop
      vertex 56.3711 2.45193 0
      vertex 57.4657 2.87367 0
      vertex 57.3255 2.19601 0
    endloop
  endfacet
  facet normal 0 0 -1
    outer loop
      vertex 57.4657 2.87367 0
      vertex 56.3711 2.45193 0
      vertex 56.2881 2.48994 0
    endloop
  endfacet
  facet normal 0 0 -1
    outer loop
      vertex 61.308 0.732697 0
      vertex 65 0 0
      vertex 64.9345 -2.9162 0
    endloop
  endfacet
  facet normal 0 0 -1
    outer loop
      vertex 59.475 -4.34558 0
      vertex 64.9345 -2.9162 0
      vertex 64.7383 -5.82655 0
    endloop
  endfacet
  facet normal 0 0 -1
    outer loop
      vertex 65 0 0
      vertex 62.9534 1.78004 0
      vertex 64.9345 2.9162 0
    endloop
  endfacet
  facet normal 0 0 -1
    outer loop
      vertex 59.4481 -4.51523 0
      vertex 64.7383 -5.82655 0
      vertex 64.4117 -8.72516 0
    endloop
  endfacet
  facet normal 0 0 -1
    outer loop
      vertex 62.9137 3.29716 0
      vertex 64.9345 2.9162 0
      vertex 62.9534 1.78004 0
    endloop
  endfacet
  facet normal 0 0 -1
    outer loop
      vertex 59.4481 -4.51523 0
      vertex 64.4117 -8.72516 0
      vertex 63.9554 -11.6062 0
    endloop
  endfacet
  facet normal 0 0 -1
    outer loop
      vertex 62.9001 3.46982 0
      vertex 64.9345 2.9162 0
      vertex 62.9137 3.29716 0
    endloop
  endfacet
  facet normal 0 0 -1
    outer loop
      vertex 59.4481 -4.51523 0
      vertex 63.9554 -11.6062 0
      vertex 63.3703 -14.4639 0
    endloop
  endfacet
  facet normal 0 0 -1
    outer loop
      vertex 64.9345 2.9162 0
      vertex 62.9001 3.46982 0
      vertex 64.7383 5.82655 0
    endloop
  endfacet
  facet normal 0 0 -1
    outer loop
      vertex 62.6757 6.32033 0
      vertex 64.7383 5.82655 0
      vertex 62.9001 3.46982 0
    endloop
  endfacet
  facet normal 0 0 -1
    outer loop
      vertex 59.4481 -4.51523 0
      vertex 63.3703 -14.4639 0
      vertex 62.6576 -17.2924 0
    endloop
  endfacet
  facet normal 0 0 -1
    outer loop
      vertex 64.9345 -2.9162 0
      vertex 59.475 -4.34558 0
      vertex 59.4481 -4.17592 0
    endloop
  endfacet
  facet normal 0 0 -1
    outer loop
      vertex 59.4481 -4.51523 0
      vertex 62.6576 -17.2924 0
      vertex 61.8187 -20.0861 0
    endloop
  endfacet
  facet normal 0 0 -1
    outer loop
      vertex 65 0 0
      vertex 62.5227 1.46133 0
      vertex 62.9534 1.78004 0
    endloop
  endfacet
  facet normal 0 0 -1
    outer loop
      vertex 59.3701 -4.02289 0
      vertex 64.9345 -2.9162 0
      vertex 59.4481 -4.17592 0
    endloop
  endfacet
  facet normal 0 0 -1
    outer loop
      vertex 59.4481 -4.51523 0
      vertex 61.8187 -20.0861 0
      vertex 60.8553 -22.8394 0
    endloop
  endfacet
  facet normal 0 0 -1
    outer loop
      vertex 65 0 0
      vertex 61.308 0.732697 0
      vertex 62.5227 1.46133 0
    endloop
  endfacet
  facet normal 0 0 -1
    outer loop
      vertex 55.9316 -5.31526 0
      vertex 60.8553 -22.8394 0
      vertex 59.7693 -25.5466 0
    endloop
  endfacet
  facet normal 0 0 -1
    outer loop
      vertex 64.9345 -2.9162 0
      vertex 61.039 0.595612 0
      vertex 61.308 0.732697 0
    endloop
  endfacet
  facet normal -0 0 -1
    outer loop
      vertex 64.9345 -2.9162 0
      vertex 59.3701 -4.02289 0
      vertex 61.039 0.595612 0
    endloop
  endfacet
  facet normal 0 0 -1
    outer loop
      vertex 61.039 0.595612 0
      vertex 59.3701 -4.02289 0
      vertex 59.8201 0.0431519 0
    endloop
  endfacet
  facet normal 0 0 -1
    outer loop
      vertex 59.2487 -3.90143 0
      vertex 59.8201 0.0431519 0
      vertex 59.3701 -4.02289 0
    endloop
  endfacet
  facet normal 0 0 -1
    outer loop
      vertex 59.0956 -3.82346 0
      vertex 59.8201 0.0431519 0
      vertex 59.2487 -3.90143 0
    endloop
  endfacet
  facet normal 0 0 -1
    outer loop
      vertex 58.6359 -0.313416 0
      vertex 59.0956 -3.82346 0
      vertex 58.926 -3.79659 0
    endloop
  endfacet
  facet normal 0 0 -1
    outer loop
      vertex 59.0956 -3.82346 0
      vertex 58.6359 -0.313416 0
      vertex 59.8201 0.0431519 0
    endloop
  endfacet
  facet normal 0 0 -1
    outer loop
      vertex 58.926 -3.79659 0
      vertex 58.2519 -0.374222 0
      vertex 58.6359 -0.313416 0
    endloop
  endfacet
  facet normal 0 0 -1
    outer loop
      vertex 57.9812 -3.84801 0
      vertex 58.2519 -0.374222 0
      vertex 58.926 -3.79659 0
    endloop
  endfacet
  facet normal 0 0 -1
    outer loop
      vertex 57.3107 -3.75745 0
      vertex 58.2519 -0.374222 0
      vertex 57.9812 -3.84801 0
    endloop
  endfacet
  facet normal 0 0 -1
    outer loop
      vertex 57.3107 -3.75745 0
      vertex 57.0594 -0.541718 0
      vertex 58.2519 -0.374222 0
    endloop
  endfacet
  facet normal 0 0 -1
    outer loop
      vertex 56.6325 -3.51671 0
      vertex 57.0594 -0.541718 0
      vertex 57.3107 -3.75745 0
    endloop
  endfacet
  facet normal 0 0 -1
    outer loop
      vertex 56.072 -3.17609 0
      vertex 57.0594 -0.541718 0
      vertex 56.6325 -3.51671 0
    endloop
  endfacet
  facet normal 0 0 -1
    outer loop
      vertex 55.5924 -2.74277 0
      vertex 57.0594 -0.541718 0
      vertex 56.072 -3.17609 0
    endloop
  endfacet
  facet normal -0 0 -1
    outer loop
      vertex 57.0594 -0.541718 0
      vertex 55.5924 -2.74277 0
      vertex 55.9014 -0.513336 0
    endloop
  endfacet
  facet normal 0 0 -1
    outer loop
      vertex 55.0658 -2.08197 0
      vertex 55.9014 -0.513336 0
      vertex 55.5924 -2.74277 0
    endloop
  endfacet
  facet normal -0 0 -1
    outer loop
      vertex 55.9014 -0.513336 0
      vertex 55.0658 -2.08197 0
      vertex 55.4317 -0.438965 0
    endloop
  endfacet
  facet normal 0 0 -1
    outer loop
      vertex 54.5984 -1.3018 0
      vertex 55.4317 -0.438965 0
      vertex 55.0658 -2.08197 0
    endloop
  endfacet
  facet normal 0 0 -1
    outer loop
      vertex 54.2352 -0.514679 0
      vertex 55.4317 -0.438965 0
      vertex 54.5984 -1.3018 0
    endloop
  endfacet
  facet normal -0 0 -1
    outer loop
      vertex 55.4317 -0.438965 0
      vertex 54.2352 -0.514679 0
      vertex 54.2655 -0.207901 0
    endloop
  endfacet
  facet normal -0 0 -1
    outer loop
      vertex 54.2655 -0.207901 0
      vertex 54.2352 -0.514679 0
      vertex 54.1029 -0.146576 0
    endloop
  endfacet
  facet normal 0 0 -1
    outer loop
      vertex 62.6549 6.58528 0
      vertex 64.7383 5.82655 0
      vertex 62.6757 6.32033 0
    endloop
  endfacet
  facet normal 0 0 -1
    outer loop
      vertex 64.7383 5.82655 0
      vertex 62.6549 6.58528 0
      vertex 64.4117 8.72516 0
    endloop
  endfacet
  facet normal 0 0 -1
    outer loop
      vertex 62.3957 8.55402 0
      vertex 64.4117 8.72516 0
      vertex 62.6549 6.58528 0
    endloop
  endfacet
  facet normal -0 0 -1
    outer loop
      vertex 64.4117 8.72516 0
      vertex 62.3957 8.55402 0
      vertex 63.9554 11.6062 0
    endloop
  endfacet
  facet normal -0 0 -1
    outer loop
      vertex 63.9554 11.6062 0
      vertex 62.3957 8.55402 0
      vertex 63.3703 14.4639 0
    endloop
  endfacet
  facet normal 0 0 -1
    outer loop
      vertex 61.729 8.04955 0
      vertex 63.3703 14.4639 0
      vertex 62.3957 8.55402 0
    endloop
  endfacet
  facet normal 0 0 -1
    outer loop
      vertex 54.4974 13.076 0
      vertex 61.729 8.04955 0
      vertex 60.3092 7.15034 0
    endloop
  endfacet
  facet normal 0 0 -1
    outer loop
      vertex 54.4974 13.076 0
      vertex 60.3092 7.15034 0
      vertex 59.2391 6.60687 0
    endloop
  endfacet
  facet normal 0 0 -1
    outer loop
      vertex 54.4974 13.076 0
      vertex 59.2391 6.60687 0
      vertex 57.877 6.09352 0
    endloop
  endfacet
  facet normal 0 0 -1
    outer loop
      vertex 54.4974 13.076 0
      vertex 57.877 6.09352 0
      vertex 56.7045 5.80794 0
    endloop
  endfacet
  facet normal 0 0 -1
    outer loop
      vertex 54.4974 13.076 0
      vertex 56.7045 5.80794 0
      vertex 55.6998 5.70108 0
    endloop
  endfacet
  facet normal 0 0 -1
    outer loop
      vertex 61.729 8.04955 0
      vertex 54.4974 13.076 0
      vertex 63.3703 14.4639 0
    endloop
  endfacet
  facet normal 0 0 -1
    outer loop
      vertex 54.4705 13.2456 0
      vertex 63.3703 14.4639 0
      vertex 54.4974 13.076 0
    endloop
  endfacet
  facet normal -0 0 -1
    outer loop
      vertex 63.3703 14.4639 0
      vertex 54.4705 13.2456 0
      vertex 62.6576 17.2924 0
    endloop
  endfacet
  facet normal 0 0 -1
    outer loop
      vertex 60.8553 22.8394 0
      vertex 55.7696 29.2714 0
      vertex 59.7693 25.5466 0
    endloop
  endfacet
  facet normal 0 0 -1
    outer loop
      vertex 59.7693 25.5466 0
      vertex 55.7696 29.2714 0
      vertex 58.563 28.2024 0
    endloop
  endfacet
  facet normal 0 0 -1
    outer loop
      vertex 58.563 28.2024 0
      vertex 55.7696 29.2714 0
      vertex 57.2387 30.8015 0
    endloop
  endfacet
  facet normal 0.831453 -0.555595 0
    outer loop
      vertex 97.1069 -74.5227 3.2
      vertex 98.1244 -73 0
      vertex 98.1244 -73 3.2
    endloop
  endfacet
  facet normal 0.831453 -0.555595 0
    outer loop
      vertex 98.1244 -73 0
      vertex 97.1069 -74.5227 3.2
      vertex 97.1069 -74.5227 0
    endloop
  endfacet
  facet normal -0.321465 -0.946921 0
    outer loop
      vertex -91.3576 -78.9343 0
      vertex -89.6235 -79.523 3.2
      vertex -91.3576 -78.9343 3.2
    endloop
  endfacet
  facet normal -0.321465 -0.946921 -0
    outer loop
      vertex -89.6235 -79.523 3.2
      vertex -91.3576 -78.9343 0
      vertex -89.6235 -79.523 0
    endloop
  endfacet
  facet normal -0.946921 -0.321465 0
    outer loop
      vertex -98.9343 -71.3576 0
      vertex -99.523 -69.6235 3.2
      vertex -99.523 -69.6235 0
    endloop
  endfacet
  facet normal -0.946921 -0.321465 0
    outer loop
      vertex -99.523 -69.6235 3.2
      vertex -98.9343 -71.3576 0
      vertex -98.9343 -71.3576 3.2
    endloop
  endfacet
  facet normal 0.946921 0.321465 0
    outer loop
      vertex 99.523 69.6235 3.2
      vertex 98.9343 71.3576 0
      vertex 98.9343 71.3576 3.2
    endloop
  endfacet
  facet normal 0.946921 0.321465 0
    outer loop
      vertex 98.9343 71.3576 0
      vertex 99.523 69.6235 3.2
      vertex 99.523 69.6235 0
    endloop
  endfacet
  facet normal -0.555595 -0.831453 0
    outer loop
      vertex -94.5227 -77.1069 0
      vertex -93 -78.1244 3.2
      vertex -94.5227 -77.1069 3.2
    endloop
  endfacet
  facet normal -0.555595 -0.831453 -0
    outer loop
      vertex -93 -78.1244 3.2
      vertex -94.5227 -77.1069 0
      vertex -93 -78.1244 0
    endloop
  endfacet
  facet normal 0.997858 -0.0654172 0
    outer loop
      vertex 99.8802 -67.8274 3.2
      vertex 100 -66 0
      vertex 100 -66 3.2
    endloop
  endfacet
  facet normal 0.997858 -0.0654172 0
    outer loop
      vertex 100 -66 0
      vertex 99.8802 -67.8274 3.2
      vertex 99.8802 -67.8274 0
    endloop
  endfacet
  facet normal 0.751846 0.659339 0
    outer loop
      vertex 97.1069 74.5227 3.2
      vertex 95.8995 75.8995 0
      vertex 95.8995 75.8995 3.2
    endloop
  endfacet
  facet normal 0.751846 0.659339 0
    outer loop
      vertex 95.8995 75.8995 0
      vertex 97.1069 74.5227 3.2
      vertex 97.1069 74.5227 0
    endloop
  endfacet
  facet normal 0.659339 0.751846 -0
    outer loop
      vertex 95.8995 75.8995 0
      vertex 94.5227 77.1069 3.2
      vertex 95.8995 75.8995 3.2
    endloop
  endfacet
  facet normal 0.659339 0.751846 0
    outer loop
      vertex 94.5227 77.1069 3.2
      vertex 95.8995 75.8995 0
      vertex 94.5227 77.1069 0
    endloop
  endfacet
  facet normal -0 0 1
    outer loop
      vertex 98.6 66.2 3.2
      vertex 100 66 3.2
      vertex 99.8802 67.8274 3.2
    endloop
  endfacet
  facet normal 0 0 1
    outer loop
      vertex 100 66 3.2
      vertex 98.6 66.2 3.2
      vertex 100 -66 3.2
    endloop
  endfacet
  facet normal 0 0 1
    outer loop
      vertex 98.4939 67.8185 3.2
      vertex 99.8802 67.8274 3.2
      vertex 99.523 69.6235 3.2
    endloop
  endfacet
  facet normal 0 0 1
    outer loop
      vertex 98.6 -66.2 3.2
      vertex 100 -66 3.2
      vertex 98.6 66.2 3.2
    endloop
  endfacet
  facet normal 0 0 1
    outer loop
      vertex 98.1775 69.4093 3.2
      vertex 99.523 69.6235 3.2
      vertex 98.9343 71.3576 3.2
    endloop
  endfacet
  facet normal 0 0 1
    outer loop
      vertex 100 -66 3.2
      vertex 98.6 -66.2 3.2
      vertex 99.8802 -67.8274 3.2
    endloop
  endfacet
  facet normal -0 0 1
    outer loop
      vertex 98.4939 -67.8185 3.2
      vertex 99.8802 -67.8274 3.2
      vertex 98.6 -66.2 3.2
    endloop
  endfacet
  facet normal 0 0 1
    outer loop
      vertex 99.8802 67.8274 3.2
      vertex 98.4939 67.8185 3.2
      vertex 98.6 66.2 3.2
    endloop
  endfacet
  facet normal 0 0 1
    outer loop
      vertex 99.523 69.6235 3.2
      vertex 98.1775 69.4093 3.2
      vertex 98.4939 67.8185 3.2
    endloop
  endfacet
  facet normal 0 0 1
    outer loop
      vertex 97.6561 70.9453 3.2
      vertex 98.9343 71.3576 3.2
      vertex 98.1244 73 3.2
    endloop
  endfacet
  facet normal 0 0 1
    outer loop
      vertex 98.9343 71.3576 3.2
      vertex 97.6561 70.9453 3.2
      vertex 98.1775 69.4093 3.2
    endloop
  endfacet
  facet normal 0 0 1
    outer loop
      vertex 96.9387 72.4 3.2
      vertex 98.1244 73 3.2
      vertex 97.1069 74.5227 3.2
    endloop
  endfacet
  facet normal 0 0 1
    outer loop
      vertex 98.1244 73 3.2
      vertex 96.9387 72.4 3.2
      vertex 97.6561 70.9453 3.2
    endloop
  endfacet
  facet normal 0 0 1
    outer loop
      vertex 97.1069 74.5227 3.2
      vertex 96.0376 73.7486 3.2
      vertex 96.9387 72.4 3.2
    endloop
  endfacet
  facet normal 0 0 1
    outer loop
      vertex 95.8995 75.8995 3.2
      vertex 96.0376 73.7486 3.2
      vertex 97.1069 74.5227 3.2
    endloop
  endfacet
  facet normal 0 0 1
    outer loop
      vertex 95.8995 75.8995 3.2
      vertex 94.9681 74.9681 3.2
      vertex 96.0376 73.7486 3.2
    endloop
  endfacet
  facet normal -0 0 1
    outer loop
      vertex 93.7486 76.0376 3.2
      vertex 95.8995 75.8995 3.2
      vertex 94.5227 77.1069 3.2
    endloop
  endfacet
  facet normal 0 0 1
    outer loop
      vertex 95.8995 75.8995 3.2
      vertex 93.7486 76.0376 3.2
      vertex 94.9681 74.9681 3.2
    endloop
  endfacet
  facet normal 0 0 1
    outer loop
      vertex 92.4 76.9387 3.2
      vertex 94.5227 77.1069 3.2
      vertex 93 78.1244 3.2
    endloop
  endfacet
  facet normal 0 0 1
    outer loop
      vertex 94.5227 77.1069 3.2
      vertex 92.4 76.9387 3.2
      vertex 93.7486 76.0376 3.2
    endloop
  endfacet
  facet normal 0 0 1
    outer loop
      vertex 90.9453 77.6561 3.2
      vertex 93 78.1244 3.2
      vertex 91.3576 78.9343 3.2
    endloop
  endfacet
  facet normal 0 0 1
    outer loop
      vertex 93 78.1244 3.2
      vertex 90.9453 77.6561 3.2
      vertex 92.4 76.9387 3.2
    endloop
  endfacet
  facet normal 0 0 1
    outer loop
      vertex 89.4093 78.1775 3.2
      vertex 91.3576 78.9343 3.2
      vertex 89.6235 79.523 3.2
    endloop
  endfacet
  facet normal 0 0 1
    outer loop
      vertex 91.3576 78.9343 3.2
      vertex 89.4093 78.1775 3.2
      vertex 90.9453 77.6561 3.2
    endloop
  endfacet
  facet normal 0 0 1
    outer loop
      vertex 87.8185 78.4939 3.2
      vertex 89.6235 79.523 3.2
      vertex 87.8274 79.8802 3.2
    endloop
  endfacet
  facet normal 0 0 1
    outer loop
      vertex 89.6235 79.523 3.2
      vertex 87.8185 78.4939 3.2
      vertex 89.4093 78.1775 3.2
    endloop
  endfacet
  facet normal 0 0 1
    outer loop
      vertex 87.8274 79.8802 3.2
      vertex 86.2 78.6 3.2
      vertex 87.8185 78.4939 3.2
    endloop
  endfacet
  facet normal 0 0 1
    outer loop
      vertex 86 80 3.2
      vertex 86.2 78.6 3.2
      vertex 87.8274 79.8802 3.2
    endloop
  endfacet
  facet normal -0 0 1
    outer loop
      vertex -86 80 3.2
      vertex 86.2 78.6 3.2
      vertex 86 80 3.2
    endloop
  endfacet
  facet normal 0 0 1
    outer loop
      vertex -86 80 3.2
      vertex -86.2 78.6 3.2
      vertex 86.2 78.6 3.2
    endloop
  endfacet
  facet normal -0 0 1
    outer loop
      vertex -87.8274 79.8802 3.2
      vertex -86.2 78.6 3.2
      vertex -86 80 3.2
    endloop
  endfacet
  facet normal 0 0 1
    outer loop
      vertex -86.2 78.6 3.2
      vertex -87.8274 79.8802 3.2
      vertex -87.8185 78.4939 3.2
    endloop
  endfacet
  facet normal -0 0 1
    outer loop
      vertex -89.6235 79.523 3.2
      vertex -87.8185 78.4939 3.2
      vertex -87.8274 79.8802 3.2
    endloop
  endfacet
  facet normal 0 0 1
    outer loop
      vertex -87.8185 78.4939 3.2
      vertex -89.6235 79.523 3.2
      vertex -89.4093 78.1775 3.2
    endloop
  endfacet
  facet normal -0 0 1
    outer loop
      vertex -91.3576 78.9343 3.2
      vertex -89.4093 78.1775 3.2
      vertex -89.6235 79.523 3.2
    endloop
  endfacet
  facet normal 0 0 1
    outer loop
      vertex -89.4093 78.1775 3.2
      vertex -91.3576 78.9343 3.2
      vertex -90.9453 77.6561 3.2
    endloop
  endfacet
  facet normal -0 0 1
    outer loop
      vertex -93 78.1244 3.2
      vertex -90.9453 77.6561 3.2
      vertex -91.3576 78.9343 3.2
    endloop
  endfacet
  facet normal 0 0 1
    outer loop
      vertex -90.9453 77.6561 3.2
      vertex -93 78.1244 3.2
      vertex -92.4 76.9387 3.2
    endloop
  endfacet
  facet normal -0 0 1
    outer loop
      vertex -94.5227 77.1069 3.2
      vertex -92.4 76.9387 3.2
      vertex -93 78.1244 3.2
    endloop
  endfacet
  facet normal 0 0 1
    outer loop
      vertex -92.4 76.9387 3.2
      vertex -94.5227 77.1069 3.2
      vertex -93.7486 76.0376 3.2
    endloop
  endfacet
  facet normal 0 0 1
    outer loop
      vertex -95.8995 75.8995 3.2
      vertex -93.7486 76.0376 3.2
      vertex -94.5227 77.1069 3.2
    endloop
  endfacet
  facet normal 0 0 1
    outer loop
      vertex -93.7486 76.0376 3.2
      vertex -95.8995 75.8995 3.2
      vertex -94.9681 74.9681 3.2
    endloop
  endfacet
  facet normal 0 0 1
    outer loop
      vertex -95.8995 75.8995 3.2
      vertex -96.0376 73.7486 3.2
      vertex -94.9681 74.9681 3.2
    endloop
  endfacet
  facet normal -0 0 1
    outer loop
      vertex -97.1069 74.5227 3.2
      vertex -96.0376 73.7486 3.2
      vertex -95.8995 75.8995 3.2
    endloop
  endfacet
  facet normal 0 0 1
    outer loop
      vertex -96.0376 73.7486 3.2
      vertex -97.1069 74.5227 3.2
      vertex -96.9387 72.4 3.2
    endloop
  endfacet
  facet normal -0 0 1
    outer loop
      vertex -98.1244 73 3.2
      vertex -96.9387 72.4 3.2
      vertex -97.1069 74.5227 3.2
    endloop
  endfacet
  facet normal 0 0 1
    outer loop
      vertex -96.9387 72.4 3.2
      vertex -98.1244 73 3.2
      vertex -97.6561 70.9453 3.2
    endloop
  endfacet
  facet normal -0 0 1
    outer loop
      vertex -98.9343 71.3576 3.2
      vertex -97.6561 70.9453 3.2
      vertex -98.1244 73 3.2
    endloop
  endfacet
  facet normal 0 0 1
    outer loop
      vertex -97.6561 70.9453 3.2
      vertex -98.9343 71.3576 3.2
      vertex -98.1775 69.4093 3.2
    endloop
  endfacet
  facet normal -0 0 1
    outer loop
      vertex -99.8802 67.8274 3.2
      vertex -98.4939 67.8185 3.2
      vertex -99.523 69.6235 3.2
    endloop
  endfacet
  facet normal 0 0 1
    outer loop
      vertex -98.1775 69.4093 3.2
      vertex -99.523 69.6235 3.2
      vertex -98.4939 67.8185 3.2
    endloop
  endfacet
  facet normal -0 0 1
    outer loop
      vertex -99.523 69.6235 3.2
      vertex -98.1775 69.4093 3.2
      vertex -98.9343 71.3576 3.2
    endloop
  endfacet
  facet normal 0 0 1
    outer loop
      vertex 99.8802 -67.8274 3.2
      vertex 98.4939 -67.8185 3.2
      vertex 99.523 -69.6235 3.2
    endloop
  endfacet
  facet normal -0 0 1
    outer loop
      vertex 98.1775 -69.4093 3.2
      vertex 99.523 -69.6235 3.2
      vertex 98.4939 -67.8185 3.2
    endloop
  endfacet
  facet normal 0 0 1
    outer loop
      vertex 99.523 -69.6235 3.2
      vertex 98.1775 -69.4093 3.2
      vertex 98.9343 -71.3576 3.2
    endloop
  endfacet
  facet normal -0 0 1
    outer loop
      vertex 97.6561 -70.9453 3.2
      vertex 98.9343 -71.3576 3.2
      vertex 98.1775 -69.4093 3.2
    endloop
  endfacet
  facet normal 0 0 1
    outer loop
      vertex 98.9343 -71.3576 3.2
      vertex 97.6561 -70.9453 3.2
      vertex 98.1244 -73 3.2
    endloop
  endfacet
  facet normal -0 0 1
    outer loop
      vertex 96.9387 -72.4 3.2
      vertex 98.1244 -73 3.2
      vertex 97.6561 -70.9453 3.2
    endloop
  endfacet
  facet normal 0 0 1
    outer loop
      vertex 98.1244 -73 3.2
      vertex 96.9387 -72.4 3.2
      vertex 97.1069 -74.5227 3.2
    endloop
  endfacet
  facet normal -0 0 1
    outer loop
      vertex 96.0376 -73.7486 3.2
      vertex 97.1069 -74.5227 3.2
      vertex 96.9387 -72.4 3.2
    endloop
  endfacet
  facet normal 0 0 1
    outer loop
      vertex 96.0376 -73.7486 3.2
      vertex 95.8995 -75.8995 3.2
      vertex 97.1069 -74.5227 3.2
    endloop
  endfacet
  facet normal -0 0 1
    outer loop
      vertex 94.9681 -74.9681 3.2
      vertex 95.8995 -75.8995 3.2
      vertex 96.0376 -73.7486 3.2
    endloop
  endfacet
  facet normal 0 0 1
    outer loop
      vertex 93.7486 -76.0376 3.2
      vertex 95.8995 -75.8995 3.2
      vertex 94.9681 -74.9681 3.2
    endloop
  endfacet
  facet normal 0 0 1
    outer loop
      vertex 95.8995 -75.8995 3.2
      vertex 93.7486 -76.0376 3.2
      vertex 94.5227 -77.1069 3.2
    endloop
  endfacet
  facet normal -0 0 1
    outer loop
      vertex 92.4 -76.9387 3.2
      vertex 94.5227 -77.1069 3.2
      vertex 93.7486 -76.0376 3.2
    endloop
  endfacet
  facet normal 0 0 1
    outer loop
      vertex 94.5227 -77.1069 3.2
      vertex 92.4 -76.9387 3.2
      vertex 93 -78.1244 3.2
    endloop
  endfacet
  facet normal -0 0 1
    outer loop
      vertex 90.9453 -77.6561 3.2
      vertex 93 -78.1244 3.2
      vertex 92.4 -76.9387 3.2
    endloop
  endfacet
  facet normal 0 0 1
    outer loop
      vertex 93 -78.1244 3.2
      vertex 90.9453 -77.6561 3.2
      vertex 91.3576 -78.9343 3.2
    endloop
  endfacet
  facet normal -0 0 1
    outer loop
      vertex 89.4093 -78.1775 3.2
      vertex 91.3576 -78.9343 3.2
      vertex 90.9453 -77.6561 3.2
    endloop
  endfacet
  facet normal 0 0 1
    outer loop
      vertex 91.3576 -78.9343 3.2
      vertex 89.4093 -78.1775 3.2
      vertex 89.6235 -79.523 3.2
    endloop
  endfacet
  facet normal -0 0 1
    outer loop
      vertex 87.8185 -78.4939 3.2
      vertex 89.6235 -79.523 3.2
      vertex 89.4093 -78.1775 3.2
    endloop
  endfacet
  facet normal 0 0 1
    outer loop
      vertex 89.6235 -79.523 3.2
      vertex 87.8185 -78.4939 3.2
      vertex 87.8274 -79.8802 3.2
    endloop
  endfacet
  facet normal -0 0 1
    outer loop
      vertex 86.2 -78.6 3.2
      vertex 87.8274 -79.8802 3.2
      vertex 87.8185 -78.4939 3.2
    endloop
  endfacet
  facet normal 0 0 1
    outer loop
      vertex 86.2 -78.6 3.2
      vertex 86 -80 3.2
      vertex 87.8274 -79.8802 3.2
    endloop
  endfacet
  facet normal 0 0 1
    outer loop
      vertex 86.2 -78.6 3.2
      vertex -86 -80 3.2
      vertex 86 -80 3.2
    endloop
  endfacet
  facet normal -0 0 1
    outer loop
      vertex -86.2 -78.6 3.2
      vertex -86 -80 3.2
      vertex 86.2 -78.6 3.2
    endloop
  endfacet
  facet normal 0 0 1
    outer loop
      vertex -87.8274 -79.8802 3.2
      vertex -86.2 -78.6 3.2
      vertex -87.8185 -78.4939 3.2
    endloop
  endfacet
  facet normal 0 0 1
    outer loop
      vertex -86.2 -78.6 3.2
      vertex -87.8274 -79.8802 3.2
      vertex -86 -80 3.2
    endloop
  endfacet
  facet normal 0 0 1
    outer loop
      vertex -89.6235 -79.523 3.2
      vertex -87.8185 -78.4939 3.2
      vertex -89.4093 -78.1775 3.2
    endloop
  endfacet
  facet normal 0 0 1
    outer loop
      vertex -87.8185 -78.4939 3.2
      vertex -89.6235 -79.523 3.2
      vertex -87.8274 -79.8802 3.2
    endloop
  endfacet
  facet normal 0 0 1
    outer loop
      vertex -91.3576 -78.9343 3.2
      vertex -89.4093 -78.1775 3.2
      vertex -90.9453 -77.6561 3.2
    endloop
  endfacet
  facet normal 0 0 1
    outer loop
      vertex -89.4093 -78.1775 3.2
      vertex -91.3576 -78.9343 3.2
      vertex -89.6235 -79.523 3.2
    endloop
  endfacet
  facet normal 0 0 1
    outer loop
      vertex -93 -78.1244 3.2
      vertex -90.9453 -77.6561 3.2
      vertex -92.4 -76.9387 3.2
    endloop
  endfacet
  facet normal 0 0 1
    outer loop
      vertex -90.9453 -77.6561 3.2
      vertex -93 -78.1244 3.2
      vertex -91.3576 -78.9343 3.2
    endloop
  endfacet
  facet normal 0 0 1
    outer loop
      vertex -94.5227 -77.1069 3.2
      vertex -92.4 -76.9387 3.2
      vertex -93.7486 -76.0376 3.2
    endloop
  endfacet
  facet normal 0 0 1
    outer loop
      vertex -92.4 -76.9387 3.2
      vertex -94.5227 -77.1069 3.2
      vertex -93 -78.1244 3.2
    endloop
  endfacet
  facet normal -0 0 1
    outer loop
      vertex -95.8995 -75.8995 3.2
      vertex -93.7486 -76.0376 3.2
      vertex -94.9681 -74.9681 3.2
    endloop
  endfacet
  facet normal 0 0 1
    outer loop
      vertex -93.7486 -76.0376 3.2
      vertex -95.8995 -75.8995 3.2
      vertex -94.5227 -77.1069 3.2
    endloop
  endfacet
  facet normal 0 0 1
    outer loop
      vertex -96.0376 -73.7486 3.2
      vertex -95.8995 -75.8995 3.2
      vertex -94.9681 -74.9681 3.2
    endloop
  endfacet
  facet normal 0 0 1
    outer loop
      vertex -97.1069 -74.5227 3.2
      vertex -96.0376 -73.7486 3.2
      vertex -96.9387 -72.4 3.2
    endloop
  endfacet
  facet normal 0 0 1
    outer loop
      vertex -96.0376 -73.7486 3.2
      vertex -97.1069 -74.5227 3.2
      vertex -95.8995 -75.8995 3.2
    endloop
  endfacet
  facet normal 0 0 1
    outer loop
      vertex -98.1244 -73 3.2
      vertex -96.9387 -72.4 3.2
      vertex -97.6561 -70.9453 3.2
    endloop
  endfacet
  facet normal 0 0 1
    outer loop
      vertex -96.9387 -72.4 3.2
      vertex -98.1244 -73 3.2
      vertex -97.1069 -74.5227 3.2
    endloop
  endfacet
  facet normal 0 0 1
    outer loop
      vertex -98.9343 -71.3576 3.2
      vertex -97.6561 -70.9453 3.2
      vertex -98.1775 -69.4093 3.2
    endloop
  endfacet
  facet normal 0 0 1
    outer loop
      vertex -99.523 -69.6235 3.2
      vertex -98.1775 -69.4093 3.2
      vertex -98.4939 -67.8185 3.2
    endloop
  endfacet
  facet normal 0 0 1
    outer loop
      vertex -97.6561 -70.9453 3.2
      vertex -98.9343 -71.3576 3.2
      vertex -98.1244 -73 3.2
    endloop
  endfacet
  facet normal 0 0 1
    outer loop
      vertex -99.8802 -67.8274 3.2
      vertex -98.4939 -67.8185 3.2
      vertex -98.6 -66.2 3.2
    endloop
  endfacet
  facet normal 0 0 1
    outer loop
      vertex -98.6 66.2 3.2
      vertex -100 66 3.2
      vertex -98.6 -66.2 3.2
    endloop
  endfacet
  facet normal 0 0 1
    outer loop
      vertex -98.4939 67.8185 3.2
      vertex -99.8802 67.8274 3.2
      vertex -98.6 66.2 3.2
    endloop
  endfacet
  facet normal -0 0 1
    outer loop
      vertex -100 -66 3.2
      vertex -98.6 -66.2 3.2
      vertex -100 66 3.2
    endloop
  endfacet
  facet normal 0 0 1
    outer loop
      vertex -98.6 66.2 3.2
      vertex -99.8802 67.8274 3.2
      vertex -100 66 3.2
    endloop
  endfacet
  facet normal 0 -0 1
    outer loop
      vertex -99.8802 -67.8274 3.2
      vertex -98.6 -66.2 3.2
      vertex -100 -66 3.2
    endloop
  endfacet
  facet normal 0 0 1
    outer loop
      vertex -98.1775 -69.4093 3.2
      vertex -99.523 -69.6235 3.2
      vertex -98.9343 -71.3576 3.2
    endloop
  endfacet
  facet normal 0 0 1
    outer loop
      vertex -98.4939 -67.8185 3.2
      vertex -99.8802 -67.8274 3.2
      vertex -99.523 -69.6235 3.2
    endloop
  endfacet
  facet normal 1 -0 0
    outer loop
      vertex -98.6 -66.2 3.2
      vertex -98.6 66.2 2.4
      vertex -98.6 66.2 3.2
    endloop
  endfacet
  facet normal 1 0 0
    outer loop
      vertex -98.6 66.2 2.4
      vertex -98.6 -66.2 3.2
      vertex -98.6 -66.2 2.4
    endloop
  endfacet
  facet normal -0.0654141 -0.997858 0
    outer loop
      vertex 86.2 78.6 2.4
      vertex 87.8185 78.4939 3.2
      vertex 86.2 78.6 3.2
    endloop
  endfacet
  facet normal -0.0654141 -0.997858 -0
    outer loop
      vertex 87.8185 78.4939 3.2
      vertex 86.2 78.6 2.4
      vertex 87.8185 78.4939 2.4
    endloop
  endfacet
  facet normal 0.980789 0.195073 0
    outer loop
      vertex -98.1775 -69.4093 3.2
      vertex -98.4939 -67.8185 2.4
      vertex -98.4939 -67.8185 3.2
    endloop
  endfacet
  facet normal 0.980789 0.195073 0
    outer loop
      vertex -98.4939 -67.8185 2.4
      vertex -98.1775 -69.4093 3.2
      vertex -98.1775 -69.4093 2.4
    endloop
  endfacet
  facet normal 0.997858 0.0654141 0
    outer loop
      vertex -98.4939 -67.8185 3.2
      vertex -98.6 -66.2 2.4
      vertex -98.6 -66.2 3.2
    endloop
  endfacet
  facet normal 0.997858 0.0654141 0
    outer loop
      vertex -98.6 -66.2 2.4
      vertex -98.4939 -67.8185 3.2
      vertex -98.4939 -67.8185 2.4
    endloop
  endfacet
  facet normal -0.831471 0.555568 0
    outer loop
      vertex 96.0376 -73.7486 2.4
      vertex 96.9387 -72.4 3.2
      vertex 96.9387 -72.4 2.4
    endloop
  endfacet
  facet normal -0.831471 0.555568 0
    outer loop
      vertex 96.9387 -72.4 3.2
      vertex 96.0376 -73.7486 2.4
      vertex 96.0376 -73.7486 3.2
    endloop
  endfacet
  facet normal -0.0654141 0.997858 0
    outer loop
      vertex 87.8185 -78.4939 2.4
      vertex 86.2 -78.6 3.2
      vertex 87.8185 -78.4939 3.2
    endloop
  endfacet
  facet normal -0.0654141 0.997858 0
    outer loop
      vertex 86.2 -78.6 3.2
      vertex 87.8185 -78.4939 2.4
      vertex 86.2 -78.6 2.4
    endloop
  endfacet
  facet normal -0.442299 0.896868 0
    outer loop
      vertex 92.4 -76.9387 2.4
      vertex 90.9453 -77.6561 3.2
      vertex 92.4 -76.9387 3.2
    endloop
  endfacet
  facet normal -0.442299 0.896868 0
    outer loop
      vertex 90.9453 -77.6561 3.2
      vertex 92.4 -76.9387 2.4
      vertex 90.9453 -77.6561 2.4
    endloop
  endfacet
  facet normal 0 1 -0
    outer loop
      vertex 86.2 -78.6 2.4
      vertex -86.2 -78.6 3.2
      vertex 86.2 -78.6 3.2
    endloop
  endfacet
  facet normal 0 1 0
    outer loop
      vertex -86.2 -78.6 3.2
      vertex 86.2 -78.6 2.4
      vertex -86.2 -78.6 2.4
    endloop
  endfacet
  facet normal 0 -1 0
    outer loop
      vertex -86.2 78.6 2.4
      vertex 86.2 78.6 3.2
      vertex -86.2 78.6 3.2
    endloop
  endfacet
  facet normal 0 -1 -0
    outer loop
      vertex 86.2 78.6 3.2
      vertex -86.2 78.6 2.4
      vertex 86.2 78.6 2.4
    endloop
  endfacet
  facet normal -0.555568 0.831471 0
    outer loop
      vertex 93.7486 -76.0376 2.4
      vertex 92.4 -76.9387 3.2
      vertex 93.7486 -76.0376 3.2
    endloop
  endfacet
  facet normal -0.555568 0.831471 0
    outer loop
      vertex 92.4 -76.9387 3.2
      vertex 93.7486 -76.0376 2.4
      vertex 92.4 -76.9387 2.4
    endloop
  endfacet
  facet normal -1 0 0
    outer loop
      vertex 98.6 -66.2 2.4
      vertex 98.6 66.2 3.2
      vertex 98.6 66.2 2.4
    endloop
  endfacet
  facet normal -1 -0 0
    outer loop
      vertex 98.6 66.2 3.2
      vertex 98.6 -66.2 2.4
      vertex 98.6 -66.2 3.2
    endloop
  endfacet
  facet normal -0.94693 -0.321439 0
    outer loop
      vertex 98.1775 69.4093 2.4
      vertex 97.6561 70.9453 3.2
      vertex 97.6561 70.9453 2.4
    endloop
  endfacet
  facet normal -0.94693 -0.321439 0
    outer loop
      vertex 97.6561 70.9453 3.2
      vertex 98.1775 69.4093 2.4
      vertex 98.1775 69.4093 3.2
    endloop
  endfacet
  facet normal 0.195073 -0.980789 0
    outer loop
      vertex -89.4093 78.1775 2.4
      vertex -87.8185 78.4939 3.2
      vertex -89.4093 78.1775 3.2
    endloop
  endfacet
  facet normal 0.195073 -0.980789 0
    outer loop
      vertex -87.8185 78.4939 3.2
      vertex -89.4093 78.1775 2.4
      vertex -87.8185 78.4939 2.4
    endloop
  endfacet
  facet normal -0.94693 0.321439 0
    outer loop
      vertex 97.6561 -70.9453 2.4
      vertex 98.1775 -69.4093 3.2
      vertex 98.1775 -69.4093 2.4
    endloop
  endfacet
  facet normal -0.94693 0.321439 0
    outer loop
      vertex 98.1775 -69.4093 3.2
      vertex 97.6561 -70.9453 2.4
      vertex 97.6561 -70.9453 3.2
    endloop
  endfacet
  facet normal -0.896868 0.442299 0
    outer loop
      vertex 96.9387 -72.4 2.4
      vertex 97.6561 -70.9453 3.2
      vertex 97.6561 -70.9453 2.4
    endloop
  endfacet
  facet normal -0.896868 0.442299 0
    outer loop
      vertex 97.6561 -70.9453 3.2
      vertex 96.9387 -72.4 2.4
      vertex 96.9387 -72.4 3.2
    endloop
  endfacet
  facet normal 0.0654141 -0.997858 0
    outer loop
      vertex -87.8185 78.4939 2.4
      vertex -86.2 78.6 3.2
      vertex -87.8185 78.4939 3.2
    endloop
  endfacet
  facet normal 0.0654141 -0.997858 0
    outer loop
      vertex -86.2 78.6 3.2
      vertex -87.8185 78.4939 2.4
      vertex -86.2 78.6 2.4
    endloop
  endfacet
  facet normal -0.659355 0.751831 0
    outer loop
      vertex 94.9681 -74.9681 2.4
      vertex 93.7486 -76.0376 3.2
      vertex 94.9681 -74.9681 3.2
    endloop
  endfacet
  facet normal -0.659355 0.751831 0
    outer loop
      vertex 93.7486 -76.0376 3.2
      vertex 94.9681 -74.9681 2.4
      vertex 93.7486 -76.0376 2.4
    endloop
  endfacet
  facet normal 0.659355 -0.751831 0
    outer loop
      vertex -94.9681 74.9681 2.4
      vertex -93.7486 76.0376 3.2
      vertex -94.9681 74.9681 3.2
    endloop
  endfacet
  facet normal 0.659355 -0.751831 0
    outer loop
      vertex -93.7486 76.0376 3.2
      vertex -94.9681 74.9681 2.4
      vertex -93.7486 76.0376 2.4
    endloop
  endfacet
  facet normal -0.321439 0.94693 0
    outer loop
      vertex 90.9453 -77.6561 2.4
      vertex 89.4093 -78.1775 3.2
      vertex 90.9453 -77.6561 3.2
    endloop
  endfacet
  facet normal -0.321439 0.94693 0
    outer loop
      vertex 89.4093 -78.1775 3.2
      vertex 90.9453 -77.6561 2.4
      vertex 89.4093 -78.1775 2.4
    endloop
  endfacet
  facet normal 0.195073 0.980789 -0
    outer loop
      vertex -87.8185 -78.4939 2.4
      vertex -89.4093 -78.1775 3.2
      vertex -87.8185 -78.4939 3.2
    endloop
  endfacet
  facet normal 0.195073 0.980789 0
    outer loop
      vertex -89.4093 -78.1775 3.2
      vertex -87.8185 -78.4939 2.4
      vertex -89.4093 -78.1775 2.4
    endloop
  endfacet
  facet normal -0.751831 -0.659355 0
    outer loop
      vertex 96.0376 73.7486 2.4
      vertex 94.9681 74.9681 3.2
      vertex 94.9681 74.9681 2.4
    endloop
  endfacet
  facet normal -0.751831 -0.659355 0
    outer loop
      vertex 94.9681 74.9681 3.2
      vertex 96.0376 73.7486 2.4
      vertex 96.0376 73.7486 3.2
    endloop
  endfacet
  facet normal 0.321439 -0.94693 0
    outer loop
      vertex -90.9453 77.6561 2.4
      vertex -89.4093 78.1775 3.2
      vertex -90.9453 77.6561 3.2
    endloop
  endfacet
  facet normal 0.321439 -0.94693 0
    outer loop
      vertex -89.4093 78.1775 3.2
      vertex -90.9453 77.6561 2.4
      vertex -89.4093 78.1775 2.4
    endloop
  endfacet
  facet normal 0.442299 -0.896868 0
    outer loop
      vertex -92.4 76.9387 2.4
      vertex -90.9453 77.6561 3.2
      vertex -92.4 76.9387 3.2
    endloop
  endfacet
  facet normal 0.442299 -0.896868 0
    outer loop
      vertex -90.9453 77.6561 3.2
      vertex -92.4 76.9387 2.4
      vertex -90.9453 77.6561 2.4
    endloop
  endfacet
  facet normal 0.0654141 0.997858 -0
    outer loop
      vertex -86.2 -78.6 2.4
      vertex -87.8185 -78.4939 3.2
      vertex -86.2 -78.6 3.2
    endloop
  endfacet
  facet normal 0.0654141 0.997858 0
    outer loop
      vertex -87.8185 -78.4939 3.2
      vertex -86.2 -78.6 2.4
      vertex -87.8185 -78.4939 2.4
    endloop
  endfacet
  facet normal 0.94693 0.321439 0
    outer loop
      vertex -97.6561 -70.9453 3.2
      vertex -98.1775 -69.4093 2.4
      vertex -98.1775 -69.4093 3.2
    endloop
  endfacet
  facet normal 0.94693 0.321439 0
    outer loop
      vertex -98.1775 -69.4093 2.4
      vertex -97.6561 -70.9453 3.2
      vertex -97.6561 -70.9453 2.4
    endloop
  endfacet
  facet normal 0.751831 0.659355 0
    outer loop
      vertex -94.9681 -74.9681 3.2
      vertex -96.0376 -73.7486 2.4
      vertex -96.0376 -73.7486 3.2
    endloop
  endfacet
  facet normal 0.751831 0.659355 0
    outer loop
      vertex -96.0376 -73.7486 2.4
      vertex -94.9681 -74.9681 3.2
      vertex -94.9681 -74.9681 2.4
    endloop
  endfacet
  facet normal 0.896868 0.442299 0
    outer loop
      vertex -96.9387 -72.4 3.2
      vertex -97.6561 -70.9453 2.4
      vertex -97.6561 -70.9453 3.2
    endloop
  endfacet
  facet normal 0.896868 0.442299 0
    outer loop
      vertex -97.6561 -70.9453 2.4
      vertex -96.9387 -72.4 3.2
      vertex -96.9387 -72.4 2.4
    endloop
  endfacet
  facet normal 0.659355 0.751831 -0
    outer loop
      vertex -93.7486 -76.0376 2.4
      vertex -94.9681 -74.9681 3.2
      vertex -93.7486 -76.0376 3.2
    endloop
  endfacet
  facet normal 0.659355 0.751831 0
    outer loop
      vertex -94.9681 -74.9681 3.2
      vertex -93.7486 -76.0376 2.4
      vertex -94.9681 -74.9681 2.4
    endloop
  endfacet
  facet normal -0.980789 0.195073 0
    outer loop
      vertex 98.1775 -69.4093 2.4
      vertex 98.4939 -67.8185 3.2
      vertex 98.4939 -67.8185 2.4
    endloop
  endfacet
  facet normal -0.980789 0.195073 0
    outer loop
      vertex 98.4939 -67.8185 3.2
      vertex 98.1775 -69.4093 2.4
      vertex 98.1775 -69.4093 3.2
    endloop
  endfacet
  facet normal -0.555568 -0.831471 0
    outer loop
      vertex 92.4 76.9387 2.4
      vertex 93.7486 76.0376 3.2
      vertex 92.4 76.9387 3.2
    endloop
  endfacet
  facet normal -0.555568 -0.831471 -0
    outer loop
      vertex 93.7486 76.0376 3.2
      vertex 92.4 76.9387 2.4
      vertex 93.7486 76.0376 2.4
    endloop
  endfacet
  facet normal 0.321439 0.94693 -0
    outer loop
      vertex -89.4093 -78.1775 2.4
      vertex -90.9453 -77.6561 3.2
      vertex -89.4093 -78.1775 3.2
    endloop
  endfacet
  facet normal 0.321439 0.94693 0
    outer loop
      vertex -90.9453 -77.6561 3.2
      vertex -89.4093 -78.1775 2.4
      vertex -90.9453 -77.6561 2.4
    endloop
  endfacet
  facet normal 0.94693 -0.321439 0
    outer loop
      vertex -98.1775 69.4093 3.2
      vertex -97.6561 70.9453 2.4
      vertex -97.6561 70.9453 3.2
    endloop
  endfacet
  facet normal 0.94693 -0.321439 0
    outer loop
      vertex -97.6561 70.9453 2.4
      vertex -98.1775 69.4093 3.2
      vertex -98.1775 69.4093 2.4
    endloop
  endfacet
  facet normal -0.195073 0.980789 0
    outer loop
      vertex 89.4093 -78.1775 2.4
      vertex 87.8185 -78.4939 3.2
      vertex 89.4093 -78.1775 3.2
    endloop
  endfacet
  facet normal -0.195073 0.980789 0
    outer loop
      vertex 87.8185 -78.4939 3.2
      vertex 89.4093 -78.1775 2.4
      vertex 87.8185 -78.4939 2.4
    endloop
  endfacet
  facet normal -0.997858 0.0654141 0
    outer loop
      vertex 98.4939 -67.8185 2.4
      vertex 98.6 -66.2 3.2
      vertex 98.6 -66.2 2.4
    endloop
  endfacet
  facet normal -0.997858 0.0654141 0
    outer loop
      vertex 98.6 -66.2 3.2
      vertex 98.4939 -67.8185 2.4
      vertex 98.4939 -67.8185 3.2
    endloop
  endfacet
  facet normal 0.555568 -0.831471 0
    outer loop
      vertex -93.7486 76.0376 2.4
      vertex -92.4 76.9387 3.2
      vertex -93.7486 76.0376 3.2
    endloop
  endfacet
  facet normal 0.555568 -0.831471 0
    outer loop
      vertex -92.4 76.9387 3.2
      vertex -93.7486 76.0376 2.4
      vertex -92.4 76.9387 2.4
    endloop
  endfacet
  facet normal -0.751831 0.659355 0
    outer loop
      vertex 94.9681 -74.9681 2.4
      vertex 96.0376 -73.7486 3.2
      vertex 96.0376 -73.7486 2.4
    endloop
  endfacet
  facet normal -0.751831 0.659355 0
    outer loop
      vertex 96.0376 -73.7486 3.2
      vertex 94.9681 -74.9681 2.4
      vertex 94.9681 -74.9681 3.2
    endloop
  endfacet
  facet normal 0.997858 -0.0654141 0
    outer loop
      vertex -98.6 66.2 3.2
      vertex -98.4939 67.8185 2.4
      vertex -98.4939 67.8185 3.2
    endloop
  endfacet
  facet normal 0.997858 -0.0654141 0
    outer loop
      vertex -98.4939 67.8185 2.4
      vertex -98.6 66.2 3.2
      vertex -98.6 66.2 2.4
    endloop
  endfacet
  facet normal -0 0 1
    outer loop
      vertex -97.8 -43.6 2.4
      vertex -97.4 -47 2.4
      vertex -97.4 -43.6 2.4
    endloop
  endfacet
  facet normal 0 0 1
    outer loop
      vertex -97.4 -47 2.4
      vertex -97.8 -43.6 2.4
      vertex -98.1775 -69.4093 2.4
    endloop
  endfacet
  facet normal 0 0 1
    outer loop
      vertex -97.4 -47 2.4
      vertex -98.1775 -69.4093 2.4
      vertex -97.6561 -70.9453 2.4
    endloop
  endfacet
  facet normal 0 0 1
    outer loop
      vertex -97.8 -42.4 2.4
      vertex -98.1775 -69.4093 2.4
      vertex -97.8 -43.6 2.4
    endloop
  endfacet
  facet normal 0 0 1
    outer loop
      vertex -98.6 66.2 2.4
      vertex -98.1775 69.4093 2.4
      vertex -98.4939 67.8185 2.4
    endloop
  endfacet
  facet normal 0 0 1
    outer loop
      vertex -97.8 -26.4 2.4
      vertex -98.6 -66.2 2.4
      vertex -97.8 -27.6 2.4
    endloop
  endfacet
  facet normal 0 0 1
    outer loop
      vertex -97.8 -27.6 2.4
      vertex -98.6 -66.2 2.4
      vertex -98.1775 -69.4093 2.4
    endloop
  endfacet
  facet normal 0 0 1
    outer loop
      vertex -98.1775 -69.4093 2.4
      vertex -98.6 -66.2 2.4
      vertex -98.4939 -67.8185 2.4
    endloop
  endfacet
  facet normal -0 0 1
    outer loop
      vertex -97.8 26.4 2.4
      vertex -97.4 23 2.4
      vertex -97.4 26.4 2.4
    endloop
  endfacet
  facet normal 0 0 1
    outer loop
      vertex -97.4 23 2.4
      vertex -97.8 26.4 2.4
      vertex -97.4 -23 2.4
    endloop
  endfacet
  facet normal 0 0 1
    outer loop
      vertex -97.8 -26.4 2.4
      vertex -97.4 -23 2.4
      vertex -97.8 26.4 2.4
    endloop
  endfacet
  facet normal 0 0 1
    outer loop
      vertex -97.4 -23 2.4
      vertex -97.8 -26.4 2.4
      vertex -97.4 -26.4 2.4
    endloop
  endfacet
  facet normal -0 0 1
    outer loop
      vertex -97.4 23 2.4
      vertex -95.4 -23 2.4
      vertex -95.4 23 2.4
    endloop
  endfacet
  facet normal 0 0 1
    outer loop
      vertex -95.4 -23 2.4
      vertex -97.4 23 2.4
      vertex -97.4 -23 2.4
    endloop
  endfacet
  facet normal 0 0 1
    outer loop
      vertex -66.9072 -12.1419 2.4
      vertex -95.4 -23 2.4
      vertex -66.2951 -15.1314 2.4
    endloop
  endfacet
  facet normal 0 0 1
    outer loop
      vertex -95.4 -47 2.4
      vertex -66.2951 -15.1314 2.4
      vertex -95.4 -23 2.4
    endloop
  endfacet
  facet normal 0 0 1
    outer loop
      vertex -66.2951 -15.1314 2.4
      vertex -95.4 -47 2.4
      vertex -94.9681 -74.9681 2.4
    endloop
  endfacet
  facet normal -0 0 1
    outer loop
      vertex -97.6561 -70.9453 2.4
      vertex -94.9681 -74.9681 2.4
      vertex -95.4 -47 2.4
    endloop
  endfacet
  facet normal 0 0 1
    outer loop
      vertex -94.9681 -74.9681 2.4
      vertex -97.6561 -70.9453 2.4
      vertex -96.0376 -73.7486 2.4
    endloop
  endfacet
  facet normal 0 0 1
    outer loop
      vertex -97.6561 -70.9453 2.4
      vertex -95.4 -47 2.4
      vertex -97.4 -47 2.4
    endloop
  endfacet
  facet normal 0 0 1
    outer loop
      vertex -96.0376 -73.7486 2.4
      vertex -97.6561 -70.9453 2.4
      vertex -96.9387 -72.4 2.4
    endloop
  endfacet
  facet normal -0 0 1
    outer loop
      vertex -97.8 42.4 2.4
      vertex -97.4 27.6 2.4
      vertex -97.4 42.4 2.4
    endloop
  endfacet
  facet normal 0 0 1
    outer loop
      vertex -97.4 27.6 2.4
      vertex -97.8 42.4 2.4
      vertex -97.8 27.6 2.4
    endloop
  endfacet
  facet normal -0 0 1
    outer loop
      vertex -97.8 -27.6 2.4
      vertex -97.4 -42.4 2.4
      vertex -97.4 -27.6 2.4
    endloop
  endfacet
  facet normal 0 0 1
    outer loop
      vertex -97.4 -42.4 2.4
      vertex -97.8 -27.6 2.4
      vertex -97.8 -42.4 2.4
    endloop
  endfacet
  facet normal 0 0 1
    outer loop
      vertex -40.626 25.6443 2.4
      vertex -43.2537 29.5947 2.4
      vertex -43.188 29.18 2.4
    endloop
  endfacet
  facet normal 0 0 1
    outer loop
      vertex -40.626 40.9694 2.4
      vertex -43.4443 29.9688 2.4
      vertex -43.2537 29.5947 2.4
    endloop
  endfacet
  facet normal 0 0 1
    outer loop
      vertex -40.626 40.9694 2.4
      vertex -43.7412 30.2657 2.4
      vertex -43.4443 29.9688 2.4
    endloop
  endfacet
  facet normal -0 0 1
    outer loop
      vertex -46.9817 44.9191 2.4
      vertex -40.626 40.9694 2.4
      vertex -44.9191 46.9817 2.4
    endloop
  endfacet
  facet normal -0 0 1
    outer loop
      vertex -48.9496 42.766 2.4
      vertex -40.626 40.9694 2.4
      vertex -46.9817 44.9191 2.4
    endloop
  endfacet
  facet normal 0 0 1
    outer loop
      vertex -40.626 40.9694 2.4
      vertex -44.1153 30.4563 2.4
      vertex -43.7412 30.2657 2.4
    endloop
  endfacet
  facet normal 0 -0 1
    outer loop
      vertex -49.3757 36.0425 2.4
      vertex -40.626 40.9694 2.4
      vertex -49.5387 38.7494 2.4
    endloop
  endfacet
  facet normal 0 -0 1
    outer loop
      vertex -44.53 30.522 2.4
      vertex -40.626 40.9694 2.4
      vertex -49.3757 36.0425 2.4
    endloop
  endfacet
  facet normal 0 0 1
    outer loop
      vertex -40.626 40.9694 2.4
      vertex -44.53 30.522 2.4
      vertex -44.1153 30.4563 2.4
    endloop
  endfacet
  facet normal -0 -0 1
    outer loop
      vertex -49.165 33.2594 2.4
      vertex -44.53 30.522 2.4
      vertex -49.3757 36.0425 2.4
    endloop
  endfacet
  facet normal 0 0 1
    outer loop
      vertex -44.53 30.522 2.4
      vertex -49.165 33.2594 2.4
      vertex -44.9447 30.4563 2.4
    endloop
  endfacet
  facet normal 0 0 1
    outer loop
      vertex -45.3188 30.2657 2.4
      vertex -48.9067 30.4 2.4
      vertex -45.6157 29.9688 2.4
    endloop
  endfacet
  facet normal 0 0 1
    outer loop
      vertex -42.3405 15.7956 2.4
      vertex -46.9564 15.3245 2.4
      vertex -46.4636 12.3211 2.4
    endloop
  endfacet
  facet normal -0 0 1
    outer loop
      vertex -48.2472 24.4525 2.4
      vertex -46.3871 24.0289 2.4
      vertex -46.3159 26.4689 2.4
    endloop
  endfacet
  facet normal -0 -0 1
    outer loop
      vertex -48.9067 30.4 2.4
      vertex -45.3188 30.2657 2.4
      vertex -49.165 33.2594 2.4
    endloop
  endfacet
  facet normal 0 0 1
    outer loop
      vertex -45.6157 29.9688 2.4
      vertex -48.9067 30.4 2.4
      vertex -45.8063 29.5947 2.4
    endloop
  endfacet
  facet normal 0 0 1
    outer loop
      vertex -46.0855 21.86 2.4
      vertex -47.397 18.2 2.4
      vertex -46.9564 15.3245 2.4
    endloop
  endfacet
  facet normal 0 0 1
    outer loop
      vertex -46.0855 21.86 2.4
      vertex -47.8459 21.3644 2.4
      vertex -47.397 18.2 2.4
    endloop
  endfacet
  facet normal 0 0 1
    outer loop
      vertex -46.3871 24.0289 2.4
      vertex -48.2472 24.4525 2.4
      vertex -47.8459 21.3644 2.4
    endloop
  endfacet
  facet normal 0 0 1
    outer loop
      vertex -46.3159 26.4689 2.4
      vertex -48.6008 27.4644 2.4
      vertex -48.2472 24.4525 2.4
    endloop
  endfacet
  facet normal 0 0 1
    outer loop
      vertex -46.2493 26.8898 2.4
      vertex -48.6008 27.4644 2.4
      vertex -46.3159 26.4689 2.4
    endloop
  endfacet
  facet normal 0 0 1
    outer loop
      vertex -40.626 40.9694 2.4
      vertex -48.9496 42.766 2.4
      vertex -49.5446 38.8855 2.4
    endloop
  endfacet
  facet normal 0 0 1
    outer loop
      vertex -45.8063 29.5947 2.4
      vertex -48.6008 27.4644 2.4
      vertex -46.2493 26.8898 2.4
    endloop
  endfacet
  facet normal 0 -0 1
    outer loop
      vertex -48.6008 27.4644 2.4
      vertex -45.8063 29.5947 2.4
      vertex -48.9067 30.4 2.4
    endloop
  endfacet
  facet normal 0 0 1
    outer loop
      vertex -44.9447 30.4563 2.4
      vertex -49.165 33.2594 2.4
      vertex -45.3188 30.2657 2.4
    endloop
  endfacet
  facet normal 0 0 1
    outer loop
      vertex -40.626 40.9694 2.4
      vertex -49.5446 38.8855 2.4
      vertex -49.5387 38.7494 2.4
    endloop
  endfacet
  facet normal -0 0 1
    outer loop
      vertex -50.819 40.5268 2.4
      vertex -49.5446 38.8855 2.4
      vertex -48.9496 42.766 2.4
    endloop
  endfacet
  facet normal 0 0 1
    outer loop
      vertex -52.5861 38.206 2.4
      vertex -49.5446 38.8855 2.4
      vertex -50.819 40.5268 2.4
    endloop
  endfacet
  facet normal 0 0 1
    outer loop
      vertex -49.5446 38.8855 2.4
      vertex -52.5861 38.206 2.4
      vertex -50.9681 37.0305 2.4
    endloop
  endfacet
  facet normal 0 0 1
    outer loop
      vertex -54.2473 35.8083 2.4
      vertex -50.9681 37.0305 2.4
      vertex -52.5861 38.206 2.4
    endloop
  endfacet
  facet normal 0 0 1
    outer loop
      vertex -50.9681 37.0305 2.4
      vertex -54.2473 35.8083 2.4
      vertex -52.8362 34.3123 2.4
    endloop
  endfacet
  facet normal 0 0 1
    outer loop
      vertex -55.678 33.5313 2.4
      vertex -52.8362 34.3123 2.4
      vertex -54.2473 35.8083 2.4
    endloop
  endfacet
  facet normal 0 0 1
    outer loop
      vertex -49.1712 4.13911 2.4
      vertex -48.9696 2.86211 2.4
      vertex -48.8825 2.87592 2.4
    endloop
  endfacet
  facet normal 0 0 1
    outer loop
      vertex -49.1712 4.13911 2.4
      vertex -49.1227 2.78413 2.4
      vertex -48.9696 2.86211 2.4
    endloop
  endfacet
  facet normal 0 0 1
    outer loop
      vertex -49.1712 4.13911 2.4
      vertex -49.2441 2.66267 2.4
      vertex -49.1227 2.78413 2.4
    endloop
  endfacet
  facet normal 0 0 1
    outer loop
      vertex -49.1712 4.13911 2.4
      vertex -49.3221 2.50964 2.4
      vertex -49.2441 2.66267 2.4
    endloop
  endfacet
  facet normal 0 0 1
    outer loop
      vertex -64.7383 5.82655 2.4
      vertex -49.3221 2.50964 2.4
      vertex -49.1712 4.13911 2.4
    endloop
  endfacet
  facet normal -0 0 1
    outer loop
      vertex -64.7383 5.82655 2.4
      vertex -49.1712 4.13911 2.4
      vertex -49.9298 7.58961 2.4
    endloop
  endfacet
  facet normal -0 0 1
    outer loop
      vertex -64.9345 2.9162 2.4
      vertex -49.3221 2.50964 2.4
      vertex -64.7383 5.82655 2.4
    endloop
  endfacet
  facet normal -0 0 1
    outer loop
      vertex -64.4117 8.72516 2.4
      vertex -49.9298 7.58961 2.4
      vertex -50.6407 10.9639 2.4
    endloop
  endfacet
  facet normal -0 0 1
    outer loop
      vertex -63.9554 11.6062 2.4
      vertex -50.6407 10.9639 2.4
      vertex -51.3039 14.2619 2.4
    endloop
  endfacet
  facet normal 0 0 1
    outer loop
      vertex -49.349 2.34 2.4
      vertex -51.3755 -8.97212 2.4
      vertex -49.5288 -8.93069 2.4
    endloop
  endfacet
  facet normal -0 0 1
    outer loop
      vertex -62.6576 17.2924 2.4
      vertex -51.3039 14.2619 2.4
      vertex -51.9195 17.4837 2.4
    endloop
  endfacet
  facet normal -0 0 1
    outer loop
      vertex -61.8187 20.0861 2.4
      vertex -51.9195 17.4837 2.4
      vertex -52.4875 20.6292 2.4
    endloop
  endfacet
  facet normal 0 0 1
    outer loop
      vertex -49.9298 7.58961 2.4
      vertex -64.4117 8.72516 2.4
      vertex -64.7383 5.82655 2.4
    endloop
  endfacet
  facet normal -0 0 1
    outer loop
      vertex -60.8553 22.8394 2.4
      vertex -52.4875 20.6292 2.4
      vertex -53.0077 23.6985 2.4
    endloop
  endfacet
  facet normal 0 0 1
    outer loop
      vertex -59.7693 25.5466 2.4
      vertex -53.0077 23.6985 2.4
      vertex -53.1272 24.4525 2.4
    endloop
  endfacet
  facet normal -0 0 1
    outer loop
      vertex -59.7693 25.5466 2.4
      vertex -53.1272 24.4525 2.4
      vertex -53.6028 27.4644 2.4
    endloop
  endfacet
  facet normal 0 0 1
    outer loop
      vertex -57.2387 30.8015 2.4
      vertex -53.6028 27.4644 2.4
      vertex -54.0307 30.4 2.4
    endloop
  endfacet
  facet normal -0 0 1
    outer loop
      vertex -56.8713 31.449 2.4
      vertex -54.0307 30.4 2.4
      vertex -54.2453 32.013 2.4
    endloop
  endfacet
  facet normal 0 0 1
    outer loop
      vertex -51.9195 17.4837 2.4
      vertex -61.8187 20.0861 2.4
      vertex -62.6576 17.2924 2.4
    endloop
  endfacet
  facet normal 0 0 1
    outer loop
      vertex -52.8362 34.3123 2.4
      vertex -55.678 33.5313 2.4
      vertex -54.2453 32.013 2.4
    endloop
  endfacet
  facet normal 0 0 1
    outer loop
      vertex -56.8713 31.449 2.4
      vertex -54.2453 32.013 2.4
      vertex -55.678 33.5313 2.4
    endloop
  endfacet
  facet normal 0 0 1
    outer loop
      vertex -54.0307 30.4 2.4
      vertex -56.8713 31.449 2.4
      vertex -57.2387 30.8015 2.4
    endloop
  endfacet
  facet normal 0 0 1
    outer loop
      vertex -53.6028 27.4644 2.4
      vertex -57.2387 30.8015 2.4
      vertex -58.563 28.2024 2.4
    endloop
  endfacet
  facet normal 0 0 1
    outer loop
      vertex -58.2772 35.032 2.4
      vertex -56.8713 31.449 2.4
      vertex -55.678 33.5313 2.4
    endloop
  endfacet
  facet normal 0 0 1
    outer loop
      vertex -56.8713 31.449 2.4
      vertex -58.2772 35.032 2.4
      vertex -59.4688 32.9487 2.4
    endloop
  endfacet
  facet normal 0 0 1
    outer loop
      vertex -48.3333 -8.73022 2.4
      vertex -47.7789 -8.37033 2.4
      vertex -47.8301 -8.08069 2.4
    endloop
  endfacet
  facet normal 0 0 1
    outer loop
      vertex -47.7789 -8.37033 2.4
      vertex -48.3333 -8.73022 2.4
      vertex -47.865 -8.5782 2.4
    endloop
  endfacet
  facet normal 0 0 1
    outer loop
      vertex -49.5288 -8.93069 2.4
      vertex -47.8301 -8.08069 2.4
      vertex -48.1522 -6.07709 2.4
    endloop
  endfacet
  facet normal 0 0 1
    outer loop
      vertex -49.5288 -8.93069 2.4
      vertex -48.1522 -6.07709 2.4
      vertex -48.2052 -5.74249 2.4
    endloop
  endfacet
  facet normal 0 0 1
    outer loop
      vertex -47.865 -8.5782 2.4
      vertex -48.3333 -8.73022 2.4
      vertex -47.8655 -8.58061 2.4
    endloop
  endfacet
  facet normal 0 0 1
    outer loop
      vertex -49.5288 -8.93069 2.4
      vertex -48.2052 -5.74249 2.4
      vertex -48.5526 -3.42111 2.4
    endloop
  endfacet
  facet normal 0 0 1
    outer loop
      vertex -49.5288 -8.93069 2.4
      vertex -48.5526 -3.42111 2.4
      vertex -48.9338 -0.726944 2.4
    endloop
  endfacet
  facet normal 0 0 1
    outer loop
      vertex -49.5288 -8.93069 2.4
      vertex -48.9338 -0.726944 2.4
      vertex -49.349 2.34 2.4
    endloop
  endfacet
  facet normal 0 0 1
    outer loop
      vertex -47.8301 -8.08069 2.4
      vertex -49.5288 -8.93069 2.4
      vertex -48.3333 -8.73022 2.4
    endloop
  endfacet
  facet normal 0 0 1
    outer loop
      vertex -51.985 -12.8202 2.4
      vertex -50.9933 -13.1599 2.4
      vertex -50.7778 -13.0208 2.4
    endloop
  endfacet
  facet normal 0 0 1
    outer loop
      vertex -51.985 -12.8202 2.4
      vertex -52.2266 -13.7027 2.4
      vertex -50.9933 -13.1599 2.4
    endloop
  endfacet
  facet normal 0 0 1
    outer loop
      vertex -53.8363 -12.2444 2.4
      vertex -52.2266 -13.7027 2.4
      vertex -51.985 -12.8202 2.4
    endloop
  endfacet
  facet normal 0 0 1
    outer loop
      vertex -52.2266 -13.7027 2.4
      vertex -53.8363 -12.2444 2.4
      vertex -53.6423 -14.0591 2.4
    endloop
  endfacet
  facet normal 0 0 1
    outer loop
      vertex -53.8363 -12.2444 2.4
      vertex -55.1287 -14.174 2.4
      vertex -53.6423 -14.0591 2.4
    endloop
  endfacet
  facet normal 0 0 1
    outer loop
      vertex -55.7045 -11.3974 2.4
      vertex -55.1287 -14.174 2.4
      vertex -53.8363 -12.2444 2.4
    endloop
  endfacet
  facet normal 0 0 1
    outer loop
      vertex -56.7348 -14.0383 2.4
      vertex -55.7045 -11.3974 2.4
      vertex -56.1551 -11.1678 2.4
    endloop
  endfacet
  facet normal 0 0 1
    outer loop
      vertex -55.7045 -11.3974 2.4
      vertex -56.7348 -14.0383 2.4
      vertex -55.1287 -14.174 2.4
    endloop
  endfacet
  facet normal 0 0 1
    outer loop
      vertex -58.4541 -13.634 2.4
      vertex -56.1551 -11.1678 2.4
      vertex -57.9907 -10.0749 2.4
    endloop
  endfacet
  facet normal 0 0 1
    outer loop
      vertex -56.1551 -11.1678 2.4
      vertex -58.4541 -13.634 2.4
      vertex -56.7348 -14.0383 2.4
    endloop
  endfacet
  facet normal 0 0 1
    outer loop
      vertex -60.4153 -12.8967 2.4
      vertex -57.9907 -10.0749 2.4
      vertex -59.8432 -8.71101 2.4
    endloop
  endfacet
  facet normal 0 0 1
    outer loop
      vertex -57.9907 -10.0749 2.4
      vertex -60.4153 -12.8967 2.4
      vertex -58.4541 -13.634 2.4
    endloop
  endfacet
  facet normal 0 0 1
    outer loop
      vertex -64.4117 -8.72516 2.4
      vertex -59.8432 -8.71101 2.4
      vertex -61.7127 -7.07597 2.4
    endloop
  endfacet
  facet normal 0 0 1
    outer loop
      vertex -59.8432 -8.71101 2.4
      vertex -61.7906 -12.1958 2.4
      vertex -60.4153 -12.8967 2.4
    endloop
  endfacet
  facet normal 0 0 1
    outer loop
      vertex -64.4117 -8.72516 2.4
      vertex -61.7127 -7.07597 2.4
      vertex -61.9522 -6.83643 2.4
    endloop
  endfacet
  facet normal 0 0 1
    outer loop
      vertex -59.8432 -8.71101 2.4
      vertex -64.4117 -8.72516 2.4
      vertex -61.7906 -12.1958 2.4
    endloop
  endfacet
  facet normal 0 0 1
    outer loop
      vertex -61.7906 -12.1958 2.4
      vertex -62.6576 -17.2924 2.4
      vertex -61.8187 -20.0861 2.4
    endloop
  endfacet
  facet normal 0 0 1
    outer loop
      vertex -64.4117 -8.72516 2.4
      vertex -61.9522 -6.83643 2.4
      vertex -62.6941 -6.08656 2.4
    endloop
  endfacet
  facet normal -0 0 1
    outer loop
      vertex -64.7383 -5.82655 2.4
      vertex -62.6941 -6.08656 2.4
      vertex -62.9077 -3.37273 2.4
    endloop
  endfacet
  facet normal 0 0 1
    outer loop
      vertex -49.349 2.34 2.4
      vertex -60.4398 -5.32404 2.4
      vertex -58.3612 -6.67122 2.4
    endloop
  endfacet
  facet normal 0 0 1
    outer loop
      vertex -61.7906 -12.1958 2.4
      vertex -63.3703 -14.4639 2.4
      vertex -62.6576 -17.2924 2.4
    endloop
  endfacet
  facet normal 0 0 1
    outer loop
      vertex -49.349 2.34 2.4
      vertex -64.9345 2.9162 2.4
      vertex -62.5354 -3.70575 2.4
    endloop
  endfacet
  facet normal 0 0 1
    outer loop
      vertex -61.7906 -12.1958 2.4
      vertex -63.9554 -11.6062 2.4
      vertex -63.3703 -14.4639 2.4
    endloop
  endfacet
  facet normal 0 0 1
    outer loop
      vertex -49.349 2.34 2.4
      vertex -62.5354 -3.70575 2.4
      vertex -60.4398 -5.32404 2.4
    endloop
  endfacet
  facet normal 0 0 1
    outer loop
      vertex -61.7906 -12.1958 2.4
      vertex -64.4117 -8.72516 2.4
      vertex -63.9554 -11.6062 2.4
    endloop
  endfacet
  facet normal 0 0 1
    outer loop
      vertex -62.5354 -3.70575 2.4
      vertex -64.9345 2.9162 2.4
      vertex -62.9077 -3.37273 2.4
    endloop
  endfacet
  facet normal 0 0 1
    outer loop
      vertex -62.6941 -6.08656 2.4
      vertex -64.7383 -5.82655 2.4
      vertex -64.4117 -8.72516 2.4
    endloop
  endfacet
  facet normal -0 0 1
    outer loop
      vertex -65 0 2.4
      vertex -62.9077 -3.37273 2.4
      vertex -64.9345 2.9162 2.4
    endloop
  endfacet
  facet normal 0 0 1
    outer loop
      vertex -62.9077 -3.37273 2.4
      vertex -64.9345 -2.9162 2.4
      vertex -64.7383 -5.82655 2.4
    endloop
  endfacet
  facet normal 0 0 1
    outer loop
      vertex -62.9077 -3.37273 2.4
      vertex -65 0 2.4
      vertex -64.9345 -2.9162 2.4
    endloop
  endfacet
  facet normal 0 0 1
    outer loop
      vertex -58.6 -77.4 2.4
      vertex -62 -77.4 2.4
      vertex -58.6 -77.8 2.4
    endloop
  endfacet
  facet normal 0 0 1
    outer loop
      vertex -42.6 -77.4 2.4
      vertex -57.4 -77.4 2.4
      vertex -42.6 -77.8 2.4
    endloop
  endfacet
  facet normal 0 0 1
    outer loop
      vertex -39.9694 -55.0132 2.4
      vertex -38 -75.4 2.4
      vertex -37.461 -56.751 2.4
    endloop
  endfacet
  facet normal 0 0 1
    outer loop
      vertex -62 -75.4 2.4
      vertex -39.9694 -55.0132 2.4
      vertex -42.3973 -53.1645 2.4
    endloop
  endfacet
  facet normal 0 0 1
    outer loop
      vertex -62 -75.4 2.4
      vertex -42.3973 -53.1645 2.4
      vertex -44.7398 -51.2088 2.4
    endloop
  endfacet
  facet normal 0 0 1
    outer loop
      vertex -62 -75.4 2.4
      vertex -44.7398 -51.2088 2.4
      vertex -46.9922 -49.15 2.4
    endloop
  endfacet
  facet normal 0 0 1
    outer loop
      vertex -62 -75.4 2.4
      vertex -46.9922 -49.15 2.4
      vertex -49.15 -46.9922 2.4
    endloop
  endfacet
  facet normal 0 0 1
    outer loop
      vertex -62 -75.4 2.4
      vertex -49.15 -46.9922 2.4
      vertex -51.2088 -44.7398 2.4
    endloop
  endfacet
  facet normal 0 0 1
    outer loop
      vertex -62 -75.4 2.4
      vertex -51.2088 -44.7398 2.4
      vertex -53.1645 -42.3973 2.4
    endloop
  endfacet
  facet normal 0 0 1
    outer loop
      vertex -62 -75.4 2.4
      vertex -53.1645 -42.3973 2.4
      vertex -55.0132 -39.9694 2.4
    endloop
  endfacet
  facet normal 0 0 1
    outer loop
      vertex -86.2 -78.6 2.4
      vertex -55.0132 -39.9694 2.4
      vertex -56.751 -37.461 2.4
    endloop
  endfacet
  facet normal 0 0 1
    outer loop
      vertex -86.2 -78.6 2.4
      vertex -56.751 -37.461 2.4
      vertex -58.2772 -35.032 2.4
    endloop
  endfacet
  facet normal 0 0 1
    outer loop
      vertex -86.2 -78.6 2.4
      vertex -58.2772 -35.032 2.4
      vertex -59.4688 -32.9487 2.4
    endloop
  endfacet
  facet normal 0 0 1
    outer loop
      vertex -86.2 -78.6 2.4
      vertex -59.4688 -32.9487 2.4
      vertex -59.8805 -32.2231 2.4
    endloop
  endfacet
  facet normal 0 0 1
    outer loop
      vertex -86.2 -78.6 2.4
      vertex -59.8805 -32.2231 2.4
      vertex -61.2659 -29.5041 2.4
    endloop
  endfacet
  facet normal 0 0 1
    outer loop
      vertex -39.9694 -55.0132 2.4
      vertex -62 -75.4 2.4
      vertex -38 -75.4 2.4
    endloop
  endfacet
  facet normal 0 0 1
    outer loop
      vertex -55.0132 -39.9694 2.4
      vertex -86.2 -78.6 2.4
      vertex -62 -75.4 2.4
    endloop
  endfacet
  facet normal 0 0 1
    outer loop
      vertex -86.2 -78.6 2.4
      vertex -61.2659 -29.5041 2.4
      vertex -62.5279 -26.7257 2.4
    endloop
  endfacet
  facet normal 0 0 1
    outer loop
      vertex -33.393 -21.8735 2.4
      vertex -37.2979 -26.1603 2.4
      vertex -37.271 -26.33 2.4
    endloop
  endfacet
  facet normal 0 0 1
    outer loop
      vertex -35.4152 -21.0803 2.4
      vertex -37.3759 -26.0073 2.4
      vertex -37.2979 -26.1603 2.4
    endloop
  endfacet
  facet normal 0 0 1
    outer loop
      vertex -35.4152 -21.0803 2.4
      vertex -37.4973 -25.8858 2.4
      vertex -37.3759 -26.0073 2.4
    endloop
  endfacet
  facet normal 0 0 1
    outer loop
      vertex -35.4152 -21.0803 2.4
      vertex -38.3833 -24.3815 2.4
      vertex -37.4973 -25.8858 2.4
    endloop
  endfacet
  facet normal -0 -0 1
    outer loop
      vertex -38.0865 -25.1948 2.4
      vertex -37.4973 -25.8858 2.4
      vertex -38.3833 -24.3815 2.4
    endloop
  endfacet
  facet normal 0 0 1
    outer loop
      vertex -37.4973 -25.8858 2.4
      vertex -37.9238 -25.5248 2.4
      vertex -37.7465 -25.7534 2.4
    endloop
  endfacet
  facet normal -0 -0 1
    outer loop
      vertex -37.9238 -25.5248 2.4
      vertex -37.4973 -25.8858 2.4
      vertex -38.0865 -25.1948 2.4
    endloop
  endfacet
  facet normal 0 0 1
    outer loop
      vertex -35.4152 -21.0803 2.4
      vertex -38.697 -23.3226 2.4
      vertex -38.3833 -24.3815 2.4
    endloop
  endfacet
  facet normal 0 0 1
    outer loop
      vertex -39.3752 -20.4676 2.4
      vertex -37.0532 -20.2287 2.4
      vertex -38.7082 -19.1145 2.4
    endloop
  endfacet
  facet normal 0 0 1
    outer loop
      vertex -37.0532 -20.2287 2.4
      vertex -39.0276 -22.018 2.4
      vertex -38.697 -23.3226 2.4
    endloop
  endfacet
  facet normal 0 0 1
    outer loop
      vertex -37.0532 -20.2287 2.4
      vertex -39.3752 -20.4676 2.4
      vertex -39.0276 -22.018 2.4
    endloop
  endfacet
  facet normal 0 0 1
    outer loop
      vertex -38.7082 -19.1145 2.4
      vertex -39.7398 -18.6716 2.4
      vertex -39.3752 -20.4676 2.4
    endloop
  endfacet
  facet normal -0 -0 1
    outer loop
      vertex -39.7398 -18.6716 2.4
      vertex -38.7082 -19.1145 2.4
      vertex -39.8295 -18.1911 2.4
    endloop
  endfacet
  facet normal -0 0 1
    outer loop
      vertex -28.2024 58.563 2.4
      vertex -25.986 40.7294 2.4
      vertex -25.5466 59.7693 2.4
    endloop
  endfacet
  facet normal -0 0 1
    outer loop
      vertex -30.8015 57.2387 2.4
      vertex -25.986 40.7294 2.4
      vertex -28.2024 58.563 2.4
    endloop
  endfacet
  facet normal 0 0 1
    outer loop
      vertex -25.986 40.7294 2.4
      vertex -30.8015 57.2387 2.4
      vertex -30.5 41.0343 2.4
    endloop
  endfacet
  facet normal -0 0 1
    outer loop
      vertex -33.3384 55.7992 2.4
      vertex -30.5 41.0343 2.4
      vertex -30.8015 57.2387 2.4
    endloop
  endfacet
  facet normal 0 0 1
    outer loop
      vertex -31.598 41.0511 2.4
      vertex -32.4311 32.0538 2.4
      vertex -31.598 32.3036 2.4
    endloop
  endfacet
  facet normal -0 0 1
    outer loop
      vertex -35.8083 54.2473 2.4
      vertex -30.5 41.0343 2.4
      vertex -33.3384 55.7992 2.4
    endloop
  endfacet
  facet normal 0 0 1
    outer loop
      vertex -30.5 41.0343 2.4
      vertex -35.8083 54.2473 2.4
      vertex -31.598 41.0511 2.4
    endloop
  endfacet
  facet normal 0 0 1
    outer loop
      vertex -31.598 41.0511 2.4
      vertex -35.014 41.1034 2.4
      vertex -32.4311 32.0538 2.4
    endloop
  endfacet
  facet normal 0 0 1
    outer loop
      vertex -32.4311 32.0538 2.4
      vertex -35.014 41.1034 2.4
      vertex -34.7979 31.0035 2.4
    endloop
  endfacet
  facet normal -0 0 1
    outer loop
      vertex -38.206 52.5861 2.4
      vertex -31.598 41.0511 2.4
      vertex -35.8083 54.2473 2.4
    endloop
  endfacet
  facet normal 0 0 1
    outer loop
      vertex -31.598 41.0511 2.4
      vertex -38.206 52.5861 2.4
      vertex -35.014 41.1034 2.4
    endloop
  endfacet
  facet normal 0 0 1
    outer loop
      vertex -35.014 41.1034 2.4
      vertex -38.206 52.5861 2.4
      vertex -36.6 41.1276 2.4
    endloop
  endfacet
  facet normal -0 0 1
    outer loop
      vertex -40.5268 50.819 2.4
      vertex -36.6 41.1276 2.4
      vertex -38.206 52.5861 2.4
    endloop
  endfacet
  facet normal -0 0 1
    outer loop
      vertex -42.766 48.9496 2.4
      vertex -36.6 41.1276 2.4
      vertex -40.5268 50.819 2.4
    endloop
  endfacet
  facet normal -0 0 1
    outer loop
      vertex -43.2537 29.5947 2.4
      vertex -40.626 25.6443 2.4
      vertex -40.626 40.9694 2.4
    endloop
  endfacet
  facet normal 0 0 1
    outer loop
      vertex -36.6 41.1276 2.4
      vertex -42.766 48.9496 2.4
      vertex -40.626 40.9694 2.4
    endloop
  endfacet
  facet normal -0 0 1
    outer loop
      vertex -43.5913 26.4689 2.4
      vertex -40.626 25.6443 2.4
      vertex -43.188 29.18 2.4
    endloop
  endfacet
  facet normal 0 0 1
    outer loop
      vertex -40.626 25.6443 2.4
      vertex -43.5913 26.4689 2.4
      vertex -41.2242 24.5985 2.4
    endloop
  endfacet
  facet normal 0 0 1
    outer loop
      vertex -43.6218 24.0289 2.4
      vertex -41.2242 24.5985 2.4
      vertex -43.5913 26.4689 2.4
    endloop
  endfacet
  facet normal -0 0 1
    outer loop
      vertex -44.9191 46.9817 2.4
      vertex -40.626 40.9694 2.4
      vertex -42.766 48.9496 2.4
    endloop
  endfacet
  facet normal 0 0 1
    outer loop
      vertex -41.2242 24.5985 2.4
      vertex -43.6218 24.0289 2.4
      vertex -41.8722 22.6439 2.4
    endloop
  endfacet
  facet normal 0 -0 1
    outer loop
      vertex -43.3477 22.2924 2.4
      vertex -41.8722 22.6439 2.4
      vertex -43.6218 24.0289 2.4
    endloop
  endfacet
  facet normal 0 0 1
    outer loop
      vertex -41.8722 22.6439 2.4
      vertex -43.3477 22.2924 2.4
      vertex -42.09 20.64 2.4
    endloop
  endfacet
  facet normal 0 0 1
    outer loop
      vertex -42.09 20.64 2.4
      vertex -43.3477 22.2924 2.4
      vertex -42.7166 20.6205 2.4
    endloop
  endfacet
  facet normal 0 0 1
    outer loop
      vertex -21.1261 -8.49101 2.4
      vertex -25.0979 -20.0603 2.4
      vertex -25.071 -20.23 2.4
    endloop
  endfacet
  facet normal 0 0 1
    outer loop
      vertex -23.0548 -10.0837 2.4
      vertex -25.1759 -19.9073 2.4
      vertex -25.0979 -20.0603 2.4
    endloop
  endfacet
  facet normal 0 0 1
    outer loop
      vertex -24.9836 -11.4222 2.4
      vertex -25.2973 -19.7858 2.4
      vertex -25.1759 -19.9073 2.4
    endloop
  endfacet
  facet normal 0 0 1
    outer loop
      vertex -24.9836 -11.4222 2.4
      vertex -25.4503 -19.7079 2.4
      vertex -25.2973 -19.7858 2.4
    endloop
  endfacet
  facet normal -0 0 1
    outer loop
      vertex -26.9123 -12.5065 2.4
      vertex -25.4503 -19.7079 2.4
      vertex -24.9836 -11.4222 2.4
    endloop
  endfacet
  facet normal 0 0 1
    outer loop
      vertex -25.4503 -19.7079 2.4
      vertex -26.9123 -12.5065 2.4
      vertex -25.62 -19.681 2.4
    endloop
  endfacet
  facet normal -0 0 1
    outer loop
      vertex -27.2638 -12.6856 2.4
      vertex -25.62 -19.681 2.4
      vertex -26.9123 -12.5065 2.4
    endloop
  endfacet
  facet normal 0 0 1
    outer loop
      vertex -25.62 -19.681 2.4
      vertex -27.2638 -12.6856 2.4
      vertex -25.7897 -19.7079 2.4
    endloop
  endfacet
  facet normal -0 0 1
    outer loop
      vertex -29.2421 -13.5411 2.4
      vertex -25.7897 -19.7079 2.4
      vertex -27.2638 -12.6856 2.4
    endloop
  endfacet
  facet normal 0 0 1
    outer loop
      vertex -25.7897 -19.7079 2.4
      vertex -29.2421 -13.5411 2.4
      vertex -27.1992 -20.0976 2.4
    endloop
  endfacet
  facet normal 0 0 1
    outer loop
      vertex -27.1992 -20.0976 2.4
      vertex -29.2421 -13.5411 2.4
      vertex -28.5005 -20.2232 2.4
    endloop
  endfacet
  facet normal 0 0 1
    outer loop
      vertex -29.2421 -13.5411 2.4
      vertex -29.7702 -20.1168 2.4
      vertex -28.5005 -20.2232 2.4
    endloop
  endfacet
  facet normal -0 0 1
    outer loop
      vertex -31.2205 -14.1424 2.4
      vertex -29.7702 -20.1168 2.4
      vertex -29.2421 -13.5411 2.4
    endloop
  endfacet
  facet normal 0 0 1
    outer loop
      vertex -29.7702 -20.1168 2.4
      vertex -31.2205 -14.1424 2.4
      vertex -31.0593 -19.7766 2.4
    endloop
  endfacet
  facet normal 0 0 1
    outer loop
      vertex -31.2205 -14.1424 2.4
      vertex -32.2534 -19.248 2.4
      vertex -31.0593 -19.7766 2.4
    endloop
  endfacet
  facet normal 0 0 1
    outer loop
      vertex -33.5148 -18.4647 2.4
      vertex -31.2205 -14.1424 2.4
      vertex -33.1988 -14.4895 2.4
    endloop
  endfacet
  facet normal 0 0 1
    outer loop
      vertex -31.2205 -14.1424 2.4
      vertex -33.5148 -18.4647 2.4
      vertex -32.2534 -19.248 2.4
    endloop
  endfacet
  facet normal 0 0 1
    outer loop
      vertex -34.9438 -17.3253 2.4
      vertex -33.1988 -14.4895 2.4
      vertex -33.7533 -14.5773 2.4
    endloop
  endfacet
  facet normal 0 0 1
    outer loop
      vertex -33.1988 -14.4895 2.4
      vertex -34.9438 -17.3253 2.4
      vertex -33.5148 -18.4647 2.4
    endloop
  endfacet
  facet normal 0 0 1
    outer loop
      vertex -36.03 -16.2719 2.4
      vertex -33.7533 -14.5773 2.4
      vertex -35.7867 -14.679 2.4
    endloop
  endfacet
  facet normal 0 0 1
    outer loop
      vertex -33.7533 -14.5773 2.4
      vertex -36.03 -16.2719 2.4
      vertex -34.9438 -17.3253 2.4
    endloop
  endfacet
  facet normal 0 0 1
    outer loop
      vertex -35.7867 -14.679 2.4
      vertex -37.3767 -14.7342 2.4
      vertex -36.03 -16.2719 2.4
    endloop
  endfacet
  facet normal 0 -0 1
    outer loop
      vertex -37.3767 -14.7342 2.4
      vertex -35.7867 -14.679 2.4
      vertex -37.5179 -14.5491 2.4
    endloop
  endfacet
  facet normal 0 0 1
    outer loop
      vertex -11.2311 2.41585 2.4
      vertex -18.9979 -6.03035 2.4
      vertex -18.971 -6.2 2.4
    endloop
  endfacet
  facet normal 0 0 1
    outer loop
      vertex -15.874 5.70474 2.4
      vertex -19.0759 -5.8773 2.4
      vertex -18.9979 -6.03035 2.4
    endloop
  endfacet
  facet normal 0 0 1
    outer loop
      vertex -15.874 5.70474 2.4
      vertex -19.1973 -5.75586 2.4
      vertex -19.0759 -5.8773 2.4
    endloop
  endfacet
  facet normal 0 0 1
    outer loop
      vertex -15.874 5.70474 2.4
      vertex -19.3503 -5.67787 2.4
      vertex -19.1973 -5.75586 2.4
    endloop
  endfacet
  facet normal 0 0 1
    outer loop
      vertex -15.874 5.70474 2.4
      vertex -19.52 -5.651 2.4
      vertex -19.3503 -5.67787 2.4
    endloop
  endfacet
  facet normal 0 -0 1
    outer loop
      vertex -19.6897 -5.67787 2.4
      vertex -15.874 5.70474 2.4
      vertex -21.6327 7.98769 2.4
    endloop
  endfacet
  facet normal 0 0 1
    outer loop
      vertex -15.874 5.70474 2.4
      vertex -19.6897 -5.67787 2.4
      vertex -19.52 -5.651 2.4
    endloop
  endfacet
  facet normal -0 0 1
    outer loop
      vertex -24.4 7.82999 2.4
      vertex -19.6897 -5.67787 2.4
      vertex -21.6327 7.98769 2.4
    endloop
  endfacet
  facet normal 0 0 1
    outer loop
      vertex -19.6897 -5.67787 2.4
      vertex -24.4 7.82999 2.4
      vertex -19.8427 -5.75586 2.4
    endloop
  endfacet
  facet normal 0 0 1
    outer loop
      vertex -19.8427 -5.75586 2.4
      vertex -24.4 7.82999 2.4
      vertex -21.9806 -7.31483 2.4
    endloop
  endfacet
  facet normal 0 0 1
    outer loop
      vertex -27.1673 7.98769 2.4
      vertex -21.9806 -7.31483 2.4
      vertex -24.4 7.82999 2.4
    endloop
  endfacet
  facet normal 0 0 1
    outer loop
      vertex -21.9806 -7.31483 2.4
      vertex -27.1673 7.98769 2.4
      vertex -24.0794 -8.59576 2.4
    endloop
  endfacet
  facet normal 0 0 1
    outer loop
      vertex -24.0794 -8.59576 2.4
      vertex -27.1673 7.98769 2.4
      vertex -25.9546 -9.51649 2.4
    endloop
  endfacet
  facet normal 0 0 1
    outer loop
      vertex -29.8665 8.45695 2.4
      vertex -25.9546 -9.51649 2.4
      vertex -27.1673 7.98769 2.4
    endloop
  endfacet
  facet normal 0 0 1
    outer loop
      vertex -25.9546 -9.51649 2.4
      vertex -29.8665 8.45695 2.4
      vertex -28.0429 -10.2877 2.4
    endloop
  endfacet
  facet normal 0 0 1
    outer loop
      vertex -29.8665 8.45695 2.4
      vertex -30.0102 -10.7747 2.4
      vertex -28.0429 -10.2877 2.4
    endloop
  endfacet
  facet normal 0 0 1
    outer loop
      vertex -29.8665 8.45695 2.4
      vertex -31.72 -10.9885 2.4
      vertex -30.0102 -10.7747 2.4
    endloop
  endfacet
  facet normal 0 0 1
    outer loop
      vertex -40.9869 -6.92691 2.4
      vertex -29.8665 8.45695 2.4
      vertex -32.4311 9.2262 2.4
    endloop
  endfacet
  facet normal 0 0 1
    outer loop
      vertex -29.8665 8.45695 2.4
      vertex -33.7533 -10.9885 2.4
      vertex -31.72 -10.9885 2.4
    endloop
  endfacet
  facet normal 0 0 1
    outer loop
      vertex -44.5361 1.85643 2.4
      vertex -32.4311 9.2262 2.4
      vertex -34.7979 10.2765 2.4
    endloop
  endfacet
  facet normal 0 0 1
    outer loop
      vertex -29.8665 8.45695 2.4
      vertex -40.5642 -7.42188 2.4
      vertex -33.7533 -10.9885 2.4
    endloop
  endfacet
  facet normal 0 0 1
    outer loop
      vertex -45.2262 5.4209 2.4
      vertex -34.7979 10.2765 2.4
      vertex -36.9087 11.582 2.4
    endloop
  endfacet
  facet normal 0 0 1
    outer loop
      vertex -33.7533 -10.9885 2.4
      vertex -40.5642 -7.42188 2.4
      vertex -35.3368 -10.7906 2.4
    endloop
  endfacet
  facet normal 0 0 1
    outer loop
      vertex -45.8688 8.9091 2.4
      vertex -36.9087 11.582 2.4
      vertex -38.7115 13.1105 2.4
    endloop
  endfacet
  facet normal 0 0 1
    outer loop
      vertex -35.3368 -10.7906 2.4
      vertex -40.5642 -7.42188 2.4
      vertex -37.1555 -10.3312 2.4
    endloop
  endfacet
  facet normal 0 0 1
    outer loop
      vertex -37.1555 -10.3312 2.4
      vertex -40.2241 -7.97684 2.4
      vertex -39.1339 -9.57744 2.4
    endloop
  endfacet
  facet normal 0 0 1
    outer loop
      vertex -39.1339 -9.57744 2.4
      vertex -39.8231 -9.21111 2.4
      vertex -39.8218 -9.22696 2.4
    endloop
  endfacet
  facet normal 0 0 1
    outer loop
      vertex -39.1339 -9.57744 2.4
      vertex -39.975 -8.5782 2.4
      vertex -39.8231 -9.21111 2.4
    endloop
  endfacet
  facet normal 0 0 1
    outer loop
      vertex -46.4636 12.3211 2.4
      vertex -38.7115 13.1105 2.4
      vertex -40.1619 14.8244 2.4
    endloop
  endfacet
  facet normal 0 0 1
    outer loop
      vertex -39.1339 -9.57744 2.4
      vertex -40.2241 -7.97684 2.4
      vertex -39.975 -8.5782 2.4
    endloop
  endfacet
  facet normal 0 0 1
    outer loop
      vertex -37.1555 -10.3312 2.4
      vertex -40.5642 -7.42188 2.4
      vertex -40.2241 -7.97684 2.4
    endloop
  endfacet
  facet normal -0 0 1
    outer loop
      vertex -41.0276 15.5876 2.4
      vertex -40.1619 14.8244 2.4
      vertex -40.6953 15.7569 2.4
    endloop
  endfacet
  facet normal 0 0 1
    outer loop
      vertex -32.4311 9.2262 2.4
      vertex -44.5361 1.85643 2.4
      vertex -43.7982 -1.78429 2.4
    endloop
  endfacet
  facet normal -0 0 1
    outer loop
      vertex -41.48 15.516 2.4
      vertex -40.1619 14.8244 2.4
      vertex -41.0276 15.5876 2.4
    endloop
  endfacet
  facet normal 0 0 1
    outer loop
      vertex -41.9324 15.5876 2.4
      vertex -40.1619 14.8244 2.4
      vertex -41.48 15.516 2.4
    endloop
  endfacet
  facet normal 0 0 1
    outer loop
      vertex -29.8665 8.45695 2.4
      vertex -40.9869 -6.92691 2.4
      vertex -40.5642 -7.42188 2.4
    endloop
  endfacet
  facet normal 0 0 1
    outer loop
      vertex -40.1619 14.8244 2.4
      vertex -41.9324 15.5876 2.4
      vertex -46.4636 12.3211 2.4
    endloop
  endfacet
  facet normal 0 0 1
    outer loop
      vertex -32.4311 9.2262 2.4
      vertex -43.7982 -1.78429 2.4
      vertex -40.9869 -6.92691 2.4
    endloop
  endfacet
  facet normal 0 0 1
    outer loop
      vertex -46.4636 12.3211 2.4
      vertex -41.9324 15.5876 2.4
      vertex -42.3405 15.7956 2.4
    endloop
  endfacet
  facet normal 0 0 1
    outer loop
      vertex -40.9869 -6.92691 2.4
      vertex -43.7982 -1.78429 2.4
      vertex -41.4819 -6.5042 2.4
    endloop
  endfacet
  facet normal -0 -0 1
    outer loop
      vertex -43.0127 -5.50125 2.4
      vertex -42.0368 -6.16411 2.4
      vertex -43.7982 -1.78429 2.4
    endloop
  endfacet
  facet normal 0 0 1
    outer loop
      vertex -42.6382 -5.91502 2.4
      vertex -43.0127 -5.50125 2.4
      vertex -42.9376 -5.84312 2.4
    endloop
  endfacet
  facet normal 0 0 1
    outer loop
      vertex -46.9564 15.3245 2.4
      vertex -42.3405 15.7956 2.4
      vertex -43.7688 17.1676 2.4
    endloop
  endfacet
  facet normal 0 0 1
    outer loop
      vertex -42.0368 -6.16411 2.4
      vertex -43.0127 -5.50125 2.4
      vertex -42.6382 -5.91502 2.4
    endloop
  endfacet
  facet normal 0 0 1
    outer loop
      vertex -46.9564 15.3245 2.4
      vertex -43.7688 17.1676 2.4
      vertex -44.0882 17.487 2.4
    endloop
  endfacet
  facet normal 0 0 1
    outer loop
      vertex -41.4819 -6.5042 2.4
      vertex -43.7982 -1.78429 2.4
      vertex -42.0368 -6.16411 2.4
    endloop
  endfacet
  facet normal 0 0 1
    outer loop
      vertex -46.9564 15.3245 2.4
      vertex -44.0882 17.487 2.4
      vertex -45.1393 19.1256 2.4
    endloop
  endfacet
  facet normal 0 0 1
    outer loop
      vertex -34.7979 10.2765 2.4
      vertex -45.2262 5.4209 2.4
      vertex -44.5361 1.85643 2.4
    endloop
  endfacet
  facet normal 0 0 1
    outer loop
      vertex -46.9564 15.3245 2.4
      vertex -45.1393 19.1256 2.4
      vertex -45.3414 19.5224 2.4
    endloop
  endfacet
  facet normal 0 0 1
    outer loop
      vertex -36.9087 11.582 2.4
      vertex -45.8688 8.9091 2.4
      vertex -45.2262 5.4209 2.4
    endloop
  endfacet
  facet normal 0 0 1
    outer loop
      vertex -46.9564 15.3245 2.4
      vertex -45.3414 19.5224 2.4
      vertex -46.0168 21.4264 2.4
    endloop
  endfacet
  facet normal 0 0 1
    outer loop
      vertex -46.9564 15.3245 2.4
      vertex -46.0168 21.4264 2.4
      vertex -46.0855 21.86 2.4
    endloop
  endfacet
  facet normal 0 0 1
    outer loop
      vertex -47.8459 21.3644 2.4
      vertex -46.0855 21.86 2.4
      vertex -46.3871 24.0289 2.4
    endloop
  endfacet
  facet normal 0 0 1
    outer loop
      vertex -38.7115 13.1105 2.4
      vertex -46.4636 12.3211 2.4
      vertex -45.8688 8.9091 2.4
    endloop
  endfacet
  facet normal 0 0 1
    outer loop
      vertex -34.7979 31.0035 2.4
      vertex -35.014 41.1034 2.4
      vertex -35.014 30.8699 2.4
    endloop
  endfacet
  facet normal 0 0 1
    outer loop
      vertex -34.8771 58.3745 2.4
      vertex -38 75.4 2.4
      vertex -37.461 56.751 2.4
    endloop
  endfacet
  facet normal 0 0 1
    outer loop
      vertex -38 75.4 2.4
      vertex -39.9694 55.0132 2.4
      vertex -37.461 56.751 2.4
    endloop
  endfacet
  facet normal -0 0 1
    outer loop
      vertex -62 75.4 2.4
      vertex -39.9694 55.0132 2.4
      vertex -38 75.4 2.4
    endloop
  endfacet
  facet normal 0 0 1
    outer loop
      vertex -39.9694 55.0132 2.4
      vertex -62 75.4 2.4
      vertex -42.3973 53.1645 2.4
    endloop
  endfacet
  facet normal 0 0 1
    outer loop
      vertex -42.3973 53.1645 2.4
      vertex -62 75.4 2.4
      vertex -44.7398 51.2088 2.4
    endloop
  endfacet
  facet normal 0 0 1
    outer loop
      vertex -44.7398 51.2088 2.4
      vertex -62 75.4 2.4
      vertex -46.9922 49.15 2.4
    endloop
  endfacet
  facet normal 0 0 1
    outer loop
      vertex -46.9922 49.15 2.4
      vertex -62 75.4 2.4
      vertex -49.15 46.9922 2.4
    endloop
  endfacet
  facet normal 0 0 1
    outer loop
      vertex -49.15 46.9922 2.4
      vertex -62 75.4 2.4
      vertex -51.2088 44.7398 2.4
    endloop
  endfacet
  facet normal 0 0 1
    outer loop
      vertex -51.2088 44.7398 2.4
      vertex -62 75.4 2.4
      vertex -53.1645 42.3973 2.4
    endloop
  endfacet
  facet normal 0 0 1
    outer loop
      vertex -53.1645 42.3973 2.4
      vertex -62 75.4 2.4
      vertex -55.0132 39.9694 2.4
    endloop
  endfacet
  facet normal -0 0 1
    outer loop
      vertex -95.4 47 2.4
      vertex -55.0132 39.9694 2.4
      vertex -62 75.4 2.4
    endloop
  endfacet
  facet normal 0 0 1
    outer loop
      vertex -55.0132 39.9694 2.4
      vertex -95.4 47 2.4
      vertex -56.751 37.461 2.4
    endloop
  endfacet
  facet normal 0 0 1
    outer loop
      vertex -56.751 37.461 2.4
      vertex -95.4 47 2.4
      vertex -58.2772 35.032 2.4
    endloop
  endfacet
  facet normal 0 0 1
    outer loop
      vertex -58.2772 35.032 2.4
      vertex -95.4 47 2.4
      vertex -59.4688 32.9487 2.4
    endloop
  endfacet
  facet normal 0 0 1
    outer loop
      vertex -59.4688 32.9487 2.4
      vertex -95.4 47 2.4
      vertex -59.8805 32.2231 2.4
    endloop
  endfacet
  facet normal 0 0 1
    outer loop
      vertex -59.8805 32.2231 2.4
      vertex -95.4 47 2.4
      vertex -61.2659 29.5041 2.4
    endloop
  endfacet
  facet normal 0 0 1
    outer loop
      vertex -38 77.4 2.4
      vertex -41.4 77.8 2.4
      vertex -41.4 77.4 2.4
    endloop
  endfacet
  facet normal 0 0 1
    outer loop
      vertex -41.9664 19.5031 2.4
      vertex -42.09 20.64 2.4
      vertex -42.7166 20.6205 2.4
    endloop
  endfacet
  facet normal -0 0 1
    outer loop
      vertex -49.4105 -16.7513 2.4
      vertex -48.778 -17.7905 2.4
      vertex -48.2113 -16.2788 2.4
    endloop
  endfacet
  facet normal -0 0 1
    outer loop
      vertex -51.1176 -17.1159 2.4
      vertex -48.778 -17.7905 2.4
      vertex -49.4105 -16.7513 2.4
    endloop
  endfacet
  facet normal 0 0 1
    outer loop
      vertex -48.778 -17.7905 2.4
      vertex -51.1176 -17.1159 2.4
      vertex -49.3343 -18.95 2.4
    endloop
  endfacet
  facet normal 0 0 1
    outer loop
      vertex -49.3343 -18.95 2.4
      vertex -51.1176 -17.1159 2.4
      vertex -50.1078 -20.1948 2.4
    endloop
  endfacet
  facet normal -0 0 1
    outer loop
      vertex -51.6721 -17.2037 2.4
      vertex -50.1078 -20.1948 2.4
      vertex -51.1176 -17.1159 2.4
    endloop
  endfacet
  facet normal 0 0 1
    outer loop
      vertex -50.1078 -20.1948 2.4
      vertex -51.6721 -17.2037 2.4
      vertex -50.8916 -21.1423 2.4
    endloop
  endfacet
  facet normal -0 0 1
    outer loop
      vertex -53.375 -17.2715 2.4
      vertex -50.8916 -21.1423 2.4
      vertex -51.6721 -17.2037 2.4
    endloop
  endfacet
  facet normal 0 0 1
    outer loop
      vertex -50.8916 -21.1423 2.4
      vertex -53.375 -17.2715 2.4
      vertex -51.7099 -21.8534 2.4
    endloop
  endfacet
  facet normal 0 0 1
    outer loop
      vertex -51.7099 -21.8534 2.4
      vertex -53.375 -17.2715 2.4
      vertex -52.575 -22.3548 2.4
    endloop
  endfacet
  facet normal 0 0 1
    outer loop
      vertex -53.375 -17.2715 2.4
      vertex -53.6329 -22.706 2.4
      vertex -52.575 -22.3548 2.4
    endloop
  endfacet
  facet normal 0 0 1
    outer loop
      vertex -53.375 -17.2715 2.4
      vertex -54.7305 -22.8327 2.4
      vertex -53.6329 -22.706 2.4
    endloop
  endfacet
  facet normal 0 0 1
    outer loop
      vertex -55.1287 -17.0512 2.4
      vertex -54.7305 -22.8327 2.4
      vertex -53.375 -17.2715 2.4
    endloop
  endfacet
  facet normal 0 0 1
    outer loop
      vertex -56.12 -22.731 2.4
      vertex -55.1287 -17.0512 2.4
      vertex -55.5733 -16.9808 2.4
    endloop
  endfacet
  facet normal 0 0 1
    outer loop
      vertex -55.1287 -17.0512 2.4
      vertex -56.12 -22.731 2.4
      vertex -54.7305 -22.8327 2.4
    endloop
  endfacet
  facet normal 0 0 1
    outer loop
      vertex -55.5733 -16.9808 2.4
      vertex -56.2896 -22.7579 2.4
      vertex -56.12 -22.731 2.4
    endloop
  endfacet
  facet normal 0 0 1
    outer loop
      vertex -57.3229 -16.4812 2.4
      vertex -56.2896 -22.7579 2.4
      vertex -55.5733 -16.9808 2.4
    endloop
  endfacet
  facet normal 0 0 1
    outer loop
      vertex -56.2896 -22.7579 2.4
      vertex -57.3229 -16.4812 2.4
      vertex -56.4427 -22.8358 2.4
    endloop
  endfacet
  facet normal -0 0 1
    outer loop
      vertex -61.8187 -20.0861 2.4
      vertex -56.4427 -22.8358 2.4
      vertex -57.3229 -16.4812 2.4
    endloop
  endfacet
  facet normal 0 0 1
    outer loop
      vertex -53.4089 -24.4898 2.4
      vertex -57.2387 -30.8015 2.4
      vertex -56.8713 -31.449 2.4
    endloop
  endfacet
  facet normal 0 -0 1
    outer loop
      vertex -60.8553 -22.8394 2.4
      vertex -56.4427 -22.8358 2.4
      vertex -61.8187 -20.0861 2.4
    endloop
  endfacet
  facet normal 0 0 1
    outer loop
      vertex -56.4427 -22.8358 2.4
      vertex -60.8553 -22.8394 2.4
      vertex -56.5641 -22.9573 2.4
    endloop
  endfacet
  facet normal 0 0 1
    outer loop
      vertex -56.5641 -22.9573 2.4
      vertex -60.8553 -22.8394 2.4
      vertex -56.6421 -23.1103 2.4
    endloop
  endfacet
  facet normal 0 0 1
    outer loop
      vertex -56.6421 -23.4496 2.4
      vertex -58.563 -28.2024 2.4
      vertex -57.2387 -30.8015 2.4
    endloop
  endfacet
  facet normal 0 0 1
    outer loop
      vertex -61.8187 -20.0861 2.4
      vertex -57.3229 -16.4812 2.4
      vertex -59.1233 -15.6935 2.4
    endloop
  endfacet
  facet normal 0 0 1
    outer loop
      vertex -61.8187 -20.0861 2.4
      vertex -59.1233 -15.6935 2.4
      vertex -59.4252 -15.5397 2.4
    endloop
  endfacet
  facet normal 0 0 1
    outer loop
      vertex -56.6421 -23.4496 2.4
      vertex -59.7693 -25.5466 2.4
      vertex -58.563 -28.2024 2.4
    endloop
  endfacet
  facet normal 0 0 1
    outer loop
      vertex -56.669 -23.28 2.4
      vertex -60.8553 -22.8394 2.4
      vertex -59.7693 -25.5466 2.4
    endloop
  endfacet
  facet normal 0 0 1
    outer loop
      vertex -61.8187 -20.0861 2.4
      vertex -59.4252 -15.5397 2.4
      vertex -61.2268 -14.4892 2.4
    endloop
  endfacet
  facet normal 0 0 1
    outer loop
      vertex -61.8187 -20.0861 2.4
      vertex -61.2268 -14.4892 2.4
      vertex -61.3025 -14.4346 2.4
    endloop
  endfacet
  facet normal 0 0 1
    outer loop
      vertex -61.8187 -20.0861 2.4
      vertex -61.3025 -14.4346 2.4
      vertex -61.6233 -13.0984 2.4
    endloop
  endfacet
  facet normal 0 0 1
    outer loop
      vertex -61.8187 -20.0861 2.4
      vertex -61.6233 -13.0984 2.4
      vertex -61.7906 -12.1958 2.4
    endloop
  endfacet
  facet normal 0 0 1
    outer loop
      vertex -56.6421 -23.1103 2.4
      vertex -60.8553 -22.8394 2.4
      vertex -56.669 -23.28 2.4
    endloop
  endfacet
  facet normal 0 0 1
    outer loop
      vertex -53.6028 27.4644 2.4
      vertex -58.563 28.2024 2.4
      vertex -59.7693 25.5466 2.4
    endloop
  endfacet
  facet normal 0 0 1
    outer loop
      vertex -53.0077 23.6985 2.4
      vertex -59.7693 25.5466 2.4
      vertex -60.8553 22.8394 2.4
    endloop
  endfacet
  facet normal 0 0 1
    outer loop
      vertex -52.4875 20.6292 2.4
      vertex -60.8553 22.8394 2.4
      vertex -61.8187 20.0861 2.4
    endloop
  endfacet
  facet normal 0 0 1
    outer loop
      vertex -51.3039 14.2619 2.4
      vertex -62.6576 17.2924 2.4
      vertex -63.3703 14.4639 2.4
    endloop
  endfacet
  facet normal 0 0 1
    outer loop
      vertex -51.3039 14.2619 2.4
      vertex -63.3703 14.4639 2.4
      vertex -63.9554 11.6062 2.4
    endloop
  endfacet
  facet normal 0 0 1
    outer loop
      vertex -50.6407 10.9639 2.4
      vertex -63.9554 11.6062 2.4
      vertex -64.4117 8.72516 2.4
    endloop
  endfacet
  facet normal 0 0 1
    outer loop
      vertex -49.3221 2.50964 2.4
      vertex -64.9345 2.9162 2.4
      vertex -49.349 2.34 2.4
    endloop
  endfacet
  facet normal 0 0 1
    outer loop
      vertex -49.349 2.34 2.4
      vertex -52.8826 -8.79126 2.4
      vertex -51.3755 -8.97212 2.4
    endloop
  endfacet
  facet normal 0 0 1
    outer loop
      vertex -49.349 2.34 2.4
      vertex -54.7055 -8.32262 2.4
      vertex -52.8826 -8.79126 2.4
    endloop
  endfacet
  facet normal 0 0 1
    outer loop
      vertex -49.349 2.34 2.4
      vertex -56.6627 -7.55775 2.4
      vertex -54.7055 -8.32262 2.4
    endloop
  endfacet
  facet normal 0 0 1
    outer loop
      vertex -49.349 2.34 2.4
      vertex -58.3612 -6.67122 2.4
      vertex -56.6627 -7.55775 2.4
    endloop
  endfacet
  facet normal 0 0 1
    outer loop
      vertex -42.6 77.4 2.4
      vertex -57.4 77.8 2.4
      vertex -57.4 77.4 2.4
    endloop
  endfacet
  facet normal 0 0 1
    outer loop
      vertex 9.02588 -2.49561 2.4
      vertex 13.0152 2.12726 2.4
      vertex 12.9666 4.20013 2.4
    endloop
  endfacet
  facet normal 0 0 1
    outer loop
      vertex 1.79597 8.55174 2.4
      vertex 12.9666 4.20013 2.4
      vertex 12.8 5.97273 2.4
    endloop
  endfacet
  facet normal 0 0 1
    outer loop
      vertex 13.0152 2.12726 2.4
      vertex 9.02588 -2.49561 2.4
      vertex 9.51598 -2.41798 2.4
    endloop
  endfacet
  facet normal 0 0 1
    outer loop
      vertex 1.79597 8.55174 2.4
      vertex 12.8 5.97273 2.4
      vertex 12.5816 7.2041 2.4
    endloop
  endfacet
  facet normal 0 0 1
    outer loop
      vertex 12.9411 0.143982 2.4
      vertex 9.51598 -2.41798 2.4
      vertex 12.6832 -0.838837 2.4
    endloop
  endfacet
  facet normal 0 0 1
    outer loop
      vertex 2.59622 9.77597 2.4
      vertex 12.5816 7.2041 2.4
      vertex 12.1436 8.77612 2.4
    endloop
  endfacet
  facet normal 0 -0 1
    outer loop
      vertex 10.0061 -2.49561 2.4
      vertex 12.6832 -0.838837 2.4
      vertex 9.51598 -2.41798 2.4
    endloop
  endfacet
  facet normal 0 0 1
    outer loop
      vertex 12.6832 -0.838837 2.4
      vertex 10.0061 -2.49561 2.4
      vertex 12.3534 -1.66695 2.4
    endloop
  endfacet
  facet normal -0 0 1
    outer loop
      vertex 2.59622 9.77597 2.4
      vertex 12.1436 8.77612 2.4
      vertex 11.6571 9.98666 2.4
    endloop
  endfacet
  facet normal 0 0 1
    outer loop
      vertex 12.3534 -1.66695 2.4
      vertex 10.7303 -2.70502 2.4
      vertex 12.0028 -2.24538 2.4
    endloop
  endfacet
  facet normal 0 0 1
    outer loop
      vertex 2.59622 9.77597 2.4
      vertex 11.6571 9.98666 2.4
      vertex 11.2362 10.7428 2.4
    endloop
  endfacet
  facet normal 0 -0 1
    outer loop
      vertex 11.1837 -2.73143 2.4
      vertex 12.0028 -2.24538 2.4
      vertex 10.7303 -2.70502 2.4
    endloop
  endfacet
  facet normal 0 0 1
    outer loop
      vertex 12.0028 -2.24538 2.4
      vertex 11.1837 -2.73143 2.4
      vertex 11.752 -2.50528 2.4
    endloop
  endfacet
  facet normal 0 0 1
    outer loop
      vertex 2.59622 9.77597 2.4
      vertex 11.2362 10.7428 2.4
      vertex 10.471 11.7508 2.4
    endloop
  endfacet
  facet normal 0 0 1
    outer loop
      vertex 2.59622 9.77597 2.4
      vertex 10.471 11.7508 2.4
      vertex 10.0932 12.1174 2.4
    endloop
  endfacet
  facet normal 0 0 1
    outer loop
      vertex 11.752 -2.50528 2.4
      vertex 11.1837 -2.73143 2.4
      vertex 11.4735 -2.66644 2.4
    endloop
  endfacet
  facet normal 0 -0 1
    outer loop
      vertex 10.7303 -2.70502 2.4
      vertex 12.3534 -1.66695 2.4
      vertex 10.0061 -2.49561 2.4
    endloop
  endfacet
  facet normal 0 0 1
    outer loop
      vertex 3.1823 11.1025 2.4
      vertex 10.0932 12.1174 2.4
      vertex 9.10425 12.8118 2.4
    endloop
  endfacet
  facet normal 0 0 1
    outer loop
      vertex 12.5816 7.2041 2.4
      vertex 2.59622 9.77597 2.4
      vertex 1.79597 8.55174 2.4
    endloop
  endfacet
  facet normal 0 0 1
    outer loop
      vertex 3.1823 11.1025 2.4
      vertex 9.10425 12.8118 2.4
      vertex 8.70641 13.008 2.4
    endloop
  endfacet
  facet normal 0 0 1
    outer loop
      vertex 12.9666 4.20013 2.4
      vertex 1.79597 8.55174 2.4
      vertex 9.02588 -2.49561 2.4
    endloop
  endfacet
  facet normal 0 0 1
    outer loop
      vertex 13.0152 2.12726 2.4
      vertex 9.51598 -2.41798 2.4
      vertex 12.9411 0.143982 2.4
    endloop
  endfacet
  facet normal -0 0 1
    outer loop
      vertex 0.801346 7.45995 2.4
      vertex 9.02588 -2.49561 2.4
      vertex 1.79597 8.55174 2.4
    endloop
  endfacet
  facet normal 0 0 1
    outer loop
      vertex 9.02588 -2.49561 2.4
      vertex 0.801346 7.45995 2.4
      vertex 8.58376 -2.72089 2.4
    endloop
  endfacet
  facet normal 0 0 1
    outer loop
      vertex 3.1823 11.1025 2.4
      vertex 8.70641 13.008 2.4
      vertex 7.42422 13.421 2.4
    endloop
  endfacet
  facet normal 0 0 1
    outer loop
      vertex 23.6943 12.836 2.4
      vertex 16.8661 7.88269 2.4
      vertex 16.9343 6.11859 2.4
    endloop
  endfacet
  facet normal 0 0 1
    outer loop
      vertex 17.3155 16.6696 2.4
      vertex 16.6662 9.49242 2.4
      vertex 16.8661 7.88269 2.4
    endloop
  endfacet
  facet normal 0 0 1
    outer loop
      vertex 17.3155 16.6696 2.4
      vertex 16.5527 10.2087 2.4
      vertex 16.6662 9.49242 2.4
    endloop
  endfacet
  facet normal 0 0 1
    outer loop
      vertex 14.0126 16.0368 2.4
      vertex 17.1176 17.0579 2.4
      vertex 16.3343 18.9927 2.4
    endloop
  endfacet
  facet normal 0 0 1
    outer loop
      vertex 17.3155 16.6696 2.4
      vertex 16.215 11.7018 2.4
      vertex 16.5527 10.2087 2.4
    endloop
  endfacet
  facet normal 0 0 1
    outer loop
      vertex 12.4826 17.5941 2.4
      vertex 16.3343 18.9927 2.4
      vertex 15.8357 21.1309 2.4
    endloop
  endfacet
  facet normal 0 0 1
    outer loop
      vertex 11.4417 18.3762 2.4
      vertex 15.8357 21.1309 2.4
      vertex 15.7685 21.555 2.4
    endloop
  endfacet
  facet normal 0 0 1
    outer loop
      vertex 17.3155 16.6696 2.4
      vertex 15.7455 13.0404 2.4
      vertex 16.215 11.7018 2.4
    endloop
  endfacet
  facet normal 0 0 1
    outer loop
      vertex 10.2689 19.004 2.4
      vertex 15.7685 21.555 2.4
      vertex 15.555 23.8933 2.4
    endloop
  endfacet
  facet normal 0 0 1
    outer loop
      vertex 17.3155 16.6696 2.4
      vertex 15.1442 14.2247 2.4
      vertex 15.7455 13.0404 2.4
    endloop
  endfacet
  facet normal 0 0 1
    outer loop
      vertex 19.032 36.8951 2.4
      vertex 22.8394 60.8553 2.4
      vertex 20.0861 61.8187 2.4
    endloop
  endfacet
  facet normal 0 0 1
    outer loop
      vertex 22.8394 60.8553 2.4
      vertex 19.032 36.8951 2.4
      vertex 22.448 37.1259 2.4
    endloop
  endfacet
  facet normal -0 0 1
    outer loop
      vertex 18.666 29.18 2.4
      vertex 19.032 21.86 2.4
      vertex 19.032 36.8951 2.4
    endloop
  endfacet
  facet normal -0 0 1
    outer loop
      vertex 18.3305 26.435 2.4
      vertex 19.032 21.86 2.4
      vertex 18.666 29.18 2.4
    endloop
  endfacet
  facet normal -0 0 1
    outer loop
      vertex 18.2796 23.8933 2.4
      vertex 19.032 21.86 2.4
      vertex 18.3305 26.435 2.4
    endloop
  endfacet
  facet normal 0 0 1
    outer loop
      vertex 12.2805 36.7536 2.4
      vertex 19.032 36.8951 2.4
      vertex 20.0861 61.8187 2.4
    endloop
  endfacet
  facet normal 0 0 1
    outer loop
      vertex 19.032 36.8951 2.4
      vertex 18.6003 29.5947 2.4
      vertex 18.666 29.18 2.4
    endloop
  endfacet
  facet normal 0 0 1
    outer loop
      vertex 19.032 36.8951 2.4
      vertex 18.4097 29.9688 2.4
      vertex 18.6003 29.5947 2.4
    endloop
  endfacet
  facet normal 0 0 1
    outer loop
      vertex 19.032 36.8951 2.4
      vertex 18.1128 30.2657 2.4
      vertex 18.4097 29.9688 2.4
    endloop
  endfacet
  facet normal 0 -0 1
    outer loop
      vertex 13.9142 31.9241 2.4
      vertex 19.032 36.8951 2.4
      vertex 12.2805 36.7536 2.4
    endloop
  endfacet
  facet normal 0 0 1
    outer loop
      vertex 19.032 36.8951 2.4
      vertex 17.7387 30.4563 2.4
      vertex 18.1128 30.2657 2.4
    endloop
  endfacet
  facet normal 0 0 1
    outer loop
      vertex 12.2805 36.7536 2.4
      vertex 20.0861 61.8187 2.4
      vertex 17.2924 62.6576 2.4
    endloop
  endfacet
  facet normal 0 0 1
    outer loop
      vertex 19.032 36.8951 2.4
      vertex 17.324 30.522 2.4
      vertex 17.7387 30.4563 2.4
    endloop
  endfacet
  facet normal 0 0 1
    outer loop
      vertex 19.032 36.8951 2.4
      vertex 13.9142 31.9241 2.4
      vertex 17.324 30.522 2.4
    endloop
  endfacet
  facet normal 0 0 1
    outer loop
      vertex 17.324 30.522 2.4
      vertex 13.9142 31.9241 2.4
      vertex 16.9093 30.4563 2.4
    endloop
  endfacet
  facet normal 0 0 1
    outer loop
      vertex 16.9093 30.4563 2.4
      vertex 13.9142 31.9241 2.4
      vertex 16.5352 30.2657 2.4
    endloop
  endfacet
  facet normal 0 0 1
    outer loop
      vertex 16.5352 30.2657 2.4
      vertex 13.9142 31.9241 2.4
      vertex 16.2383 29.9688 2.4
    endloop
  endfacet
  facet normal 0 0 1
    outer loop
      vertex 16.2383 29.9688 2.4
      vertex 13.9142 31.9241 2.4
      vertex 16.0477 29.5947 2.4
    endloop
  endfacet
  facet normal 0 0 1
    outer loop
      vertex 6.38805 22.9885 2.4
      vertex 15.555 23.8933 2.4
      vertex 15.6261 26.435 2.4
    endloop
  endfacet
  facet normal 0 0 1
    outer loop
      vertex 17.3155 16.6696 2.4
      vertex 14.763 14.9729 2.4
      vertex 15.1442 14.2247 2.4
    endloop
  endfacet
  facet normal -0 0 1
    outer loop
      vertex 10.492 31.01 2.4
      vertex 15.982 29.18 2.4
      vertex 13.9142 31.9241 2.4
    endloop
  endfacet
  facet normal 0 0 1
    outer loop
      vertex 12.2805 36.7536 2.4
      vertex 17.2924 62.6576 2.4
      vertex 14.4639 63.3703 2.4
    endloop
  endfacet
  facet normal 0 0 1
    outer loop
      vertex 15.982 29.18 2.4
      vertex 10.492 31.01 2.4
      vertex 15.6261 26.435 2.4
    endloop
  endfacet
  facet normal 0 0 1
    outer loop
      vertex 17.1176 17.0579 2.4
      vertex 14.0126 16.0368 2.4
      vertex 14.763 14.9729 2.4
    endloop
  endfacet
  facet normal 0 0 1
    outer loop
      vertex 16.0477 29.5947 2.4
      vertex 13.9142 31.9241 2.4
      vertex 15.982 29.18 2.4
    endloop
  endfacet
  facet normal 0 0 1
    outer loop
      vertex 14.4639 63.3703 2.4
      vertex 12.2 36.7523 2.4
      vertex 12.2805 36.7536 2.4
    endloop
  endfacet
  facet normal 0 0 1
    outer loop
      vertex 8.5833 36.8945 2.4
      vertex 14.4639 63.3703 2.4
      vertex 11.6062 63.9554 2.4
    endloop
  endfacet
  facet normal 0 0 1
    outer loop
      vertex 8.5833 36.8945 2.4
      vertex 11.6062 63.9554 2.4
      vertex 8.72516 64.4117 2.4
    endloop
  endfacet
  facet normal 0 0 1
    outer loop
      vertex 14.4639 63.3703 2.4
      vertex 8.5833 36.8945 2.4
      vertex 12.2 36.7523 2.4
    endloop
  endfacet
  facet normal 0 0 1
    outer loop
      vertex 5.82655 64.7383 2.4
      vertex 8.5833 36.8945 2.4
      vertex 8.72516 64.4117 2.4
    endloop
  endfacet
  facet normal -0 0 1
    outer loop
      vertex 6.49165 22.2016 2.4
      vertex 8.04607 19.9452 2.4
      vertex 6.52698 22.47 2.4
    endloop
  endfacet
  facet normal 0 -0 1
    outer loop
      vertex 1.71422 31.9241 2.4
      vertex 8.5833 36.8945 2.4
      vertex -0.189514 37.5518 2.4
    endloop
  endfacet
  facet normal 0 0 1
    outer loop
      vertex 15.555 23.8933 2.4
      vertex 6.49165 22.7384 2.4
      vertex 6.52698 22.47 2.4
    endloop
  endfacet
  facet normal 0 0 1
    outer loop
      vertex 15.555 23.8933 2.4
      vertex 6.38805 22.9885 2.4
      vertex 6.49165 22.7384 2.4
    endloop
  endfacet
  facet normal 0 -0 1
    outer loop
      vertex 5.22159 23.4716 2.4
      vertex 7.04118 31.8096 2.4
      vertex 1.71422 31.9241 2.4
    endloop
  endfacet
  facet normal 0 0 1
    outer loop
      vertex 10.492 31.01 2.4
      vertex 6.22325 23.2032 2.4
      vertex 6.38805 22.9885 2.4
    endloop
  endfacet
  facet normal 0 0 1
    outer loop
      vertex 8.5833 36.8945 2.4
      vertex 5.82655 64.7383 2.4
      vertex -0.189514 37.5518 2.4
    endloop
  endfacet
  facet normal 0 0 1
    outer loop
      vertex 10.492 31.01 2.4
      vertex 6.00848 23.3681 2.4
      vertex 6.22325 23.2032 2.4
    endloop
  endfacet
  facet normal 0 0 1
    outer loop
      vertex 7.04118 31.8096 2.4
      vertex 5.75838 23.4716 2.4
      vertex 6.00848 23.3681 2.4
    endloop
  endfacet
  facet normal 0 0 1
    outer loop
      vertex 7.04118 31.8096 2.4
      vertex 5.48999 23.507 2.4
      vertex 5.75838 23.4716 2.4
    endloop
  endfacet
  facet normal 0 0 1
    outer loop
      vertex 7.04118 31.8096 2.4
      vertex 5.22159 23.4716 2.4
      vertex 5.48999 23.507 2.4
    endloop
  endfacet
  facet normal 0 0 1
    outer loop
      vertex -0.189514 37.5518 2.4
      vertex 5.82655 64.7383 2.4
      vertex 2.9162 64.9345 2.4
    endloop
  endfacet
  facet normal 0 0 1
    outer loop
      vertex 5.22159 23.4716 2.4
      vertex 1.71422 31.9241 2.4
      vertex 4.97148 23.3681 2.4
    endloop
  endfacet
  facet normal -0 0 1
    outer loop
      vertex -1.70801 31.01 2.4
      vertex 4.97148 23.3681 2.4
      vertex 1.71422 31.9241 2.4
    endloop
  endfacet
  facet normal 0 0 1
    outer loop
      vertex 4.97148 23.3681 2.4
      vertex -0.363205 21.3325 2.4
      vertex 1.30629 20.6192 2.4
    endloop
  endfacet
  facet normal 0 0 1
    outer loop
      vertex 1.30629 20.6192 2.4
      vertex -0.363205 21.3325 2.4
      vertex 0.584854 20.5733 2.4
    endloop
  endfacet
  facet normal 0 0 1
    outer loop
      vertex -1.70801 31.01 2.4
      vertex 1.71422 31.9241 2.4
      vertex -1.00932 35.272 2.4
    endloop
  endfacet
  facet normal 0 0 1
    outer loop
      vertex 4.97148 23.3681 2.4
      vertex -1.70801 31.01 2.4
      vertex -1.66904 22.0827 2.4
    endloop
  endfacet
  facet normal 0 0 1
    outer loop
      vertex 4.97148 23.3681 2.4
      vertex -1.66904 22.0827 2.4
      vertex -0.363205 21.3325 2.4
    endloop
  endfacet
  facet normal -0 0 1
    outer loop
      vertex -5.1588 31.8096 2.4
      vertex -1.70801 31.01 2.4
      vertex -2.54105 35.2446 2.4
    endloop
  endfacet
  facet normal 0 -0 1
    outer loop
      vertex -4.57318 22.9673 2.4
      vertex -1.70801 31.01 2.4
      vertex -5.1588 31.8096 2.4
    endloop
  endfacet
  facet normal 0 0 1
    outer loop
      vertex -1.70801 31.01 2.4
      vertex -3.08398 22.6322 2.4
      vertex -1.66904 22.0827 2.4
    endloop
  endfacet
  facet normal 0 0 1
    outer loop
      vertex -1.70801 31.01 2.4
      vertex -4.57318 22.9673 2.4
      vertex -3.08398 22.6322 2.4
    endloop
  endfacet
  facet normal 0 0 1
    outer loop
      vertex -3.30116 37.935 2.4
      vertex -5.85597 38.2496 2.4
      vertex -5.1588 31.8096 2.4
    endloop
  endfacet
  facet normal 0 0 1
    outer loop
      vertex -5.85597 23.062 2.4
      vertex -5.1588 31.8096 2.4
      vertex -5.85597 38.2496 2.4
    endloop
  endfacet
  facet normal 0 0 1
    outer loop
      vertex -5.1588 31.8096 2.4
      vertex -5.85597 23.062 2.4
      vertex -4.57318 22.9673 2.4
    endloop
  endfacet
  facet normal 0 0 1
    outer loop
      vertex 22.448 37.1259 2.4
      vertex 28.2024 58.563 2.4
      vertex 25.5466 59.7693 2.4
    endloop
  endfacet
  facet normal 0 0 1
    outer loop
      vertex 28.2024 58.563 2.4
      vertex 24.644 37.2845 2.4
      vertex 28.06 37.6587 2.4
    endloop
  endfacet
  facet normal -0 0 1
    outer loop
      vertex 22.448 37.1259 2.4
      vertex 24.644 24.6129 2.4
      vertex 24.644 37.2845 2.4
    endloop
  endfacet
  facet normal 0 0 1
    outer loop
      vertex 24.644 24.6129 2.4
      vertex 22.448 37.1259 2.4
      vertex 24.3822 24.5271 2.4
    endloop
  endfacet
  facet normal 0 0 1
    outer loop
      vertex 28.2024 58.563 2.4
      vertex 22.448 37.1259 2.4
      vertex 24.644 37.2845 2.4
    endloop
  endfacet
  facet normal 0 0 1
    outer loop
      vertex 22.448 37.1259 2.4
      vertex 25.5466 59.7693 2.4
      vertex 22.8394 60.8553 2.4
    endloop
  endfacet
  facet normal 0 0 1
    outer loop
      vertex 24.3822 24.5271 2.4
      vertex 22.448 37.1259 2.4
      vertex 22.9232 23.8635 2.4
    endloop
  endfacet
  facet normal 0 0 1
    outer loop
      vertex 22.9232 23.8635 2.4
      vertex 22.448 37.1259 2.4
      vertex 22.448 23.5727 2.4
    endloop
  endfacet
  facet normal 0 0 1
    outer loop
      vertex 31.964 38.1234 2.4
      vertex 35.8083 54.2473 2.4
      vertex 33.3384 55.7992 2.4
    endloop
  endfacet
  facet normal 0 0 1
    outer loop
      vertex 35.8083 54.2473 2.4
      vertex 31.964 38.1234 2.4
      vertex 35.38 38.5841 2.4
    endloop
  endfacet
  facet normal 0 0 1
    outer loop
      vertex 31.964 38.1234 2.4
      vertex 31.1708 25.6639 2.4
      vertex 31.964 25.6041 2.4
    endloop
  endfacet
  facet normal 0 0 1
    outer loop
      vertex 28.06 37.6587 2.4
      vertex 33.3384 55.7992 2.4
      vertex 30.8015 57.2387 2.4
    endloop
  endfacet
  facet normal 0 0 1
    outer loop
      vertex 33.3384 55.7992 2.4
      vertex 28.06 37.6587 2.4
      vertex 31.964 38.1234 2.4
    endloop
  endfacet
  facet normal 0 0 1
    outer loop
      vertex 31.964 38.1234 2.4
      vertex 28.06 37.6587 2.4
      vertex 31.1708 25.6639 2.4
    endloop
  endfacet
  facet normal 0 0 1
    outer loop
      vertex 28.06 37.6587 2.4
      vertex 30.8015 57.2387 2.4
      vertex 28.2024 58.563 2.4
    endloop
  endfacet
  facet normal 0 0 1
    outer loop
      vertex 31.1708 25.6639 2.4
      vertex 28.06 37.6587 2.4
      vertex 29.4134 25.6253 2.4
    endloop
  endfacet
  facet normal 0 0 1
    outer loop
      vertex 29.4134 25.6253 2.4
      vertex 28.06 37.6587 2.4
      vertex 28.06 25.4653 2.4
    endloop
  endfacet
  facet normal -0 0 1
    outer loop
      vertex 19.032 21.86 2.4
      vertex 19.6973 21.2065 2.4
      vertex 20.2693 21.86 2.4
    endloop
  endfacet
  facet normal 0 0 1
    outer loop
      vertex 19.032 21.86 2.4
      vertex 19.0941 20.1714 2.4
      vertex 19.6973 21.2065 2.4
    endloop
  endfacet
  facet normal 0 0 1
    outer loop
      vertex 19.0941 20.1714 2.4
      vertex 19.032 21.86 2.4
      vertex 18.9799 19.8098 2.4
    endloop
  endfacet
  facet normal 0 -0 1
    outer loop
      vertex 18.4884 21.806 2.4
      vertex 19.032 21.86 2.4
      vertex 18.2796 23.8933 2.4
    endloop
  endfacet
  facet normal 0 -0 1
    outer loop
      vertex 18.9643 19.8472 2.4
      vertex 19.032 21.86 2.4
      vertex 18.4884 21.806 2.4
    endloop
  endfacet
  facet normal 0 0 1
    outer loop
      vertex 19.032 21.86 2.4
      vertex 18.9643 19.8472 2.4
      vertex 18.9799 19.8098 2.4
    endloop
  endfacet
  facet normal 0 0 1
    outer loop
      vertex 16.3343 18.9927 2.4
      vertex 13.1304 16.9463 2.4
      vertex 14.0126 16.0368 2.4
    endloop
  endfacet
  facet normal 0 0 1
    outer loop
      vertex 16.3343 18.9927 2.4
      vertex 12.4826 17.5941 2.4
      vertex 13.1304 16.9463 2.4
    endloop
  endfacet
  facet normal 0 0 1
    outer loop
      vertex 15.8357 21.1309 2.4
      vertex 11.4417 18.3762 2.4
      vertex 12.4826 17.5941 2.4
    endloop
  endfacet
  facet normal 0 0 1
    outer loop
      vertex 10.492 31.01 2.4
      vertex 13.9142 31.9241 2.4
      vertex 11.1907 35.272 2.4
    endloop
  endfacet
  facet normal 0 0 1
    outer loop
      vertex 6.38805 22.9885 2.4
      vertex 15.6261 26.435 2.4
      vertex 10.492 31.01 2.4
    endloop
  endfacet
  facet normal 0 0 1
    outer loop
      vertex 15.7685 21.555 2.4
      vertex 10.2689 19.004 2.4
      vertex 11.4417 18.3762 2.4
    endloop
  endfacet
  facet normal -0 0 1
    outer loop
      vertex 7.04118 31.8096 2.4
      vertex 10.492 31.01 2.4
      vertex 9.65895 35.2446 2.4
    endloop
  endfacet
  facet normal 0 0 1
    outer loop
      vertex 6.00848 23.3681 2.4
      vertex 10.492 31.01 2.4
      vertex 7.04118 31.8096 2.4
    endloop
  endfacet
  facet normal 0 0 1
    outer loop
      vertex 15.555 23.8933 2.4
      vertex 9.38463 19.4545 2.4
      vertex 10.2689 19.004 2.4
    endloop
  endfacet
  facet normal 0 0 1
    outer loop
      vertex 15.555 23.8933 2.4
      vertex 6.52698 22.47 2.4
      vertex 9.38463 19.4545 2.4
    endloop
  endfacet
  facet normal 0 0 1
    outer loop
      vertex 9.38463 19.4545 2.4
      vertex 6.52698 22.47 2.4
      vertex 8.04607 19.9452 2.4
    endloop
  endfacet
  facet normal -0 0 1
    outer loop
      vertex -17.2924 62.6576 2.4
      vertex -14.884 39.4933 2.4
      vertex -14.4639 63.3703 2.4
    endloop
  endfacet
  facet normal 0 0 1
    outer loop
      vertex -17.2924 62.6576 2.4
      vertex -18.3 39.954 2.4
      vertex -14.884 39.4933 2.4
    endloop
  endfacet
  facet normal -0 0 1
    outer loop
      vertex -20.0861 61.8187 2.4
      vertex -18.3 39.954 2.4
      vertex -17.2924 62.6576 2.4
    endloop
  endfacet
  facet normal -0 0 1
    outer loop
      vertex -22.8394 60.8553 2.4
      vertex -18.3 39.954 2.4
      vertex -20.0861 61.8187 2.4
    endloop
  endfacet
  facet normal 0 0 1
    outer loop
      vertex -20.496 40.1945 2.4
      vertex -21.6327 33.2923 2.4
      vertex -20.496 33.0947 2.4
    endloop
  endfacet
  facet normal 0 0 1
    outer loop
      vertex -18.3 39.954 2.4
      vertex -22.8394 60.8553 2.4
      vertex -20.496 40.1945 2.4
    endloop
  endfacet
  facet normal -0 0 1
    outer loop
      vertex -25.5466 59.7693 2.4
      vertex -20.496 40.1945 2.4
      vertex -22.8394 60.8553 2.4
    endloop
  endfacet
  facet normal 0 -0 1
    outer loop
      vertex -24.4 33.45 2.4
      vertex -20.496 40.1945 2.4
      vertex -25.986 40.7294 2.4
    endloop
  endfacet
  facet normal 0 0 1
    outer loop
      vertex -20.496 40.1945 2.4
      vertex -25.5466 59.7693 2.4
      vertex -25.986 40.7294 2.4
    endloop
  endfacet
  facet normal 0 0 1
    outer loop
      vertex -20.496 40.1945 2.4
      vertex -24.4 33.45 2.4
      vertex -21.6327 33.2923 2.4
    endloop
  endfacet
  facet normal 0 0 1
    outer loop
      vertex -24.4 33.45 2.4
      vertex -25.986 40.7294 2.4
      vertex -25.986 33.3596 2.4
    endloop
  endfacet
  facet normal 0 0 1
    outer loop
      vertex -5.82655 64.7383 2.4
      vertex -6.09999 38.2796 2.4
      vertex -5.85597 38.2496 2.4
    endloop
  endfacet
  facet normal -0 0 1
    outer loop
      vertex -8.72516 64.4117 2.4
      vertex -6.09999 38.2796 2.4
      vertex -5.82655 64.7383 2.4
    endloop
  endfacet
  facet normal 0 0 1
    outer loop
      vertex -8.72516 64.4117 2.4
      vertex -11.468 39.0292 2.4
      vertex -6.09999 38.2796 2.4
    endloop
  endfacet
  facet normal -0 0 1
    outer loop
      vertex -11.6062 63.9554 2.4
      vertex -11.468 39.0292 2.4
      vertex -8.72516 64.4117 2.4
    endloop
  endfacet
  facet normal -0 0 1
    outer loop
      vertex -14.4639 63.3703 2.4
      vertex -11.468 39.0292 2.4
      vertex -11.6062 63.9554 2.4
    endloop
  endfacet
  facet normal 0 0 1
    outer loop
      vertex -14.884 31.3949 2.4
      vertex -11.468 39.0292 2.4
      vertex -14.884 39.4933 2.4
    endloop
  endfacet
  facet normal 0 0 1
    outer loop
      vertex -11.468 39.0292 2.4
      vertex -11.8913 29.698 2.4
      vertex -11.468 29.3391 2.4
    endloop
  endfacet
  facet normal 0 0 1
    outer loop
      vertex -11.468 39.0292 2.4
      vertex -14.4639 63.3703 2.4
      vertex -14.884 39.4933 2.4
    endloop
  endfacet
  facet normal 0 0 1
    outer loop
      vertex -11.468 39.0292 2.4
      vertex -14.0021 31.0035 2.4
      vertex -11.8913 29.698 2.4
    endloop
  endfacet
  facet normal 0 0 1
    outer loop
      vertex -11.468 39.0292 2.4
      vertex -14.884 31.3949 2.4
      vertex -14.0021 31.0035 2.4
    endloop
  endfacet
  facet normal 0 0 1
    outer loop
      vertex 8.23289 -4.9362 2.4
      vertex -4.49513 -42.9727 2.4
      vertex -4.39198 -44.02 2.4
    endloop
  endfacet
  facet normal -0 0 1
    outer loop
      vertex -9.26561 2.69209 2.4
      vertex 8.0076 -4.49408 2.4
      vertex -8.35681 3.18086 2.4
    endloop
  endfacet
  facet normal 0 0 1
    outer loop
      vertex 8.23289 -4.9362 2.4
      vertex -4.8006 -41.9657 2.4
      vertex -4.49513 -42.9727 2.4
    endloop
  endfacet
  facet normal 0 0 1
    outer loop
      vertex 8.23289 -4.9362 2.4
      vertex -5.29665 -41.0377 2.4
      vertex -4.8006 -41.9657 2.4
    endloop
  endfacet
  facet normal 0 0 1
    outer loop
      vertex 8.23289 -4.9362 2.4
      vertex -5.96423 -40.2242 2.4
      vertex -5.29665 -41.0377 2.4
    endloop
  endfacet
  facet normal 0 0 1
    outer loop
      vertex -7.52762 3.88925 2.4
      vertex -4.57318 4.89265 2.4
      vertex -6.09999 4.78 2.4
    endloop
  endfacet
  facet normal 0 0 1
    outer loop
      vertex 8.23289 -4.9362 2.4
      vertex -6.77768 -39.5567 2.4
      vertex -5.96423 -40.2242 2.4
    endloop
  endfacet
  facet normal -0 0 1
    outer loop
      vertex -6.79846 4.7998 2.4
      vertex -6.09999 4.78 2.4
      vertex -6.78137 4.83028 2.4
    endloop
  endfacet
  facet normal 0 0 1
    outer loop
      vertex -7.52762 3.88925 2.4
      vertex -6.09999 4.78 2.4
      vertex -6.79846 4.7998 2.4
    endloop
  endfacet
  facet normal 0 0 1
    outer loop
      vertex -4.57318 4.89265 2.4
      vertex -7.52762 3.88925 2.4
      vertex -8.35681 3.18086 2.4
    endloop
  endfacet
  facet normal 0 0 1
    outer loop
      vertex 8.0076 -4.49408 2.4
      vertex -9.26561 2.69209 2.4
      vertex 8.23289 -4.9362 2.4
    endloop
  endfacet
  facet normal 0 0 1
    outer loop
      vertex 8.23289 -4.9362 2.4
      vertex -7.70575 -39.0606 2.4
      vertex -6.77768 -39.5567 2.4
    endloop
  endfacet
  facet normal 0 0 1
    outer loop
      vertex -18.9979 -6.36966 2.4
      vertex 8.23289 -4.9362 2.4
      vertex -9.26561 2.69209 2.4
    endloop
  endfacet
  facet normal 0 -0 1
    outer loop
      vertex -8.71275 -38.7551 2.4
      vertex 8.23289 -4.9362 2.4
      vertex -19.0759 -6.52269 2.4
    endloop
  endfacet
  facet normal 0 0 1
    outer loop
      vertex 8.23289 -4.9362 2.4
      vertex -8.71275 -38.7551 2.4
      vertex -7.70575 -39.0606 2.4
    endloop
  endfacet
  facet normal 0 0 1
    outer loop
      vertex -18.9979 -6.36966 2.4
      vertex -9.26561 2.69209 2.4
      vertex -10.2317 2.43498 2.4
    endloop
  endfacet
  facet normal -0 0 1
    outer loop
      vertex -19.1973 -6.64415 2.4
      vertex -8.71275 -38.7551 2.4
      vertex -19.0759 -6.52269 2.4
    endloop
  endfacet
  facet normal 0 0 1
    outer loop
      vertex -18.971 -6.2 2.4
      vertex -10.2317 2.43498 2.4
      vertex -11.2311 2.41585 2.4
    endloop
  endfacet
  facet normal -0 0 1
    outer loop
      vertex -25.071 -20.23 2.4
      vertex -8.71275 -38.7551 2.4
      vertex -19.1973 -6.64415 2.4
    endloop
  endfacet
  facet normal 0 0 1
    outer loop
      vertex -18.9979 -6.03035 2.4
      vertex -11.2311 2.41585 2.4
      vertex -12.2395 2.63518 2.4
    endloop
  endfacet
  facet normal 0 0 1
    outer loop
      vertex 8.23289 -4.9362 2.4
      vertex -18.9979 -6.36966 2.4
      vertex -19.0759 -6.52269 2.4
    endloop
  endfacet
  facet normal 0 0 1
    outer loop
      vertex -18.9979 -6.03035 2.4
      vertex -12.2395 2.63518 2.4
      vertex -13.2318 3.08759 2.4
    endloop
  endfacet
  facet normal 0 0 1
    outer loop
      vertex -8.71275 -38.7551 2.4
      vertex -25.071 -20.23 2.4
      vertex -9.75999 -38.652 2.4
    endloop
  endfacet
  facet normal 0 0 1
    outer loop
      vertex -18.9979 -6.03035 2.4
      vertex -13.2318 3.08759 2.4
      vertex -14.1837 3.76189 2.4
    endloop
  endfacet
  facet normal -0 0 1
    outer loop
      vertex -25.0979 -20.3996 2.4
      vertex -9.75999 -38.652 2.4
      vertex -25.071 -20.23 2.4
    endloop
  endfacet
  facet normal -0 0 1
    outer loop
      vertex -25.1759 -20.5527 2.4
      vertex -10.8072 -38.7551 2.4
      vertex -25.0979 -20.3996 2.4
    endloop
  endfacet
  facet normal 0 0 1
    outer loop
      vertex -10.8072 -38.7551 2.4
      vertex -25.1759 -20.5527 2.4
      vertex -11.8142 -39.0606 2.4
    endloop
  endfacet
  facet normal 0 0 1
    outer loop
      vertex -18.9979 -6.03035 2.4
      vertex -14.1837 3.76189 2.4
      vertex -15.0717 4.64149 2.4
    endloop
  endfacet
  facet normal -0 0 1
    outer loop
      vertex -25.2973 -20.6741 2.4
      vertex -11.8142 -39.0606 2.4
      vertex -25.1759 -20.5527 2.4
    endloop
  endfacet
  facet normal 0 0 1
    outer loop
      vertex -18.9979 -6.03035 2.4
      vertex -15.0717 4.64149 2.4
      vertex -15.874 5.70474 2.4
    endloop
  endfacet
  facet normal -0 0 1
    outer loop
      vertex -8.35681 3.18086 2.4
      vertex 7.92999 -4.00398 2.4
      vertex -4.57318 4.89265 2.4
    endloop
  endfacet
  facet normal 0 0 1
    outer loop
      vertex 8.23289 -4.9362 2.4
      vertex -4.39198 -44.02 2.4
      vertex -1.2 -64.9731 2.4
    endloop
  endfacet
  facet normal 0 0 1
    outer loop
      vertex 7.92999 -4.00398 2.4
      vertex -8.35681 3.18086 2.4
      vertex 8.0076 -4.49408 2.4
    endloop
  endfacet
  facet normal -0 0 1
    outer loop
      vertex -4.49513 -45.0672 2.4
      vertex -1.2 -64.9731 2.4
      vertex -4.39198 -44.02 2.4
    endloop
  endfacet
  facet normal -0 0 1
    outer loop
      vertex -4.8006 -46.0742 2.4
      vertex -1.2 -64.9731 2.4
      vertex -4.49513 -45.0672 2.4
    endloop
  endfacet
  facet normal -0 0 1
    outer loop
      vertex -5.29665 -47.0023 2.4
      vertex -1.2 -64.9731 2.4
      vertex -4.8006 -46.0742 2.4
    endloop
  endfacet
  facet normal -0 0 1
    outer loop
      vertex -5.96423 -47.8157 2.4
      vertex -1.2 -64.9731 2.4
      vertex -5.29665 -47.0023 2.4
    endloop
  endfacet
  facet normal -0 0 1
    outer loop
      vertex -6.77768 -48.4833 2.4
      vertex -1.2 -64.9731 2.4
      vertex -5.96423 -47.8157 2.4
    endloop
  endfacet
  facet normal 0 0 1
    outer loop
      vertex -1.2 -64.9731 2.4
      vertex -6.77768 -48.4833 2.4
      vertex -2.9162 -64.9345 2.4
    endloop
  endfacet
  facet normal -0 0 1
    outer loop
      vertex -7.70575 -48.9794 2.4
      vertex -2.9162 -64.9345 2.4
      vertex -6.77768 -48.4833 2.4
    endloop
  endfacet
  facet normal 0 0 1
    outer loop
      vertex -2.9162 -64.9345 2.4
      vertex -7.70575 -48.9794 2.4
      vertex -5.82655 -64.7383 2.4
    endloop
  endfacet
  facet normal -0 0 1
    outer loop
      vertex -8.71275 -49.2848 2.4
      vertex -5.82655 -64.7383 2.4
      vertex -7.70575 -48.9794 2.4
    endloop
  endfacet
  facet normal 0 0 1
    outer loop
      vertex -8.71275 -49.2848 2.4
      vertex -8.72516 -64.4117 2.4
      vertex -5.82655 -64.7383 2.4
    endloop
  endfacet
  facet normal -0 0 1
    outer loop
      vertex -9.75999 -49.388 2.4
      vertex -8.72516 -64.4117 2.4
      vertex -8.71275 -49.2848 2.4
    endloop
  endfacet
  facet normal 0 0 1
    outer loop
      vertex -11.6062 -63.9554 2.4
      vertex -9.75999 -49.388 2.4
      vertex -10.8072 -49.2848 2.4
    endloop
  endfacet
  facet normal 0 0 1
    outer loop
      vertex -9.75999 -49.388 2.4
      vertex -11.6062 -63.9554 2.4
      vertex -8.72516 -64.4117 2.4
    endloop
  endfacet
  facet normal 0 0 1
    outer loop
      vertex -14.4639 -63.3703 2.4
      vertex -10.8072 -49.2848 2.4
      vertex -11.8142 -48.9794 2.4
    endloop
  endfacet
  facet normal 0 0 1
    outer loop
      vertex -17.2924 -62.6576 2.4
      vertex -11.8142 -48.9794 2.4
      vertex -12.7423 -48.4833 2.4
    endloop
  endfacet
  facet normal 0 0 1
    outer loop
      vertex -20.0861 -61.8187 2.4
      vertex -12.7423 -48.4833 2.4
      vertex -13.5557 -47.8157 2.4
    endloop
  endfacet
  facet normal 0 0 1
    outer loop
      vertex -22.8394 -60.8553 2.4
      vertex -13.5557 -47.8157 2.4
      vertex -14.2233 -47.0023 2.4
    endloop
  endfacet
  facet normal 0 0 1
    outer loop
      vertex -10.8072 -49.2848 2.4
      vertex -14.4639 -63.3703 2.4
      vertex -11.6062 -63.9554 2.4
    endloop
  endfacet
  facet normal 0 0 1
    outer loop
      vertex -25.5466 -59.7693 2.4
      vertex -14.2233 -47.0023 2.4
      vertex -14.7194 -46.0742 2.4
    endloop
  endfacet
  facet normal 0 0 1
    outer loop
      vertex -30.8015 -57.2387 2.4
      vertex -14.7194 -46.0742 2.4
      vertex -15.0248 -45.0672 2.4
    endloop
  endfacet
  facet normal 0 0 1
    outer loop
      vertex -33.3384 -55.7992 2.4
      vertex -15.0248 -45.0672 2.4
      vertex -15.128 -44.02 2.4
    endloop
  endfacet
  facet normal -0 0 1
    outer loop
      vertex -21.6327 7.98769 2.4
      vertex -16.5708 6.92548 2.4
      vertex -18.9335 8.45695 2.4
    endloop
  endfacet
  facet normal 0 0 1
    outer loop
      vertex -18.9335 8.45695 2.4
      vertex -16.5708 6.92548 2.4
      vertex -17.145 8.27362 2.4
    endloop
  endfacet
  facet normal 0 0 1
    outer loop
      vertex -10.2317 2.43498 2.4
      vertex -18.971 -6.2 2.4
      vertex -18.9979 -6.36966 2.4
    endloop
  endfacet
  facet normal 0 0 1
    outer loop
      vertex -11.8142 -39.0606 2.4
      vertex -25.2973 -20.6741 2.4
      vertex -12.7423 -39.5567 2.4
    endloop
  endfacet
  facet normal -0 0 1
    outer loop
      vertex -18.9335 8.45695 2.4
      vertex -17.145 8.27362 2.4
      vertex -17.3451 8.93338 2.4
    endloop
  endfacet
  facet normal 0 0 1
    outer loop
      vertex -16.5708 6.92548 2.4
      vertex -21.6327 7.98769 2.4
      vertex -15.874 5.70474 2.4
    endloop
  endfacet
  facet normal 0 0 1
    outer loop
      vertex -12.7423 -39.5567 2.4
      vertex -25.2973 -20.6741 2.4
      vertex -13.5557 -40.2242 2.4
    endloop
  endfacet
  facet normal -0 0 1
    outer loop
      vertex -26.6245 -21.3984 2.4
      vertex -13.5557 -40.2242 2.4
      vertex -25.2973 -20.6741 2.4
    endloop
  endfacet
  facet normal 0 0 1
    outer loop
      vertex -13.5557 -40.2242 2.4
      vertex -26.8272 -21.5017 2.4
      vertex -14.2233 -41.0377 2.4
    endloop
  endfacet
  facet normal 0 0 1
    outer loop
      vertex -9.75999 -38.652 2.4
      vertex -25.0979 -20.3996 2.4
      vertex -10.8072 -38.7551 2.4
    endloop
  endfacet
  facet normal -0 0 1
    outer loop
      vertex -28.2209 -21.9886 2.4
      vertex -14.2233 -41.0377 2.4
      vertex -26.8272 -21.5017 2.4
    endloop
  endfacet
  facet normal 0 0 1
    outer loop
      vertex -25.071 -20.23 2.4
      vertex -19.1973 -6.64415 2.4
      vertex -21.1261 -8.49101 2.4
    endloop
  endfacet
  facet normal 0 0 1
    outer loop
      vertex -14.2233 -41.0377 2.4
      vertex -28.2209 -21.9886 2.4
      vertex -14.7194 -41.9657 2.4
    endloop
  endfacet
  facet normal 0 0 1
    outer loop
      vertex -25.0979 -20.0603 2.4
      vertex -21.1261 -8.49101 2.4
      vertex -23.0548 -10.0837 2.4
    endloop
  endfacet
  facet normal 0 0 1
    outer loop
      vertex -25.1759 -19.9073 2.4
      vertex -23.0548 -10.0837 2.4
      vertex -24.9836 -11.4222 2.4
    endloop
  endfacet
  facet normal -0 0 1
    outer loop
      vertex -26.8272 -21.5017 2.4
      vertex -13.5557 -40.2242 2.4
      vertex -26.6245 -21.3984 2.4
    endloop
  endfacet
  facet normal 0 0 1
    outer loop
      vertex -11.8142 -48.9794 2.4
      vertex -17.2924 -62.6576 2.4
      vertex -14.4639 -63.3703 2.4
    endloop
  endfacet
  facet normal 0 0 1
    outer loop
      vertex -12.7423 -48.4833 2.4
      vertex -20.0861 -61.8187 2.4
      vertex -17.2924 -62.6576 2.4
    endloop
  endfacet
  facet normal 0 0 1
    outer loop
      vertex -13.5557 -47.8157 2.4
      vertex -22.8394 -60.8553 2.4
      vertex -20.0861 -61.8187 2.4
    endloop
  endfacet
  facet normal -0 0 1
    outer loop
      vertex -29.6317 -22.2129 2.4
      vertex -14.7194 -41.9657 2.4
      vertex -28.2209 -21.9886 2.4
    endloop
  endfacet
  facet normal 0 0 1
    outer loop
      vertex -14.2233 -47.0023 2.4
      vertex -25.5466 -59.7693 2.4
      vertex -22.8394 -60.8553 2.4
    endloop
  endfacet
  facet normal -0 0 1
    outer loop
      vertex -37.3759 -26.6527 2.4
      vertex -14.7194 -41.9657 2.4
      vertex -29.6317 -22.2129 2.4
    endloop
  endfacet
  facet normal 0 0 1
    outer loop
      vertex -14.7194 -46.0742 2.4
      vertex -28.2024 -58.563 2.4
      vertex -25.5466 -59.7693 2.4
    endloop
  endfacet
  facet normal 0 0 1
    outer loop
      vertex -14.7194 -41.9657 2.4
      vertex -37.4973 -26.7741 2.4
      vertex -15.0248 -42.9727 2.4
    endloop
  endfacet
  facet normal -0 0 1
    outer loop
      vertex -37.4973 -26.7741 2.4
      vertex -14.7194 -41.9657 2.4
      vertex -37.3759 -26.6527 2.4
    endloop
  endfacet
  facet normal 0 0 1
    outer loop
      vertex -37.3759 -26.6527 2.4
      vertex -29.6317 -22.2129 2.4
      vertex -29.9662 -22.2659 2.4
    endloop
  endfacet
  facet normal 0 0 1
    outer loop
      vertex -14.7194 -46.0742 2.4
      vertex -30.8015 -57.2387 2.4
      vertex -28.2024 -58.563 2.4
    endloop
  endfacet
  facet normal 0 0 1
    outer loop
      vertex -37.2979 -26.4996 2.4
      vertex -29.9662 -22.2659 2.4
      vertex -31.4489 -22.2362 2.4
    endloop
  endfacet
  facet normal 0 0 1
    outer loop
      vertex -37.271 -26.33 2.4
      vertex -31.4489 -22.2362 2.4
      vertex -31.8385 -22.1745 2.4
    endloop
  endfacet
  facet normal 0 0 1
    outer loop
      vertex -15.0248 -45.0672 2.4
      vertex -33.3384 -55.7992 2.4
      vertex -30.8015 -57.2387 2.4
    endloop
  endfacet
  facet normal 0 0 1
    outer loop
      vertex -37.271 -26.33 2.4
      vertex -31.8385 -22.1745 2.4
      vertex -33.393 -21.8735 2.4
    endloop
  endfacet
  facet normal 0 0 1
    outer loop
      vertex -37.2979 -26.1603 2.4
      vertex -33.393 -21.8735 2.4
      vertex -34.9645 -21.3099 2.4
    endloop
  endfacet
  facet normal 0 0 1
    outer loop
      vertex -37.2979 -26.1603 2.4
      vertex -34.9645 -21.3099 2.4
      vertex -35.4152 -21.0803 2.4
    endloop
  endfacet
  facet normal 0 0 1
    outer loop
      vertex -29.9662 -22.2659 2.4
      vertex -37.2979 -26.4996 2.4
      vertex -37.3759 -26.6527 2.4
    endloop
  endfacet
  facet normal 0 0 1
    outer loop
      vertex -38.697 -23.3226 2.4
      vertex -35.4152 -21.0803 2.4
      vertex -37.0532 -20.2287 2.4
    endloop
  endfacet
  facet normal 0 0 1
    outer loop
      vertex -31.4489 -22.2362 2.4
      vertex -37.271 -26.33 2.4
      vertex -37.2979 -26.4996 2.4
    endloop
  endfacet
  facet normal 0 0 1
    outer loop
      vertex -38.206 -52.5861 2.4
      vertex -15.0248 -42.9727 2.4
      vertex -37.4973 -26.7741 2.4
    endloop
  endfacet
  facet normal 0 -0 1
    outer loop
      vertex -35.8083 -54.2473 2.4
      vertex -15.0248 -42.9727 2.4
      vertex -38.206 -52.5861 2.4
    endloop
  endfacet
  facet normal 0 0 1
    outer loop
      vertex -15.128 -44.02 2.4
      vertex -35.8083 -54.2473 2.4
      vertex -33.3384 -55.7992 2.4
    endloop
  endfacet
  facet normal 0 0 1
    outer loop
      vertex -40.5268 -50.819 2.4
      vertex -37.4973 -26.7741 2.4
      vertex -37.6503 -26.8521 2.4
    endloop
  endfacet
  facet normal 0 0 1
    outer loop
      vertex -40.5268 -50.819 2.4
      vertex -37.6503 -26.8521 2.4
      vertex -38.0105 -27.0001 2.4
    endloop
  endfacet
  facet normal 0 0 1
    outer loop
      vertex -15.0248 -42.9727 2.4
      vertex -35.8083 -54.2473 2.4
      vertex -15.128 -44.02 2.4
    endloop
  endfacet
  facet normal 0 0 1
    outer loop
      vertex -44.9191 -46.9817 2.4
      vertex -38.0105 -27.0001 2.4
      vertex -38.2351 -27.0357 2.4
    endloop
  endfacet
  facet normal 0 0 1
    outer loop
      vertex -46.9817 -44.9191 2.4
      vertex -38.2351 -27.0357 2.4
      vertex -38.4598 -27.0001 2.4
    endloop
  endfacet
  facet normal 0 0 1
    outer loop
      vertex -48.9496 -42.766 2.4
      vertex -38.4598 -27.0001 2.4
      vertex -38.9468 -26.9025 2.4
    endloop
  endfacet
  facet normal 0 0 1
    outer loop
      vertex -50.819 -40.5268 2.4
      vertex -38.9468 -26.9025 2.4
      vertex -39.1991 -26.774 2.4
    endloop
  endfacet
  facet normal 0 0 1
    outer loop
      vertex -50.819 -40.5268 2.4
      vertex -39.1991 -26.774 2.4
      vertex -39.7527 -26.4053 2.4
    endloop
  endfacet
  facet normal 0 0 1
    outer loop
      vertex -52.5861 -38.206 2.4
      vertex -39.7527 -26.4053 2.4
      vertex -39.9922 -26.1658 2.4
    endloop
  endfacet
  facet normal 0 0 1
    outer loop
      vertex -37.4973 -26.7741 2.4
      vertex -40.5268 -50.819 2.4
      vertex -38.206 -52.5861 2.4
    endloop
  endfacet
  facet normal 0 0 1
    outer loop
      vertex -54.2473 -35.8083 2.4
      vertex -39.9922 -26.1658 2.4
      vertex -40.6021 -25.5121 2.4
    endloop
  endfacet
  facet normal 0 0 1
    outer loop
      vertex -49.005 -23.3001 2.4
      vertex -40.6021 -25.5121 2.4
      vertex -41.229 -24.6127 2.4
    endloop
  endfacet
  facet normal 0 0 1
    outer loop
      vertex -47.8498 -22.4528 2.4
      vertex -41.229 -24.6127 2.4
      vertex -41.8728 -23.4676 2.4
    endloop
  endfacet
  facet normal 0 0 1
    outer loop
      vertex -47.8498 -22.4528 2.4
      vertex -41.8728 -23.4676 2.4
      vertex -42.1024 -23.017 2.4
    endloop
  endfacet
  facet normal 0 0 1
    outer loop
      vertex -38.0105 -27.0001 2.4
      vertex -42.766 -48.9496 2.4
      vertex -40.5268 -50.819 2.4
    endloop
  endfacet
  facet normal -0 0 1
    outer loop
      vertex -47.4922 -22.0951 2.4
      vertex -42.1024 -23.017 2.4
      vertex -42.7884 -21.5766 2.4
    endloop
  endfacet
  facet normal -0 0 1
    outer loop
      vertex -46.3655 -20.9543 2.4
      vertex -42.7884 -21.5766 2.4
      vertex -43.4914 -19.8906 2.4
    endloop
  endfacet
  facet normal -0 0 1
    outer loop
      vertex -45.3065 -19.5593 2.4
      vertex -43.4914 -19.8906 2.4
      vertex -44.2112 -17.9588 2.4
    endloop
  endfacet
  facet normal -0 0 1
    outer loop
      vertex -44.3154 -17.9101 2.4
      vertex -44.2112 -17.9588 2.4
      vertex -44.2627 -17.8067 2.4
    endloop
  endfacet
  facet normal 0 0 1
    outer loop
      vertex -45.3065 -19.5593 2.4
      vertex -44.2112 -17.9588 2.4
      vertex -44.3154 -17.9101 2.4
    endloop
  endfacet
  facet normal 0 0 1
    outer loop
      vertex -46.3655 -20.9543 2.4
      vertex -43.4914 -19.8906 2.4
      vertex -45.3065 -19.5593 2.4
    endloop
  endfacet
  facet normal 0 0 1
    outer loop
      vertex -42.7884 -21.5766 2.4
      vertex -46.3655 -20.9543 2.4
      vertex -47.4922 -22.0951 2.4
    endloop
  endfacet
  facet normal 0 0 1
    outer loop
      vertex -38.0105 -27.0001 2.4
      vertex -44.9191 -46.9817 2.4
      vertex -42.766 -48.9496 2.4
    endloop
  endfacet
  facet normal 0 0 1
    outer loop
      vertex -38.2351 -27.0357 2.4
      vertex -46.9817 -44.9191 2.4
      vertex -44.9191 -46.9817 2.4
    endloop
  endfacet
  facet normal 0 0 1
    outer loop
      vertex -42.1024 -23.017 2.4
      vertex -47.4922 -22.0951 2.4
      vertex -47.8498 -22.4528 2.4
    endloop
  endfacet
  facet normal 0 0 1
    outer loop
      vertex -41.229 -24.6127 2.4
      vertex -47.8498 -22.4528 2.4
      vertex -49.005 -23.3001 2.4
    endloop
  endfacet
  facet normal 0 0 1
    outer loop
      vertex -38.4598 -27.0001 2.4
      vertex -48.9496 -42.766 2.4
      vertex -46.9817 -44.9191 2.4
    endloop
  endfacet
  facet normal 0 0 1
    outer loop
      vertex -40.6021 -25.5121 2.4
      vertex -49.005 -23.3001 2.4
      vertex -49.406 -23.5044 2.4
    endloop
  endfacet
  facet normal 0 0 1
    outer loop
      vertex -40.6021 -25.5121 2.4
      vertex -49.406 -23.5044 2.4
      vertex -50.5793 -24.0723 2.4
    endloop
  endfacet
  facet normal 0 0 1
    outer loop
      vertex -40.6021 -25.5121 2.4
      vertex -50.5793 -24.0723 2.4
      vertex -54.2473 -35.8083 2.4
    endloop
  endfacet
  facet normal 0 0 1
    outer loop
      vertex -38.9468 -26.9025 2.4
      vertex -50.819 -40.5268 2.4
      vertex -48.9496 -42.766 2.4
    endloop
  endfacet
  facet normal 0 0 1
    outer loop
      vertex -55.678 -33.5313 2.4
      vertex -50.5793 -24.0723 2.4
      vertex -51.8204 -24.386 2.4
    endloop
  endfacet
  facet normal 0 0 1
    outer loop
      vertex -55.678 -33.5313 2.4
      vertex -51.8204 -24.386 2.4
      vertex -52.155 -24.439 2.4
    endloop
  endfacet
  facet normal 0 0 1
    outer loop
      vertex -39.7527 -26.4053 2.4
      vertex -52.5861 -38.206 2.4
      vertex -50.819 -40.5268 2.4
    endloop
  endfacet
  facet normal 0 0 1
    outer loop
      vertex -56.8713 -31.449 2.4
      vertex -52.155 -24.439 2.4
      vertex -53.4089 -24.4898 2.4
    endloop
  endfacet
  facet normal 0 0 1
    outer loop
      vertex -39.9922 -26.1658 2.4
      vertex -54.2473 -35.8083 2.4
      vertex -52.5861 -38.206 2.4
    endloop
  endfacet
  facet normal 0 0 1
    outer loop
      vertex -57.2387 -30.8015 2.4
      vertex -53.4089 -24.4898 2.4
      vertex -54.7305 -24.2865 2.4
    endloop
  endfacet
  facet normal 0 0 1
    outer loop
      vertex -57.2387 -30.8015 2.4
      vertex -54.7305 -24.2865 2.4
      vertex -54.9552 -24.2509 2.4
    endloop
  endfacet
  facet normal 0 0 1
    outer loop
      vertex -50.5793 -24.0723 2.4
      vertex -55.678 -33.5313 2.4
      vertex -54.2473 -35.8083 2.4
    endloop
  endfacet
  facet normal 0 0 1
    outer loop
      vertex -57.2387 -30.8015 2.4
      vertex -54.9552 -24.2509 2.4
      vertex -56.2896 -23.8021 2.4
    endloop
  endfacet
  facet normal 0 0 1
    outer loop
      vertex -57.2387 -30.8015 2.4
      vertex -56.2896 -23.8021 2.4
      vertex -56.4427 -23.7241 2.4
    endloop
  endfacet
  facet normal 0 0 1
    outer loop
      vertex -57.2387 -30.8015 2.4
      vertex -56.4427 -23.7241 2.4
      vertex -56.5641 -23.6027 2.4
    endloop
  endfacet
  facet normal 0 0 1
    outer loop
      vertex -57.2387 -30.8015 2.4
      vertex -56.5641 -23.6027 2.4
      vertex -56.6421 -23.4496 2.4
    endloop
  endfacet
  facet normal 0 0 1
    outer loop
      vertex -59.7693 -25.5466 2.4
      vertex -56.6421 -23.4496 2.4
      vertex -56.669 -23.28 2.4
    endloop
  endfacet
  facet normal 0 0 1
    outer loop
      vertex -52.155 -24.439 2.4
      vertex -56.8713 -31.449 2.4
      vertex -55.678 -33.5313 2.4
    endloop
  endfacet
  facet normal 0 0 1
    outer loop
      vertex -56.8713 -31.449 2.4
      vertex -58.2772 -35.032 2.4
      vertex -55.678 -33.5313 2.4
    endloop
  endfacet
  facet normal 0 -0 1
    outer loop
      vertex -58.2772 -35.032 2.4
      vertex -56.8713 -31.449 2.4
      vertex -59.4688 -32.9487 2.4
    endloop
  endfacet
  facet normal 0 0 1
    outer loop
      vertex 1.2 64.9731 2.4
      vertex -1.2 64.9731 2.4
      vertex -0.189514 37.5518 2.4
    endloop
  endfacet
  facet normal 0 0 1
    outer loop
      vertex -3.30116 37.935 2.4
      vertex -1.2 64.9731 2.4
      vertex -2.9162 64.9345 2.4
    endloop
  endfacet
  facet normal 0 0 1
    outer loop
      vertex -1.2 64.9731 2.4
      vertex -3.30116 37.935 2.4
      vertex -0.189514 37.5518 2.4
    endloop
  endfacet
  facet normal 0 0 1
    outer loop
      vertex -5.85597 38.2496 2.4
      vertex -2.9162 64.9345 2.4
      vertex -5.82655 64.7383 2.4
    endloop
  endfacet
  facet normal 0 0 1
    outer loop
      vertex -2.9162 64.9345 2.4
      vertex -5.85597 38.2496 2.4
      vertex -3.30116 37.935 2.4
    endloop
  endfacet
  facet normal 0 0 1
    outer loop
      vertex -0.189514 37.5518 2.4
      vertex 2.9162 64.9345 2.4
      vertex 1.2 64.9731 2.4
    endloop
  endfacet
  facet normal 0 0 1
    outer loop
      vertex 8.5833 36.8945 2.4
      vertex 1.71422 31.9241 2.4
      vertex 7.04118 31.8096 2.4
    endloop
  endfacet
  facet normal -0 0 1
    outer loop
      vertex 6.38805 21.9515 2.4
      vertex 8.04607 19.9452 2.4
      vertex 6.49165 22.2016 2.4
    endloop
  endfacet
  facet normal 0 0 1
    outer loop
      vertex 8.04607 19.9452 2.4
      vertex 6.38805 21.9515 2.4
      vertex 6.57571 20.2815 2.4
    endloop
  endfacet
  facet normal -0 0 1
    outer loop
      vertex 6.22325 21.7367 2.4
      vertex 6.57571 20.2815 2.4
      vertex 6.38805 21.9515 2.4
    endloop
  endfacet
  facet normal -0 0 1
    outer loop
      vertex 6.00848 21.5719 2.4
      vertex 6.57571 20.2815 2.4
      vertex 6.22325 21.7367 2.4
    endloop
  endfacet
  facet normal 0 0 1
    outer loop
      vertex 6.00848 21.5719 2.4
      vertex 5.52011 20.4487 2.4
      vertex 6.57571 20.2815 2.4
    endloop
  endfacet
  facet normal 0 -0 1
    outer loop
      vertex 5.52011 20.4487 2.4
      vertex 6.00848 21.5719 2.4
      vertex 4.64459 20.549 2.4
    endloop
  endfacet
  facet normal -0 0 1
    outer loop
      vertex 43.31 -22.304 2.4
      vertex 42.8181 -22.6687 2.4
      vertex 43.5421 -22.2672 2.4
    endloop
  endfacet
  facet normal 0 0 1
    outer loop
      vertex 42.4806 -22.1726 2.4
      vertex 42.8181 -22.6687 2.4
      vertex 43.31 -22.304 2.4
    endloop
  endfacet
  facet normal 0 0 1
    outer loop
      vertex 42.4806 -22.1726 2.4
      vertex 41.8893 -23.2966 2.4
      vertex 42.8181 -22.6687 2.4
    endloop
  endfacet
  facet normal 0 0 1
    outer loop
      vertex 41.7324 -21.7914 2.4
      vertex 41.8893 -23.2966 2.4
      vertex 42.4806 -22.1726 2.4
    endloop
  endfacet
  facet normal 0 0 1
    outer loop
      vertex 41.0946 -23.96 2.4
      vertex 41.7324 -21.7914 2.4
      vertex 41.1386 -21.1976 2.4
    endloop
  endfacet
  facet normal 0 0 1
    outer loop
      vertex 41.7324 -21.7914 2.4
      vertex 41.0946 -23.96 2.4
      vertex 41.8893 -23.2966 2.4
    endloop
  endfacet
  facet normal 0 0 1
    outer loop
      vertex 38.9366 -23.9724 2.4
      vertex 41.1386 -21.1976 2.4
      vertex 40.7574 -20.4494 2.4
    endloop
  endfacet
  facet normal 0 0 1
    outer loop
      vertex 41.1386 -21.1976 2.4
      vertex 39.7127 -24.0875 2.4
      vertex 41.0946 -23.96 2.4
    endloop
  endfacet
  facet normal 0 0 1
    outer loop
      vertex 41.0946 -23.96 2.4
      vertex 40.5662 -24.4102 2.4
      vertex 40.6366 -24.4479 2.4
    endloop
  endfacet
  facet normal 0 0 1
    outer loop
      vertex 41.0946 -23.96 2.4
      vertex 40.1349 -24.2244 2.4
      vertex 40.5662 -24.4102 2.4
    endloop
  endfacet
  facet normal 0 0 1
    outer loop
      vertex 38.3139 -24.0762 2.4
      vertex 40.7574 -20.4494 2.4
      vertex 39.9266 -17.8836 2.4
    endloop
  endfacet
  facet normal 0 0 1
    outer loop
      vertex 41.0946 -23.96 2.4
      vertex 39.7127 -24.0875 2.4
      vertex 40.1349 -24.2244 2.4
    endloop
  endfacet
  facet normal 0 0 1
    outer loop
      vertex 41.1386 -21.1976 2.4
      vertex 39.3099 -24.0028 2.4
      vertex 39.7127 -24.0875 2.4
    endloop
  endfacet
  facet normal 0 0 1
    outer loop
      vertex 37.9056 -24.3886 2.4
      vertex 39.9266 -17.8836 2.4
      vertex 39.127 -15.3177 2.4
    endloop
  endfacet
  facet normal 0 0 1
    outer loop
      vertex 41.1386 -21.1976 2.4
      vertex 38.9366 -23.9724 2.4
      vertex 39.3099 -24.0028 2.4
    endloop
  endfacet
  facet normal 0 0 1
    outer loop
      vertex 40.7574 -20.4494 2.4
      vertex 38.6018 -23.9971 2.4
      vertex 38.9366 -23.9724 2.4
    endloop
  endfacet
  facet normal 0 0 1
    outer loop
      vertex 37.9056 -24.3886 2.4
      vertex 39.127 -15.3177 2.4
      vertex 38.3584 -12.7519 2.4
    endloop
  endfacet
  facet normal 0 0 1
    outer loop
      vertex 40.7574 -20.4494 2.4
      vertex 38.3139 -24.0762 2.4
      vertex 38.6018 -23.9971 2.4
    endloop
  endfacet
  facet normal 0 0 1
    outer loop
      vertex 39.9266 -17.8836 2.4
      vertex 38.0799 -24.2078 2.4
      vertex 38.3139 -24.0762 2.4
    endloop
  endfacet
  facet normal 0 0 1
    outer loop
      vertex 39.9266 -17.8836 2.4
      vertex 37.9056 -24.3886 2.4
      vertex 38.0799 -24.2078 2.4
    endloop
  endfacet
  facet normal 0 0 1
    outer loop
      vertex 38.3584 -12.7519 2.4
      vertex 37.7953 -24.6142 2.4
      vertex 37.9056 -24.3886 2.4
    endloop
  endfacet
  facet normal 0 0 1
    outer loop
      vertex 13.7171 -5.15344 2.4
      vertex 37.7953 -24.6142 2.4
      vertex 38.3584 -12.7519 2.4
    endloop
  endfacet
  facet normal 0 0 1
    outer loop
      vertex 13.7171 -5.15344 2.4
      vertex 38.3584 -12.7519 2.4
      vertex 37.621 -10.1861 2.4
    endloop
  endfacet
  facet normal 0 0 1
    outer loop
      vertex 41.8275 -28.8712 2.4
      vertex 41.9071 -31.4021 2.4
      vertex 42.2415 -28.9502 2.4
    endloop
  endfacet
  facet normal 0 0 1
    outer loop
      vertex 41.8275 -28.8712 2.4
      vertex 41.6931 -31.5451 2.4
      vertex 41.9071 -31.4021 2.4
    endloop
  endfacet
  facet normal 0 0 1
    outer loop
      vertex 41.0433 -28.5939 2.4
      vertex 41.6931 -31.5451 2.4
      vertex 41.8275 -28.8712 2.4
    endloop
  endfacet
  facet normal 0 0 1
    outer loop
      vertex 41.6931 -31.5451 2.4
      vertex 41.0433 -28.5939 2.4
      vertex 41.3096 -32.119 2.4
    endloop
  endfacet
  facet normal 0 0 1
    outer loop
      vertex 40.414 -28.2219 2.4
      vertex 41.3096 -32.119 2.4
      vertex 41.0433 -28.5939 2.4
    endloop
  endfacet
  facet normal 0 0 1
    outer loop
      vertex 46.2572 -32.5674 2.4
      vertex 44.5783 -32.119 2.4
      vertex 46.0676 -32.851 2.4
    endloop
  endfacet
  facet normal -0 0 1
    outer loop
      vertex 44.5783 -32.119 2.4
      vertex 46.2572 -32.5674 2.4
      vertex 45.3253 -29.0264 2.4
    endloop
  endfacet
  facet normal 0 0 1
    outer loop
      vertex 43.6816 -6.54855 2.4
      vertex 46.0378 -6.74226 2.4
      vertex 45.9599 -6.58923 2.4
    endloop
  endfacet
  facet normal -0 0 1
    outer loop
      vertex 43.6816 -6.54855 2.4
      vertex 45.9599 -6.58923 2.4
      vertex 45.933 -6.41959 2.4
    endloop
  endfacet
  facet normal 0 0 1
    outer loop
      vertex 46.0378 -6.74226 2.4
      vertex 45.8626 -18.7906 2.4
      vertex 45.994 -19.62 2.4
    endloop
  endfacet
  facet normal 0 0 1
    outer loop
      vertex 50.819 40.5268 2.4
      vertex 48.0976 39.0677 2.4
      vertex 48.312 38.452 2.4
    endloop
  endfacet
  facet normal 0 0 1
    outer loop
      vertex 48.312 38.452 2.4
      vertex 48.0976 39.0677 2.4
      vertex 48.3059 38.452 2.4
    endloop
  endfacet
  facet normal 0 0 1
    outer loop
      vertex 45.8424 39.0677 2.4
      vertex 48.9496 42.766 2.4
      vertex 46.9817 44.9191 2.4
    endloop
  endfacet
  facet normal 0 0 1
    outer loop
      vertex 48.9496 42.766 2.4
      vertex 45.8424 39.0677 2.4
      vertex 48.0976 39.0677 2.4
    endloop
  endfacet
  facet normal 0 0 1
    outer loop
      vertex 48.0976 39.0677 2.4
      vertex 45.8424 39.0677 2.4
      vertex 46.97 38.4682 2.4
    endloop
  endfacet
  facet normal -0 0 1
    outer loop
      vertex 40.748 39.3278 2.4
      vertex 45.8424 39.0677 2.4
      vertex 46.9817 44.9191 2.4
    endloop
  endfacet
  facet normal 0 0 1
    outer loop
      vertex 45.8424 39.0677 2.4
      vertex 45.628 38.452 2.4
      vertex 45.6556 38.452 2.4
    endloop
  endfacet
  facet normal 0 0 1
    outer loop
      vertex 40.748 39.3278 2.4
      vertex 46.9817 44.9191 2.4
      vertex 44.9191 46.9817 2.4
    endloop
  endfacet
  facet normal 0 0 1
    outer loop
      vertex 55.678 -33.5313 2.4
      vertex 49.3363 -32.851 2.4
      vertex 49.471 -33.528 2.4
    endloop
  endfacet
  facet normal 0 0 1
    outer loop
      vertex 50.8139 -27.3959 2.4
      vertex 48.9529 -32.2771 2.4
      vertex 49.3363 -32.851 2.4
    endloop
  endfacet
  facet normal 0 0 1
    outer loop
      vertex 48.4976 -31.9729 2.4
      vertex 49.6883 -27.9074 2.4
      vertex 48.5047 -28.3409 2.4
    endloop
  endfacet
  facet normal 0 0 1
    outer loop
      vertex 49.6883 -27.9074 2.4
      vertex 48.4976 -31.9729 2.4
      vertex 48.9529 -32.2771 2.4
    endloop
  endfacet
  facet normal 0 -0 1
    outer loop
      vertex 48.4976 -31.9729 2.4
      vertex 48.5047 -28.3409 2.4
      vertex 47.6089 -28.5958 2.4
    endloop
  endfacet
  facet normal 0 0 1
    outer loop
      vertex 60.8553 22.8394 2.4
      vertex 54.4705 13.2456 2.4
      vertex 54.4974 13.076 2.4
    endloop
  endfacet
  facet normal 0 0 1
    outer loop
      vertex 60.8553 22.8394 2.4
      vertex 54.1527 15.76 2.4
      vertex 54.4705 13.2456 2.4
    endloop
  endfacet
  facet normal 0 0 1
    outer loop
      vertex 54.4705 13.2456 2.4
      vertex 54.1527 15.76 2.4
      vertex 54.3925 13.3987 2.4
    endloop
  endfacet
  facet normal 0 0 1
    outer loop
      vertex 54.3925 13.3987 2.4
      vertex 54.1527 15.76 2.4
      vertex 54.2711 13.5201 2.4
    endloop
  endfacet
  facet normal 0 0 1
    outer loop
      vertex 54.1527 15.76 2.4
      vertex 54.118 13.5981 2.4
      vertex 54.2711 13.5201 2.4
    endloop
  endfacet
  facet normal 0 0 1
    outer loop
      vertex 54.1527 15.76 2.4
      vertex 53.9484 13.625 2.4
      vertex 54.118 13.5981 2.4
    endloop
  endfacet
  facet normal 0 -0 1
    outer loop
      vertex 53.9484 13.625 2.4
      vertex 54.1527 15.76 2.4
      vertex 53.8416 13.6081 2.4
    endloop
  endfacet
  facet normal 0 0 1
    outer loop
      vertex 63.3703 14.4639 2.4
      vertex 55.6998 5.70108 2.4
      vertex 56.7045 5.80794 2.4
    endloop
  endfacet
  facet normal 0 0 1
    outer loop
      vertex 55.1221 23.1944 2.4
      vertex 59.7693 25.5466 2.4
      vertex 55.388 25.52 2.4
    endloop
  endfacet
  facet normal 0 0 1
    outer loop
      vertex 59.7693 25.5466 2.4
      vertex 55.1221 23.1944 2.4
      vertex 60.8553 22.8394 2.4
    endloop
  endfacet
  facet normal 0 0 1
    outer loop
      vertex 54.8275 20.7925 2.4
      vertex 60.8553 22.8394 2.4
      vertex 55.1221 23.1944 2.4
    endloop
  endfacet
  facet normal 0 0 1
    outer loop
      vertex 54.5044 18.3144 2.4
      vertex 60.8553 22.8394 2.4
      vertex 54.8275 20.7925 2.4
    endloop
  endfacet
  facet normal 0 0 1
    outer loop
      vertex 60.8553 22.8394 2.4
      vertex 54.4974 13.076 2.4
      vertex 55.6998 5.70108 2.4
    endloop
  endfacet
  facet normal -0 0 1
    outer loop
      vertex 54.2328 10.9905 2.4
      vertex 55.6998 5.70108 2.4
      vertex 54.4974 13.076 2.4
    endloop
  endfacet
  facet normal 0 0 1
    outer loop
      vertex 54.1527 15.76 2.4
      vertex 60.8553 22.8394 2.4
      vertex 54.5044 18.3144 2.4
    endloop
  endfacet
  facet normal -0 0 1
    outer loop
      vertex 53.9912 9.15843 2.4
      vertex 55.6998 5.70108 2.4
      vertex 54.2328 10.9905 2.4
    endloop
  endfacet
  facet normal 0 0 1
    outer loop
      vertex 55.6998 5.70108 2.4
      vertex 54.575 6.06178 2.4
      vertex 54.6525 5.739 2.4
    endloop
  endfacet
  facet normal -0 -0 1
    outer loop
      vertex 54.3259 6.66315 2.4
      vertex 55.6998 5.70108 2.4
      vertex 53.9912 9.15843 2.4
    endloop
  endfacet
  facet normal 0 0 1
    outer loop
      vertex 55.6998 5.70108 2.4
      vertex 54.3259 6.66315 2.4
      vertex 54.575 6.06178 2.4
    endloop
  endfacet
  facet normal 0 0 1
    outer loop
      vertex 53.9912 9.15843 2.4
      vertex 53.9858 7.21811 2.4
      vertex 54.3259 6.66315 2.4
    endloop
  endfacet
  facet normal -0 0 1
    outer loop
      vertex 53.7728 7.5799 2.4
      vertex 53.9858 7.21811 2.4
      vertex 53.9912 9.15843 2.4
    endloop
  endfacet
  facet normal 0 0 1
    outer loop
      vertex 53.9858 7.21811 2.4
      vertex 53.7728 7.5799 2.4
      vertex 53.7586 7.4841 2.4
    endloop
  endfacet
  facet normal -0 0 1
    outer loop
      vertex 53.5773 -25.528 2.4
      vertex 58.563 -28.2024 2.4
      vertex 54.2183 -24.8452 2.4
    endloop
  endfacet
  facet normal 0 0 1
    outer loop
      vertex 58.563 -28.2024 2.4
      vertex 53.5773 -25.528 2.4
      vertex 57.2387 -30.8015 2.4
    endloop
  endfacet
  facet normal -0 0 1
    outer loop
      vertex 52.7827 -26.1914 2.4
      vertex 57.2387 -30.8015 2.4
      vertex 53.5773 -25.528 2.4
    endloop
  endfacet
  facet normal -0 0 1
    outer loop
      vertex 51.8539 -26.8192 2.4
      vertex 57.2387 -30.8015 2.4
      vertex 52.7827 -26.1914 2.4
    endloop
  endfacet
  facet normal 0 0 1
    outer loop
      vertex 57.2387 -30.8015 2.4
      vertex 51.8539 -26.8192 2.4
      vertex 56.8713 -31.449 2.4
    endloop
  endfacet
  facet normal -0 0 1
    outer loop
      vertex 50.8139 -27.3959 2.4
      vertex 56.8713 -31.449 2.4
      vertex 51.8539 -26.8192 2.4
    endloop
  endfacet
  facet normal 0 0 1
    outer loop
      vertex 56.8713 -31.449 2.4
      vertex 50.8139 -27.3959 2.4
      vertex 55.678 -33.5313 2.4
    endloop
  endfacet
  facet normal -0 0 1
    outer loop
      vertex 49.3363 -32.851 2.4
      vertex 55.678 -33.5313 2.4
      vertex 50.8139 -27.3959 2.4
    endloop
  endfacet
  facet normal -0 0 1
    outer loop
      vertex 49.3363 -34.2049 2.4
      vertex 54.2473 -35.8083 2.4
      vertex 49.471 -33.528 2.4
    endloop
  endfacet
  facet normal 0 0 1
    outer loop
      vertex 55.678 -33.5313 2.4
      vertex 49.471 -33.528 2.4
      vertex 54.2473 -35.8083 2.4
    endloop
  endfacet
  facet normal 0 0 1
    outer loop
      vertex 48.9529 -32.2771 2.4
      vertex 50.8139 -27.3959 2.4
      vertex 49.6883 -27.9074 2.4
    endloop
  endfacet
  facet normal 0 0 1
    outer loop
      vertex 54.2473 -35.8083 2.4
      vertex 49.3363 -34.2049 2.4
      vertex 52.5861 -38.206 2.4
    endloop
  endfacet
  facet normal -0 0 1
    outer loop
      vertex 48.9529 -34.7789 2.4
      vertex 52.5861 -38.206 2.4
      vertex 49.3363 -34.2049 2.4
    endloop
  endfacet
  facet normal -0 0 1
    outer loop
      vertex 48.3789 -35.1623 2.4
      vertex 52.5861 -38.206 2.4
      vertex 48.9529 -34.7789 2.4
    endloop
  endfacet
  facet normal 0 0 1
    outer loop
      vertex 52.5861 -38.206 2.4
      vertex 48.3789 -35.1623 2.4
      vertex 50.819 -40.5268 2.4
    endloop
  endfacet
  facet normal -0 0 1
    outer loop
      vertex 47.702 -35.297 2.4
      vertex 50.819 -40.5268 2.4
      vertex 48.3789 -35.1623 2.4
    endloop
  endfacet
  facet normal 0 0 1
    outer loop
      vertex 50.819 -40.5268 2.4
      vertex 47.702 -35.297 2.4
      vertex 48.9496 -42.766 2.4
    endloop
  endfacet
  facet normal 0 0 1
    outer loop
      vertex 47.025 -35.1623 2.4
      vertex 48.9496 -42.766 2.4
      vertex 47.702 -35.297 2.4
    endloop
  endfacet
  facet normal 0 0 1
    outer loop
      vertex 42.944 -34.565 2.4
      vertex 48.9496 -42.766 2.4
      vertex 47.025 -35.1623 2.4
    endloop
  endfacet
  facet normal 0 0 1
    outer loop
      vertex 43.621 -34.4303 2.4
      vertex 47.025 -35.1623 2.4
      vertex 46.4511 -34.7789 2.4
    endloop
  endfacet
  facet normal 0 0 1
    outer loop
      vertex 44.1949 -34.0469 2.4
      vertex 46.4511 -34.7789 2.4
      vertex 46.0676 -34.2049 2.4
    endloop
  endfacet
  facet normal 0 0 1
    outer loop
      vertex 44.5783 -33.473 2.4
      vertex 46.0676 -34.2049 2.4
      vertex 45.933 -33.528 2.4
    endloop
  endfacet
  facet normal -0 -0 1
    outer loop
      vertex 44.713 -32.796 2.4
      vertex 46.0676 -32.851 2.4
      vertex 44.5783 -32.119 2.4
    endloop
  endfacet
  facet normal -0 0 1
    outer loop
      vertex 44.5783 -33.473 2.4
      vertex 45.933 -33.528 2.4
      vertex 44.713 -32.796 2.4
    endloop
  endfacet
  facet normal 0 0 1
    outer loop
      vertex 44.2061 -31.562 2.4
      vertex 45.3253 -29.0264 2.4
      vertex 44.9007 -29.0785 2.4
    endloop
  endfacet
  facet normal 0 0 1
    outer loop
      vertex 46.0676 -34.2049 2.4
      vertex 44.5783 -33.473 2.4
      vertex 44.1949 -34.0469 2.4
    endloop
  endfacet
  facet normal 0 0 1
    outer loop
      vertex 46.4511 -34.7789 2.4
      vertex 44.1949 -34.0469 2.4
      vertex 43.621 -34.4303 2.4
    endloop
  endfacet
  facet normal -0 0 1
    outer loop
      vertex 42.944 -34.565 2.4
      vertex 47.025 -35.1623 2.4
      vertex 43.621 -34.4303 2.4
    endloop
  endfacet
  facet normal 0 0 1
    outer loop
      vertex 48.9496 -42.766 2.4
      vertex 42.944 -34.565 2.4
      vertex 46.9817 -44.9191 2.4
    endloop
  endfacet
  facet normal 0 0 1
    outer loop
      vertex 46.9817 -44.9191 2.4
      vertex 42.944 -34.565 2.4
      vertex 44.9191 -46.9817 2.4
    endloop
  endfacet
  facet normal 0 0 1
    outer loop
      vertex 42.267 -34.4303 2.4
      vertex 44.9191 -46.9817 2.4
      vertex 42.944 -34.565 2.4
    endloop
  endfacet
  facet normal 0 0 1
    outer loop
      vertex 44.9191 -46.9817 2.4
      vertex 42.267 -34.4303 2.4
      vertex 42.766 -48.9496 2.4
    endloop
  endfacet
  facet normal 0 0 1
    outer loop
      vertex 41.6931 -34.0469 2.4
      vertex 42.766 -48.9496 2.4
      vertex 42.267 -34.4303 2.4
    endloop
  endfacet
  facet normal 0 0 1
    outer loop
      vertex 38.206 -52.5861 2.4
      vertex 41.6931 -34.0469 2.4
      vertex 41.3096 -33.473 2.4
    endloop
  endfacet
  facet normal 0 0 1
    outer loop
      vertex 38.2408 -26.1896 2.4
      vertex 41.3096 -33.473 2.4
      vertex 41.175 -32.796 2.4
    endloop
  endfacet
  facet normal 0 0 1
    outer loop
      vertex 41.6931 -34.0469 2.4
      vertex 40.5268 -50.819 2.4
      vertex 42.766 -48.9496 2.4
    endloop
  endfacet
  facet normal 0 0 1
    outer loop
      vertex 39.5943 -27.5072 2.4
      vertex 41.3096 -32.119 2.4
      vertex 40.414 -28.2219 2.4
    endloop
  endfacet
  facet normal 0 0 1
    outer loop
      vertex 39.199 -27.2066 2.4
      vertex 41.3096 -32.119 2.4
      vertex 39.5943 -27.5072 2.4
    endloop
  endfacet
  facet normal 0 0 1
    outer loop
      vertex 39.5943 -27.5072 2.4
      vertex 40.414 -28.2219 2.4
      vertex 39.9552 -27.7642 2.4
    endloop
  endfacet
  facet normal 0 0 1
    outer loop
      vertex 39.5943 -27.5072 2.4
      vertex 39.9552 -27.7642 2.4
      vertex 39.9356 -27.7267 2.4
    endloop
  endfacet
  facet normal 0 0 1
    outer loop
      vertex 41.3096 -32.119 2.4
      vertex 39.199 -27.2066 2.4
      vertex 41.175 -32.796 2.4
    endloop
  endfacet
  facet normal 0 0 1
    outer loop
      vertex 38.8359 -26.8813 2.4
      vertex 41.175 -32.796 2.4
      vertex 39.199 -27.2066 2.4
    endloop
  endfacet
  facet normal 0 0 1
    outer loop
      vertex 38.5138 -26.5396 2.4
      vertex 41.175 -32.796 2.4
      vertex 38.8359 -26.8813 2.4
    endloop
  endfacet
  facet normal 0 0 1
    outer loop
      vertex 38.2408 -26.1896 2.4
      vertex 41.175 -32.796 2.4
      vertex 38.5138 -26.5396 2.4
    endloop
  endfacet
  facet normal 0 0 1
    outer loop
      vertex 41.3096 -33.473 2.4
      vertex 38.2408 -26.1896 2.4
      vertex 30.8015 -57.2387 2.4
    endloop
  endfacet
  facet normal 0 0 1
    outer loop
      vertex 41.6931 -34.0469 2.4
      vertex 38.206 -52.5861 2.4
      vertex 40.5268 -50.819 2.4
    endloop
  endfacet
  facet normal 0 0 1
    outer loop
      vertex 28.2024 -58.563 2.4
      vertex 38.2408 -26.1896 2.4
      vertex 38.0234 -25.8401 2.4
    endloop
  endfacet
  facet normal 0 0 1
    outer loop
      vertex 25.5466 -59.7693 2.4
      vertex 38.0234 -25.8401 2.4
      vertex 37.8672 -25.4997 2.4
    endloop
  endfacet
  facet normal 0 0 1
    outer loop
      vertex 11.3002 -5.97124 2.4
      vertex 37.8672 -25.4997 2.4
      vertex 37.7758 -25.1767 2.4
    endloop
  endfacet
  facet normal 0 0 1
    outer loop
      vertex 12.5708 -5.75031 2.4
      vertex 37.7758 -25.1767 2.4
      vertex 37.7517 -24.8791 2.4
    endloop
  endfacet
  facet normal 0 0 1
    outer loop
      vertex 14.6923 -4.19948 2.4
      vertex 37.621 -10.1861 2.4
      vertex 36.9148 -7.62032 2.4
    endloop
  endfacet
  facet normal -0 0 1
    outer loop
      vertex 13.0257 -5.51852 2.4
      vertex 37.7953 -24.6142 2.4
      vertex 13.7171 -5.15344 2.4
    endloop
  endfacet
  facet normal 0 0 1
    outer loop
      vertex 15.2193 -3.38873 2.4
      vertex 36.9148 -7.62032 2.4
      vertex 36.2396 -5.05449 2.4
    endloop
  endfacet
  facet normal 0 0 1
    outer loop
      vertex 37.7953 -24.6142 2.4
      vertex 12.5708 -5.75031 2.4
      vertex 37.7517 -24.8791 2.4
    endloop
  endfacet
  facet normal 0 0 1
    outer loop
      vertex 15.9029 -1.88501 2.4
      vertex 36.2396 -5.05449 2.4
      vertex 35.5956 -2.48869 2.4
    endloop
  endfacet
  facet normal -0 0 1
    outer loop
      vertex 16.2644 -0.627792 2.4
      vertex 35.5956 -2.48869 2.4
      vertex 34.9827 0.0771179 2.4
    endloop
  endfacet
  facet normal 0 0 1
    outer loop
      vertex 16.348 -0.0999908 2.4
      vertex 34.9827 0.0771179 2.4
      vertex 34.4009 2.64293 2.4
    endloop
  endfacet
  facet normal 0 0 1
    outer loop
      vertex 16.6752 2.12726 2.4
      vertex 34.4009 2.64293 2.4
      vertex 33.8503 5.20876 2.4
    endloop
  endfacet
  facet normal 0 0 1
    outer loop
      vertex 37.621 -10.1861 2.4
      vertex 14.6923 -4.19948 2.4
      vertex 14.3246 -4.56721 2.4
    endloop
  endfacet
  facet normal 0 0 1
    outer loop
      vertex 26.8833 12.0863 2.4
      vertex 33.8503 5.20876 2.4
      vertex 33.3307 7.77454 2.4
    endloop
  endfacet
  facet normal 0 0 1
    outer loop
      vertex 30.3666 11.9946 2.4
      vertex 33.3307 7.77454 2.4
      vertex 32.8423 10.3404 2.4
    endloop
  endfacet
  facet normal -0 0 1
    outer loop
      vertex 32.1122 12.201 2.4
      vertex 32.8423 10.3404 2.4
      vertex 32.4958 12.2847 2.4
    endloop
  endfacet
  facet normal -0 0 1
    outer loop
      vertex 30.3666 11.9946 2.4
      vertex 32.8423 10.3404 2.4
      vertex 32.1122 12.201 2.4
    endloop
  endfacet
  facet normal 0 0 1
    outer loop
      vertex 36.9148 -7.62032 2.4
      vertex 15.2193 -3.38873 2.4
      vertex 14.6923 -4.19948 2.4
    endloop
  endfacet
  facet normal 0 0 1
    outer loop
      vertex 33.3307 7.77454 2.4
      vertex 30.3666 11.9946 2.4
      vertex 28.6092 11.9561 2.4
    endloop
  endfacet
  facet normal 0 0 1
    outer loop
      vertex 26.8833 12.0863 2.4
      vertex 33.3307 7.77454 2.4
      vertex 28.6092 11.9561 2.4
    endloop
  endfacet
  facet normal 0 0 1
    outer loop
      vertex 37.621 -10.1861 2.4
      vertex 14.3246 -4.56721 2.4
      vertex 13.7171 -5.15344 2.4
    endloop
  endfacet
  facet normal 0 0 1
    outer loop
      vertex 33.8503 5.20876 2.4
      vertex 26.8833 12.0863 2.4
      vertex 16.8706 4.20013 2.4
    endloop
  endfacet
  facet normal 0 0 1
    outer loop
      vertex 36.2396 -5.05449 2.4
      vertex 15.4576 -2.92111 2.4
      vertex 15.2193 -3.38873 2.4
    endloop
  endfacet
  facet normal 0 0 1
    outer loop
      vertex 16.8706 4.20013 2.4
      vertex 26.8833 12.0863 2.4
      vertex 25.2314 12.382 2.4
    endloop
  endfacet
  facet normal 0 0 1
    outer loop
      vertex 16.9343 6.11859 2.4
      vertex 25.2314 12.382 2.4
      vertex 23.6943 12.836 2.4
    endloop
  endfacet
  facet normal 0 0 1
    outer loop
      vertex 36.2396 -5.05449 2.4
      vertex 15.9029 -1.88501 2.4
      vertex 15.4576 -2.92111 2.4
    endloop
  endfacet
  facet normal 0 0 1
    outer loop
      vertex 16.8661 7.88269 2.4
      vertex 23.6943 12.836 2.4
      vertex 22.3097 13.4372 2.4
    endloop
  endfacet
  facet normal 0 0 1
    outer loop
      vertex 19.52 14.357 2.4
      vertex 22.3097 13.4372 2.4
      vertex 21.1118 14.1706 2.4
    endloop
  endfacet
  facet normal -0 0 1
    outer loop
      vertex 20.3447 14.6249 2.4
      vertex 21.1118 14.1706 2.4
      vertex 20.4563 14.7366 2.4
    endloop
  endfacet
  facet normal -0 0 1
    outer loop
      vertex 19.9535 14.4257 2.4
      vertex 21.1118 14.1706 2.4
      vertex 20.3447 14.6249 2.4
    endloop
  endfacet
  facet normal 0 0 1
    outer loop
      vertex 35.5956 -2.48869 2.4
      vertex 16.2644 -0.627792 2.4
      vertex 15.9029 -1.88501 2.4
    endloop
  endfacet
  facet normal -0 0 1
    outer loop
      vertex 19.52 14.357 2.4
      vertex 21.1118 14.1706 2.4
      vertex 19.9535 14.4257 2.4
    endloop
  endfacet
  facet normal 0 0 1
    outer loop
      vertex 16.8661 7.88269 2.4
      vertex 22.3097 13.4372 2.4
      vertex 19.52 14.357 2.4
    endloop
  endfacet
  facet normal 0 0 1
    outer loop
      vertex 16.8661 7.88269 2.4
      vertex 19.52 14.357 2.4
      vertex 19.0864 14.4257 2.4
    endloop
  endfacet
  facet normal 0 0 1
    outer loop
      vertex 16.8661 7.88269 2.4
      vertex 19.0864 14.4257 2.4
      vertex 18.6953 14.6249 2.4
    endloop
  endfacet
  facet normal 0 0 1
    outer loop
      vertex 16.8661 7.88269 2.4
      vertex 18.6953 14.6249 2.4
      vertex 18.3849 14.9353 2.4
    endloop
  endfacet
  facet normal 0 0 1
    outer loop
      vertex 16.8661 7.88269 2.4
      vertex 18.3849 14.9353 2.4
      vertex 17.3155 16.6696 2.4
    endloop
  endfacet
  facet normal 0 0 1
    outer loop
      vertex 25.2314 12.382 2.4
      vertex 16.9343 6.11859 2.4
      vertex 16.8706 4.20013 2.4
    endloop
  endfacet
  facet normal 0 0 1
    outer loop
      vertex 14.763 14.9729 2.4
      vertex 17.3155 16.6696 2.4
      vertex 17.1176 17.0579 2.4
    endloop
  endfacet
  facet normal 0 0 1
    outer loop
      vertex 33.8503 5.20876 2.4
      vertex 16.8706 4.20013 2.4
      vertex 16.6752 2.12726 2.4
    endloop
  endfacet
  facet normal 0 0 1
    outer loop
      vertex 34.4009 2.64293 2.4
      vertex 16.6752 2.12726 2.4
      vertex 16.348 -0.0999908 2.4
    endloop
  endfacet
  facet normal 0 0 1
    outer loop
      vertex 34.9827 0.0771179 2.4
      vertex 16.348 -0.0999908 2.4
      vertex 16.2644 -0.627792 2.4
    endloop
  endfacet
  facet normal -0 0 1
    outer loop
      vertex 12.5708 -5.75031 2.4
      vertex 37.7953 -24.6142 2.4
      vertex 13.0257 -5.51852 2.4
    endloop
  endfacet
  facet normal 0 0 1
    outer loop
      vertex 37.7758 -25.1767 2.4
      vertex 12.5708 -5.75031 2.4
      vertex 11.7998 -5.89211 2.4
    endloop
  endfacet
  facet normal 0 0 1
    outer loop
      vertex 41.3096 -33.473 2.4
      vertex 35.8083 -54.2473 2.4
      vertex 38.206 -52.5861 2.4
    endloop
  endfacet
  facet normal 0 0 1
    outer loop
      vertex 41.3096 -33.473 2.4
      vertex 33.3384 -55.7992 2.4
      vertex 35.8083 -54.2473 2.4
    endloop
  endfacet
  facet normal 0 0 1
    outer loop
      vertex 41.3096 -33.473 2.4
      vertex 30.8015 -57.2387 2.4
      vertex 33.3384 -55.7992 2.4
    endloop
  endfacet
  facet normal 0 0 1
    outer loop
      vertex 37.7758 -25.1767 2.4
      vertex 11.7998 -5.89211 2.4
      vertex 11.3002 -5.97124 2.4
    endloop
  endfacet
  facet normal 0 0 1
    outer loop
      vertex 38.2408 -26.1896 2.4
      vertex 28.2024 -58.563 2.4
      vertex 30.8015 -57.2387 2.4
    endloop
  endfacet
  facet normal 0 0 1
    outer loop
      vertex 37.8672 -25.4997 2.4
      vertex 11.3002 -5.97124 2.4
      vertex 20.0861 -61.8187 2.4
    endloop
  endfacet
  facet normal 0 0 1
    outer loop
      vertex 38.0234 -25.8401 2.4
      vertex 25.5466 -59.7693 2.4
      vertex 28.2024 -58.563 2.4
    endloop
  endfacet
  facet normal 0 0 1
    outer loop
      vertex 37.8672 -25.4997 2.4
      vertex 22.8394 -60.8553 2.4
      vertex 25.5466 -59.7693 2.4
    endloop
  endfacet
  facet normal 0 0 1
    outer loop
      vertex 37.8672 -25.4997 2.4
      vertex 20.0861 -61.8187 2.4
      vertex 22.8394 -60.8553 2.4
    endloop
  endfacet
  facet normal 0 0 1
    outer loop
      vertex 20.0861 -61.8187 2.4
      vertex 11.3002 -5.97124 2.4
      vertex 17.2924 -62.6576 2.4
    endloop
  endfacet
  facet normal 0 0 1
    outer loop
      vertex 17.2924 -62.6576 2.4
      vertex 11.3002 -5.97124 2.4
      vertex 14.4639 -63.3703 2.4
    endloop
  endfacet
  facet normal 0 0 1
    outer loop
      vertex 10.45 -5.89117 2.4
      vertex 14.4639 -63.3703 2.4
      vertex 11.3002 -5.97124 2.4
    endloop
  endfacet
  facet normal 0 0 1
    outer loop
      vertex 14.4639 -63.3703 2.4
      vertex 10.45 -5.89117 2.4
      vertex 11.6062 -63.9554 2.4
    endloop
  endfacet
  facet normal 0 0 1
    outer loop
      vertex 9.95523 -5.81281 2.4
      vertex 11.6062 -63.9554 2.4
      vertex 10.45 -5.89117 2.4
    endloop
  endfacet
  facet normal 0 0 1
    outer loop
      vertex 1.2 -64.9731 2.4
      vertex 9.95523 -5.81281 2.4
      vertex 9.02588 -5.51236 2.4
    endloop
  endfacet
  facet normal 0 0 1
    outer loop
      vertex 9.95523 -5.81281 2.4
      vertex 8.72516 -64.4117 2.4
      vertex 11.6062 -63.9554 2.4
    endloop
  endfacet
  facet normal 0 0 1
    outer loop
      vertex -1.2 -64.9731 2.4
      vertex 9.02588 -5.51236 2.4
      vertex 8.58376 -5.28708 2.4
    endloop
  endfacet
  facet normal 0 0 1
    outer loop
      vertex -1.2 -64.9731 2.4
      vertex 8.58376 -5.28708 2.4
      vertex 8.23289 -4.9362 2.4
    endloop
  endfacet
  facet normal 0 0 1
    outer loop
      vertex 8.0076 -3.51387 2.4
      vertex -3.08398 5.22783 2.4
      vertex 7.92999 -4.00398 2.4
    endloop
  endfacet
  facet normal -0 0 1
    outer loop
      vertex -3.08398 5.22783 2.4
      vertex 8.0076 -3.51387 2.4
      vertex -1.66904 5.7773 2.4
    endloop
  endfacet
  facet normal -0 0 1
    outer loop
      vertex -0.363205 6.52747 2.4
      vertex 8.58376 -2.72089 2.4
      vertex 0.801346 7.45995 2.4
    endloop
  endfacet
  facet normal 0 0 1
    outer loop
      vertex 3.1823 11.1025 2.4
      vertex 7.42422 13.421 2.4
      vertex 6.81612 13.5322 2.4
    endloop
  endfacet
  facet normal -0 0 1
    outer loop
      vertex -1.66904 5.7773 2.4
      vertex 8.23289 -3.07175 2.4
      vertex -0.363205 6.52747 2.4
    endloop
  endfacet
  facet normal 0 0 1
    outer loop
      vertex 3.1823 11.1025 2.4
      vertex 6.81612 13.5322 2.4
      vertex 5.52011 13.6167 2.4
    endloop
  endfacet
  facet normal 0 0 1
    outer loop
      vertex 3.53983 12.4986 2.4
      vertex 5.52011 13.6167 2.4
      vertex 3.88025 13.5606 2.4
    endloop
  endfacet
  facet normal 0 0 1
    outer loop
      vertex 3.53983 12.4986 2.4
      vertex 3.88025 13.5606 2.4
      vertex 3.62645 13.5304 2.4
    endloop
  endfacet
  facet normal 0 0 1
    outer loop
      vertex 5.52011 13.6167 2.4
      vertex 3.53983 12.4986 2.4
      vertex 3.1823 11.1025 2.4
    endloop
  endfacet
  facet normal 0 0 1
    outer loop
      vertex 10.0932 12.1174 2.4
      vertex 3.1823 11.1025 2.4
      vertex 2.59622 9.77597 2.4
    endloop
  endfacet
  facet normal 0 0 1
    outer loop
      vertex 8.58376 -2.72089 2.4
      vertex -0.363205 6.52747 2.4
      vertex 8.23289 -3.07175 2.4
    endloop
  endfacet
  facet normal 0 0 1
    outer loop
      vertex 8.23289 -3.07175 2.4
      vertex -1.66904 5.7773 2.4
      vertex 8.0076 -3.51387 2.4
    endloop
  endfacet
  facet normal -0 0 1
    outer loop
      vertex -4.57318 4.89265 2.4
      vertex 7.92999 -4.00398 2.4
      vertex -3.08398 5.22783 2.4
    endloop
  endfacet
  facet normal 0 0 1
    outer loop
      vertex 9.95523 -5.81281 2.4
      vertex 5.82655 -64.7383 2.4
      vertex 8.72516 -64.4117 2.4
    endloop
  endfacet
  facet normal 0 0 1
    outer loop
      vertex 9.95523 -5.81281 2.4
      vertex 1.2 -64.9731 2.4
      vertex 2.9162 -64.9345 2.4
    endloop
  endfacet
  facet normal 0 0 1
    outer loop
      vertex 9.95523 -5.81281 2.4
      vertex 2.9162 -64.9345 2.4
      vertex 5.82655 -64.7383 2.4
    endloop
  endfacet
  facet normal 0 0 1
    outer loop
      vertex 48.31 38.4399 2.4
      vertex 51.0427 36.0044 2.4
      vertex 51.0288 36.9421 2.4
    endloop
  endfacet
  facet normal 0 0 1
    outer loop
      vertex 51.0427 36.0044 2.4
      vertex 48.31 38.4399 2.4
      vertex 51.0417 34.06 2.4
    endloop
  endfacet
  facet normal 0 0 1
    outer loop
      vertex 40.748 21.86 2.4
      vertex 50.752 25.52 2.4
      vertex 47.092 31.01 2.4
    endloop
  endfacet
  facet normal 0 0 1
    outer loop
      vertex 50.752 25.52 2.4
      vertex 40.748 21.86 2.4
      vertex 50.6081 23.1944 2.4
    endloop
  endfacet
  facet normal 0 0 1
    outer loop
      vertex 50.6081 23.1944 2.4
      vertex 40.748 21.86 2.4
      vertex 50.4355 20.7925 2.4
    endloop
  endfacet
  facet normal 0 -0 1
    outer loop
      vertex 40.8742 20.6494 2.4
      vertex 50.4355 20.7925 2.4
      vertex 40.748 21.86 2.4
    endloop
  endfacet
  facet normal 0 -0 1
    outer loop
      vertex 41.0866 19.5929 2.4
      vertex 50.4355 20.7925 2.4
      vertex 40.8742 20.6494 2.4
    endloop
  endfacet
  facet normal 0 0 1
    outer loop
      vertex 50.2345 18.3144 2.4
      vertex 41.48 16.98 2.4
      vertex 50.0047 15.76 2.4
    endloop
  endfacet
  facet normal 0 0 1
    outer loop
      vertex 50.0047 15.76 2.4
      vertex 41.6001 14.3657 2.4
      vertex 49.7464 13.1294 2.4
    endloop
  endfacet
  facet normal 0 -0 1
    outer loop
      vertex 41.7514 11.7514 2.4
      vertex 49.7464 13.1294 2.4
      vertex 41.6001 14.3657 2.4
    endloop
  endfacet
  facet normal 0 0 1
    outer loop
      vertex 47.092 31.01 2.4
      vertex 50.5142 31.9241 2.4
      vertex 47.7907 35.272 2.4
    endloop
  endfacet
  facet normal 0 0 1
    outer loop
      vertex 50.4355 20.7925 2.4
      vertex 41.0866 19.5929 2.4
      vertex 50.2345 18.3144 2.4
    endloop
  endfacet
  facet normal 0 0 1
    outer loop
      vertex 49.4595 10.4225 2.4
      vertex 48.7468 8.47589 2.4
      vertex 49.2631 8.68973 2.4
    endloop
  endfacet
  facet normal 0 -0 1
    outer loop
      vertex 48.1919 8.13579 2.4
      vertex 49.4595 10.4225 2.4
      vertex 41.7514 11.7514 2.4
    endloop
  endfacet
  facet normal 0 0 1
    outer loop
      vertex 49.4595 10.4225 2.4
      vertex 48.1919 8.13579 2.4
      vertex 48.7468 8.47589 2.4
    endloop
  endfacet
  facet normal 0 0 1
    outer loop
      vertex 48.1919 8.13579 2.4
      vertex 41.7514 11.7514 2.4
      vertex 47.6969 7.71307 2.4
    endloop
  endfacet
  facet normal -0 -0 1
    outer loop
      vertex 41.9337 9.13713 2.4
      vertex 47.6969 7.71307 2.4
      vertex 41.7514 11.7514 2.4
    endloop
  endfacet
  facet normal 0 0 1
    outer loop
      vertex 47.6969 7.71307 2.4
      vertex 41.9337 9.13713 2.4
      vertex 47.2742 7.21811 2.4
    endloop
  endfacet
  facet normal 0 0 1
    outer loop
      vertex 46.6306 -5.01845 2.4
      vertex 46.3469 -5.79979 2.4
      vertex 46.4456 -5.57695 2.4
    endloop
  endfacet
  facet normal 0 0 1
    outer loop
      vertex 46.5331 4.1311 2.4
      vertex 42.9745 -1.31999 2.4
      vertex 46.3469 -5.79979 2.4
    endloop
  endfacet
  facet normal -0 0 1
    outer loop
      vertex 43.6412 31.8096 2.4
      vertex 47.092 31.01 2.4
      vertex 46.2589 35.2446 2.4
    endloop
  endfacet
  facet normal 0 0 1
    outer loop
      vertex 47.2742 7.21811 2.4
      vertex 41.9337 9.13713 2.4
      vertex 46.9341 6.66315 2.4
    endloop
  endfacet
  facet normal 0 0 1
    outer loop
      vertex 46.685 6.06178 2.4
      vertex 42.1472 6.52283 2.4
      vertex 46.5331 5.42888 2.4
    endloop
  endfacet
  facet normal 0 -0 1
    outer loop
      vertex 42.3919 3.90857 2.4
      vertex 46.5331 5.42888 2.4
      vertex 42.1472 6.52283 2.4
    endloop
  endfacet
  facet normal 0 0 1
    outer loop
      vertex 46.5331 4.1311 2.4
      vertex 42.3919 3.90857 2.4
      vertex 42.6676 1.2943 2.4
    endloop
  endfacet
  facet normal 0 0 1
    outer loop
      vertex 46.5331 4.1311 2.4
      vertex 42.6676 1.2943 2.4
      vertex 42.9745 -1.31999 2.4
    endloop
  endfacet
  facet normal 0 0 1
    outer loop
      vertex 46.0378 -6.74226 2.4
      vertex 45.3302 -16.1278 2.4
      vertex 45.8626 -18.7906 2.4
    endloop
  endfacet
  facet normal -0 -0 1
    outer loop
      vertex 43.3125 -3.93428 2.4
      vertex 46.3469 -5.79979 2.4
      vertex 42.9745 -1.31999 2.4
    endloop
  endfacet
  facet normal 0 0 1
    outer loop
      vertex 46.0378 -6.74226 2.4
      vertex 44.8289 -13.4651 2.4
      vertex 45.3302 -16.1278 2.4
    endloop
  endfacet
  facet normal 0 0 1
    outer loop
      vertex 46.0378 -6.74226 2.4
      vertex 44.3588 -10.8023 2.4
      vertex 44.8289 -13.4651 2.4
    endloop
  endfacet
  facet normal 0 0 1
    outer loop
      vertex 46.0378 -6.74226 2.4
      vertex 43.9954 -8.5984 2.4
      vertex 44.3588 -10.8023 2.4
    endloop
  endfacet
  facet normal 0 0 1
    outer loop
      vertex 46.0378 -6.74226 2.4
      vertex 43.6816 -6.54855 2.4
      vertex 43.9954 -8.5984 2.4
    endloop
  endfacet
  facet normal 0 0 1
    outer loop
      vertex 40.748 21.86 2.4
      vertex 47.092 31.01 2.4
      vertex 43.6412 31.8096 2.4
    endloop
  endfacet
  facet normal 0 0 1
    outer loop
      vertex 45.9599 -6.24994 2.4
      vertex 43.6816 -6.54855 2.4
      vertex 45.933 -6.41959 2.4
    endloop
  endfacet
  facet normal 0 0 1
    outer loop
      vertex 47.6969 1.84692 2.4
      vertex 47.9315 1.5289 2.4
      vertex 47.9475 1.6329 2.4
    endloop
  endfacet
  facet normal 0 0 1
    outer loop
      vertex 47.9315 1.5289 2.4
      vertex 47.6969 1.84692 2.4
      vertex 47.7282 0.279999 2.4
    endloop
  endfacet
  facet normal 0 0 1
    outer loop
      vertex 47.2742 2.34187 2.4
      vertex 47.7282 0.279999 2.4
      vertex 47.6969 1.84692 2.4
    endloop
  endfacet
  facet normal 0 0 1
    outer loop
      vertex 46.9341 2.89685 2.4
      vertex 47.7282 0.279999 2.4
      vertex 47.2742 2.34187 2.4
    endloop
  endfacet
  facet normal 0 0 1
    outer loop
      vertex 47.7282 0.279999 2.4
      vertex 46.9341 2.89685 2.4
      vertex 47.4856 -1.11383 2.4
    endloop
  endfacet
  facet normal 0 0 1
    outer loop
      vertex 47.4856 -1.11383 2.4
      vertex 46.9341 2.89685 2.4
      vertex 47.2546 -2.34061 2.4
    endloop
  endfacet
  facet normal 0 0 1
    outer loop
      vertex 46.685 3.4982 2.4
      vertex 47.2546 -2.34061 2.4
      vertex 46.9341 2.89685 2.4
    endloop
  endfacet
  facet normal 0 0 1
    outer loop
      vertex 47.2546 -2.34061 2.4
      vertex 46.685 3.4982 2.4
      vertex 47.035 -3.40028 2.4
    endloop
  endfacet
  facet normal 0 0 1
    outer loop
      vertex 47.035 -3.40028 2.4
      vertex 46.685 3.4982 2.4
      vertex 46.8271 -4.29291 2.4
    endloop
  endfacet
  facet normal 0 0 1
    outer loop
      vertex 46.3469 -5.79979 2.4
      vertex 46.8271 -4.29291 2.4
      vertex 46.685 3.4982 2.4
    endloop
  endfacet
  facet normal 0 0 1
    outer loop
      vertex 46.3469 -5.79979 2.4
      vertex 46.685 3.4982 2.4
      vertex 46.5331 4.1311 2.4
    endloop
  endfacet
  facet normal 0 0 1
    outer loop
      vertex 42.3919 3.90857 2.4
      vertex 46.5331 4.1311 2.4
      vertex 46.482 4.78 2.4
    endloop
  endfacet
  facet normal 0 0 1
    outer loop
      vertex 46.3469 -5.79979 2.4
      vertex 46.6306 -5.01845 2.4
      vertex 46.8271 -4.29291 2.4
    endloop
  endfacet
  facet normal 0 0 1
    outer loop
      vertex 41.2411 18.488 2.4
      vertex 41.0866 19.5929 2.4
      vertex 41.0443 18.8742 2.4
    endloop
  endfacet
  facet normal 0 -0 1
    outer loop
      vertex 41.48 16.98 2.4
      vertex 50.2345 18.3144 2.4
      vertex 41.2411 18.488 2.4
    endloop
  endfacet
  facet normal 0 0 1
    outer loop
      vertex 40.748 21.86 2.4
      vertex 40.3914 21.6607 2.4
      vertex 40.8742 20.6494 2.4
    endloop
  endfacet
  facet normal 0 -0 1
    outer loop
      vertex 40.3914 21.6607 2.4
      vertex 40.748 21.86 2.4
      vertex 40.2343 21.86 2.4
    endloop
  endfacet
  facet normal 0 0 1
    outer loop
      vertex 41.4 -77.4 2.4
      vertex 38 -77.4 2.4
      vertex 41.4 -77.8 2.4
    endloop
  endfacet
  facet normal 0 0 1
    outer loop
      vertex 57.4 -77.4 2.4
      vertex 42.6 -77.4 2.4
      vertex 57.4 -77.8 2.4
    endloop
  endfacet
  facet normal 0 0 1
    outer loop
      vertex 56.8713 -31.449 2.4
      vertex 58.2772 -35.032 2.4
      vertex 59.4688 -32.9487 2.4
    endloop
  endfacet
  facet normal -0 0 1
    outer loop
      vertex 54.9802 -23.4891 2.4
      vertex 59.7693 -25.5466 2.4
      vertex 55.0824 -22.8491 2.4
    endloop
  endfacet
  facet normal 0 0 1
    outer loop
      vertex 56.8713 -31.449 2.4
      vertex 55.678 -33.5313 2.4
      vertex 58.2772 -35.032 2.4
    endloop
  endfacet
  facet normal 0 0 1
    outer loop
      vertex 59.7693 -25.5466 2.4
      vertex 54.6898 -24.1599 2.4
      vertex 58.563 -28.2024 2.4
    endloop
  endfacet
  facet normal -0 0 1
    outer loop
      vertex 54.2183 -24.8452 2.4
      vertex 58.563 -28.2024 2.4
      vertex 54.6898 -24.1599 2.4
    endloop
  endfacet
  facet normal 0 0 1
    outer loop
      vertex 51.9245 -20.4412 2.4
      vertex 55.9316 -5.31526 2.4
      vertex 55.0822 -5.11879 2.4
    endloop
  endfacet
  facet normal -0 0 1
    outer loop
      vertex 54.6898 -24.1599 2.4
      vertex 59.7693 -25.5466 2.4
      vertex 54.9802 -23.4891 2.4
    endloop
  endfacet
  facet normal 0 0 1
    outer loop
      vertex 55.9316 -5.31526 2.4
      vertex 54.7168 -21.7237 2.4
      vertex 54.9939 -22.2558 2.4
    endloop
  endfacet
  facet normal 0 0 1
    outer loop
      vertex 48.5733 -6.0083 2.4
      vertex 55.0822 -5.11879 2.4
      vertex 54.2788 -4.74948 2.4
    endloop
  endfacet
  facet normal 0 0 1
    outer loop
      vertex 55.9316 -5.31526 2.4
      vertex 54.2579 -21.2661 2.4
      vertex 54.7168 -21.7237 2.4
    endloop
  endfacet
  facet normal 0 0 1
    outer loop
      vertex 48.5733 -6.0083 2.4
      vertex 54.2788 -4.74948 2.4
      vertex 53.9325 -4.573 2.4
    endloop
  endfacet
  facet normal 0 0 1
    outer loop
      vertex 55.9316 -5.31526 2.4
      vertex 53.6286 -20.894 2.4
      vertex 54.2579 -21.2661 2.4
    endloop
  endfacet
  facet normal 0 0 1
    outer loop
      vertex 49.0139 -5.40715 2.4
      vertex 53.9325 -4.573 2.4
      vertex 53.1366 -4.01115 2.4
    endloop
  endfacet
  facet normal 0 0 1
    outer loop
      vertex 55.9316 -5.31526 2.4
      vertex 52.8444 -20.6168 2.4
      vertex 53.6286 -20.894 2.4
    endloop
  endfacet
  facet normal 0 0 1
    outer loop
      vertex 49.6621 -4.25389 2.4
      vertex 53.1366 -4.01115 2.4
      vertex 52.3868 -3.27647 2.4
    endloop
  endfacet
  facet normal 0 0 1
    outer loop
      vertex 50.1455 -3.27989 2.4
      vertex 52.3868 -3.27647 2.4
      vertex 52.0505 -2.94023 2.4
    endloop
  endfacet
  facet normal 0 0 1
    outer loop
      vertex 55.0822 -5.11879 2.4
      vertex 48.5733 -6.0083 2.4
      vertex 48.1442 -6.44241 2.4
    endloop
  endfacet
  facet normal -0 0 1
    outer loop
      vertex 50.6403 -2.13884 2.4
      vertex 52.0505 -2.94023 2.4
      vertex 51.3161 -2.00203 2.4
    endloop
  endfacet
  facet normal 0 0 1
    outer loop
      vertex 50.6403 -2.13884 2.4
      vertex 51.3161 -2.00203 2.4
      vertex 50.9328 -1.38327 2.4
    endloop
  endfacet
  facet normal 0 0 1
    outer loop
      vertex 52.0505 -2.94023 2.4
      vertex 50.6403 -2.13884 2.4
      vertex 50.1455 -3.27989 2.4
    endloop
  endfacet
  facet normal 0 0 1
    outer loop
      vertex 52.3868 -3.27647 2.4
      vertex 50.1455 -3.27989 2.4
      vertex 49.6621 -4.25389 2.4
    endloop
  endfacet
  facet normal 0 0 1
    outer loop
      vertex 53.1366 -4.01115 2.4
      vertex 49.6621 -4.25389 2.4
      vertex 49.466 -4.6389 2.4
    endloop
  endfacet
  facet normal 0 0 1
    outer loop
      vertex 53.1366 -4.01115 2.4
      vertex 49.466 -4.6389 2.4
      vertex 49.0139 -5.40715 2.4
    endloop
  endfacet
  facet normal 0 0 1
    outer loop
      vertex 53.9325 -4.573 2.4
      vertex 49.0139 -5.40715 2.4
      vertex 48.5733 -6.0083 2.4
    endloop
  endfacet
  facet normal 0 0 1
    outer loop
      vertex 55.0822 -5.11879 2.4
      vertex 48.1442 -6.44241 2.4
      vertex 47.9307 -6.65591 2.4
    endloop
  endfacet
  facet normal 0 0 1
    outer loop
      vertex 55.9316 -5.31526 2.4
      vertex 51.9245 -20.4412 2.4
      vertex 52.8444 -20.6168 2.4
    endloop
  endfacet
  facet normal 0 0 1
    outer loop
      vertex 55.0822 -5.11879 2.4
      vertex 47.9307 -6.65591 2.4
      vertex 51.9245 -20.4412 2.4
    endloop
  endfacet
  facet normal 0 0 1
    outer loop
      vertex 51.9245 -20.4412 2.4
      vertex 47.9307 -6.65591 2.4
      vertex 50.8917 -20.3715 2.4
    endloop
  endfacet
  facet normal -0 0 1
    outer loop
      vertex 47.5438 -6.89226 2.4
      vertex 50.8917 -20.3715 2.4
      vertex 47.9307 -6.65591 2.4
    endloop
  endfacet
  facet normal -0 0 1
    outer loop
      vertex 47.3135 -7.00964 2.4
      vertex 50.8917 -20.3715 2.4
      vertex 47.5438 -6.89226 2.4
    endloop
  endfacet
  facet normal 0 0 1
    outer loop
      vertex 50.8917 -20.3715 2.4
      vertex 47.3135 -7.00964 2.4
      vertex 49.7713 -20.4095 2.4
    endloop
  endfacet
  facet normal -0 0 1
    outer loop
      vertex 45.994 -19.62 2.4
      vertex 49.7713 -20.4095 2.4
      vertex 47.3135 -7.00964 2.4
    endloop
  endfacet
  facet normal 0 0 1
    outer loop
      vertex 49.7713 -20.4095 2.4
      vertex 45.994 -19.62 2.4
      vertex 48.5909 -20.5542 2.4
    endloop
  endfacet
  facet normal 0 0 1
    outer loop
      vertex 45.994 -19.62 2.4
      vertex 47.3135 -7.00964 2.4
      vertex 47.0581 -7.05008 2.4
    endloop
  endfacet
  facet normal 0 0 1
    outer loop
      vertex 45.994 -19.62 2.4
      vertex 47.0581 -7.05008 2.4
      vertex 46.7643 -7.09288 2.4
    endloop
  endfacet
  facet normal 0 0 1
    outer loop
      vertex 45.994 -19.62 2.4
      vertex 46.7643 -7.09288 2.4
      vertex 46.5518 -7.05922 2.4
    endloop
  endfacet
  facet normal 0 0 1
    outer loop
      vertex 45.994 -19.62 2.4
      vertex 46.5518 -7.05922 2.4
      vertex 46.3123 -6.94171 2.4
    endloop
  endfacet
  facet normal 0 0 1
    outer loop
      vertex 48.5909 -20.5542 2.4
      vertex 45.994 -19.62 2.4
      vertex 47.3796 -20.8021 2.4
    endloop
  endfacet
  facet normal 0 0 1
    outer loop
      vertex 45.994 -19.62 2.4
      vertex 46.3123 -6.94171 2.4
      vertex 46.1593 -6.86374 2.4
    endloop
  endfacet
  facet normal 0 0 1
    outer loop
      vertex 45.994 -19.62 2.4
      vertex 46.1593 -6.86374 2.4
      vertex 46.0378 -6.74226 2.4
    endloop
  endfacet
  facet normal -0 0 1
    outer loop
      vertex 45.8626 -20.4494 2.4
      vertex 47.3796 -20.8021 2.4
      vertex 45.994 -19.62 2.4
    endloop
  endfacet
  facet normal 0 0 1
    outer loop
      vertex 47.3796 -20.8021 2.4
      vertex 45.8626 -20.4494 2.4
      vertex 46.1673 -21.1471 2.4
    endloop
  endfacet
  facet normal 0 0 1
    outer loop
      vertex 45.4814 -21.1976 2.4
      vertex 46.1673 -21.1471 2.4
      vertex 45.8626 -20.4494 2.4
    endloop
  endfacet
  facet normal 0 0 1
    outer loop
      vertex 46.1673 -21.1471 2.4
      vertex 45.4814 -21.1976 2.4
      vertex 45.1646 -21.5143 2.4
    endloop
  endfacet
  facet normal -0 0 1
    outer loop
      vertex 59.8805 -32.2231 2.4
      vertex 95.4 -47 2.4
      vertex 61.2659 -29.5041 2.4
    endloop
  endfacet
  facet normal -0 0 1
    outer loop
      vertex 59.4688 -32.9487 2.4
      vertex 95.4 -47 2.4
      vertex 59.8805 -32.2231 2.4
    endloop
  endfacet
  facet normal -0 0 1
    outer loop
      vertex 58.2772 -35.032 2.4
      vertex 95.4 -47 2.4
      vertex 59.4688 -32.9487 2.4
    endloop
  endfacet
  facet normal -0 0 1
    outer loop
      vertex 56.751 -37.461 2.4
      vertex 95.4 -47 2.4
      vertex 58.2772 -35.032 2.4
    endloop
  endfacet
  facet normal -0 0 1
    outer loop
      vertex 55.0132 -39.9694 2.4
      vertex 95.4 -47 2.4
      vertex 56.751 -37.461 2.4
    endloop
  endfacet
  facet normal 0 0 1
    outer loop
      vertex 95.4 -47 2.4
      vertex 55.0132 -39.9694 2.4
      vertex 62 -75.4 2.4
    endloop
  endfacet
  facet normal -0 0 1
    outer loop
      vertex 53.1645 -42.3973 2.4
      vertex 62 -75.4 2.4
      vertex 55.0132 -39.9694 2.4
    endloop
  endfacet
  facet normal -0 0 1
    outer loop
      vertex 51.2088 -44.7398 2.4
      vertex 62 -75.4 2.4
      vertex 53.1645 -42.3973 2.4
    endloop
  endfacet
  facet normal -0 0 1
    outer loop
      vertex 49.15 -46.9922 2.4
      vertex 62 -75.4 2.4
      vertex 51.2088 -44.7398 2.4
    endloop
  endfacet
  facet normal -0 0 1
    outer loop
      vertex 46.9922 -49.15 2.4
      vertex 62 -75.4 2.4
      vertex 49.15 -46.9922 2.4
    endloop
  endfacet
  facet normal -0 0 1
    outer loop
      vertex 44.7398 -51.2088 2.4
      vertex 62 -75.4 2.4
      vertex 46.9922 -49.15 2.4
    endloop
  endfacet
  facet normal -0 0 1
    outer loop
      vertex 42.3973 -53.1645 2.4
      vertex 62 -75.4 2.4
      vertex 44.7398 -51.2088 2.4
    endloop
  endfacet
  facet normal -0 0 1
    outer loop
      vertex 39.9694 -55.0132 2.4
      vertex 62 -75.4 2.4
      vertex 42.3973 -53.1645 2.4
    endloop
  endfacet
  facet normal 0 0 1
    outer loop
      vertex 39.9694 -55.0132 2.4
      vertex 38 -75.4 2.4
      vertex 62 -75.4 2.4
    endloop
  endfacet
  facet normal -0 0 1
    outer loop
      vertex 34.8771 -58.3745 2.4
      vertex 38 -75.4 2.4
      vertex 37.461 -56.751 2.4
    endloop
  endfacet
  facet normal -0 0 1
    outer loop
      vertex 37.461 -56.751 2.4
      vertex 38 -75.4 2.4
      vertex 39.9694 -55.0132 2.4
    endloop
  endfacet
  facet normal -0 0 1
    outer loop
      vertex 67.3846 -9.12785 2.4
      vertex 95.4 -23 2.4
      vertex 67.7262 -6.09546 2.4
    endloop
  endfacet
  facet normal -0 0 1
    outer loop
      vertex 66.9072 -12.1419 2.4
      vertex 95.4 -23 2.4
      vertex 67.3846 -9.12785 2.4
    endloop
  endfacet
  facet normal -0 0 1
    outer loop
      vertex 66.2951 -15.1314 2.4
      vertex 95.4 -23 2.4
      vertex 66.9072 -12.1419 2.4
    endloop
  endfacet
  facet normal -0 0 1
    outer loop
      vertex 65.5495 -18.0905 2.4
      vertex 95.4 -23 2.4
      vertex 66.2951 -15.1314 2.4
    endloop
  endfacet
  facet normal -0 0 1
    outer loop
      vertex 64.6718 -21.0132 2.4
      vertex 95.4 -23 2.4
      vertex 65.5495 -18.0905 2.4
    endloop
  endfacet
  facet normal 0 0 1
    outer loop
      vertex 63.664 -23.8935 2.4
      vertex 95.4 -23 2.4
      vertex 64.6718 -21.0132 2.4
    endloop
  endfacet
  facet normal 0 0 1
    outer loop
      vertex 62.5279 -26.7257 2.4
      vertex 95.4 -23 2.4
      vertex 63.664 -23.8935 2.4
    endloop
  endfacet
  facet normal 0 0 1
    outer loop
      vertex 95.4 -23 2.4
      vertex 62.5279 -26.7257 2.4
      vertex 95.4 -47 2.4
    endloop
  endfacet
  facet normal -0 0 1
    outer loop
      vertex 61.2659 -29.5041 2.4
      vertex 95.4 -47 2.4
      vertex 62.5279 -26.7257 2.4
    endloop
  endfacet
  facet normal 0 0 1
    outer loop
      vertex 95.4 -47 2.4
      vertex 62 -75.4 2.4
      vertex 86.2 -78.6 2.4
    endloop
  endfacet
  facet normal -0 0 1
    outer loop
      vertex 62 -77.4 2.4
      vertex 86.2 -78.6 2.4
      vertex 62 -75.4 2.4
    endloop
  endfacet
  facet normal 0 0 1
    outer loop
      vertex 58.6 -77.8 2.4
      vertex 62 -77.4 2.4
      vertex 58.6 -77.4 2.4
    endloop
  endfacet
  facet normal 0 0 1
    outer loop
      vertex 62 -77.4 2.4
      vertex 58.6 -77.8 2.4
      vertex 86.2 -78.6 2.4
    endloop
  endfacet
  facet normal -0 0 1
    outer loop
      vertex 57.4 -77.8 2.4
      vertex 86.2 -78.6 2.4
      vertex 58.6 -77.8 2.4
    endloop
  endfacet
  facet normal 0 0 1
    outer loop
      vertex 42.6 -77.8 2.4
      vertex 57.4 -77.8 2.4
      vertex 42.6 -77.4 2.4
    endloop
  endfacet
  facet normal 0 0 1
    outer loop
      vertex 57.4 -77.8 2.4
      vertex 42.6 -77.8 2.4
      vertex 86.2 -78.6 2.4
    endloop
  endfacet
  facet normal -0 0 1
    outer loop
      vertex 41.4 -77.8 2.4
      vertex 86.2 -78.6 2.4
      vertex 42.6 -77.8 2.4
    endloop
  endfacet
  facet normal -0 0 1
    outer loop
      vertex 32.2231 -59.8805 2.4
      vertex 38 -75.4 2.4
      vertex 34.8771 -58.3745 2.4
    endloop
  endfacet
  facet normal -0 0 1
    outer loop
      vertex 29.5041 -61.2659 2.4
      vertex 38 -75.4 2.4
      vertex 32.2231 -59.8805 2.4
    endloop
  endfacet
  facet normal -0 0 1
    outer loop
      vertex 26.7257 -62.5279 2.4
      vertex 38 -75.4 2.4
      vertex 29.5041 -61.2659 2.4
    endloop
  endfacet
  facet normal -0 0 1
    outer loop
      vertex 23.8935 -63.664 2.4
      vertex 38 -75.4 2.4
      vertex 26.7257 -62.5279 2.4
    endloop
  endfacet
  facet normal -0 0 1
    outer loop
      vertex 21.0132 -64.6718 2.4
      vertex 38 -75.4 2.4
      vertex 23.8935 -63.664 2.4
    endloop
  endfacet
  facet normal 0 0 1
    outer loop
      vertex 38 -75.4 2.4
      vertex 21.0132 -64.6718 2.4
      vertex 38 -77.4 2.4
    endloop
  endfacet
  facet normal -0 0 1
    outer loop
      vertex 18.0905 -65.5495 2.4
      vertex 38 -77.4 2.4
      vertex 21.0132 -64.6718 2.4
    endloop
  endfacet
  facet normal -0 0 1
    outer loop
      vertex 15.1314 -66.2951 2.4
      vertex 38 -77.4 2.4
      vertex 18.0905 -65.5495 2.4
    endloop
  endfacet
  facet normal -0 0 1
    outer loop
      vertex 12.1419 -66.9072 2.4
      vertex 38 -77.4 2.4
      vertex 15.1314 -66.2951 2.4
    endloop
  endfacet
  facet normal -0 0 1
    outer loop
      vertex 9.12785 -67.3846 2.4
      vertex 38 -77.4 2.4
      vertex 12.1419 -66.9072 2.4
    endloop
  endfacet
  facet normal -0 0 1
    outer loop
      vertex 6.09546 -67.7262 2.4
      vertex 38 -77.4 2.4
      vertex 9.12785 -67.3846 2.4
    endloop
  endfacet
  facet normal -0 0 1
    outer loop
      vertex 3.0508 -67.9315 2.4
      vertex 38 -77.4 2.4
      vertex 6.09546 -67.7262 2.4
    endloop
  endfacet
  facet normal -0 0 1
    outer loop
      vertex 1.2 -67.9731 2.4
      vertex 38 -77.4 2.4
      vertex 3.0508 -67.9315 2.4
    endloop
  endfacet
  facet normal 0 0 1
    outer loop
      vertex 9.02588 -5.51236 2.4
      vertex -1.2 -64.9731 2.4
      vertex 1.2 -64.9731 2.4
    endloop
  endfacet
  facet normal 0 0 1
    outer loop
      vertex 1.2 -64.9731 2.4
      vertex -1.2 -64.9731 2.4
      vertex 1.2 -67.9731 2.4
    endloop
  endfacet
  facet normal 0 0 1
    outer loop
      vertex -1.2 -67.9731 2.4
      vertex 1.2 -67.9731 2.4
      vertex -1.2 -64.9731 2.4
    endloop
  endfacet
  facet normal -0 0 1
    outer loop
      vertex -1.2 -67.9731 2.4
      vertex 38 -77.4 2.4
      vertex 1.2 -67.9731 2.4
    endloop
  endfacet
  facet normal 0 0 1
    outer loop
      vertex -38 -77.4 2.4
      vertex -1.2 -67.9731 2.4
      vertex -3.0508 -67.9315 2.4
    endloop
  endfacet
  facet normal 0 0 1
    outer loop
      vertex -38 -77.4 2.4
      vertex -3.0508 -67.9315 2.4
      vertex -6.09546 -67.7262 2.4
    endloop
  endfacet
  facet normal 0 0 1
    outer loop
      vertex -38 -77.4 2.4
      vertex -6.09546 -67.7262 2.4
      vertex -9.12785 -67.3846 2.4
    endloop
  endfacet
  facet normal 0 0 1
    outer loop
      vertex -38 -77.4 2.4
      vertex -9.12785 -67.3846 2.4
      vertex -12.1419 -66.9072 2.4
    endloop
  endfacet
  facet normal 0 0 1
    outer loop
      vertex -38 -77.4 2.4
      vertex -12.1419 -66.9072 2.4
      vertex -15.1314 -66.2951 2.4
    endloop
  endfacet
  facet normal 0 0 1
    outer loop
      vertex -38 -75.4 2.4
      vertex -34.8771 -58.3745 2.4
      vertex -37.461 -56.751 2.4
    endloop
  endfacet
  facet normal 0 0 1
    outer loop
      vertex -38 -75.4 2.4
      vertex -32.2231 -59.8805 2.4
      vertex -34.8771 -58.3745 2.4
    endloop
  endfacet
  facet normal 0 0 1
    outer loop
      vertex -38 -75.4 2.4
      vertex -29.5041 -61.2659 2.4
      vertex -32.2231 -59.8805 2.4
    endloop
  endfacet
  facet normal 0 0 1
    outer loop
      vertex -38 -75.4 2.4
      vertex -26.7257 -62.5279 2.4
      vertex -29.5041 -61.2659 2.4
    endloop
  endfacet
  facet normal 0 0 1
    outer loop
      vertex -38 -75.4 2.4
      vertex -23.8935 -63.664 2.4
      vertex -26.7257 -62.5279 2.4
    endloop
  endfacet
  facet normal 0 0 1
    outer loop
      vertex -38 -75.4 2.4
      vertex -21.0132 -64.6718 2.4
      vertex -23.8935 -63.664 2.4
    endloop
  endfacet
  facet normal 0 0 1
    outer loop
      vertex -38 -77.4 2.4
      vertex -21.0132 -64.6718 2.4
      vertex -38 -75.4 2.4
    endloop
  endfacet
  facet normal 0 0 1
    outer loop
      vertex -21.0132 -64.6718 2.4
      vertex -38 -77.4 2.4
      vertex -18.0905 -65.5495 2.4
    endloop
  endfacet
  facet normal 0 0 1
    outer loop
      vertex -18.0905 -65.5495 2.4
      vertex -38 -77.4 2.4
      vertex -15.1314 -66.2951 2.4
    endloop
  endfacet
  facet normal 0 0 1
    outer loop
      vertex -1.2 -67.9731 2.4
      vertex -38 -77.4 2.4
      vertex 38 -77.4 2.4
    endloop
  endfacet
  facet normal 0 0 1
    outer loop
      vertex 38 -77.4 2.4
      vertex -38 -77.4 2.4
      vertex 41.4 -77.8 2.4
    endloop
  endfacet
  facet normal 0 0 1
    outer loop
      vertex -41.4 -77.8 2.4
      vertex 41.4 -77.8 2.4
      vertex -38 -77.4 2.4
    endloop
  endfacet
  facet normal 0 0 1
    outer loop
      vertex -41.4 -77.8 2.4
      vertex -38 -77.4 2.4
      vertex -41.4 -77.4 2.4
    endloop
  endfacet
  facet normal 0 0 1
    outer loop
      vertex 41.4 -77.8 2.4
      vertex -41.4 -77.8 2.4
      vertex 86.2 -78.6 2.4
    endloop
  endfacet
  facet normal 0 0 1
    outer loop
      vertex -86.2 -78.6 2.4
      vertex -41.4 -77.8 2.4
      vertex -42.6 -77.8 2.4
    endloop
  endfacet
  facet normal 0 0 1
    outer loop
      vertex -57.4 -77.8 2.4
      vertex -42.6 -77.8 2.4
      vertex -57.4 -77.4 2.4
    endloop
  endfacet
  facet normal 0 0 1
    outer loop
      vertex -86.2 -78.6 2.4
      vertex -42.6 -77.8 2.4
      vertex -57.4 -77.8 2.4
    endloop
  endfacet
  facet normal 0 0 1
    outer loop
      vertex -86.2 -78.6 2.4
      vertex -57.4 -77.8 2.4
      vertex -58.6 -77.8 2.4
    endloop
  endfacet
  facet normal 0 0 1
    outer loop
      vertex -94.9681 -74.9681 2.4
      vertex -62.5279 -26.7257 2.4
      vertex -63.664 -23.8935 2.4
    endloop
  endfacet
  facet normal 0 0 1
    outer loop
      vertex -94.9681 -74.9681 2.4
      vertex -63.664 -23.8935 2.4
      vertex -64.6718 -21.0132 2.4
    endloop
  endfacet
  facet normal 0 0 1
    outer loop
      vertex -94.9681 -74.9681 2.4
      vertex -64.6718 -21.0132 2.4
      vertex -65.5495 -18.0905 2.4
    endloop
  endfacet
  facet normal 0 0 1
    outer loop
      vertex -94.9681 -74.9681 2.4
      vertex -65.5495 -18.0905 2.4
      vertex -66.2951 -15.1314 2.4
    endloop
  endfacet
  facet normal 0 0 1
    outer loop
      vertex -67.3846 -9.12785 2.4
      vertex -95.4 -23 2.4
      vertex -66.9072 -12.1419 2.4
    endloop
  endfacet
  facet normal 0 0 1
    outer loop
      vertex -67.7262 -6.09546 2.4
      vertex -95.4 -23 2.4
      vertex -67.3846 -9.12785 2.4
    endloop
  endfacet
  facet normal 0 0 1
    outer loop
      vertex -67.9315 -3.0508 2.4
      vertex -95.4 -23 2.4
      vertex -67.7262 -6.09546 2.4
    endloop
  endfacet
  facet normal 0 0 1
    outer loop
      vertex -67.7262 6.09546 2.4
      vertex -95.4 23 2.4
      vertex -67.9315 3.0508 2.4
    endloop
  endfacet
  facet normal 0 0 1
    outer loop
      vertex -67.9315 3.0508 2.4
      vertex -95.4 23 2.4
      vertex -68 0 2.4
    endloop
  endfacet
  facet normal 0 0 1
    outer loop
      vertex -95.4 -23 2.4
      vertex -68 0 2.4
      vertex -95.4 23 2.4
    endloop
  endfacet
  facet normal 0 0 1
    outer loop
      vertex -41.4 -77.8 2.4
      vertex -86.2 -78.6 2.4
      vertex 86.2 -78.6 2.4
    endloop
  endfacet
  facet normal 0 0 1
    outer loop
      vertex -62 -77.4 2.4
      vertex -86.2 -78.6 2.4
      vertex -58.6 -77.8 2.4
    endloop
  endfacet
  facet normal 0 0 1
    outer loop
      vertex -68 0 2.4
      vertex -95.4 -23 2.4
      vertex -67.9315 -3.0508 2.4
    endloop
  endfacet
  facet normal 0 0 1
    outer loop
      vertex -98.1775 69.4093 2.4
      vertex -86.2 78.6 2.4
      vertex -87.8185 78.4939 2.4
    endloop
  endfacet
  facet normal 0 0 1
    outer loop
      vertex -62.5279 -26.7257 2.4
      vertex -94.9681 -74.9681 2.4
      vertex -86.2 -78.6 2.4
    endloop
  endfacet
  facet normal 0 0 1
    outer loop
      vertex -98.1775 69.4093 2.4
      vertex -87.8185 78.4939 2.4
      vertex -89.4093 78.1775 2.4
    endloop
  endfacet
  facet normal 0 0 1
    outer loop
      vertex -62 -75.4 2.4
      vertex -86.2 -78.6 2.4
      vertex -62 -77.4 2.4
    endloop
  endfacet
  facet normal 0 0 1
    outer loop
      vertex -98.1775 69.4093 2.4
      vertex -89.4093 78.1775 2.4
      vertex -90.9453 77.6561 2.4
    endloop
  endfacet
  facet normal 0 0 1
    outer loop
      vertex -86.2 -78.6 2.4
      vertex -94.9681 -74.9681 2.4
      vertex -87.8185 -78.4939 2.4
    endloop
  endfacet
  facet normal 0 0 1
    outer loop
      vertex -98.1775 69.4093 2.4
      vertex -90.9453 77.6561 2.4
      vertex -92.4 76.9387 2.4
    endloop
  endfacet
  facet normal 0 0 1
    outer loop
      vertex -87.8185 -78.4939 2.4
      vertex -94.9681 -74.9681 2.4
      vertex -89.4093 -78.1775 2.4
    endloop
  endfacet
  facet normal 0 0 1
    outer loop
      vertex -98.1775 69.4093 2.4
      vertex -92.4 76.9387 2.4
      vertex -93.7486 76.0376 2.4
    endloop
  endfacet
  facet normal 0 0 1
    outer loop
      vertex -89.4093 -78.1775 2.4
      vertex -94.9681 -74.9681 2.4
      vertex -90.9453 -77.6561 2.4
    endloop
  endfacet
  facet normal 0 0 1
    outer loop
      vertex -98.1775 69.4093 2.4
      vertex -93.7486 76.0376 2.4
      vertex -94.9681 74.9681 2.4
    endloop
  endfacet
  facet normal 0 0 1
    outer loop
      vertex -90.9453 -77.6561 2.4
      vertex -94.9681 -74.9681 2.4
      vertex -92.4 -76.9387 2.4
    endloop
  endfacet
  facet normal 0 0 1
    outer loop
      vertex -92.4 -76.9387 2.4
      vertex -94.9681 -74.9681 2.4
      vertex -93.7486 -76.0376 2.4
    endloop
  endfacet
  facet normal 0 0 1
    outer loop
      vertex -98.1775 69.4093 2.4
      vertex -94.9681 74.9681 2.4
      vertex -96.0376 73.7486 2.4
    endloop
  endfacet
  facet normal 0 0 1
    outer loop
      vertex -98.1775 69.4093 2.4
      vertex -96.0376 73.7486 2.4
      vertex -96.9387 72.4 2.4
    endloop
  endfacet
  facet normal 0 0 1
    outer loop
      vertex -98.6 66.2 2.4
      vertex -86.2 78.6 2.4
      vertex -98.1775 69.4093 2.4
    endloop
  endfacet
  facet normal 0 0 1
    outer loop
      vertex -98.1775 69.4093 2.4
      vertex -96.9387 72.4 2.4
      vertex -97.6561 70.9453 2.4
    endloop
  endfacet
  facet normal 0 0 1
    outer loop
      vertex -86.2 78.6 2.4
      vertex -98.6 66.2 2.4
      vertex -95.4 47 2.4
    endloop
  endfacet
  facet normal 0 0 1
    outer loop
      vertex -95.4 47 2.4
      vertex -98.6 66.2 2.4
      vertex -97.4 47 2.4
    endloop
  endfacet
  facet normal 0 0 1
    outer loop
      vertex -98.6 66.2 2.4
      vertex -97.8 42.4 2.4
      vertex -97.8 43.6 2.4
    endloop
  endfacet
  facet normal 0 0 1
    outer loop
      vertex -97.8 42.4 2.4
      vertex -98.6 66.2 2.4
      vertex -97.8 27.6 2.4
    endloop
  endfacet
  facet normal 0 0 1
    outer loop
      vertex -97.4 47 2.4
      vertex -98.6 66.2 2.4
      vertex -97.8 43.6 2.4
    endloop
  endfacet
  facet normal 0 0 1
    outer loop
      vertex -97.8 27.6 2.4
      vertex -98.6 66.2 2.4
      vertex -97.8 26.4 2.4
    endloop
  endfacet
  facet normal 0 0 1
    outer loop
      vertex -97.8 26.4 2.4
      vertex -98.6 66.2 2.4
      vertex -97.8 -26.4 2.4
    endloop
  endfacet
  facet normal 0 0 1
    outer loop
      vertex -98.6 -66.2 2.4
      vertex -97.8 -26.4 2.4
      vertex -98.6 66.2 2.4
    endloop
  endfacet
  facet normal 0 0 1
    outer loop
      vertex -97.8 -27.6 2.4
      vertex -98.1775 -69.4093 2.4
      vertex -97.8 -42.4 2.4
    endloop
  endfacet
  facet normal 0 0 1
    outer loop
      vertex -97.4 47 2.4
      vertex -97.8 43.6 2.4
      vertex -97.4 43.6 2.4
    endloop
  endfacet
  facet normal 0 0 1
    outer loop
      vertex 55.0132 39.9694 2.4
      vertex 95.4 47 2.4
      vertex 62 75.4 2.4
    endloop
  endfacet
  facet normal 0 0 1
    outer loop
      vertex 95.4 47 2.4
      vertex 61.2659 29.5041 2.4
      vertex 62.5279 26.7257 2.4
    endloop
  endfacet
  facet normal 0 0 1
    outer loop
      vertex 95.4 47 2.4
      vertex 59.8805 32.2231 2.4
      vertex 61.2659 29.5041 2.4
    endloop
  endfacet
  facet normal 0 0 1
    outer loop
      vertex 95.4 47 2.4
      vertex 59.4688 32.9487 2.4
      vertex 59.8805 32.2231 2.4
    endloop
  endfacet
  facet normal 0 0 1
    outer loop
      vertex 95.4 47 2.4
      vertex 58.2772 35.032 2.4
      vertex 59.4688 32.9487 2.4
    endloop
  endfacet
  facet normal 0 0 1
    outer loop
      vertex 95.4 47 2.4
      vertex 56.751 37.461 2.4
      vertex 58.2772 35.032 2.4
    endloop
  endfacet
  facet normal 0 0 1
    outer loop
      vertex 95.4 47 2.4
      vertex 55.0132 39.9694 2.4
      vertex 56.751 37.461 2.4
    endloop
  endfacet
  facet normal 0 0 1
    outer loop
      vertex 62 75.4 2.4
      vertex 53.1645 42.3973 2.4
      vertex 55.0132 39.9694 2.4
    endloop
  endfacet
  facet normal 0 0 1
    outer loop
      vertex 62 75.4 2.4
      vertex 51.2088 44.7398 2.4
      vertex 53.1645 42.3973 2.4
    endloop
  endfacet
  facet normal 0 0 1
    outer loop
      vertex 62 75.4 2.4
      vertex 49.15 46.9922 2.4
      vertex 51.2088 44.7398 2.4
    endloop
  endfacet
  facet normal 0 0 1
    outer loop
      vertex 62 75.4 2.4
      vertex 46.9922 49.15 2.4
      vertex 49.15 46.9922 2.4
    endloop
  endfacet
  facet normal 0 0 1
    outer loop
      vertex 62 75.4 2.4
      vertex 44.7398 51.2088 2.4
      vertex 46.9922 49.15 2.4
    endloop
  endfacet
  facet normal 0 0 1
    outer loop
      vertex 62 75.4 2.4
      vertex 42.3973 53.1645 2.4
      vertex 44.7398 51.2088 2.4
    endloop
  endfacet
  facet normal 0 0 1
    outer loop
      vertex 62 75.4 2.4
      vertex 39.9694 55.0132 2.4
      vertex 42.3973 53.1645 2.4
    endloop
  endfacet
  facet normal -0 0 1
    outer loop
      vertex 38 75.4 2.4
      vertex 39.9694 55.0132 2.4
      vertex 62 75.4 2.4
    endloop
  endfacet
  facet normal 0 0 1
    outer loop
      vertex 39.9694 55.0132 2.4
      vertex 38 75.4 2.4
      vertex 37.461 56.751 2.4
    endloop
  endfacet
  facet normal 0 0 1
    outer loop
      vertex 62 77.4 2.4
      vertex 58.6 77.8 2.4
      vertex 58.6 77.4 2.4
    endloop
  endfacet
  facet normal 0 0 1
    outer loop
      vertex 58.2772 35.032 2.4
      vertex 56.8713 31.449 2.4
      vertex 59.4688 32.9487 2.4
    endloop
  endfacet
  facet normal 0 0 1
    outer loop
      vertex 58.563 28.2024 2.4
      vertex 55.388 25.52 2.4
      vertex 59.7693 25.5466 2.4
    endloop
  endfacet
  facet normal -0 0 1
    outer loop
      vertex 55.678 33.5313 2.4
      vertex 56.8713 31.449 2.4
      vertex 58.2772 35.032 2.4
    endloop
  endfacet
  facet normal -0 0 1
    outer loop
      vertex 54.5596 31.5 2.4
      vertex 56.8713 31.449 2.4
      vertex 55.678 33.5313 2.4
    endloop
  endfacet
  facet normal 0 0 1
    outer loop
      vertex 56.8713 31.449 2.4
      vertex 54.5596 31.5 2.4
      vertex 55.7696 29.2714 2.4
    endloop
  endfacet
  facet normal -0 0 1
    outer loop
      vertex 52.8362 34.3123 2.4
      vertex 55.678 33.5313 2.4
      vertex 54.2473 35.8083 2.4
    endloop
  endfacet
  facet normal 0 0 1
    outer loop
      vertex 55.678 33.5313 2.4
      vertex 52.8362 34.3123 2.4
      vertex 54.5596 31.5 2.4
    endloop
  endfacet
  facet normal -0 0 1
    outer loop
      vertex 51.0288 36.9421 2.4
      vertex 54.2473 35.8083 2.4
      vertex 52.5861 38.206 2.4
    endloop
  endfacet
  facet normal 0 0 1
    outer loop
      vertex 54.2473 35.8083 2.4
      vertex 51.0288 36.9421 2.4
      vertex 52.8362 34.3123 2.4
    endloop
  endfacet
  facet normal 0 0 1
    outer loop
      vertex 51.0417 34.06 2.4
      vertex 50.5142 31.9241 2.4
      vertex 51.0122 32.0394 2.4
    endloop
  endfacet
  facet normal 0 0 1
    outer loop
      vertex 51.0122 32.0394 2.4
      vertex 50.5142 31.9241 2.4
      vertex 50.9541 29.9425 2.4
    endloop
  endfacet
  facet normal 0 0 1
    outer loop
      vertex 50.819 40.5268 2.4
      vertex 51.0288 36.9421 2.4
      vertex 52.5861 38.206 2.4
    endloop
  endfacet
  facet normal -0 0 1
    outer loop
      vertex 48.312 38.452 2.4
      vertex 51.0288 36.9421 2.4
      vertex 50.819 40.5268 2.4
    endloop
  endfacet
  facet normal -0 0 1
    outer loop
      vertex 47.092 31.01 2.4
      vertex 50.9541 29.9425 2.4
      vertex 50.5142 31.9241 2.4
    endloop
  endfacet
  facet normal 0 0 1
    outer loop
      vertex 50.9541 29.9425 2.4
      vertex 47.092 31.01 2.4
      vertex 50.8673 27.7694 2.4
    endloop
  endfacet
  facet normal 0 0 1
    outer loop
      vertex 50.8673 27.7694 2.4
      vertex 47.092 31.01 2.4
      vertex 50.752 25.52 2.4
    endloop
  endfacet
  facet normal 0 0 1
    outer loop
      vertex 48.0976 39.0677 2.4
      vertex 50.819 40.5268 2.4
      vertex 48.9496 42.766 2.4
    endloop
  endfacet
  facet normal 0 0 1
    outer loop
      vertex 51.0288 36.9421 2.4
      vertex 48.312 38.452 2.4
      vertex 48.31 38.4399 2.4
    endloop
  endfacet
  facet normal 0 0 1
    outer loop
      vertex 51.0417 34.06 2.4
      vertex 48.31 38.4399 2.4
      vertex 50.5142 31.9241 2.4
    endloop
  endfacet
  facet normal 0 0 1
    outer loop
      vertex 46.0676 -32.851 2.4
      vertex 44.713 -32.796 2.4
      vertex 45.933 -33.528 2.4
    endloop
  endfacet
  facet normal 0 0 1
    outer loop
      vertex 44.2061 -31.562 2.4
      vertex 44.9007 -29.0785 2.4
      vertex 44.5431 -29.0906 2.4
    endloop
  endfacet
  facet normal 0 0 1
    outer loop
      vertex 45.3253 -29.0264 2.4
      vertex 44.2061 -31.562 2.4
      vertex 44.5783 -32.119 2.4
    endloop
  endfacet
  facet normal 0 0 1
    outer loop
      vertex 57.4 77.4 2.4
      vertex 42.6 77.8 2.4
      vertex 42.6 77.4 2.4
    endloop
  endfacet
  facet normal 0 0 1
    outer loop
      vertex 40.748 39.3278 2.4
      vertex 45.6389 38.3967 2.4
      vertex 45.628 38.452 2.4
    endloop
  endfacet
  facet normal 0 0 1
    outer loop
      vertex 45.8424 39.0677 2.4
      vertex 40.748 39.3278 2.4
      vertex 45.628 38.452 2.4
    endloop
  endfacet
  facet normal 0 0 1
    outer loop
      vertex 46.0378 -6.09688 2.4
      vertex 43.6816 -6.54855 2.4
      vertex 45.9599 -6.24994 2.4
    endloop
  endfacet
  facet normal 0 0 1
    outer loop
      vertex 40.748 39.3278 2.4
      vertex 44.9191 46.9817 2.4
      vertex 42.766 48.9496 2.4
    endloop
  endfacet
  facet normal 0 0 1
    outer loop
      vertex 45.6389 38.3967 2.4
      vertex 40.748 39.3278 2.4
      vertex 43.6412 31.8096 2.4
    endloop
  endfacet
  facet normal 0 -0 1
    outer loop
      vertex 43.6816 -6.54855 2.4
      vertex 46.0378 -6.09688 2.4
      vertex 43.3125 -3.93428 2.4
    endloop
  endfacet
  facet normal 0 0 1
    outer loop
      vertex 46.1593 -5.97543 2.4
      vertex 43.3125 -3.93428 2.4
      vertex 46.0378 -6.09688 2.4
    endloop
  endfacet
  facet normal 0 0 1
    outer loop
      vertex 46.3469 -5.79979 2.4
      vertex 46.1593 -5.97543 2.4
      vertex 46.2767 -5.90141 2.4
    endloop
  endfacet
  facet normal 0 -0 1
    outer loop
      vertex 46.1593 -5.97543 2.4
      vertex 46.3469 -5.79979 2.4
      vertex 43.3125 -3.93428 2.4
    endloop
  endfacet
  facet normal 0 0 1
    outer loop
      vertex 46.5331 5.42888 2.4
      vertex 42.3919 3.90857 2.4
      vertex 46.482 4.78 2.4
    endloop
  endfacet
  facet normal 0 0 1
    outer loop
      vertex 46.9341 6.66315 2.4
      vertex 42.1472 6.52283 2.4
      vertex 46.685 6.06178 2.4
    endloop
  endfacet
  facet normal 0 -0 1
    outer loop
      vertex 42.1472 6.52283 2.4
      vertex 46.9341 6.66315 2.4
      vertex 41.9337 9.13713 2.4
    endloop
  endfacet
  facet normal 0 0 1
    outer loop
      vertex 49.7464 13.1294 2.4
      vertex 41.7514 11.7514 2.4
      vertex 49.4595 10.4225 2.4
    endloop
  endfacet
  facet normal 0 -0 1
    outer loop
      vertex 41.6001 14.3657 2.4
      vertex 50.0047 15.76 2.4
      vertex 41.48 16.98 2.4
    endloop
  endfacet
  facet normal 0 0 1
    outer loop
      vertex 40.748 21.86 2.4
      vertex 43.6412 31.8096 2.4
      vertex 40.748 39.3278 2.4
    endloop
  endfacet
  facet normal -0 -0 1
    outer loop
      vertex 41.2411 18.488 2.4
      vertex 50.2345 18.3144 2.4
      vertex 41.0866 19.5929 2.4
    endloop
  endfacet
  facet normal 0 0 1
    outer loop
      vertex 37.332 38.8508 2.4
      vertex 42.766 48.9496 2.4
      vertex 40.5268 50.819 2.4
    endloop
  endfacet
  facet normal 0 0 1
    outer loop
      vertex 35.38 38.5841 2.4
      vertex 40.5268 50.819 2.4
      vertex 38.206 52.5861 2.4
    endloop
  endfacet
  facet normal 0 0 1
    outer loop
      vertex 42.766 48.9496 2.4
      vertex 37.332 38.8508 2.4
      vertex 40.748 39.3278 2.4
    endloop
  endfacet
  facet normal 0 0 1
    outer loop
      vertex 37.332 38.8508 2.4
      vertex 36.0857 24.7839 2.4
      vertex 37.332 24.2428 2.4
    endloop
  endfacet
  facet normal 0 0 1
    outer loop
      vertex 40.5268 50.819 2.4
      vertex 35.38 38.5841 2.4
      vertex 37.332 38.8508 2.4
    endloop
  endfacet
  facet normal 0 0 1
    outer loop
      vertex 35.38 38.5841 2.4
      vertex 38.206 52.5861 2.4
      vertex 35.8083 54.2473 2.4
    endloop
  endfacet
  facet normal 0 0 1
    outer loop
      vertex 35.38 24.9924 2.4
      vertex 37.332 38.8508 2.4
      vertex 35.38 38.5841 2.4
    endloop
  endfacet
  facet normal 0 0 1
    outer loop
      vertex 37.332 38.8508 2.4
      vertex 35.38 24.9924 2.4
      vertex 36.0857 24.7839 2.4
    endloop
  endfacet
  facet normal -0 0 1
    outer loop
      vertex 62.9534 1.78004 2.4
      vertex 65 0 2.4
      vertex 64.9345 2.9162 2.4
    endloop
  endfacet
  facet normal -0 0 1
    outer loop
      vertex 62.9001 3.46982 2.4
      vertex 64.9345 2.9162 2.4
      vertex 64.7383 5.82655 2.4
    endloop
  endfacet
  facet normal -0 0 1
    outer loop
      vertex 62.5227 1.46133 2.4
      vertex 65 0 2.4
      vertex 62.9534 1.78004 2.4
    endloop
  endfacet
  facet normal -0 0 1
    outer loop
      vertex 62.6549 6.58528 2.4
      vertex 64.7383 5.82655 2.4
      vertex 64.4117 8.72516 2.4
    endloop
  endfacet
  facet normal -0 0 1
    outer loop
      vertex 61.308 0.732697 2.4
      vertex 65 0 2.4
      vertex 62.5227 1.46133 2.4
    endloop
  endfacet
  facet normal 0 0 1
    outer loop
      vertex 62.3957 8.55402 2.4
      vertex 64.4117 8.72516 2.4
      vertex 63.9554 11.6062 2.4
    endloop
  endfacet
  facet normal 0 0 1
    outer loop
      vertex 65 0 2.4
      vertex 61.308 0.732697 2.4
      vertex 64.9345 -2.9162 2.4
    endloop
  endfacet
  facet normal 0 0 1
    outer loop
      vertex 62.3957 8.55402 2.4
      vertex 63.9554 11.6062 2.4
      vertex 63.3703 14.4639 2.4
    endloop
  endfacet
  facet normal -0 0 1
    outer loop
      vertex 61.039 0.595612 2.4
      vertex 64.9345 -2.9162 2.4
      vertex 61.308 0.732697 2.4
    endloop
  endfacet
  facet normal -0 0 1
    outer loop
      vertex 59.4481 -4.51523 2.4
      vertex 64.7383 -5.82655 2.4
      vertex 59.475 -4.34558 2.4
    endloop
  endfacet
  facet normal 0 0 1
    outer loop
      vertex 64.9345 2.9162 2.4
      vertex 62.9137 3.29716 2.4
      vertex 62.9534 1.78004 2.4
    endloop
  endfacet
  facet normal 0 0 1
    outer loop
      vertex 64.9345 2.9162 2.4
      vertex 62.9001 3.46982 2.4
      vertex 62.9137 3.29716 2.4
    endloop
  endfacet
  facet normal 0 0 1
    outer loop
      vertex 64.7383 5.82655 2.4
      vertex 62.6757 6.32033 2.4
      vertex 62.9001 3.46982 2.4
    endloop
  endfacet
  facet normal 0 0 1
    outer loop
      vertex 55.6998 5.70108 2.4
      vertex 63.3703 14.4639 2.4
      vertex 62.6576 17.2924 2.4
    endloop
  endfacet
  facet normal 0 0 1
    outer loop
      vertex 64.7383 5.82655 2.4
      vertex 62.6549 6.58528 2.4
      vertex 62.6757 6.32033 2.4
    endloop
  endfacet
  facet normal 0 0 1
    outer loop
      vertex 64.4117 8.72516 2.4
      vertex 62.3957 8.55402 2.4
      vertex 62.6549 6.58528 2.4
    endloop
  endfacet
  facet normal 0 0 1
    outer loop
      vertex 55.6998 5.70108 2.4
      vertex 62.6576 17.2924 2.4
      vertex 61.8187 20.0861 2.4
    endloop
  endfacet
  facet normal 0 0 1
    outer loop
      vertex 63.3703 14.4639 2.4
      vertex 61.729 8.04955 2.4
      vertex 62.3957 8.55402 2.4
    endloop
  endfacet
  facet normal 0 0 1
    outer loop
      vertex 55.6998 5.70108 2.4
      vertex 61.8187 20.0861 2.4
      vertex 60.8553 22.8394 2.4
    endloop
  endfacet
  facet normal 0 0 1
    outer loop
      vertex 63.3703 14.4639 2.4
      vertex 60.3092 7.15034 2.4
      vertex 61.729 8.04955 2.4
    endloop
  endfacet
  facet normal 0 0 1
    outer loop
      vertex 55.388 25.52 2.4
      vertex 58.563 28.2024 2.4
      vertex 55.6253 27.7694 2.4
    endloop
  endfacet
  facet normal 0 0 1
    outer loop
      vertex 63.3703 14.4639 2.4
      vertex 59.2391 6.60687 2.4
      vertex 60.3092 7.15034 2.4
    endloop
  endfacet
  facet normal 0 0 1
    outer loop
      vertex 55.6253 27.7694 2.4
      vertex 58.563 28.2024 2.4
      vertex 55.7696 29.2714 2.4
    endloop
  endfacet
  facet normal 0 0 1
    outer loop
      vertex 63.3703 14.4639 2.4
      vertex 57.877 6.09352 2.4
      vertex 59.2391 6.60687 2.4
    endloop
  endfacet
  facet normal -0 0 1
    outer loop
      vertex 55.7696 29.2714 2.4
      vertex 58.563 28.2024 2.4
      vertex 57.2387 30.8015 2.4
    endloop
  endfacet
  facet normal 0 0 1
    outer loop
      vertex 55.7696 29.2714 2.4
      vertex 57.2387 30.8015 2.4
      vertex 56.8713 31.449 2.4
    endloop
  endfacet
  facet normal 0 0 1
    outer loop
      vertex 63.3703 14.4639 2.4
      vertex 56.7045 5.80794 2.4
      vertex 57.877 6.09352 2.4
    endloop
  endfacet
  facet normal -0 0 1
    outer loop
      vertex 59.2487 -4.78973 2.4
      vertex 64.4117 -8.72516 2.4
      vertex 59.3701 -4.66827 2.4
    endloop
  endfacet
  facet normal -0 0 1
    outer loop
      vertex 59.3701 -4.66827 2.4
      vertex 64.7383 -5.82655 2.4
      vertex 59.4481 -4.51523 2.4
    endloop
  endfacet
  facet normal -0 0 1
    outer loop
      vertex 59.0956 -4.86772 2.4
      vertex 64.4117 -8.72516 2.4
      vertex 59.2487 -4.78973 2.4
    endloop
  endfacet
  facet normal 0 -0 1
    outer loop
      vertex 59.475 -4.34558 2.4
      vertex 64.9345 -2.9162 2.4
      vertex 59.4481 -4.17592 2.4
    endloop
  endfacet
  facet normal 0 0 1
    outer loop
      vertex 59.3701 -4.02289 2.4
      vertex 64.9345 -2.9162 2.4
      vertex 61.039 0.595612 2.4
    endloop
  endfacet
  facet normal -0 0 1
    outer loop
      vertex 58.1937 -5.18974 2.4
      vertex 64.4117 -8.72516 2.4
      vertex 59.0956 -4.86772 2.4
    endloop
  endfacet
  facet normal 0 0 1
    outer loop
      vertex 59.3701 -4.02289 2.4
      vertex 61.039 0.595612 2.4
      vertex 59.8201 0.0431519 2.4
    endloop
  endfacet
  facet normal 0 0 1
    outer loop
      vertex 64.7383 -5.82655 2.4
      vertex 59.3701 -4.66827 2.4
      vertex 64.4117 -8.72516 2.4
    endloop
  endfacet
  facet normal 0 0 1
    outer loop
      vertex 64.4117 -8.72516 2.4
      vertex 58.1937 -5.18974 2.4
      vertex 63.9554 -11.6062 2.4
    endloop
  endfacet
  facet normal 0 0 1
    outer loop
      vertex 64.9345 -2.9162 2.4
      vertex 59.475 -4.34558 2.4
      vertex 64.7383 -5.82655 2.4
    endloop
  endfacet
  facet normal 0 0 1
    outer loop
      vertex 64.9345 -2.9162 2.4
      vertex 59.3701 -4.02289 2.4
      vertex 59.4481 -4.17592 2.4
    endloop
  endfacet
  facet normal 0 0 1
    outer loop
      vertex 59.8201 0.0431519 2.4
      vertex 59.2487 -3.90143 2.4
      vertex 59.3701 -4.02289 2.4
    endloop
  endfacet
  facet normal 0 0 1
    outer loop
      vertex 59.8201 0.0431519 2.4
      vertex 59.0956 -3.82346 2.4
      vertex 59.2487 -3.90143 2.4
    endloop
  endfacet
  facet normal -0 0 1
    outer loop
      vertex 58.6359 -0.313416 2.4
      vertex 59.0956 -3.82346 2.4
      vertex 59.8201 0.0431519 2.4
    endloop
  endfacet
  facet normal 0 0 1
    outer loop
      vertex 59.0956 -3.82346 2.4
      vertex 58.6359 -0.313416 2.4
      vertex 58.926 -3.79659 2.4
    endloop
  endfacet
  facet normal -0 0 1
    outer loop
      vertex 58.2519 -0.374222 2.4
      vertex 58.926 -3.79659 2.4
      vertex 58.6359 -0.313416 2.4
    endloop
  endfacet
  facet normal 0 0 1
    outer loop
      vertex 58.2519 -0.374222 2.4
      vertex 57.9812 -3.84801 2.4
      vertex 58.926 -3.79659 2.4
    endloop
  endfacet
  facet normal 0 0 1
    outer loop
      vertex 58.2519 -0.374222 2.4
      vertex 57.3107 -3.75745 2.4
      vertex 57.9812 -3.84801 2.4
    endloop
  endfacet
  facet normal -0 0 1
    outer loop
      vertex 57.0594 -0.541718 2.4
      vertex 57.3107 -3.75745 2.4
      vertex 58.2519 -0.374222 2.4
    endloop
  endfacet
  facet normal 0 0 1
    outer loop
      vertex 57.0594 -0.541718 2.4
      vertex 56.6325 -3.51671 2.4
      vertex 57.3107 -3.75745 2.4
    endloop
  endfacet
  facet normal 0 0 1
    outer loop
      vertex 57.0594 -0.541718 2.4
      vertex 56.072 -3.17609 2.4
      vertex 56.6325 -3.51671 2.4
    endloop
  endfacet
  facet normal 0 0 1
    outer loop
      vertex 55.5924 -2.74277 2.4
      vertex 57.0594 -0.541718 2.4
      vertex 55.9014 -0.513336 2.4
    endloop
  endfacet
  facet normal 0 0 1
    outer loop
      vertex 57.0594 -0.541718 2.4
      vertex 55.5924 -2.74277 2.4
      vertex 56.072 -3.17609 2.4
    endloop
  endfacet
  facet normal 0 0 1
    outer loop
      vertex 55.0658 -2.08197 2.4
      vertex 55.9014 -0.513336 2.4
      vertex 55.4317 -0.438965 2.4
    endloop
  endfacet
  facet normal 0 0 1
    outer loop
      vertex 55.9014 -0.513336 2.4
      vertex 55.0658 -2.08197 2.4
      vertex 55.5924 -2.74277 2.4
    endloop
  endfacet
  facet normal 0 0 1
    outer loop
      vertex 55.4317 -0.438965 2.4
      vertex 54.5984 -1.3018 2.4
      vertex 55.0658 -2.08197 2.4
    endloop
  endfacet
  facet normal 0 0 1
    outer loop
      vertex 54.2352 -0.514679 2.4
      vertex 55.4317 -0.438965 2.4
      vertex 54.2655 -0.207901 2.4
    endloop
  endfacet
  facet normal 0 0 1
    outer loop
      vertex 55.4317 -0.438965 2.4
      vertex 54.2352 -0.514679 2.4
      vertex 54.5984 -1.3018 2.4
    endloop
  endfacet
  facet normal 0 -0 1
    outer loop
      vertex 54.2352 -0.514679 2.4
      vertex 54.2655 -0.207901 2.4
      vertex 54.1029 -0.146576 2.4
    endloop
  endfacet
  facet normal -0 0 1
    outer loop
      vertex 61.6027 5.36186 2.4
      vertex 62.9001 3.46982 2.4
      vertex 62.6757 6.32033 2.4
    endloop
  endfacet
  facet normal 0 0 1
    outer loop
      vertex 62.9001 3.46982 2.4
      vertex 61.6027 5.36186 2.4
      vertex 61.7816 2.91583 2.4
    endloop
  endfacet
  facet normal -0 0 1
    outer loop
      vertex 60.3534 4.42007 2.4
      vertex 61.7816 2.91583 2.4
      vertex 61.6027 5.36186 2.4
    endloop
  endfacet
  facet normal 0 0 1
    outer loop
      vertex 61.7816 2.91583 2.4
      vertex 60.3534 4.42007 2.4
      vertex 60.4425 2.43129 2.4
    endloop
  endfacet
  facet normal -0 0 1
    outer loop
      vertex 59.1156 3.66264 2.4
      vertex 60.4425 2.43129 2.4
      vertex 60.3534 4.42007 2.4
    endloop
  endfacet
  facet normal 0 0 1
    outer loop
      vertex 60.4425 2.43129 2.4
      vertex 59.1156 3.66264 2.4
      vertex 59.3372 2.18671 2.4
    endloop
  endfacet
  facet normal -0 0 1
    outer loop
      vertex 58.7306 3.46646 2.4
      vertex 59.3372 2.18671 2.4
      vertex 59.1156 3.66264 2.4
    endloop
  endfacet
  facet normal 0 0 1
    outer loop
      vertex 58.7306 3.46646 2.4
      vertex 58.2519 2.11067 2.4
      vertex 59.3372 2.18671 2.4
    endloop
  endfacet
  facet normal -0 0 1
    outer loop
      vertex 57.4657 2.87367 2.4
      vertex 58.2519 2.11067 2.4
      vertex 58.7306 3.46646 2.4
    endloop
  endfacet
  facet normal 0 0 1
    outer loop
      vertex 57.4657 2.87367 2.4
      vertex 57.3255 2.19601 2.4
      vertex 58.2519 2.11067 2.4
    endloop
  endfacet
  facet normal 0 0 1
    outer loop
      vertex 57.4657 2.87367 2.4
      vertex 56.3711 2.45193 2.4
      vertex 57.3255 2.19601 2.4
    endloop
  endfacet
  facet normal 0 -0 1
    outer loop
      vertex 56.3711 2.45193 2.4
      vertex 57.4657 2.87367 2.4
      vertex 56.2881 2.48994 2.4
    endloop
  endfacet
  facet normal -0 0 1
    outer loop
      vertex 57.3378 -5.33893 2.4
      vertex 63.9554 -11.6062 2.4
      vertex 58.1937 -5.18974 2.4
    endloop
  endfacet
  facet normal -0 0 1
    outer loop
      vertex 57.0824 -5.37935 2.4
      vertex 63.9554 -11.6062 2.4
      vertex 57.3378 -5.33893 2.4
    endloop
  endfacet
  facet normal 0 0 1
    outer loop
      vertex 63.9554 -11.6062 2.4
      vertex 57.0824 -5.37935 2.4
      vertex 63.3703 -14.4639 2.4
    endloop
  endfacet
  facet normal 0 0 1
    outer loop
      vertex 56.2298 -5.3625 2.4
      vertex 63.3703 -14.4639 2.4
      vertex 57.0824 -5.37935 2.4
    endloop
  endfacet
  facet normal 0 0 1
    outer loop
      vertex 54.9939 -22.2558 2.4
      vertex 63.3703 -14.4639 2.4
      vertex 56.2298 -5.3625 2.4
    endloop
  endfacet
  facet normal 0 0 1
    outer loop
      vertex 54.9939 -22.2558 2.4
      vertex 56.2298 -5.3625 2.4
      vertex 55.9316 -5.31526 2.4
    endloop
  endfacet
  facet normal 0 0 1
    outer loop
      vertex 63.3703 -14.4639 2.4
      vertex 54.9939 -22.2558 2.4
      vertex 62.6576 -17.2924 2.4
    endloop
  endfacet
  facet normal 0 0 1
    outer loop
      vertex 62.6576 -17.2924 2.4
      vertex 54.9939 -22.2558 2.4
      vertex 61.8187 -20.0861 2.4
    endloop
  endfacet
  facet normal 0 0 1
    outer loop
      vertex 61.8187 -20.0861 2.4
      vertex 54.9939 -22.2558 2.4
      vertex 60.8553 -22.8394 2.4
    endloop
  endfacet
  facet normal 0 -0 1
    outer loop
      vertex 55.0824 -22.8491 2.4
      vertex 60.8553 -22.8394 2.4
      vertex 54.9939 -22.2558 2.4
    endloop
  endfacet
  facet normal 0 0 1
    outer loop
      vertex 60.8553 -22.8394 2.4
      vertex 55.0824 -22.8491 2.4
      vertex 59.7693 -25.5466 2.4
    endloop
  endfacet
  facet normal -0 0 1
    outer loop
      vertex 95.4 23 2.4
      vertex 97.4 -23 2.4
      vertex 97.4 23 2.4
    endloop
  endfacet
  facet normal 0 0 1
    outer loop
      vertex 97.4 -23 2.4
      vertex 95.4 23 2.4
      vertex 95.4 -23 2.4
    endloop
  endfacet
  facet normal 0 0 1
    outer loop
      vertex 86.2 78.6 2.4
      vertex 98.6 66.2 2.4
      vertex 96.9387 72.4 2.4
    endloop
  endfacet
  facet normal 0 0 1
    outer loop
      vertex 86.2 78.6 2.4
      vertex 96.9387 72.4 2.4
      vertex 96.0376 73.7486 2.4
    endloop
  endfacet
  facet normal 0 0 1
    outer loop
      vertex 98.6 66.2 2.4
      vertex 95.4 47 2.4
      vertex 97.4 47 2.4
    endloop
  endfacet
  facet normal -0 0 1
    outer loop
      vertex 62.5279 26.7257 2.4
      vertex 95.4 23 2.4
      vertex 95.4 47 2.4
    endloop
  endfacet
  facet normal 0 -0 1
    outer loop
      vertex 67.7262 6.09546 2.4
      vertex 95.4 23 2.4
      vertex 67.3846 9.12785 2.4
    endloop
  endfacet
  facet normal 0 0 1
    outer loop
      vertex 98.6 66.2 2.4
      vertex 86.2 78.6 2.4
      vertex 95.4 47 2.4
    endloop
  endfacet
  facet normal 0 0 1
    outer loop
      vertex 86.2 78.6 2.4
      vertex 96.0376 73.7486 2.4
      vertex 94.9681 74.9681 2.4
    endloop
  endfacet
  facet normal -0 0 1
    outer loop
      vertex 97.4 -27.6 2.4
      vertex 97.8 -42.4 2.4
      vertex 97.8 -27.6 2.4
    endloop
  endfacet
  facet normal 0 0 1
    outer loop
      vertex 97.8 -42.4 2.4
      vertex 97.4 -27.6 2.4
      vertex 97.4 -42.4 2.4
    endloop
  endfacet
  facet normal 0 0 1
    outer loop
      vertex 97.4 23 2.4
      vertex 97.8 26.4 2.4
      vertex 97.4 26.4 2.4
    endloop
  endfacet
  facet normal 0 0 1
    outer loop
      vertex 97.8 26.4 2.4
      vertex 97.4 23 2.4
      vertex 97.8 -26.4 2.4
    endloop
  endfacet
  facet normal -0 0 1
    outer loop
      vertex 97.4 -23 2.4
      vertex 97.8 -26.4 2.4
      vertex 97.4 23 2.4
    endloop
  endfacet
  facet normal 0 0 1
    outer loop
      vertex 97.8 -26.4 2.4
      vertex 97.4 -23 2.4
      vertex 97.4 -26.4 2.4
    endloop
  endfacet
  facet normal -0 0 1
    outer loop
      vertex 97.4 42.4 2.4
      vertex 97.8 27.6 2.4
      vertex 97.8 42.4 2.4
    endloop
  endfacet
  facet normal 0 0 1
    outer loop
      vertex 97.8 27.6 2.4
      vertex 97.4 42.4 2.4
      vertex 97.4 27.6 2.4
    endloop
  endfacet
  facet normal 0 0 1
    outer loop
      vertex 97.6561 70.9453 2.4
      vertex 98.6 66.2 2.4
      vertex 98.4939 67.8185 2.4
    endloop
  endfacet
  facet normal 0 0 1
    outer loop
      vertex 97.8 26.4 2.4
      vertex 98.6 66.2 2.4
      vertex 97.8 27.6 2.4
    endloop
  endfacet
  facet normal 0 0 1
    outer loop
      vertex 97.6561 70.9453 2.4
      vertex 98.4939 67.8185 2.4
      vertex 98.1775 69.4093 2.4
    endloop
  endfacet
  facet normal 0 0 1
    outer loop
      vertex 98.6 66.2 2.4
      vertex 97.8 26.4 2.4
      vertex 98.6 -66.2 2.4
    endloop
  endfacet
  facet normal 0 0 1
    outer loop
      vertex 98.6 66.2 2.4
      vertex 97.8 43.6 2.4
      vertex 97.8 42.4 2.4
    endloop
  endfacet
  facet normal 0 0 1
    outer loop
      vertex 96.9387 72.4 2.4
      vertex 98.6 66.2 2.4
      vertex 97.6561 70.9453 2.4
    endloop
  endfacet
  facet normal 0 0 1
    outer loop
      vertex 98.6 66.2 2.4
      vertex 97.4 47 2.4
      vertex 97.8 43.6 2.4
    endloop
  endfacet
  facet normal 0 0 1
    outer loop
      vertex 97.8 43.6 2.4
      vertex 97.4 47 2.4
      vertex 97.4 43.6 2.4
    endloop
  endfacet
  facet normal 0 0 1
    outer loop
      vertex 98.6 66.2 2.4
      vertex 97.8 42.4 2.4
      vertex 97.8 27.6 2.4
    endloop
  endfacet
  facet normal -0 0 1
    outer loop
      vertex 97.8 -26.4 2.4
      vertex 98.6 -66.2 2.4
      vertex 97.8 26.4 2.4
    endloop
  endfacet
  facet normal -0 0 1
    outer loop
      vertex 97.8 -27.6 2.4
      vertex 98.6 -66.2 2.4
      vertex 97.8 -26.4 2.4
    endloop
  endfacet
  facet normal -0 0 1
    outer loop
      vertex 97.8 -42.4 2.4
      vertex 98.6 -66.2 2.4
      vertex 97.8 -27.6 2.4
    endloop
  endfacet
  facet normal -0 0 1
    outer loop
      vertex 97.8 -43.6 2.4
      vertex 98.6 -66.2 2.4
      vertex 97.8 -42.4 2.4
    endloop
  endfacet
  facet normal -0 0 1
    outer loop
      vertex 97.4 -47 2.4
      vertex 98.6 -66.2 2.4
      vertex 97.8 -43.6 2.4
    endloop
  endfacet
  facet normal -0 0 1
    outer loop
      vertex 95.4 -47 2.4
      vertex 98.6 -66.2 2.4
      vertex 97.4 -47 2.4
    endloop
  endfacet
  facet normal 0 0 1
    outer loop
      vertex 86.2 -78.6 2.4
      vertex 98.6 -66.2 2.4
      vertex 95.4 -47 2.4
    endloop
  endfacet
  facet normal 0 0 1
    outer loop
      vertex 97.4 -47 2.4
      vertex 97.8 -43.6 2.4
      vertex 97.4 -43.6 2.4
    endloop
  endfacet
  facet normal 0 0 1
    outer loop
      vertex 98.6 -66.2 2.4
      vertex 86.2 -78.6 2.4
      vertex 98.4939 -67.8185 2.4
    endloop
  endfacet
  facet normal 0 0 1
    outer loop
      vertex 98.4939 -67.8185 2.4
      vertex 86.2 -78.6 2.4
      vertex 98.1775 -69.4093 2.4
    endloop
  endfacet
  facet normal 0 0 1
    outer loop
      vertex 98.1775 -69.4093 2.4
      vertex 86.2 -78.6 2.4
      vertex 97.6561 -70.9453 2.4
    endloop
  endfacet
  facet normal 0 0 1
    outer loop
      vertex 97.6561 -70.9453 2.4
      vertex 86.2 -78.6 2.4
      vertex 96.9387 -72.4 2.4
    endloop
  endfacet
  facet normal 0 0 1
    outer loop
      vertex 96.9387 -72.4 2.4
      vertex 86.2 -78.6 2.4
      vertex 96.0376 -73.7486 2.4
    endloop
  endfacet
  facet normal 0 -0 1
    outer loop
      vertex 68 0 2.4
      vertex 95.4 23 2.4
      vertex 67.9315 3.0508 2.4
    endloop
  endfacet
  facet normal 0 0 1
    outer loop
      vertex 86.2 78.6 2.4
      vertex 94.9681 74.9681 2.4
      vertex 93.7486 76.0376 2.4
    endloop
  endfacet
  facet normal -0 0 1
    outer loop
      vertex 67.7262 -6.09546 2.4
      vertex 95.4 -23 2.4
      vertex 67.9315 -3.0508 2.4
    endloop
  endfacet
  facet normal 0 0 1
    outer loop
      vertex 86.2 78.6 2.4
      vertex 93.7486 76.0376 2.4
      vertex 92.4 76.9387 2.4
    endloop
  endfacet
  facet normal 0 0 1
    outer loop
      vertex 96.0376 -73.7486 2.4
      vertex 86.2 -78.6 2.4
      vertex 94.9681 -74.9681 2.4
    endloop
  endfacet
  facet normal 0 0 1
    outer loop
      vertex 86.2 78.6 2.4
      vertex 92.4 76.9387 2.4
      vertex 90.9453 77.6561 2.4
    endloop
  endfacet
  facet normal 0 0 1
    outer loop
      vertex 94.9681 -74.9681 2.4
      vertex 86.2 -78.6 2.4
      vertex 93.7486 -76.0376 2.4
    endloop
  endfacet
  facet normal 0 0 1
    outer loop
      vertex 86.2 78.6 2.4
      vertex 90.9453 77.6561 2.4
      vertex 89.4093 78.1775 2.4
    endloop
  endfacet
  facet normal 0 0 1
    outer loop
      vertex 93.7486 -76.0376 2.4
      vertex 86.2 -78.6 2.4
      vertex 92.4 -76.9387 2.4
    endloop
  endfacet
  facet normal 0 0 1
    outer loop
      vertex 86.2 78.6 2.4
      vertex 89.4093 78.1775 2.4
      vertex 87.8185 78.4939 2.4
    endloop
  endfacet
  facet normal 0 0 1
    outer loop
      vertex 92.4 -76.9387 2.4
      vertex 86.2 -78.6 2.4
      vertex 90.9453 -77.6561 2.4
    endloop
  endfacet
  facet normal 0 0 1
    outer loop
      vertex 62 75.4 2.4
      vertex 86.2 78.6 2.4
      vertex 62 77.4 2.4
    endloop
  endfacet
  facet normal 0 0 1
    outer loop
      vertex 90.9453 -77.6561 2.4
      vertex 86.2 -78.6 2.4
      vertex 89.4093 -78.1775 2.4
    endloop
  endfacet
  facet normal 0 0 1
    outer loop
      vertex 89.4093 -78.1775 2.4
      vertex 86.2 -78.6 2.4
      vertex 87.8185 -78.4939 2.4
    endloop
  endfacet
  facet normal -0 0 1
    outer loop
      vertex 67.9315 -3.0508 2.4
      vertex 95.4 -23 2.4
      vertex 68 0 2.4
    endloop
  endfacet
  facet normal 0 0 1
    outer loop
      vertex 95.4 23 2.4
      vertex 68 0 2.4
      vertex 95.4 -23 2.4
    endloop
  endfacet
  facet normal 0 -0 1
    outer loop
      vertex 67.9315 3.0508 2.4
      vertex 95.4 23 2.4
      vertex 67.7262 6.09546 2.4
    endloop
  endfacet
  facet normal 0 0 1
    outer loop
      vertex 95.4 23 2.4
      vertex 66.9072 12.1419 2.4
      vertex 67.3846 9.12785 2.4
    endloop
  endfacet
  facet normal 0 0 1
    outer loop
      vertex 95.4 23 2.4
      vertex 66.2951 15.1314 2.4
      vertex 66.9072 12.1419 2.4
    endloop
  endfacet
  facet normal 0 0 1
    outer loop
      vertex 95.4 23 2.4
      vertex 65.5495 18.0905 2.4
      vertex 66.2951 15.1314 2.4
    endloop
  endfacet
  facet normal 0 0 1
    outer loop
      vertex 95.4 23 2.4
      vertex 64.6718 21.0132 2.4
      vertex 65.5495 18.0905 2.4
    endloop
  endfacet
  facet normal 0 0 1
    outer loop
      vertex 95.4 23 2.4
      vertex 63.664 23.8935 2.4
      vertex 64.6718 21.0132 2.4
    endloop
  endfacet
  facet normal 0 0 1
    outer loop
      vertex 95.4 23 2.4
      vertex 62.5279 26.7257 2.4
      vertex 63.664 23.8935 2.4
    endloop
  endfacet
  facet normal 0 0 1
    outer loop
      vertex 86.2 78.6 2.4
      vertex 62 75.4 2.4
      vertex 95.4 47 2.4
    endloop
  endfacet
  facet normal 0 0 1
    outer loop
      vertex 86.2 78.6 2.4
      vertex 58.6 77.8 2.4
      vertex 62 77.4 2.4
    endloop
  endfacet
  facet normal 0 0 1
    outer loop
      vertex 86.2 78.6 2.4
      vertex 57.4 77.8 2.4
      vertex 58.6 77.8 2.4
    endloop
  endfacet
  facet normal 0 0 1
    outer loop
      vertex 57.4 77.8 2.4
      vertex 42.6 77.8 2.4
      vertex 57.4 77.4 2.4
    endloop
  endfacet
  facet normal 0 0 1
    outer loop
      vertex 86.2 78.6 2.4
      vertex 42.6 77.8 2.4
      vertex 57.4 77.8 2.4
    endloop
  endfacet
  facet normal 0 0 1
    outer loop
      vertex 86.2 78.6 2.4
      vertex 41.4 77.8 2.4
      vertex 42.6 77.8 2.4
    endloop
  endfacet
  facet normal 0 0 1
    outer loop
      vertex 41.4 77.8 2.4
      vertex 38 77.4 2.4
      vertex 41.4 77.4 2.4
    endloop
  endfacet
  facet normal 0 0 1
    outer loop
      vertex 21.0132 64.6718 2.4
      vertex 38 75.4 2.4
      vertex 38 77.4 2.4
    endloop
  endfacet
  facet normal 0 0 1
    outer loop
      vertex 38 75.4 2.4
      vertex 34.8771 58.3745 2.4
      vertex 37.461 56.751 2.4
    endloop
  endfacet
  facet normal 0 0 1
    outer loop
      vertex 38 75.4 2.4
      vertex 32.2231 59.8805 2.4
      vertex 34.8771 58.3745 2.4
    endloop
  endfacet
  facet normal 0 0 1
    outer loop
      vertex 38 75.4 2.4
      vertex 29.5041 61.2659 2.4
      vertex 32.2231 59.8805 2.4
    endloop
  endfacet
  facet normal 0 0 1
    outer loop
      vertex 38 75.4 2.4
      vertex 26.7257 62.5279 2.4
      vertex 29.5041 61.2659 2.4
    endloop
  endfacet
  facet normal 0 0 1
    outer loop
      vertex 38 75.4 2.4
      vertex 23.8935 63.664 2.4
      vertex 26.7257 62.5279 2.4
    endloop
  endfacet
  facet normal 0 0 1
    outer loop
      vertex 38 75.4 2.4
      vertex 21.0132 64.6718 2.4
      vertex 23.8935 63.664 2.4
    endloop
  endfacet
  facet normal 0 0 1
    outer loop
      vertex 38 77.4 2.4
      vertex 18.0905 65.5495 2.4
      vertex 21.0132 64.6718 2.4
    endloop
  endfacet
  facet normal 0 0 1
    outer loop
      vertex 38 77.4 2.4
      vertex 15.1314 66.2951 2.4
      vertex 18.0905 65.5495 2.4
    endloop
  endfacet
  facet normal 0 0 1
    outer loop
      vertex 38 77.4 2.4
      vertex 12.1419 66.9072 2.4
      vertex 15.1314 66.2951 2.4
    endloop
  endfacet
  facet normal 0 0 1
    outer loop
      vertex 38 77.4 2.4
      vertex 9.12785 67.3846 2.4
      vertex 12.1419 66.9072 2.4
    endloop
  endfacet
  facet normal 0 0 1
    outer loop
      vertex 38 77.4 2.4
      vertex 6.09546 67.7262 2.4
      vertex 9.12785 67.3846 2.4
    endloop
  endfacet
  facet normal 0 0 1
    outer loop
      vertex 38 77.4 2.4
      vertex 3.0508 67.9315 2.4
      vertex 6.09546 67.7262 2.4
    endloop
  endfacet
  facet normal 0 0 1
    outer loop
      vertex 38 77.4 2.4
      vertex 1.2 67.9731 2.4
      vertex 3.0508 67.9315 2.4
    endloop
  endfacet
  facet normal -0 0 1
    outer loop
      vertex -1.2 67.9731 2.4
      vertex 1.2 64.9731 2.4
      vertex 1.2 67.9731 2.4
    endloop
  endfacet
  facet normal 0 0 1
    outer loop
      vertex -1.2 64.9731 2.4
      vertex 1.2 64.9731 2.4
      vertex -1.2 67.9731 2.4
    endloop
  endfacet
  facet normal 0 0 1
    outer loop
      vertex 38 77.4 2.4
      vertex -1.2 67.9731 2.4
      vertex 1.2 67.9731 2.4
    endloop
  endfacet
  facet normal -0 0 1
    outer loop
      vertex -38 77.4 2.4
      vertex -1.2 67.9731 2.4
      vertex 38 77.4 2.4
    endloop
  endfacet
  facet normal 0 0 1
    outer loop
      vertex -1.2 67.9731 2.4
      vertex -38 77.4 2.4
      vertex -3.0508 67.9315 2.4
    endloop
  endfacet
  facet normal 0 0 1
    outer loop
      vertex -3.0508 67.9315 2.4
      vertex -38 77.4 2.4
      vertex -6.09546 67.7262 2.4
    endloop
  endfacet
  facet normal 0 0 1
    outer loop
      vertex -6.09546 67.7262 2.4
      vertex -38 77.4 2.4
      vertex -9.12785 67.3846 2.4
    endloop
  endfacet
  facet normal 0 0 1
    outer loop
      vertex -9.12785 67.3846 2.4
      vertex -38 77.4 2.4
      vertex -12.1419 66.9072 2.4
    endloop
  endfacet
  facet normal 0 0 1
    outer loop
      vertex -32.2231 59.8805 2.4
      vertex -38 75.4 2.4
      vertex -34.8771 58.3745 2.4
    endloop
  endfacet
  facet normal 0 0 1
    outer loop
      vertex -29.5041 61.2659 2.4
      vertex -38 75.4 2.4
      vertex -32.2231 59.8805 2.4
    endloop
  endfacet
  facet normal 0 0 1
    outer loop
      vertex -26.7257 62.5279 2.4
      vertex -38 75.4 2.4
      vertex -29.5041 61.2659 2.4
    endloop
  endfacet
  facet normal 0 0 1
    outer loop
      vertex -23.8935 63.664 2.4
      vertex -38 75.4 2.4
      vertex -26.7257 62.5279 2.4
    endloop
  endfacet
  facet normal 0 0 1
    outer loop
      vertex -21.0132 64.6718 2.4
      vertex -38 75.4 2.4
      vertex -23.8935 63.664 2.4
    endloop
  endfacet
  facet normal -0 0 1
    outer loop
      vertex -38 75.4 2.4
      vertex -21.0132 64.6718 2.4
      vertex -38 77.4 2.4
    endloop
  endfacet
  facet normal 0 0 1
    outer loop
      vertex -18.0905 65.5495 2.4
      vertex -38 77.4 2.4
      vertex -21.0132 64.6718 2.4
    endloop
  endfacet
  facet normal 0 0 1
    outer loop
      vertex -15.1314 66.2951 2.4
      vertex -38 77.4 2.4
      vertex -18.0905 65.5495 2.4
    endloop
  endfacet
  facet normal 0 0 1
    outer loop
      vertex -12.1419 66.9072 2.4
      vertex -38 77.4 2.4
      vertex -15.1314 66.2951 2.4
    endloop
  endfacet
  facet normal 0 0 1
    outer loop
      vertex 41.4 77.8 2.4
      vertex -38 77.4 2.4
      vertex 38 77.4 2.4
    endloop
  endfacet
  facet normal 0 0 1
    outer loop
      vertex -41.4 77.8 2.4
      vertex 41.4 77.8 2.4
      vertex 86.2 78.6 2.4
    endloop
  endfacet
  facet normal 0 0 1
    outer loop
      vertex 41.4 77.8 2.4
      vertex -41.4 77.8 2.4
      vertex -38 77.4 2.4
    endloop
  endfacet
  facet normal -0 0 1
    outer loop
      vertex -86.2 78.6 2.4
      vertex -41.4 77.8 2.4
      vertex 86.2 78.6 2.4
    endloop
  endfacet
  facet normal 0 0 1
    outer loop
      vertex -42.6 77.8 2.4
      vertex -57.4 77.8 2.4
      vertex -42.6 77.4 2.4
    endloop
  endfacet
  facet normal 0 0 1
    outer loop
      vertex -41.4 77.8 2.4
      vertex -86.2 78.6 2.4
      vertex -42.6 77.8 2.4
    endloop
  endfacet
  facet normal 0 0 1
    outer loop
      vertex -42.6 77.8 2.4
      vertex -86.2 78.6 2.4
      vertex -57.4 77.8 2.4
    endloop
  endfacet
  facet normal 0 0 1
    outer loop
      vertex -58.6 77.8 2.4
      vertex -62 77.4 2.4
      vertex -58.6 77.4 2.4
    endloop
  endfacet
  facet normal 0 0 1
    outer loop
      vertex -86.2 78.6 2.4
      vertex -62 75.4 2.4
      vertex -62 77.4 2.4
    endloop
  endfacet
  facet normal 0 0 1
    outer loop
      vertex -95.4 47 2.4
      vertex -62 75.4 2.4
      vertex -86.2 78.6 2.4
    endloop
  endfacet
  facet normal 0 0 1
    outer loop
      vertex -61.2659 29.5041 2.4
      vertex -95.4 47 2.4
      vertex -62.5279 26.7257 2.4
    endloop
  endfacet
  facet normal 0 0 1
    outer loop
      vertex -95.4 23 2.4
      vertex -62.5279 26.7257 2.4
      vertex -95.4 47 2.4
    endloop
  endfacet
  facet normal 0 0 1
    outer loop
      vertex -62.5279 26.7257 2.4
      vertex -95.4 23 2.4
      vertex -63.664 23.8935 2.4
    endloop
  endfacet
  facet normal 0 0 1
    outer loop
      vertex -63.664 23.8935 2.4
      vertex -95.4 23 2.4
      vertex -64.6718 21.0132 2.4
    endloop
  endfacet
  facet normal 0 0 1
    outer loop
      vertex -64.6718 21.0132 2.4
      vertex -95.4 23 2.4
      vertex -65.5495 18.0905 2.4
    endloop
  endfacet
  facet normal 0 0 1
    outer loop
      vertex -65.5495 18.0905 2.4
      vertex -95.4 23 2.4
      vertex -66.2951 15.1314 2.4
    endloop
  endfacet
  facet normal 0 0 1
    outer loop
      vertex -67.3846 9.12785 2.4
      vertex -95.4 23 2.4
      vertex -67.7262 6.09546 2.4
    endloop
  endfacet
  facet normal 0 0 1
    outer loop
      vertex -66.9072 12.1419 2.4
      vertex -95.4 23 2.4
      vertex -67.3846 9.12785 2.4
    endloop
  endfacet
  facet normal 0 0 1
    outer loop
      vertex -66.2951 15.1314 2.4
      vertex -95.4 23 2.4
      vertex -66.9072 12.1419 2.4
    endloop
  endfacet
  facet normal 0 0 1
    outer loop
      vertex -58.6 77.8 2.4
      vertex -86.2 78.6 2.4
      vertex -62 77.4 2.4
    endloop
  endfacet
  facet normal 0 0 1
    outer loop
      vertex -57.4 77.8 2.4
      vertex -86.2 78.6 2.4
      vertex -58.6 77.8 2.4
    endloop
  endfacet
  facet normal -0.195073 -0.980789 0
    outer loop
      vertex 87.8185 78.4939 2.4
      vertex 89.4093 78.1775 3.2
      vertex 87.8185 78.4939 3.2
    endloop
  endfacet
  facet normal -0.195073 -0.980789 -0
    outer loop
      vertex 89.4093 78.1775 3.2
      vertex 87.8185 78.4939 2.4
      vertex 89.4093 78.1775 2.4
    endloop
  endfacet
  facet normal 0.442299 0.896868 -0
    outer loop
      vertex -90.9453 -77.6561 2.4
      vertex -92.4 -76.9387 3.2
      vertex -90.9453 -77.6561 3.2
    endloop
  endfacet
  facet normal 0.442299 0.896868 0
    outer loop
      vertex -92.4 -76.9387 3.2
      vertex -90.9453 -77.6561 2.4
      vertex -92.4 -76.9387 2.4
    endloop
  endfacet
  facet normal -0.997858 -0.0654141 0
    outer loop
      vertex 98.6 66.2 2.4
      vertex 98.4939 67.8185 3.2
      vertex 98.4939 67.8185 2.4
    endloop
  endfacet
  facet normal -0.997858 -0.0654141 0
    outer loop
      vertex 98.4939 67.8185 3.2
      vertex 98.6 66.2 2.4
      vertex 98.6 66.2 3.2
    endloop
  endfacet
  facet normal 0.751831 -0.659355 0
    outer loop
      vertex -96.0376 73.7486 3.2
      vertex -94.9681 74.9681 2.4
      vertex -94.9681 74.9681 3.2
    endloop
  endfacet
  facet normal 0.751831 -0.659355 0
    outer loop
      vertex -94.9681 74.9681 2.4
      vertex -96.0376 73.7486 3.2
      vertex -96.0376 73.7486 2.4
    endloop
  endfacet
  facet normal 0.555568 0.831471 -0
    outer loop
      vertex -92.4 -76.9387 2.4
      vertex -93.7486 -76.0376 3.2
      vertex -92.4 -76.9387 3.2
    endloop
  endfacet
  facet normal 0.555568 0.831471 0
    outer loop
      vertex -93.7486 -76.0376 3.2
      vertex -92.4 -76.9387 2.4
      vertex -93.7486 -76.0376 2.4
    endloop
  endfacet
  facet normal 0.831471 0.555568 0
    outer loop
      vertex -96.0376 -73.7486 3.2
      vertex -96.9387 -72.4 2.4
      vertex -96.9387 -72.4 3.2
    endloop
  endfacet
  facet normal 0.831471 0.555568 0
    outer loop
      vertex -96.9387 -72.4 2.4
      vertex -96.0376 -73.7486 3.2
      vertex -96.0376 -73.7486 2.4
    endloop
  endfacet
  facet normal 0.980789 -0.195073 0
    outer loop
      vertex -98.4939 67.8185 3.2
      vertex -98.1775 69.4093 2.4
      vertex -98.1775 69.4093 3.2
    endloop
  endfacet
  facet normal 0.980789 -0.195073 0
    outer loop
      vertex -98.1775 69.4093 2.4
      vertex -98.4939 67.8185 3.2
      vertex -98.4939 67.8185 2.4
    endloop
  endfacet
  facet normal 0.831471 -0.555568 0
    outer loop
      vertex -96.9387 72.4 3.2
      vertex -96.0376 73.7486 2.4
      vertex -96.0376 73.7486 3.2
    endloop
  endfacet
  facet normal 0.831471 -0.555568 0
    outer loop
      vertex -96.0376 73.7486 2.4
      vertex -96.9387 72.4 3.2
      vertex -96.9387 72.4 2.4
    endloop
  endfacet
  facet normal -0.896868 -0.442299 0
    outer loop
      vertex 97.6561 70.9453 2.4
      vertex 96.9387 72.4 3.2
      vertex 96.9387 72.4 2.4
    endloop
  endfacet
  facet normal -0.896868 -0.442299 0
    outer loop
      vertex 96.9387 72.4 3.2
      vertex 97.6561 70.9453 2.4
      vertex 97.6561 70.9453 3.2
    endloop
  endfacet
  facet normal 0.896868 -0.442299 0
    outer loop
      vertex -97.6561 70.9453 3.2
      vertex -96.9387 72.4 2.4
      vertex -96.9387 72.4 3.2
    endloop
  endfacet
  facet normal 0.896868 -0.442299 0
    outer loop
      vertex -96.9387 72.4 2.4
      vertex -97.6561 70.9453 3.2
      vertex -97.6561 70.9453 2.4
    endloop
  endfacet
  facet normal -0.659355 -0.751831 0
    outer loop
      vertex 93.7486 76.0376 2.4
      vertex 94.9681 74.9681 3.2
      vertex 93.7486 76.0376 3.2
    endloop
  endfacet
  facet normal -0.659355 -0.751831 -0
    outer loop
      vertex 94.9681 74.9681 3.2
      vertex 93.7486 76.0376 2.4
      vertex 94.9681 74.9681 2.4
    endloop
  endfacet
  facet normal -0.980789 -0.195073 0
    outer loop
      vertex 98.4939 67.8185 2.4
      vertex 98.1775 69.4093 3.2
      vertex 98.1775 69.4093 2.4
    endloop
  endfacet
  facet normal -0.980789 -0.195073 0
    outer loop
      vertex 98.1775 69.4093 3.2
      vertex 98.4939 67.8185 2.4
      vertex 98.4939 67.8185 3.2
    endloop
  endfacet
  facet normal -0.442299 -0.896868 0
    outer loop
      vertex 90.9453 77.6561 2.4
      vertex 92.4 76.9387 3.2
      vertex 90.9453 77.6561 3.2
    endloop
  endfacet
  facet normal -0.442299 -0.896868 -0
    outer loop
      vertex 92.4 76.9387 3.2
      vertex 90.9453 77.6561 2.4
      vertex 92.4 76.9387 2.4
    endloop
  endfacet
  facet normal -0.321439 -0.94693 0
    outer loop
      vertex 89.4093 78.1775 2.4
      vertex 90.9453 77.6561 3.2
      vertex 89.4093 78.1775 3.2
    endloop
  endfacet
  facet normal -0.321439 -0.94693 -0
    outer loop
      vertex 90.9453 77.6561 3.2
      vertex 89.4093 78.1775 2.4
      vertex 90.9453 77.6561 2.4
    endloop
  endfacet
  facet normal -0.831471 -0.555568 0
    outer loop
      vertex 96.9387 72.4 2.4
      vertex 96.0376 73.7486 3.2
      vertex 96.0376 73.7486 2.4
    endloop
  endfacet
  facet normal -0.831471 -0.555568 0
    outer loop
      vertex 96.0376 73.7486 3.2
      vertex 96.9387 72.4 2.4
      vertex 96.9387 72.4 3.2
    endloop
  endfacet
  facet normal 0 0 1
    outer loop
      vertex 62 -75.4 11.2
      vertex 58.6 -77.4 11.2
      vertex 62 -77.4 11.2
    endloop
  endfacet
  facet normal 0 0 1
    outer loop
      vertex 58.6 -77.4 11.2
      vertex 57.4 -77.4 11.2
      vertex 58.6 -77.8 11.2
    endloop
  endfacet
  facet normal 0 0 1
    outer loop
      vertex 62 -75.4 11.2
      vertex 57.4 -77.4 11.2
      vertex 58.6 -77.4 11.2
    endloop
  endfacet
  facet normal 0 0 1
    outer loop
      vertex 62 -75.4 11.2
      vertex 42.6 -77.4 11.2
      vertex 57.4 -77.4 11.2
    endloop
  endfacet
  facet normal 0 0 1
    outer loop
      vertex 42.6 -77.4 11.2
      vertex 41.4 -77.4 11.2
      vertex 42.6 -77.8 11.2
    endloop
  endfacet
  facet normal -0 0 1
    outer loop
      vertex 38 -75.4 11.2
      vertex 42.6 -77.4 11.2
      vertex 62 -75.4 11.2
    endloop
  endfacet
  facet normal 0 0 1
    outer loop
      vertex 42.6 -77.4 11.2
      vertex 38 -75.4 11.2
      vertex 41.4 -77.4 11.2
    endloop
  endfacet
  facet normal 0 0 1
    outer loop
      vertex 41.4 -77.4 11.2
      vertex 38 -75.4 11.2
      vertex 38 -77.4 11.2
    endloop
  endfacet
  facet normal 0 0 1
    outer loop
      vertex 58.6 -77.8 11.2
      vertex 57.4 -77.4 11.2
      vertex 57.4 -77.8 11.2
    endloop
  endfacet
  facet normal 0 0 1
    outer loop
      vertex 42.6 -77.8 11.2
      vertex 41.4 -77.4 11.2
      vertex 41.4 -77.8 11.2
    endloop
  endfacet
  facet normal 0 0 1
    outer loop
      vertex -38 -75.4 11.2
      vertex -41.4 -77.4 11.2
      vertex -38 -77.4 11.2
    endloop
  endfacet
  facet normal 0 0 1
    outer loop
      vertex -41.4 -77.4 11.2
      vertex -42.6 -77.4 11.2
      vertex -41.4 -77.8 11.2
    endloop
  endfacet
  facet normal 0 0 1
    outer loop
      vertex -38 -75.4 11.2
      vertex -42.6 -77.4 11.2
      vertex -41.4 -77.4 11.2
    endloop
  endfacet
  facet normal 0 0 1
    outer loop
      vertex -38 -75.4 11.2
      vertex -57.4 -77.4 11.2
      vertex -42.6 -77.4 11.2
    endloop
  endfacet
  facet normal 0 0 1
    outer loop
      vertex -57.4 -77.4 11.2
      vertex -58.6 -77.4 11.2
      vertex -57.4 -77.8 11.2
    endloop
  endfacet
  facet normal -0 0 1
    outer loop
      vertex -62 -75.4 11.2
      vertex -57.4 -77.4 11.2
      vertex -38 -75.4 11.2
    endloop
  endfacet
  facet normal 0 0 1
    outer loop
      vertex -57.4 -77.4 11.2
      vertex -62 -75.4 11.2
      vertex -58.6 -77.4 11.2
    endloop
  endfacet
  facet normal 0 0 1
    outer loop
      vertex -58.6 -77.4 11.2
      vertex -62 -75.4 11.2
      vertex -62 -77.4 11.2
    endloop
  endfacet
  facet normal 0 0 1
    outer loop
      vertex -41.4 -77.8 11.2
      vertex -42.6 -77.4 11.2
      vertex -42.6 -77.8 11.2
    endloop
  endfacet
  facet normal 0 0 1
    outer loop
      vertex -57.4 -77.8 11.2
      vertex -58.6 -77.4 11.2
      vertex -58.6 -77.8 11.2
    endloop
  endfacet
  facet normal -0 0 1
    outer loop
      vertex -97.8 -42.4 11.2
      vertex -97.4 -43.6 11.2
      vertex -97.4 -42.4 11.2
    endloop
  endfacet
  facet normal 0 0 1
    outer loop
      vertex -97.4 -43.6 11.2
      vertex -97.8 -42.4 11.2
      vertex -97.8 -43.6 11.2
    endloop
  endfacet
  facet normal -0 0 1
    outer loop
      vertex -97.8 -26.4 11.2
      vertex -97.4 -27.6 11.2
      vertex -97.4 -26.4 11.2
    endloop
  endfacet
  facet normal 0 0 1
    outer loop
      vertex -97.4 -27.6 11.2
      vertex -97.8 -26.4 11.2
      vertex -97.8 -27.6 11.2
    endloop
  endfacet
  facet normal 0 0 1
    outer loop
      vertex -97.4 -26.4 11.2
      vertex -95.4 -23 11.2
      vertex -97.4 -23 11.2
    endloop
  endfacet
  facet normal 0 0 1
    outer loop
      vertex -97.4 -27.6 11.2
      vertex -95.4 -23 11.2
      vertex -97.4 -26.4 11.2
    endloop
  endfacet
  facet normal 0 0 1
    outer loop
      vertex -95.4 -23 11.2
      vertex -97.4 -27.6 11.2
      vertex -95.4 -47 11.2
    endloop
  endfacet
  facet normal -0 0 1
    outer loop
      vertex -97.4 -42.4 11.2
      vertex -95.4 -47 11.2
      vertex -97.4 -27.6 11.2
    endloop
  endfacet
  facet normal -0 0 1
    outer loop
      vertex -97.4 -43.6 11.2
      vertex -95.4 -47 11.2
      vertex -97.4 -42.4 11.2
    endloop
  endfacet
  facet normal 0 0 1
    outer loop
      vertex -95.4 -47 11.2
      vertex -97.4 -43.6 11.2
      vertex -97.4 -47 11.2
    endloop
  endfacet
  facet normal -0 0 1
    outer loop
      vertex 95.4 -23 11.2
      vertex 97.4 -26.4 11.2
      vertex 97.4 -23 11.2
    endloop
  endfacet
  facet normal 0 0 1
    outer loop
      vertex 97.4 -26.4 11.2
      vertex 95.4 -23 11.2
      vertex 97.4 -27.6 11.2
    endloop
  endfacet
  facet normal 0 0 1
    outer loop
      vertex 97.4 -27.6 11.2
      vertex 95.4 -23 11.2
      vertex 97.4 -42.4 11.2
    endloop
  endfacet
  facet normal 0 0 1
    outer loop
      vertex 95.4 -47 11.2
      vertex 97.4 -42.4 11.2
      vertex 95.4 -23 11.2
    endloop
  endfacet
  facet normal 0 0 1
    outer loop
      vertex 97.4 -42.4 11.2
      vertex 95.4 -47 11.2
      vertex 97.4 -43.6 11.2
    endloop
  endfacet
  facet normal 0 0 1
    outer loop
      vertex 97.4 -43.6 11.2
      vertex 95.4 -47 11.2
      vertex 97.4 -47 11.2
    endloop
  endfacet
  facet normal -0 0 1
    outer loop
      vertex 97.4 -26.4 11.2
      vertex 97.8 -27.6 11.2
      vertex 97.8 -26.4 11.2
    endloop
  endfacet
  facet normal 0 0 1
    outer loop
      vertex 97.8 -27.6 11.2
      vertex 97.4 -26.4 11.2
      vertex 97.4 -27.6 11.2
    endloop
  endfacet
  facet normal -0 0 1
    outer loop
      vertex 97.4 -42.4 11.2
      vertex 97.8 -43.6 11.2
      vertex 97.8 -42.4 11.2
    endloop
  endfacet
  facet normal 0 0 1
    outer loop
      vertex 97.8 -43.6 11.2
      vertex 97.4 -42.4 11.2
      vertex 97.4 -43.6 11.2
    endloop
  endfacet
  facet normal -0 0 1
    outer loop
      vertex 95.4 47 11.2
      vertex 97.4 43.6 11.2
      vertex 97.4 47 11.2
    endloop
  endfacet
  facet normal 0 0 1
    outer loop
      vertex 97.4 43.6 11.2
      vertex 95.4 47 11.2
      vertex 97.4 42.4 11.2
    endloop
  endfacet
  facet normal 0 0 1
    outer loop
      vertex 97.4 42.4 11.2
      vertex 95.4 47 11.2
      vertex 97.4 27.6 11.2
    endloop
  endfacet
  facet normal 0 0 1
    outer loop
      vertex 95.4 23 11.2
      vertex 97.4 27.6 11.2
      vertex 95.4 47 11.2
    endloop
  endfacet
  facet normal 0 0 1
    outer loop
      vertex 97.4 27.6 11.2
      vertex 95.4 23 11.2
      vertex 97.4 26.4 11.2
    endloop
  endfacet
  facet normal 0 0 1
    outer loop
      vertex 97.4 26.4 11.2
      vertex 95.4 23 11.2
      vertex 97.4 23 11.2
    endloop
  endfacet
  facet normal -0 0 1
    outer loop
      vertex 97.4 43.6 11.2
      vertex 97.8 42.4 11.2
      vertex 97.8 43.6 11.2
    endloop
  endfacet
  facet normal 0 0 1
    outer loop
      vertex 97.8 42.4 11.2
      vertex 97.4 43.6 11.2
      vertex 97.4 42.4 11.2
    endloop
  endfacet
  facet normal -0 0 1
    outer loop
      vertex 97.4 27.6 11.2
      vertex 97.8 26.4 11.2
      vertex 97.8 27.6 11.2
    endloop
  endfacet
  facet normal 0 0 1
    outer loop
      vertex 97.8 26.4 11.2
      vertex 97.4 27.6 11.2
      vertex 97.4 26.4 11.2
    endloop
  endfacet
  facet normal 0 0 1
    outer loop
      vertex 42.6 77.8 11.2
      vertex 41.4 77.8 11.2
      vertex 42.6 77.4 11.2
    endloop
  endfacet
  facet normal 0 0 1
    outer loop
      vertex 58.6 77.8 11.2
      vertex 57.4 77.8 11.2
      vertex 58.6 77.4 11.2
    endloop
  endfacet
  facet normal -0 0 1
    outer loop
      vertex 58.6 77.4 11.2
      vertex 62 75.4 11.2
      vertex 62 77.4 11.2
    endloop
  endfacet
  facet normal 0 0 1
    outer loop
      vertex 57.4 77.4 11.2
      vertex 58.6 77.4 11.2
      vertex 57.4 77.8 11.2
    endloop
  endfacet
  facet normal 0 0 1
    outer loop
      vertex 58.6 77.4 11.2
      vertex 57.4 77.4 11.2
      vertex 62 75.4 11.2
    endloop
  endfacet
  facet normal -0 0 1
    outer loop
      vertex 42.6 77.4 11.2
      vertex 62 75.4 11.2
      vertex 57.4 77.4 11.2
    endloop
  endfacet
  facet normal 0 0 1
    outer loop
      vertex 41.4 77.4 11.2
      vertex 42.6 77.4 11.2
      vertex 41.4 77.8 11.2
    endloop
  endfacet
  facet normal 0 0 1
    outer loop
      vertex 38 75.4 11.2
      vertex 42.6 77.4 11.2
      vertex 41.4 77.4 11.2
    endloop
  endfacet
  facet normal 0 0 1
    outer loop
      vertex 38 75.4 11.2
      vertex 41.4 77.4 11.2
      vertex 38 77.4 11.2
    endloop
  endfacet
  facet normal 0 0 1
    outer loop
      vertex 42.6 77.4 11.2
      vertex 38 75.4 11.2
      vertex 62 75.4 11.2
    endloop
  endfacet
  facet normal -0 0 1
    outer loop
      vertex -97.8 27.6 11.2
      vertex -97.4 26.4 11.2
      vertex -97.4 27.6 11.2
    endloop
  endfacet
  facet normal 0 0 1
    outer loop
      vertex -97.4 26.4 11.2
      vertex -97.8 27.6 11.2
      vertex -97.8 26.4 11.2
    endloop
  endfacet
  facet normal -0 0 1
    outer loop
      vertex -97.8 43.6 11.2
      vertex -97.4 42.4 11.2
      vertex -97.4 43.6 11.2
    endloop
  endfacet
  facet normal 0 0 1
    outer loop
      vertex -97.4 42.4 11.2
      vertex -97.8 43.6 11.2
      vertex -97.8 42.4 11.2
    endloop
  endfacet
  facet normal 0 0 1
    outer loop
      vertex -97.4 43.6 11.2
      vertex -95.4 47 11.2
      vertex -97.4 47 11.2
    endloop
  endfacet
  facet normal 0 0 1
    outer loop
      vertex -97.4 42.4 11.2
      vertex -95.4 47 11.2
      vertex -97.4 43.6 11.2
    endloop
  endfacet
  facet normal 0 0 1
    outer loop
      vertex -95.4 47 11.2
      vertex -97.4 42.4 11.2
      vertex -95.4 23 11.2
    endloop
  endfacet
  facet normal -0 0 1
    outer loop
      vertex -97.4 27.6 11.2
      vertex -95.4 23 11.2
      vertex -97.4 42.4 11.2
    endloop
  endfacet
  facet normal -0 0 1
    outer loop
      vertex -97.4 26.4 11.2
      vertex -95.4 23 11.2
      vertex -97.4 27.6 11.2
    endloop
  endfacet
  facet normal 0 0 1
    outer loop
      vertex -95.4 23 11.2
      vertex -97.4 26.4 11.2
      vertex -97.4 23 11.2
    endloop
  endfacet
  facet normal 0 0 1
    outer loop
      vertex -57.4 77.8 11.2
      vertex -58.6 77.8 11.2
      vertex -57.4 77.4 11.2
    endloop
  endfacet
  facet normal 0 0 1
    outer loop
      vertex -41.4 77.8 11.2
      vertex -42.6 77.8 11.2
      vertex -41.4 77.4 11.2
    endloop
  endfacet
  facet normal -0 0 1
    outer loop
      vertex -41.4 77.4 11.2
      vertex -38 75.4 11.2
      vertex -38 77.4 11.2
    endloop
  endfacet
  facet normal 0 0 1
    outer loop
      vertex -42.6 77.4 11.2
      vertex -41.4 77.4 11.2
      vertex -42.6 77.8 11.2
    endloop
  endfacet
  facet normal 0 0 1
    outer loop
      vertex -41.4 77.4 11.2
      vertex -42.6 77.4 11.2
      vertex -38 75.4 11.2
    endloop
  endfacet
  facet normal -0 0 1
    outer loop
      vertex -57.4 77.4 11.2
      vertex -38 75.4 11.2
      vertex -42.6 77.4 11.2
    endloop
  endfacet
  facet normal 0 0 1
    outer loop
      vertex -58.6 77.4 11.2
      vertex -57.4 77.4 11.2
      vertex -58.6 77.8 11.2
    endloop
  endfacet
  facet normal 0 0 1
    outer loop
      vertex -62 75.4 11.2
      vertex -57.4 77.4 11.2
      vertex -58.6 77.4 11.2
    endloop
  endfacet
  facet normal 0 0 1
    outer loop
      vertex -62 75.4 11.2
      vertex -58.6 77.4 11.2
      vertex -62 77.4 11.2
    endloop
  endfacet
  facet normal 0 0 1
    outer loop
      vertex -57.4 77.4 11.2
      vertex -62 75.4 11.2
      vertex -38 75.4 11.2
    endloop
  endfacet
  facet normal 0 -1 0
    outer loop
      vertex 58.6 -77.4 2.4
      vertex 62 -77.4 11.2
      vertex 58.6 -77.4 11.2
    endloop
  endfacet
  facet normal 0 -1 -0
    outer loop
      vertex 62 -77.4 11.2
      vertex 58.6 -77.4 2.4
      vertex 62 -77.4 2.4
    endloop
  endfacet
  facet normal 1 -0 0
    outer loop
      vertex 58.6 -77.8 11.2
      vertex 58.6 -77.4 2.4
      vertex 58.6 -77.4 11.2
    endloop
  endfacet
  facet normal 1 0 0
    outer loop
      vertex 58.6 -77.4 2.4
      vertex 58.6 -77.8 11.2
      vertex 58.6 -77.8 2.4
    endloop
  endfacet
  facet normal 0 -1 0
    outer loop
      vertex 57.4 -77.8 2.4
      vertex 58.6 -77.8 11.2
      vertex 57.4 -77.8 11.2
    endloop
  endfacet
  facet normal 0 -1 -0
    outer loop
      vertex 58.6 -77.8 11.2
      vertex 57.4 -77.8 2.4
      vertex 58.6 -77.8 2.4
    endloop
  endfacet
  facet normal -1 0 0
    outer loop
      vertex 57.4 -77.8 2.4
      vertex 57.4 -77.4 11.2
      vertex 57.4 -77.4 2.4
    endloop
  endfacet
  facet normal -1 -0 0
    outer loop
      vertex 57.4 -77.4 11.2
      vertex 57.4 -77.8 2.4
      vertex 57.4 -77.8 11.2
    endloop
  endfacet
  facet normal 0 -1 0
    outer loop
      vertex 42.6 -77.4 2.4
      vertex 57.4 -77.4 11.2
      vertex 42.6 -77.4 11.2
    endloop
  endfacet
  facet normal 0 -1 -0
    outer loop
      vertex 57.4 -77.4 11.2
      vertex 42.6 -77.4 2.4
      vertex 57.4 -77.4 2.4
    endloop
  endfacet
  facet normal 1 -0 0
    outer loop
      vertex 42.6 -77.8 11.2
      vertex 42.6 -77.4 2.4
      vertex 42.6 -77.4 11.2
    endloop
  endfacet
  facet normal 1 0 0
    outer loop
      vertex 42.6 -77.4 2.4
      vertex 42.6 -77.8 11.2
      vertex 42.6 -77.8 2.4
    endloop
  endfacet
  facet normal 0 -1 0
    outer loop
      vertex 41.4 -77.8 2.4
      vertex 42.6 -77.8 11.2
      vertex 41.4 -77.8 11.2
    endloop
  endfacet
  facet normal 0 -1 -0
    outer loop
      vertex 42.6 -77.8 11.2
      vertex 41.4 -77.8 2.4
      vertex 42.6 -77.8 2.4
    endloop
  endfacet
  facet normal -1 0 0
    outer loop
      vertex 41.4 -77.8 2.4
      vertex 41.4 -77.4 11.2
      vertex 41.4 -77.4 2.4
    endloop
  endfacet
  facet normal -1 -0 0
    outer loop
      vertex 41.4 -77.4 11.2
      vertex 41.4 -77.8 2.4
      vertex 41.4 -77.8 11.2
    endloop
  endfacet
  facet normal 0 -1 0
    outer loop
      vertex 38 -77.4 2.4
      vertex 41.4 -77.4 11.2
      vertex 38 -77.4 11.2
    endloop
  endfacet
  facet normal 0 -1 -0
    outer loop
      vertex 41.4 -77.4 11.2
      vertex 38 -77.4 2.4
      vertex 41.4 -77.4 2.4
    endloop
  endfacet
  facet normal -1 0 0
    outer loop
      vertex 38 -77.4 2.4
      vertex 38 -75.4 11.2
      vertex 38 -75.4 2.4
    endloop
  endfacet
  facet normal -1 -0 0
    outer loop
      vertex 38 -75.4 11.2
      vertex 38 -77.4 2.4
      vertex 38 -77.4 11.2
    endloop
  endfacet
  facet normal 0 1 -0
    outer loop
      vertex 62 -75.4 2.4
      vertex 38 -75.4 11.2
      vertex 62 -75.4 11.2
    endloop
  endfacet
  facet normal 0 1 0
    outer loop
      vertex 38 -75.4 11.2
      vertex 62 -75.4 2.4
      vertex 38 -75.4 2.4
    endloop
  endfacet
  facet normal 1 -0 0
    outer loop
      vertex 62 -77.4 11.2
      vertex 62 -75.4 2.4
      vertex 62 -75.4 11.2
    endloop
  endfacet
  facet normal 1 0 0
    outer loop
      vertex 62 -75.4 2.4
      vertex 62 -77.4 11.2
      vertex 62 -77.4 2.4
    endloop
  endfacet
  facet normal 0 -1 0
    outer loop
      vertex -41.4 -77.4 2.4
      vertex -38 -77.4 11.2
      vertex -41.4 -77.4 11.2
    endloop
  endfacet
  facet normal 0 -1 -0
    outer loop
      vertex -38 -77.4 11.2
      vertex -41.4 -77.4 2.4
      vertex -38 -77.4 2.4
    endloop
  endfacet
  facet normal 1 -0 0
    outer loop
      vertex -41.4 -77.8 11.2
      vertex -41.4 -77.4 2.4
      vertex -41.4 -77.4 11.2
    endloop
  endfacet
  facet normal 1 0 0
    outer loop
      vertex -41.4 -77.4 2.4
      vertex -41.4 -77.8 11.2
      vertex -41.4 -77.8 2.4
    endloop
  endfacet
  facet normal 0 -1 0
    outer loop
      vertex -42.6 -77.8 2.4
      vertex -41.4 -77.8 11.2
      vertex -42.6 -77.8 11.2
    endloop
  endfacet
  facet normal 0 -1 -0
    outer loop
      vertex -41.4 -77.8 11.2
      vertex -42.6 -77.8 2.4
      vertex -41.4 -77.8 2.4
    endloop
  endfacet
  facet normal -1 0 0
    outer loop
      vertex -42.6 -77.8 2.4
      vertex -42.6 -77.4 11.2
      vertex -42.6 -77.4 2.4
    endloop
  endfacet
  facet normal -1 -0 0
    outer loop
      vertex -42.6 -77.4 11.2
      vertex -42.6 -77.8 2.4
      vertex -42.6 -77.8 11.2
    endloop
  endfacet
  facet normal 0 -1 0
    outer loop
      vertex -57.4 -77.4 2.4
      vertex -42.6 -77.4 11.2
      vertex -57.4 -77.4 11.2
    endloop
  endfacet
  facet normal 0 -1 -0
    outer loop
      vertex -42.6 -77.4 11.2
      vertex -57.4 -77.4 2.4
      vertex -42.6 -77.4 2.4
    endloop
  endfacet
  facet normal 1 -0 0
    outer loop
      vertex -57.4 -77.8 11.2
      vertex -57.4 -77.4 2.4
      vertex -57.4 -77.4 11.2
    endloop
  endfacet
  facet normal 1 0 0
    outer loop
      vertex -57.4 -77.4 2.4
      vertex -57.4 -77.8 11.2
      vertex -57.4 -77.8 2.4
    endloop
  endfacet
  facet normal 0 -1 0
    outer loop
      vertex -58.6 -77.8 2.4
      vertex -57.4 -77.8 11.2
      vertex -58.6 -77.8 11.2
    endloop
  endfacet
  facet normal 0 -1 -0
    outer loop
      vertex -57.4 -77.8 11.2
      vertex -58.6 -77.8 2.4
      vertex -57.4 -77.8 2.4
    endloop
  endfacet
  facet normal -1 0 0
    outer loop
      vertex -58.6 -77.8 2.4
      vertex -58.6 -77.4 11.2
      vertex -58.6 -77.4 2.4
    endloop
  endfacet
  facet normal -1 -0 0
    outer loop
      vertex -58.6 -77.4 11.2
      vertex -58.6 -77.8 2.4
      vertex -58.6 -77.8 11.2
    endloop
  endfacet
  facet normal 0 -1 0
    outer loop
      vertex -62 -77.4 2.4
      vertex -58.6 -77.4 11.2
      vertex -62 -77.4 11.2
    endloop
  endfacet
  facet normal 0 -1 -0
    outer loop
      vertex -58.6 -77.4 11.2
      vertex -62 -77.4 2.4
      vertex -58.6 -77.4 2.4
    endloop
  endfacet
  facet normal -1 0 0
    outer loop
      vertex -62 -77.4 2.4
      vertex -62 -75.4 11.2
      vertex -62 -75.4 2.4
    endloop
  endfacet
  facet normal -1 -0 0
    outer loop
      vertex -62 -75.4 11.2
      vertex -62 -77.4 2.4
      vertex -62 -77.4 11.2
    endloop
  endfacet
  facet normal 0 1 -0
    outer loop
      vertex -38 -75.4 2.4
      vertex -62 -75.4 11.2
      vertex -38 -75.4 11.2
    endloop
  endfacet
  facet normal 0 1 0
    outer loop
      vertex -62 -75.4 11.2
      vertex -38 -75.4 2.4
      vertex -62 -75.4 2.4
    endloop
  endfacet
  facet normal 1 -0 0
    outer loop
      vertex -38 -77.4 11.2
      vertex -38 -75.4 2.4
      vertex -38 -75.4 11.2
    endloop
  endfacet
  facet normal 1 0 0
    outer loop
      vertex -38 -75.4 2.4
      vertex -38 -77.4 11.2
      vertex -38 -77.4 2.4
    endloop
  endfacet
  facet normal 0 -1 0
    outer loop
      vertex -97.4 -47 2.4
      vertex -95.4 -47 11.2
      vertex -97.4 -47 11.2
    endloop
  endfacet
  facet normal 0 -1 -0
    outer loop
      vertex -95.4 -47 11.2
      vertex -97.4 -47 2.4
      vertex -95.4 -47 2.4
    endloop
  endfacet
  facet normal -1 0 0
    outer loop
      vertex -97.4 -47 2.4
      vertex -97.4 -43.6 11.2
      vertex -97.4 -43.6 2.4
    endloop
  endfacet
  facet normal -1 -0 0
    outer loop
      vertex -97.4 -43.6 11.2
      vertex -97.4 -47 2.4
      vertex -97.4 -47 11.2
    endloop
  endfacet
  facet normal 0 -1 0
    outer loop
      vertex -97.8 -43.6 2.4
      vertex -97.4 -43.6 11.2
      vertex -97.8 -43.6 11.2
    endloop
  endfacet
  facet normal 0 -1 -0
    outer loop
      vertex -97.4 -43.6 11.2
      vertex -97.8 -43.6 2.4
      vertex -97.4 -43.6 2.4
    endloop
  endfacet
  facet normal -1 0 0
    outer loop
      vertex -97.8 -43.6 2.4
      vertex -97.8 -42.4 11.2
      vertex -97.8 -42.4 2.4
    endloop
  endfacet
  facet normal -1 -0 0
    outer loop
      vertex -97.8 -42.4 11.2
      vertex -97.8 -43.6 2.4
      vertex -97.8 -43.6 11.2
    endloop
  endfacet
  facet normal 0 1 -0
    outer loop
      vertex -97.4 -42.4 2.4
      vertex -97.8 -42.4 11.2
      vertex -97.4 -42.4 11.2
    endloop
  endfacet
  facet normal 0 1 0
    outer loop
      vertex -97.8 -42.4 11.2
      vertex -97.4 -42.4 2.4
      vertex -97.8 -42.4 2.4
    endloop
  endfacet
  facet normal -1 0 0
    outer loop
      vertex -97.4 -42.4 2.4
      vertex -97.4 -27.6 11.2
      vertex -97.4 -27.6 2.4
    endloop
  endfacet
  facet normal -1 -0 0
    outer loop
      vertex -97.4 -27.6 11.2
      vertex -97.4 -42.4 2.4
      vertex -97.4 -42.4 11.2
    endloop
  endfacet
  facet normal 0 -1 0
    outer loop
      vertex -97.8 -27.6 2.4
      vertex -97.4 -27.6 11.2
      vertex -97.8 -27.6 11.2
    endloop
  endfacet
  facet normal 0 -1 -0
    outer loop
      vertex -97.4 -27.6 11.2
      vertex -97.8 -27.6 2.4
      vertex -97.4 -27.6 2.4
    endloop
  endfacet
  facet normal -1 0 0
    outer loop
      vertex -97.8 -27.6 2.4
      vertex -97.8 -26.4 11.2
      vertex -97.8 -26.4 2.4
    endloop
  endfacet
  facet normal -1 -0 0
    outer loop
      vertex -97.8 -26.4 11.2
      vertex -97.8 -27.6 2.4
      vertex -97.8 -27.6 11.2
    endloop
  endfacet
  facet normal 0 1 -0
    outer loop
      vertex -97.4 -26.4 2.4
      vertex -97.8 -26.4 11.2
      vertex -97.4 -26.4 11.2
    endloop
  endfacet
  facet normal 0 1 0
    outer loop
      vertex -97.8 -26.4 11.2
      vertex -97.4 -26.4 2.4
      vertex -97.8 -26.4 2.4
    endloop
  endfacet
  facet normal -1 0 0
    outer loop
      vertex -97.4 -26.4 2.4
      vertex -97.4 -23 11.2
      vertex -97.4 -23 2.4
    endloop
  endfacet
  facet normal -1 -0 0
    outer loop
      vertex -97.4 -23 11.2
      vertex -97.4 -26.4 2.4
      vertex -97.4 -26.4 11.2
    endloop
  endfacet
  facet normal 0 1 -0
    outer loop
      vertex -95.4 -23 2.4
      vertex -97.4 -23 11.2
      vertex -95.4 -23 11.2
    endloop
  endfacet
  facet normal 0 1 0
    outer loop
      vertex -97.4 -23 11.2
      vertex -95.4 -23 2.4
      vertex -97.4 -23 2.4
    endloop
  endfacet
  facet normal 1 -0 0
    outer loop
      vertex -95.4 -47 11.2
      vertex -95.4 -23 2.4
      vertex -95.4 -23 11.2
    endloop
  endfacet
  facet normal 1 0 0
    outer loop
      vertex -95.4 -23 2.4
      vertex -95.4 -47 11.2
      vertex -95.4 -47 2.4
    endloop
  endfacet
  facet normal 0 1 -0
    outer loop
      vertex 97.8 -26.4 2.4
      vertex 97.4 -26.4 11.2
      vertex 97.8 -26.4 11.2
    endloop
  endfacet
  facet normal 0 1 0
    outer loop
      vertex 97.4 -26.4 11.2
      vertex 97.8 -26.4 2.4
      vertex 97.4 -26.4 2.4
    endloop
  endfacet
  facet normal 1 -0 0
    outer loop
      vertex 97.8 -27.6 11.2
      vertex 97.8 -26.4 2.4
      vertex 97.8 -26.4 11.2
    endloop
  endfacet
  facet normal 1 0 0
    outer loop
      vertex 97.8 -26.4 2.4
      vertex 97.8 -27.6 11.2
      vertex 97.8 -27.6 2.4
    endloop
  endfacet
  facet normal 0 -1 0
    outer loop
      vertex 97.4 -27.6 2.4
      vertex 97.8 -27.6 11.2
      vertex 97.4 -27.6 11.2
    endloop
  endfacet
  facet normal 0 -1 -0
    outer loop
      vertex 97.8 -27.6 11.2
      vertex 97.4 -27.6 2.4
      vertex 97.8 -27.6 2.4
    endloop
  endfacet
  facet normal 1 -0 0
    outer loop
      vertex 97.4 -42.4 11.2
      vertex 97.4 -27.6 2.4
      vertex 97.4 -27.6 11.2
    endloop
  endfacet
  facet normal 1 0 0
    outer loop
      vertex 97.4 -27.6 2.4
      vertex 97.4 -42.4 11.2
      vertex 97.4 -42.4 2.4
    endloop
  endfacet
  facet normal 0 1 -0
    outer loop
      vertex 97.8 -42.4 2.4
      vertex 97.4 -42.4 11.2
      vertex 97.8 -42.4 11.2
    endloop
  endfacet
  facet normal 0 1 0
    outer loop
      vertex 97.4 -42.4 11.2
      vertex 97.8 -42.4 2.4
      vertex 97.4 -42.4 2.4
    endloop
  endfacet
  facet normal 1 -0 0
    outer loop
      vertex 97.8 -43.6 11.2
      vertex 97.8 -42.4 2.4
      vertex 97.8 -42.4 11.2
    endloop
  endfacet
  facet normal 1 0 0
    outer loop
      vertex 97.8 -42.4 2.4
      vertex 97.8 -43.6 11.2
      vertex 97.8 -43.6 2.4
    endloop
  endfacet
  facet normal 0 -1 0
    outer loop
      vertex 97.4 -43.6 2.4
      vertex 97.8 -43.6 11.2
      vertex 97.4 -43.6 11.2
    endloop
  endfacet
  facet normal 0 -1 -0
    outer loop
      vertex 97.8 -43.6 11.2
      vertex 97.4 -43.6 2.4
      vertex 97.8 -43.6 2.4
    endloop
  endfacet
  facet normal 1 -0 0
    outer loop
      vertex 97.4 -47 11.2
      vertex 97.4 -43.6 2.4
      vertex 97.4 -43.6 11.2
    endloop
  endfacet
  facet normal 1 0 0
    outer loop
      vertex 97.4 -43.6 2.4
      vertex 97.4 -47 11.2
      vertex 97.4 -47 2.4
    endloop
  endfacet
  facet normal 0 -1 0
    outer loop
      vertex 95.4 -47 2.4
      vertex 97.4 -47 11.2
      vertex 95.4 -47 11.2
    endloop
  endfacet
  facet normal 0 -1 -0
    outer loop
      vertex 97.4 -47 11.2
      vertex 95.4 -47 2.4
      vertex 97.4 -47 2.4
    endloop
  endfacet
  facet normal -1 0 0
    outer loop
      vertex 95.4 -47 2.4
      vertex 95.4 -23 11.2
      vertex 95.4 -23 2.4
    endloop
  endfacet
  facet normal -1 -0 0
    outer loop
      vertex 95.4 -23 11.2
      vertex 95.4 -47 2.4
      vertex 95.4 -47 11.2
    endloop
  endfacet
  facet normal 0 1 -0
    outer loop
      vertex 97.4 -23 2.4
      vertex 95.4 -23 11.2
      vertex 97.4 -23 11.2
    endloop
  endfacet
  facet normal 0 1 0
    outer loop
      vertex 95.4 -23 11.2
      vertex 97.4 -23 2.4
      vertex 95.4 -23 2.4
    endloop
  endfacet
  facet normal 1 -0 0
    outer loop
      vertex 97.4 -26.4 11.2
      vertex 97.4 -23 2.4
      vertex 97.4 -23 11.2
    endloop
  endfacet
  facet normal 1 0 0
    outer loop
      vertex 97.4 -23 2.4
      vertex 97.4 -26.4 11.2
      vertex 97.4 -26.4 2.4
    endloop
  endfacet
  facet normal 0 1 -0
    outer loop
      vertex 97.8 43.6 2.4
      vertex 97.4 43.6 11.2
      vertex 97.8 43.6 11.2
    endloop
  endfacet
  facet normal 0 1 0
    outer loop
      vertex 97.4 43.6 11.2
      vertex 97.8 43.6 2.4
      vertex 97.4 43.6 2.4
    endloop
  endfacet
  facet normal 1 -0 0
    outer loop
      vertex 97.8 42.4 11.2
      vertex 97.8 43.6 2.4
      vertex 97.8 43.6 11.2
    endloop
  endfacet
  facet normal 1 0 0
    outer loop
      vertex 97.8 43.6 2.4
      vertex 97.8 42.4 11.2
      vertex 97.8 42.4 2.4
    endloop
  endfacet
  facet normal 0 -1 0
    outer loop
      vertex 97.4 42.4 2.4
      vertex 97.8 42.4 11.2
      vertex 97.4 42.4 11.2
    endloop
  endfacet
  facet normal 0 -1 -0
    outer loop
      vertex 97.8 42.4 11.2
      vertex 97.4 42.4 2.4
      vertex 97.8 42.4 2.4
    endloop
  endfacet
  facet normal 1 -0 0
    outer loop
      vertex 97.4 27.6 11.2
      vertex 97.4 42.4 2.4
      vertex 97.4 42.4 11.2
    endloop
  endfacet
  facet normal 1 0 0
    outer loop
      vertex 97.4 42.4 2.4
      vertex 97.4 27.6 11.2
      vertex 97.4 27.6 2.4
    endloop
  endfacet
  facet normal 0 1 -0
    outer loop
      vertex 97.8 27.6 2.4
      vertex 97.4 27.6 11.2
      vertex 97.8 27.6 11.2
    endloop
  endfacet
  facet normal 0 1 0
    outer loop
      vertex 97.4 27.6 11.2
      vertex 97.8 27.6 2.4
      vertex 97.4 27.6 2.4
    endloop
  endfacet
  facet normal 1 -0 0
    outer loop
      vertex 97.8 26.4 11.2
      vertex 97.8 27.6 2.4
      vertex 97.8 27.6 11.2
    endloop
  endfacet
  facet normal 1 0 0
    outer loop
      vertex 97.8 27.6 2.4
      vertex 97.8 26.4 11.2
      vertex 97.8 26.4 2.4
    endloop
  endfacet
  facet normal 0 -1 0
    outer loop
      vertex 97.4 26.4 2.4
      vertex 97.8 26.4 11.2
      vertex 97.4 26.4 11.2
    endloop
  endfacet
  facet normal 0 -1 -0
    outer loop
      vertex 97.8 26.4 11.2
      vertex 97.4 26.4 2.4
      vertex 97.8 26.4 2.4
    endloop
  endfacet
  facet normal 1 -0 0
    outer loop
      vertex 97.4 23 11.2
      vertex 97.4 26.4 2.4
      vertex 97.4 26.4 11.2
    endloop
  endfacet
  facet normal 1 0 0
    outer loop
      vertex 97.4 26.4 2.4
      vertex 97.4 23 11.2
      vertex 97.4 23 2.4
    endloop
  endfacet
  facet normal 0 -1 0
    outer loop
      vertex 95.4 23 2.4
      vertex 97.4 23 11.2
      vertex 95.4 23 11.2
    endloop
  endfacet
  facet normal 0 -1 -0
    outer loop
      vertex 97.4 23 11.2
      vertex 95.4 23 2.4
      vertex 97.4 23 2.4
    endloop
  endfacet
  facet normal -1 0 0
    outer loop
      vertex 95.4 23 2.4
      vertex 95.4 47 11.2
      vertex 95.4 47 2.4
    endloop
  endfacet
  facet normal -1 -0 0
    outer loop
      vertex 95.4 47 11.2
      vertex 95.4 23 2.4
      vertex 95.4 23 11.2
    endloop
  endfacet
  facet normal 0 1 -0
    outer loop
      vertex 97.4 47 2.4
      vertex 95.4 47 11.2
      vertex 97.4 47 11.2
    endloop
  endfacet
  facet normal 0 1 0
    outer loop
      vertex 95.4 47 11.2
      vertex 97.4 47 2.4
      vertex 95.4 47 2.4
    endloop
  endfacet
  facet normal 1 -0 0
    outer loop
      vertex 97.4 43.6 11.2
      vertex 97.4 47 2.4
      vertex 97.4 47 11.2
    endloop
  endfacet
  facet normal 1 0 0
    outer loop
      vertex 97.4 47 2.4
      vertex 97.4 43.6 11.2
      vertex 97.4 43.6 2.4
    endloop
  endfacet
  facet normal 0 -1 0
    outer loop
      vertex -97.4 23 2.4
      vertex -95.4 23 11.2
      vertex -97.4 23 11.2
    endloop
  endfacet
  facet normal 0 -1 -0
    outer loop
      vertex -95.4 23 11.2
      vertex -97.4 23 2.4
      vertex -95.4 23 2.4
    endloop
  endfacet
  facet normal -1 0 0
    outer loop
      vertex -97.4 23 2.4
      vertex -97.4 26.4 11.2
      vertex -97.4 26.4 2.4
    endloop
  endfacet
  facet normal -1 -0 0
    outer loop
      vertex -97.4 26.4 11.2
      vertex -97.4 23 2.4
      vertex -97.4 23 11.2
    endloop
  endfacet
  facet normal 0 -1 0
    outer loop
      vertex -97.8 26.4 2.4
      vertex -97.4 26.4 11.2
      vertex -97.8 26.4 11.2
    endloop
  endfacet
  facet normal 0 -1 -0
    outer loop
      vertex -97.4 26.4 11.2
      vertex -97.8 26.4 2.4
      vertex -97.4 26.4 2.4
    endloop
  endfacet
  facet normal -1 0 0
    outer loop
      vertex -97.8 26.4 2.4
      vertex -97.8 27.6 11.2
      vertex -97.8 27.6 2.4
    endloop
  endfacet
  facet normal -1 -0 0
    outer loop
      vertex -97.8 27.6 11.2
      vertex -97.8 26.4 2.4
      vertex -97.8 26.4 11.2
    endloop
  endfacet
  facet normal 0 1 -0
    outer loop
      vertex -97.4 27.6 2.4
      vertex -97.8 27.6 11.2
      vertex -97.4 27.6 11.2
    endloop
  endfacet
  facet normal 0 1 0
    outer loop
      vertex -97.8 27.6 11.2
      vertex -97.4 27.6 2.4
      vertex -97.8 27.6 2.4
    endloop
  endfacet
  facet normal -1 0 0
    outer loop
      vertex -97.4 27.6 2.4
      vertex -97.4 42.4 11.2
      vertex -97.4 42.4 2.4
    endloop
  endfacet
  facet normal -1 -0 0
    outer loop
      vertex -97.4 42.4 11.2
      vertex -97.4 27.6 2.4
      vertex -97.4 27.6 11.2
    endloop
  endfacet
  facet normal 0 -1 0
    outer loop
      vertex -97.8 42.4 2.4
      vertex -97.4 42.4 11.2
      vertex -97.8 42.4 11.2
    endloop
  endfacet
  facet normal 0 -1 -0
    outer loop
      vertex -97.4 42.4 11.2
      vertex -97.8 42.4 2.4
      vertex -97.4 42.4 2.4
    endloop
  endfacet
  facet normal -1 0 0
    outer loop
      vertex -97.8 42.4 2.4
      vertex -97.8 43.6 11.2
      vertex -97.8 43.6 2.4
    endloop
  endfacet
  facet normal -1 -0 0
    outer loop
      vertex -97.8 43.6 11.2
      vertex -97.8 42.4 2.4
      vertex -97.8 42.4 11.2
    endloop
  endfacet
  facet normal 0 1 -0
    outer loop
      vertex -97.4 43.6 2.4
      vertex -97.8 43.6 11.2
      vertex -97.4 43.6 11.2
    endloop
  endfacet
  facet normal 0 1 0
    outer loop
      vertex -97.8 43.6 11.2
      vertex -97.4 43.6 2.4
      vertex -97.8 43.6 2.4
    endloop
  endfacet
  facet normal -1 0 0
    outer loop
      vertex -97.4 43.6 2.4
      vertex -97.4 47 11.2
      vertex -97.4 47 2.4
    endloop
  endfacet
  facet normal -1 -0 0
    outer loop
      vertex -97.4 47 11.2
      vertex -97.4 43.6 2.4
      vertex -97.4 43.6 11.2
    endloop
  endfacet
  facet normal 0 1 -0
    outer loop
      vertex -95.4 47 2.4
      vertex -97.4 47 11.2
      vertex -95.4 47 11.2
    endloop
  endfacet
  facet normal 0 1 0
    outer loop
      vertex -97.4 47 11.2
      vertex -95.4 47 2.4
      vertex -97.4 47 2.4
    endloop
  endfacet
  facet normal 1 -0 0
    outer loop
      vertex -95.4 23 11.2
      vertex -95.4 47 2.4
      vertex -95.4 47 11.2
    endloop
  endfacet
  facet normal 1 0 0
    outer loop
      vertex -95.4 47 2.4
      vertex -95.4 23 11.2
      vertex -95.4 23 2.4
    endloop
  endfacet
  facet normal 0 1 -0
    outer loop
      vertex 57.4 77.4 2.4
      vertex 42.6 77.4 11.2
      vertex 57.4 77.4 11.2
    endloop
  endfacet
  facet normal 0 1 0
    outer loop
      vertex 42.6 77.4 11.2
      vertex 57.4 77.4 2.4
      vertex 42.6 77.4 2.4
    endloop
  endfacet
  facet normal -1 0 0
    outer loop
      vertex 57.4 77.4 2.4
      vertex 57.4 77.8 11.2
      vertex 57.4 77.8 2.4
    endloop
  endfacet
  facet normal -1 -0 0
    outer loop
      vertex 57.4 77.8 11.2
      vertex 57.4 77.4 2.4
      vertex 57.4 77.4 11.2
    endloop
  endfacet
  facet normal 0 1 -0
    outer loop
      vertex 58.6 77.8 2.4
      vertex 57.4 77.8 11.2
      vertex 58.6 77.8 11.2
    endloop
  endfacet
  facet normal 0 1 0
    outer loop
      vertex 57.4 77.8 11.2
      vertex 58.6 77.8 2.4
      vertex 57.4 77.8 2.4
    endloop
  endfacet
  facet normal 1 -0 0
    outer loop
      vertex 58.6 77.4 11.2
      vertex 58.6 77.8 2.4
      vertex 58.6 77.8 11.2
    endloop
  endfacet
  facet normal 1 0 0
    outer loop
      vertex 58.6 77.8 2.4
      vertex 58.6 77.4 11.2
      vertex 58.6 77.4 2.4
    endloop
  endfacet
  facet normal 0 1 -0
    outer loop
      vertex 62 77.4 2.4
      vertex 58.6 77.4 11.2
      vertex 62 77.4 11.2
    endloop
  endfacet
  facet normal 0 1 0
    outer loop
      vertex 58.6 77.4 11.2
      vertex 62 77.4 2.4
      vertex 58.6 77.4 2.4
    endloop
  endfacet
  facet normal 1 -0 0
    outer loop
      vertex 62 75.4 11.2
      vertex 62 77.4 2.4
      vertex 62 77.4 11.2
    endloop
  endfacet
  facet normal 1 0 0
    outer loop
      vertex 62 77.4 2.4
      vertex 62 75.4 11.2
      vertex 62 75.4 2.4
    endloop
  endfacet
  facet normal 0 -1 0
    outer loop
      vertex 38 75.4 2.4
      vertex 62 75.4 11.2
      vertex 38 75.4 11.2
    endloop
  endfacet
  facet normal 0 -1 -0
    outer loop
      vertex 62 75.4 11.2
      vertex 38 75.4 2.4
      vertex 62 75.4 2.4
    endloop
  endfacet
  facet normal -1 0 0
    outer loop
      vertex 38 75.4 2.4
      vertex 38 77.4 11.2
      vertex 38 77.4 2.4
    endloop
  endfacet
  facet normal -1 -0 0
    outer loop
      vertex 38 77.4 11.2
      vertex 38 75.4 2.4
      vertex 38 75.4 11.2
    endloop
  endfacet
  facet normal 0 1 -0
    outer loop
      vertex 41.4 77.4 2.4
      vertex 38 77.4 11.2
      vertex 41.4 77.4 11.2
    endloop
  endfacet
  facet normal 0 1 0
    outer loop
      vertex 38 77.4 11.2
      vertex 41.4 77.4 2.4
      vertex 38 77.4 2.4
    endloop
  endfacet
  facet normal -1 0 0
    outer loop
      vertex 41.4 77.4 2.4
      vertex 41.4 77.8 11.2
      vertex 41.4 77.8 2.4
    endloop
  endfacet
  facet normal -1 -0 0
    outer loop
      vertex 41.4 77.8 11.2
      vertex 41.4 77.4 2.4
      vertex 41.4 77.4 11.2
    endloop
  endfacet
  facet normal 0 1 -0
    outer loop
      vertex 42.6 77.8 2.4
      vertex 41.4 77.8 11.2
      vertex 42.6 77.8 11.2
    endloop
  endfacet
  facet normal 0 1 0
    outer loop
      vertex 41.4 77.8 11.2
      vertex 42.6 77.8 2.4
      vertex 41.4 77.8 2.4
    endloop
  endfacet
  facet normal 1 -0 0
    outer loop
      vertex 42.6 77.4 11.2
      vertex 42.6 77.8 2.4
      vertex 42.6 77.8 11.2
    endloop
  endfacet
  facet normal 1 0 0
    outer loop
      vertex 42.6 77.8 2.4
      vertex 42.6 77.4 11.2
      vertex 42.6 77.4 2.4
    endloop
  endfacet
  facet normal 0 1 -0
    outer loop
      vertex -42.6 77.4 2.4
      vertex -57.4 77.4 11.2
      vertex -42.6 77.4 11.2
    endloop
  endfacet
  facet normal 0 1 0
    outer loop
      vertex -57.4 77.4 11.2
      vertex -42.6 77.4 2.4
      vertex -57.4 77.4 2.4
    endloop
  endfacet
  facet normal -1 0 0
    outer loop
      vertex -42.6 77.4 2.4
      vertex -42.6 77.8 11.2
      vertex -42.6 77.8 2.4
    endloop
  endfacet
  facet normal -1 -0 0
    outer loop
      vertex -42.6 77.8 11.2
      vertex -42.6 77.4 2.4
      vertex -42.6 77.4 11.2
    endloop
  endfacet
  facet normal 0 1 -0
    outer loop
      vertex -41.4 77.8 2.4
      vertex -42.6 77.8 11.2
      vertex -41.4 77.8 11.2
    endloop
  endfacet
  facet normal 0 1 0
    outer loop
      vertex -42.6 77.8 11.2
      vertex -41.4 77.8 2.4
      vertex -42.6 77.8 2.4
    endloop
  endfacet
  facet normal 1 -0 0
    outer loop
      vertex -41.4 77.4 11.2
      vertex -41.4 77.8 2.4
      vertex -41.4 77.8 11.2
    endloop
  endfacet
  facet normal 1 0 0
    outer loop
      vertex -41.4 77.8 2.4
      vertex -41.4 77.4 11.2
      vertex -41.4 77.4 2.4
    endloop
  endfacet
  facet normal 0 1 -0
    outer loop
      vertex -38 77.4 2.4
      vertex -41.4 77.4 11.2
      vertex -38 77.4 11.2
    endloop
  endfacet
  facet normal 0 1 0
    outer loop
      vertex -41.4 77.4 11.2
      vertex -38 77.4 2.4
      vertex -41.4 77.4 2.4
    endloop
  endfacet
  facet normal 1 -0 0
    outer loop
      vertex -38 75.4 11.2
      vertex -38 77.4 2.4
      vertex -38 77.4 11.2
    endloop
  endfacet
  facet normal 1 0 0
    outer loop
      vertex -38 77.4 2.4
      vertex -38 75.4 11.2
      vertex -38 75.4 2.4
    endloop
  endfacet
  facet normal 0 -1 0
    outer loop
      vertex -62 75.4 2.4
      vertex -38 75.4 11.2
      vertex -62 75.4 11.2
    endloop
  endfacet
  facet normal 0 -1 -0
    outer loop
      vertex -38 75.4 11.2
      vertex -62 75.4 2.4
      vertex -38 75.4 2.4
    endloop
  endfacet
  facet normal -1 0 0
    outer loop
      vertex -62 75.4 2.4
      vertex -62 77.4 11.2
      vertex -62 77.4 2.4
    endloop
  endfacet
  facet normal -1 -0 0
    outer loop
      vertex -62 77.4 11.2
      vertex -62 75.4 2.4
      vertex -62 75.4 11.2
    endloop
  endfacet
  facet normal 0 1 -0
    outer loop
      vertex -58.6 77.4 2.4
      vertex -62 77.4 11.2
      vertex -58.6 77.4 11.2
    endloop
  endfacet
  facet normal 0 1 0
    outer loop
      vertex -62 77.4 11.2
      vertex -58.6 77.4 2.4
      vertex -62 77.4 2.4
    endloop
  endfacet
  facet normal -1 0 0
    outer loop
      vertex -58.6 77.4 2.4
      vertex -58.6 77.8 11.2
      vertex -58.6 77.8 2.4
    endloop
  endfacet
  facet normal -1 -0 0
    outer loop
      vertex -58.6 77.8 11.2
      vertex -58.6 77.4 2.4
      vertex -58.6 77.4 11.2
    endloop
  endfacet
  facet normal 0 1 -0
    outer loop
      vertex -57.4 77.8 2.4
      vertex -58.6 77.8 11.2
      vertex -57.4 77.8 11.2
    endloop
  endfacet
  facet normal 0 1 0
    outer loop
      vertex -58.6 77.8 11.2
      vertex -57.4 77.8 2.4
      vertex -58.6 77.8 2.4
    endloop
  endfacet
  facet normal 1 -0 0
    outer loop
      vertex -57.4 77.4 11.2
      vertex -57.4 77.8 2.4
      vertex -57.4 77.8 11.2
    endloop
  endfacet
  facet normal 1 0 0
    outer loop
      vertex -57.4 77.8 2.4
      vertex -57.4 77.4 11.2
      vertex -57.4 77.4 2.4
    endloop
  endfacet
  facet normal -0.846731 0.532022 0
    outer loop
      vertex 56.751 -37.461 0
      vertex 58.2772 -35.032 2.4
      vertex 58.2772 -35.032 0
    endloop
  endfacet
  facet normal -0.846731 0.532022 0
    outer loop
      vertex 58.2772 -35.032 2.4
      vertex 56.751 -37.461 0
      vertex 56.751 -37.461 2.4
    endloop
  endfacet
  facet normal -0.822006 0.569479 0
    outer loop
      vertex 55.0132 -39.9694 0
      vertex 56.751 -37.461 2.4
      vertex 56.751 -37.461 0
    endloop
  endfacet
  facet normal -0.822006 0.569479 0
    outer loop
      vertex 56.751 -37.461 2.4
      vertex 55.0132 -39.9694 0
      vertex 55.0132 -39.9694 2.4
    endloop
  endfacet
  facet normal -0.79561 0.605809 0
    outer loop
      vertex 53.1645 -42.3973 0
      vertex 55.0132 -39.9694 2.4
      vertex 55.0132 -39.9694 0
    endloop
  endfacet
  facet normal -0.79561 0.605809 0
    outer loop
      vertex 55.0132 -39.9694 2.4
      vertex 53.1645 -42.3973 0
      vertex 53.1645 -42.3973 2.4
    endloop
  endfacet
  facet normal -0.767638 0.640884 0
    outer loop
      vertex 51.2088 -44.7398 0
      vertex 53.1645 -42.3973 2.4
      vertex 53.1645 -42.3973 0
    endloop
  endfacet
  facet normal -0.767638 0.640884 0
    outer loop
      vertex 53.1645 -42.3973 2.4
      vertex 51.2088 -44.7398 0
      vertex 51.2088 -44.7398 2.4
    endloop
  endfacet
  facet normal -0.738116 0.674673 0
    outer loop
      vertex 49.15 -46.9922 0
      vertex 51.2088 -44.7398 2.4
      vertex 51.2088 -44.7398 0
    endloop
  endfacet
  facet normal -0.738116 0.674673 0
    outer loop
      vertex 51.2088 -44.7398 2.4
      vertex 49.15 -46.9922 0
      vertex 49.15 -46.9922 2.4
    endloop
  endfacet
  facet normal -0.707107 0.707107 0
    outer loop
      vertex 46.9922 -49.15 0
      vertex 49.15 -46.9922 2.4
      vertex 49.15 -46.9922 0
    endloop
  endfacet
  facet normal -0.707107 0.707107 0
    outer loop
      vertex 49.15 -46.9922 2.4
      vertex 46.9922 -49.15 0
      vertex 46.9922 -49.15 2.4
    endloop
  endfacet
  facet normal -0.674673 0.738116 0
    outer loop
      vertex 46.9922 -49.15 0
      vertex 44.7398 -51.2088 2.4
      vertex 46.9922 -49.15 2.4
    endloop
  endfacet
  facet normal -0.674673 0.738116 0
    outer loop
      vertex 44.7398 -51.2088 2.4
      vertex 46.9922 -49.15 0
      vertex 44.7398 -51.2088 0
    endloop
  endfacet
  facet normal -0.640884 0.767638 0
    outer loop
      vertex 44.7398 -51.2088 0
      vertex 42.3973 -53.1645 2.4
      vertex 44.7398 -51.2088 2.4
    endloop
  endfacet
  facet normal -0.640884 0.767638 0
    outer loop
      vertex 42.3973 -53.1645 2.4
      vertex 44.7398 -51.2088 0
      vertex 42.3973 -53.1645 0
    endloop
  endfacet
  facet normal -0.605809 0.79561 0
    outer loop
      vertex 42.3973 -53.1645 0
      vertex 39.9694 -55.0132 2.4
      vertex 42.3973 -53.1645 2.4
    endloop
  endfacet
  facet normal -0.605809 0.79561 0
    outer loop
      vertex 39.9694 -55.0132 2.4
      vertex 42.3973 -53.1645 0
      vertex 39.9694 -55.0132 0
    endloop
  endfacet
  facet normal -0.569479 0.822006 0
    outer loop
      vertex 39.9694 -55.0132 0
      vertex 37.461 -56.751 2.4
      vertex 39.9694 -55.0132 2.4
    endloop
  endfacet
  facet normal -0.569479 0.822006 0
    outer loop
      vertex 37.461 -56.751 2.4
      vertex 39.9694 -55.0132 0
      vertex 37.461 -56.751 0
    endloop
  endfacet
  facet normal -0.532015 0.846735 0
    outer loop
      vertex 37.461 -56.751 0
      vertex 34.8771 -58.3745 2.4
      vertex 37.461 -56.751 2.4
    endloop
  endfacet
  facet normal -0.532015 0.846735 0
    outer loop
      vertex 34.8771 -58.3745 2.4
      vertex 37.461 -56.751 0
      vertex 34.8771 -58.3745 0
    endloop
  endfacet
  facet normal -0.493525 0.869732 0
    outer loop
      vertex 34.8771 -58.3745 0
      vertex 32.2231 -59.8805 2.4
      vertex 34.8771 -58.3745 2.4
    endloop
  endfacet
  facet normal -0.493525 0.869732 0
    outer loop
      vertex 32.2231 -59.8805 2.4
      vertex 34.8771 -58.3745 0
      vertex 32.2231 -59.8805 0
    endloop
  endfacet
  facet normal -0.453991 0.891006 0
    outer loop
      vertex 32.2231 -59.8805 0
      vertex 29.5041 -61.2659 2.4
      vertex 32.2231 -59.8805 2.4
    endloop
  endfacet
  facet normal -0.453991 0.891006 0
    outer loop
      vertex 29.5041 -61.2659 2.4
      vertex 32.2231 -59.8805 0
      vertex 29.5041 -61.2659 0
    endloop
  endfacet
  facet normal -0.413556 0.910479 0
    outer loop
      vertex 29.5041 -61.2659 0
      vertex 26.7257 -62.5279 2.4
      vertex 29.5041 -61.2659 2.4
    endloop
  endfacet
  facet normal -0.413556 0.910479 0
    outer loop
      vertex 26.7257 -62.5279 2.4
      vertex 29.5041 -61.2659 0
      vertex 26.7257 -62.5279 0
    endloop
  endfacet
  facet normal -0.3723 0.928112 0
    outer loop
      vertex 26.7257 -62.5279 0
      vertex 23.8935 -63.664 2.4
      vertex 26.7257 -62.5279 2.4
    endloop
  endfacet
  facet normal -0.3723 0.928112 0
    outer loop
      vertex 23.8935 -63.664 2.4
      vertex 26.7257 -62.5279 0
      vertex 23.8935 -63.664 0
    endloop
  endfacet
  facet normal -0.330261 0.94389 0
    outer loop
      vertex 23.8935 -63.664 0
      vertex 21.0132 -64.6718 2.4
      vertex 23.8935 -63.664 2.4
    endloop
  endfacet
  facet normal -0.330261 0.94389 0
    outer loop
      vertex 21.0132 -64.6718 2.4
      vertex 23.8935 -63.664 0
      vertex 21.0132 -64.6718 0
    endloop
  endfacet
  facet normal -0.287615 0.957746 0
    outer loop
      vertex 21.0132 -64.6718 0
      vertex 18.0905 -65.5495 2.4
      vertex 21.0132 -64.6718 2.4
    endloop
  endfacet
  facet normal -0.287615 0.957746 0
    outer loop
      vertex 18.0905 -65.5495 2.4
      vertex 21.0132 -64.6718 0
      vertex 18.0905 -65.5495 0
    endloop
  endfacet
  facet normal -0.244332 0.969692 0
    outer loop
      vertex 18.0905 -65.5495 0
      vertex 15.1314 -66.2951 2.4
      vertex 18.0905 -65.5495 2.4
    endloop
  endfacet
  facet normal -0.244332 0.969692 0
    outer loop
      vertex 15.1314 -66.2951 2.4
      vertex 18.0905 -65.5495 0
      vertex 15.1314 -66.2951 0
    endloop
  endfacet
  facet normal -0.200589 0.979676 0
    outer loop
      vertex 15.1314 -66.2951 0
      vertex 12.1419 -66.9072 2.4
      vertex 15.1314 -66.2951 2.4
    endloop
  endfacet
  facet normal -0.200589 0.979676 0
    outer loop
      vertex 12.1419 -66.9072 2.4
      vertex 15.1314 -66.2951 0
      vertex 12.1419 -66.9072 0
    endloop
  endfacet
  facet normal -0.156441 0.987687 0
    outer loop
      vertex 12.1419 -66.9072 0
      vertex 9.12785 -67.3846 2.4
      vertex 12.1419 -66.9072 2.4
    endloop
  endfacet
  facet normal -0.156441 0.987687 0
    outer loop
      vertex 9.12785 -67.3846 2.4
      vertex 12.1419 -66.9072 0
      vertex 9.12785 -67.3846 0
    endloop
  endfacet
  facet normal -0.111942 0.993715 0
    outer loop
      vertex 9.12785 -67.3846 0
      vertex 6.09546 -67.7262 2.4
      vertex 9.12785 -67.3846 2.4
    endloop
  endfacet
  facet normal -0.111942 0.993715 0
    outer loop
      vertex 6.09546 -67.7262 2.4
      vertex 9.12785 -67.3846 0
      vertex 6.09546 -67.7262 0
    endloop
  endfacet
  facet normal -0.0672768 0.997734 0
    outer loop
      vertex 6.09546 -67.7262 0
      vertex 3.0508 -67.9315 2.4
      vertex 6.09546 -67.7262 2.4
    endloop
  endfacet
  facet normal -0.0672768 0.997734 0
    outer loop
      vertex 3.0508 -67.9315 2.4
      vertex 6.09546 -67.7262 0
      vertex 3.0508 -67.9315 0
    endloop
  endfacet
  facet normal -0.0224711 0.999747 0
    outer loop
      vertex 3.0508 -67.9315 0
      vertex 1.2 -67.9731 2.4
      vertex 3.0508 -67.9315 2.4
    endloop
  endfacet
  facet normal -0.0224711 0.999747 0
    outer loop
      vertex 1.2 -67.9731 2.4
      vertex 3.0508 -67.9315 0
      vertex 1.2 -67.9731 0
    endloop
  endfacet
  facet normal 1 -0 0
    outer loop
      vertex 1.2 -67.9731 2.4
      vertex 1.2 -64.9731 0
      vertex 1.2 -64.9731 2.4
    endloop
  endfacet
  facet normal 1 0 0
    outer loop
      vertex 1.2 -64.9731 0
      vertex 1.2 -67.9731 2.4
      vertex 1.2 -67.9731 0
    endloop
  endfacet
  facet normal 0.0224859 -0.999747 0
    outer loop
      vertex 1.2 -64.9731 0
      vertex 2.9162 -64.9345 2.4
      vertex 1.2 -64.9731 2.4
    endloop
  endfacet
  facet normal 0.0224859 -0.999747 0
    outer loop
      vertex 2.9162 -64.9345 2.4
      vertex 1.2 -64.9731 0
      vertex 2.9162 -64.9345 0
    endloop
  endfacet
  facet normal 0.0672619 -0.997735 0
    outer loop
      vertex 2.9162 -64.9345 0
      vertex 5.82655 -64.7383 2.4
      vertex 2.9162 -64.9345 2.4
    endloop
  endfacet
  facet normal 0.0672619 -0.997735 0
    outer loop
      vertex 5.82655 -64.7383 2.4
      vertex 2.9162 -64.9345 0
      vertex 5.82655 -64.7383 0
    endloop
  endfacet
  facet normal 0.111966 -0.993712 0
    outer loop
      vertex 5.82655 -64.7383 0
      vertex 8.72516 -64.4117 2.4
      vertex 5.82655 -64.7383 2.4
    endloop
  endfacet
  facet normal 0.111966 -0.993712 0
    outer loop
      vertex 8.72516 -64.4117 2.4
      vertex 5.82655 -64.7383 0
      vertex 8.72516 -64.4117 0
    endloop
  endfacet
  facet normal 0.15643 -0.987689 0
    outer loop
      vertex 8.72516 -64.4117 0
      vertex 11.6062 -63.9554 2.4
      vertex 8.72516 -64.4117 2.4
    endloop
  endfacet
  facet normal 0.15643 -0.987689 0
    outer loop
      vertex 11.6062 -63.9554 2.4
      vertex 8.72516 -64.4117 0
      vertex 11.6062 -63.9554 0
    endloop
  endfacet
  facet normal 0.200584 -0.979677 0
    outer loop
      vertex 11.6062 -63.9554 0
      vertex 14.4639 -63.3703 2.4
      vertex 11.6062 -63.9554 2.4
    endloop
  endfacet
  facet normal 0.200584 -0.979677 0
    outer loop
      vertex 14.4639 -63.3703 2.4
      vertex 11.6062 -63.9554 0
      vertex 14.4639 -63.3703 0
    endloop
  endfacet
  facet normal 0.244334 -0.969691 0
    outer loop
      vertex 14.4639 -63.3703 0
      vertex 17.2924 -62.6576 2.4
      vertex 14.4639 -63.3703 2.4
    endloop
  endfacet
  facet normal 0.244334 -0.969691 0
    outer loop
      vertex 17.2924 -62.6576 2.4
      vertex 14.4639 -63.3703 0
      vertex 17.2924 -62.6576 0
    endloop
  endfacet
  facet normal 0.287596 -0.957752 0
    outer loop
      vertex 17.2924 -62.6576 0
      vertex 20.0861 -61.8187 2.4
      vertex 17.2924 -62.6576 2.4
    endloop
  endfacet
  facet normal 0.287596 -0.957752 0
    outer loop
      vertex 20.0861 -61.8187 2.4
      vertex 17.2924 -62.6576 0
      vertex 20.0861 -61.8187 0
    endloop
  endfacet
  facet normal 0.330273 -0.943886 0
    outer loop
      vertex 20.0861 -61.8187 0
      vertex 22.8394 -60.8553 2.4
      vertex 20.0861 -61.8187 2.4
    endloop
  endfacet
  facet normal 0.330273 -0.943886 0
    outer loop
      vertex 22.8394 -60.8553 2.4
      vertex 20.0861 -61.8187 0
      vertex 22.8394 -60.8553 0
    endloop
  endfacet
  facet normal 0.372313 -0.928107 0
    outer loop
      vertex 22.8394 -60.8553 0
      vertex 25.5466 -59.7693 2.4
      vertex 22.8394 -60.8553 2.4
    endloop
  endfacet
  facet normal 0.372313 -0.928107 0
    outer loop
      vertex 25.5466 -59.7693 2.4
      vertex 22.8394 -60.8553 0
      vertex 25.5466 -59.7693 0
    endloop
  endfacet
  facet normal 0.413552 -0.91048 0
    outer loop
      vertex 25.5466 -59.7693 0
      vertex 28.2024 -58.563 2.4
      vertex 25.5466 -59.7693 2.4
    endloop
  endfacet
  facet normal 0.413552 -0.91048 0
    outer loop
      vertex 28.2024 -58.563 2.4
      vertex 25.5466 -59.7693 0
      vertex 28.2024 -58.563 0
    endloop
  endfacet
  facet normal 0.453988 -0.891008 0
    outer loop
      vertex 28.2024 -58.563 0
      vertex 30.8015 -57.2387 2.4
      vertex 28.2024 -58.563 2.4
    endloop
  endfacet
  facet normal 0.453988 -0.891008 0
    outer loop
      vertex 30.8015 -57.2387 2.4
      vertex 28.2024 -58.563 0
      vertex 30.8015 -57.2387 0
    endloop
  endfacet
  facet normal 0.493512 -0.869739 0
    outer loop
      vertex 30.8015 -57.2387 0
      vertex 33.3384 -55.7992 2.4
      vertex 30.8015 -57.2387 2.4
    endloop
  endfacet
  facet normal 0.493512 -0.869739 0
    outer loop
      vertex 33.3384 -55.7992 2.4
      vertex 30.8015 -57.2387 0
      vertex 33.3384 -55.7992 0
    endloop
  endfacet
  facet normal 0.532022 -0.846731 0
    outer loop
      vertex 33.3384 -55.7992 0
      vertex 35.8083 -54.2473 2.4
      vertex 33.3384 -55.7992 2.4
    endloop
  endfacet
  facet normal 0.532022 -0.846731 0
    outer loop
      vertex 35.8083 -54.2473 2.4
      vertex 33.3384 -55.7992 0
      vertex 35.8083 -54.2473 0
    endloop
  endfacet
  facet normal 0.569501 -0.821991 0
    outer loop
      vertex 35.8083 -54.2473 0
      vertex 38.206 -52.5861 2.4
      vertex 35.8083 -54.2473 2.4
    endloop
  endfacet
  facet normal 0.569501 -0.821991 0
    outer loop
      vertex 38.206 -52.5861 2.4
      vertex 35.8083 -54.2473 0
      vertex 38.206 -52.5861 0
    endloop
  endfacet
  facet normal 0.605798 -0.795618 0
    outer loop
      vertex 38.206 -52.5861 0
      vertex 40.5268 -50.819 2.4
      vertex 38.206 -52.5861 2.4
    endloop
  endfacet
  facet normal 0.605798 -0.795618 0
    outer loop
      vertex 40.5268 -50.819 2.4
      vertex 38.206 -52.5861 0
      vertex 40.5268 -50.819 0
    endloop
  endfacet
  facet normal 0.640872 -0.767648 0
    outer loop
      vertex 40.5268 -50.819 0
      vertex 42.766 -48.9496 2.4
      vertex 40.5268 -50.819 2.4
    endloop
  endfacet
  facet normal 0.640872 -0.767648 0
    outer loop
      vertex 42.766 -48.9496 2.4
      vertex 40.5268 -50.819 0
      vertex 42.766 -48.9496 0
    endloop
  endfacet
  facet normal 0.674648 -0.73814 0
    outer loop
      vertex 42.766 -48.9496 0
      vertex 44.9191 -46.9817 2.4
      vertex 42.766 -48.9496 2.4
    endloop
  endfacet
  facet normal 0.674648 -0.73814 0
    outer loop
      vertex 44.9191 -46.9817 2.4
      vertex 42.766 -48.9496 0
      vertex 44.9191 -46.9817 0
    endloop
  endfacet
  facet normal 0.707107 -0.707107 0
    outer loop
      vertex 44.9191 -46.9817 2.4
      vertex 46.9817 -44.9191 0
      vertex 46.9817 -44.9191 2.4
    endloop
  endfacet
  facet normal 0.707107 -0.707107 0
    outer loop
      vertex 46.9817 -44.9191 0
      vertex 44.9191 -46.9817 2.4
      vertex 44.9191 -46.9817 0
    endloop
  endfacet
  facet normal 0.73814 -0.674648 0
    outer loop
      vertex 46.9817 -44.9191 2.4
      vertex 48.9496 -42.766 0
      vertex 48.9496 -42.766 2.4
    endloop
  endfacet
  facet normal 0.73814 -0.674648 0
    outer loop
      vertex 48.9496 -42.766 0
      vertex 46.9817 -44.9191 2.4
      vertex 46.9817 -44.9191 0
    endloop
  endfacet
  facet normal 0.767648 -0.640872 0
    outer loop
      vertex 48.9496 -42.766 2.4
      vertex 50.819 -40.5268 0
      vertex 50.819 -40.5268 2.4
    endloop
  endfacet
  facet normal 0.767648 -0.640872 0
    outer loop
      vertex 50.819 -40.5268 0
      vertex 48.9496 -42.766 2.4
      vertex 48.9496 -42.766 0
    endloop
  endfacet
  facet normal 0.795618 -0.605798 0
    outer loop
      vertex 50.819 -40.5268 2.4
      vertex 52.5861 -38.206 0
      vertex 52.5861 -38.206 2.4
    endloop
  endfacet
  facet normal 0.795618 -0.605798 0
    outer loop
      vertex 52.5861 -38.206 0
      vertex 50.819 -40.5268 2.4
      vertex 50.819 -40.5268 0
    endloop
  endfacet
  facet normal 0.821991 -0.569501 0
    outer loop
      vertex 52.5861 -38.206 2.4
      vertex 54.2473 -35.8083 0
      vertex 54.2473 -35.8083 2.4
    endloop
  endfacet
  facet normal 0.821991 -0.569501 0
    outer loop
      vertex 54.2473 -35.8083 0
      vertex 52.5861 -38.206 2.4
      vertex 52.5861 -38.206 0
    endloop
  endfacet
  facet normal 0.84673 -0.532023 0
    outer loop
      vertex 54.2473 -35.8083 2.4
      vertex 55.678 -33.5313 0
      vertex 55.678 -33.5313 2.4
    endloop
  endfacet
  facet normal 0.84673 -0.532023 0
    outer loop
      vertex 55.678 -33.5313 0
      vertex 54.2473 -35.8083 2.4
      vertex 54.2473 -35.8083 0
    endloop
  endfacet
  facet normal -0.500013 -0.866018 0
    outer loop
      vertex 55.678 -33.5313 0
      vertex 58.2772 -35.032 2.4
      vertex 55.678 -33.5313 2.4
    endloop
  endfacet
  facet normal -0.500013 -0.866018 -0
    outer loop
      vertex 58.2772 -35.032 2.4
      vertex 55.678 -33.5313 0
      vertex 58.2772 -35.032 0
    endloop
  endfacet
  facet normal -0.821991 -0.569501 0
    outer loop
      vertex -52.5861 -38.206 0
      vertex -54.2473 -35.8083 2.4
      vertex -54.2473 -35.8083 0
    endloop
  endfacet
  facet normal -0.821991 -0.569501 0
    outer loop
      vertex -54.2473 -35.8083 2.4
      vertex -52.5861 -38.206 0
      vertex -52.5861 -38.206 2.4
    endloop
  endfacet
  facet normal -0.795618 -0.605798 0
    outer loop
      vertex -50.819 -40.5268 0
      vertex -52.5861 -38.206 2.4
      vertex -52.5861 -38.206 0
    endloop
  endfacet
  facet normal -0.795618 -0.605798 0
    outer loop
      vertex -52.5861 -38.206 2.4
      vertex -50.819 -40.5268 0
      vertex -50.819 -40.5268 2.4
    endloop
  endfacet
  facet normal -0.767648 -0.640872 0
    outer loop
      vertex -48.9496 -42.766 0
      vertex -50.819 -40.5268 2.4
      vertex -50.819 -40.5268 0
    endloop
  endfacet
  facet normal -0.767648 -0.640872 0
    outer loop
      vertex -50.819 -40.5268 2.4
      vertex -48.9496 -42.766 0
      vertex -48.9496 -42.766 2.4
    endloop
  endfacet
  facet normal -0.73814 -0.674648 0
    outer loop
      vertex -46.9817 -44.9191 0
      vertex -48.9496 -42.766 2.4
      vertex -48.9496 -42.766 0
    endloop
  endfacet
  facet normal -0.73814 -0.674648 0
    outer loop
      vertex -48.9496 -42.766 2.4
      vertex -46.9817 -44.9191 0
      vertex -46.9817 -44.9191 2.4
    endloop
  endfacet
  facet normal -0.707107 -0.707107 0
    outer loop
      vertex -44.9191 -46.9817 0
      vertex -46.9817 -44.9191 2.4
      vertex -46.9817 -44.9191 0
    endloop
  endfacet
  facet normal -0.707107 -0.707107 0
    outer loop
      vertex -46.9817 -44.9191 2.4
      vertex -44.9191 -46.9817 0
      vertex -44.9191 -46.9817 2.4
    endloop
  endfacet
  facet normal -0.674648 -0.73814 0
    outer loop
      vertex -44.9191 -46.9817 0
      vertex -42.766 -48.9496 2.4
      vertex -44.9191 -46.9817 2.4
    endloop
  endfacet
  facet normal -0.674648 -0.73814 -0
    outer loop
      vertex -42.766 -48.9496 2.4
      vertex -44.9191 -46.9817 0
      vertex -42.766 -48.9496 0
    endloop
  endfacet
  facet normal -0.640872 -0.767648 0
    outer loop
      vertex -42.766 -48.9496 0
      vertex -40.5268 -50.819 2.4
      vertex -42.766 -48.9496 2.4
    endloop
  endfacet
  facet normal -0.640872 -0.767648 -0
    outer loop
      vertex -40.5268 -50.819 2.4
      vertex -42.766 -48.9496 0
      vertex -40.5268 -50.819 0
    endloop
  endfacet
  facet normal -0.605798 -0.795618 0
    outer loop
      vertex -40.5268 -50.819 0
      vertex -38.206 -52.5861 2.4
      vertex -40.5268 -50.819 2.4
    endloop
  endfacet
  facet normal -0.605798 -0.795618 -0
    outer loop
      vertex -38.206 -52.5861 2.4
      vertex -40.5268 -50.819 0
      vertex -38.206 -52.5861 0
    endloop
  endfacet
  facet normal -0.569501 -0.821991 0
    outer loop
      vertex -38.206 -52.5861 0
      vertex -35.8083 -54.2473 2.4
      vertex -38.206 -52.5861 2.4
    endloop
  endfacet
  facet normal -0.569501 -0.821991 -0
    outer loop
      vertex -35.8083 -54.2473 2.4
      vertex -38.206 -52.5861 0
      vertex -35.8083 -54.2473 0
    endloop
  endfacet
  facet normal -0.532022 -0.846731 0
    outer loop
      vertex -35.8083 -54.2473 0
      vertex -33.3384 -55.7992 2.4
      vertex -35.8083 -54.2473 2.4
    endloop
  endfacet
  facet normal -0.532022 -0.846731 -0
    outer loop
      vertex -33.3384 -55.7992 2.4
      vertex -35.8083 -54.2473 0
      vertex -33.3384 -55.7992 0
    endloop
  endfacet
  facet normal -0.493512 -0.869739 0
    outer loop
      vertex -33.3384 -55.7992 0
      vertex -30.8015 -57.2387 2.4
      vertex -33.3384 -55.7992 2.4
    endloop
  endfacet
  facet normal -0.493512 -0.869739 -0
    outer loop
      vertex -30.8015 -57.2387 2.4
      vertex -33.3384 -55.7992 0
      vertex -30.8015 -57.2387 0
    endloop
  endfacet
  facet normal -0.453988 -0.891008 0
    outer loop
      vertex -30.8015 -57.2387 0
      vertex -28.2024 -58.563 2.4
      vertex -30.8015 -57.2387 2.4
    endloop
  endfacet
  facet normal -0.453988 -0.891008 -0
    outer loop
      vertex -28.2024 -58.563 2.4
      vertex -30.8015 -57.2387 0
      vertex -28.2024 -58.563 0
    endloop
  endfacet
  facet normal -0.413552 -0.91048 0
    outer loop
      vertex -28.2024 -58.563 0
      vertex -25.5466 -59.7693 2.4
      vertex -28.2024 -58.563 2.4
    endloop
  endfacet
  facet normal -0.413552 -0.91048 -0
    outer loop
      vertex -25.5466 -59.7693 2.4
      vertex -28.2024 -58.563 0
      vertex -25.5466 -59.7693 0
    endloop
  endfacet
  facet normal -0.372313 -0.928107 0
    outer loop
      vertex -25.5466 -59.7693 0
      vertex -22.8394 -60.8553 2.4
      vertex -25.5466 -59.7693 2.4
    endloop
  endfacet
  facet normal -0.372313 -0.928107 -0
    outer loop
      vertex -22.8394 -60.8553 2.4
      vertex -25.5466 -59.7693 0
      vertex -22.8394 -60.8553 0
    endloop
  endfacet
  facet normal -0.330273 -0.943886 0
    outer loop
      vertex -22.8394 -60.8553 0
      vertex -20.0861 -61.8187 2.4
      vertex -22.8394 -60.8553 2.4
    endloop
  endfacet
  facet normal -0.330273 -0.943886 -0
    outer loop
      vertex -20.0861 -61.8187 2.4
      vertex -22.8394 -60.8553 0
      vertex -20.0861 -61.8187 0
    endloop
  endfacet
  facet normal -0.287596 -0.957752 0
    outer loop
      vertex -20.0861 -61.8187 0
      vertex -17.2924 -62.6576 2.4
      vertex -20.0861 -61.8187 2.4
    endloop
  endfacet
  facet normal -0.287596 -0.957752 -0
    outer loop
      vertex -17.2924 -62.6576 2.4
      vertex -20.0861 -61.8187 0
      vertex -17.2924 -62.6576 0
    endloop
  endfacet
  facet normal -0.244334 -0.969691 0
    outer loop
      vertex -17.2924 -62.6576 0
      vertex -14.4639 -63.3703 2.4
      vertex -17.2924 -62.6576 2.4
    endloop
  endfacet
  facet normal -0.244334 -0.969691 -0
    outer loop
      vertex -14.4639 -63.3703 2.4
      vertex -17.2924 -62.6576 0
      vertex -14.4639 -63.3703 0
    endloop
  endfacet
  facet normal -0.200584 -0.979677 0
    outer loop
      vertex -14.4639 -63.3703 0
      vertex -11.6062 -63.9554 2.4
      vertex -14.4639 -63.3703 2.4
    endloop
  endfacet
  facet normal -0.200584 -0.979677 -0
    outer loop
      vertex -11.6062 -63.9554 2.4
      vertex -14.4639 -63.3703 0
      vertex -11.6062 -63.9554 0
    endloop
  endfacet
  facet normal -0.15643 -0.987689 0
    outer loop
      vertex -11.6062 -63.9554 0
      vertex -8.72516 -64.4117 2.4
      vertex -11.6062 -63.9554 2.4
    endloop
  endfacet
  facet normal -0.15643 -0.987689 -0
    outer loop
      vertex -8.72516 -64.4117 2.4
      vertex -11.6062 -63.9554 0
      vertex -8.72516 -64.4117 0
    endloop
  endfacet
  facet normal -0.111966 -0.993712 0
    outer loop
      vertex -8.72516 -64.4117 0
      vertex -5.82655 -64.7383 2.4
      vertex -8.72516 -64.4117 2.4
    endloop
  endfacet
  facet normal -0.111966 -0.993712 -0
    outer loop
      vertex -5.82655 -64.7383 2.4
      vertex -8.72516 -64.4117 0
      vertex -5.82655 -64.7383 0
    endloop
  endfacet
  facet normal -0.0672619 -0.997735 0
    outer loop
      vertex -5.82655 -64.7383 0
      vertex -2.9162 -64.9345 2.4
      vertex -5.82655 -64.7383 2.4
    endloop
  endfacet
  facet normal -0.0672619 -0.997735 -0
    outer loop
      vertex -2.9162 -64.9345 2.4
      vertex -5.82655 -64.7383 0
      vertex -2.9162 -64.9345 0
    endloop
  endfacet
  facet normal -0.0224859 -0.999747 0
    outer loop
      vertex -2.9162 -64.9345 0
      vertex -1.2 -64.9731 2.4
      vertex -2.9162 -64.9345 2.4
    endloop
  endfacet
  facet normal -0.0224859 -0.999747 -0
    outer loop
      vertex -1.2 -64.9731 2.4
      vertex -2.9162 -64.9345 0
      vertex -1.2 -64.9731 0
    endloop
  endfacet
  facet normal -1 0 0
    outer loop
      vertex -1.2 -67.9731 0
      vertex -1.2 -64.9731 2.4
      vertex -1.2 -64.9731 0
    endloop
  endfacet
  facet normal -1 -0 0
    outer loop
      vertex -1.2 -64.9731 2.4
      vertex -1.2 -67.9731 0
      vertex -1.2 -67.9731 2.4
    endloop
  endfacet
  facet normal 0.0224711 0.999747 -0
    outer loop
      vertex -1.2 -67.9731 0
      vertex -3.0508 -67.9315 2.4
      vertex -1.2 -67.9731 2.4
    endloop
  endfacet
  facet normal 0.0224711 0.999747 0
    outer loop
      vertex -3.0508 -67.9315 2.4
      vertex -1.2 -67.9731 0
      vertex -3.0508 -67.9315 0
    endloop
  endfacet
  facet normal 0.0672768 0.997734 -0
    outer loop
      vertex -3.0508 -67.9315 0
      vertex -6.09546 -67.7262 2.4
      vertex -3.0508 -67.9315 2.4
    endloop
  endfacet
  facet normal 0.0672768 0.997734 0
    outer loop
      vertex -6.09546 -67.7262 2.4
      vertex -3.0508 -67.9315 0
      vertex -6.09546 -67.7262 0
    endloop
  endfacet
  facet normal 0.111942 0.993715 -0
    outer loop
      vertex -6.09546 -67.7262 0
      vertex -9.12785 -67.3846 2.4
      vertex -6.09546 -67.7262 2.4
    endloop
  endfacet
  facet normal 0.111942 0.993715 0
    outer loop
      vertex -9.12785 -67.3846 2.4
      vertex -6.09546 -67.7262 0
      vertex -9.12785 -67.3846 0
    endloop
  endfacet
  facet normal 0.156441 0.987687 -0
    outer loop
      vertex -9.12785 -67.3846 0
      vertex -12.1419 -66.9072 2.4
      vertex -9.12785 -67.3846 2.4
    endloop
  endfacet
  facet normal 0.156441 0.987687 0
    outer loop
      vertex -12.1419 -66.9072 2.4
      vertex -9.12785 -67.3846 0
      vertex -12.1419 -66.9072 0
    endloop
  endfacet
  facet normal 0.200589 0.979676 -0
    outer loop
      vertex -12.1419 -66.9072 0
      vertex -15.1314 -66.2951 2.4
      vertex -12.1419 -66.9072 2.4
    endloop
  endfacet
  facet normal 0.200589 0.979676 0
    outer loop
      vertex -15.1314 -66.2951 2.4
      vertex -12.1419 -66.9072 0
      vertex -15.1314 -66.2951 0
    endloop
  endfacet
  facet normal 0.244332 0.969692 -0
    outer loop
      vertex -15.1314 -66.2951 0
      vertex -18.0905 -65.5495 2.4
      vertex -15.1314 -66.2951 2.4
    endloop
  endfacet
  facet normal 0.244332 0.969692 0
    outer loop
      vertex -18.0905 -65.5495 2.4
      vertex -15.1314 -66.2951 0
      vertex -18.0905 -65.5495 0
    endloop
  endfacet
  facet normal 0.287615 0.957746 -0
    outer loop
      vertex -18.0905 -65.5495 0
      vertex -21.0132 -64.6718 2.4
      vertex -18.0905 -65.5495 2.4
    endloop
  endfacet
  facet normal 0.287615 0.957746 0
    outer loop
      vertex -21.0132 -64.6718 2.4
      vertex -18.0905 -65.5495 0
      vertex -21.0132 -64.6718 0
    endloop
  endfacet
  facet normal 0.330261 0.94389 -0
    outer loop
      vertex -21.0132 -64.6718 0
      vertex -23.8935 -63.664 2.4
      vertex -21.0132 -64.6718 2.4
    endloop
  endfacet
  facet normal 0.330261 0.94389 0
    outer loop
      vertex -23.8935 -63.664 2.4
      vertex -21.0132 -64.6718 0
      vertex -23.8935 -63.664 0
    endloop
  endfacet
  facet normal 0.3723 0.928112 -0
    outer loop
      vertex -23.8935 -63.664 0
      vertex -26.7257 -62.5279 2.4
      vertex -23.8935 -63.664 2.4
    endloop
  endfacet
  facet normal 0.3723 0.928112 0
    outer loop
      vertex -26.7257 -62.5279 2.4
      vertex -23.8935 -63.664 0
      vertex -26.7257 -62.5279 0
    endloop
  endfacet
  facet normal 0.413556 0.910479 -0
    outer loop
      vertex -26.7257 -62.5279 0
      vertex -29.5041 -61.2659 2.4
      vertex -26.7257 -62.5279 2.4
    endloop
  endfacet
  facet normal 0.413556 0.910479 0
    outer loop
      vertex -29.5041 -61.2659 2.4
      vertex -26.7257 -62.5279 0
      vertex -29.5041 -61.2659 0
    endloop
  endfacet
  facet normal 0.453991 0.891006 -0
    outer loop
      vertex -29.5041 -61.2659 0
      vertex -32.2231 -59.8805 2.4
      vertex -29.5041 -61.2659 2.4
    endloop
  endfacet
  facet normal 0.453991 0.891006 0
    outer loop
      vertex -32.2231 -59.8805 2.4
      vertex -29.5041 -61.2659 0
      vertex -32.2231 -59.8805 0
    endloop
  endfacet
  facet normal 0.493525 0.869732 -0
    outer loop
      vertex -32.2231 -59.8805 0
      vertex -34.8771 -58.3745 2.4
      vertex -32.2231 -59.8805 2.4
    endloop
  endfacet
  facet normal 0.493525 0.869732 0
    outer loop
      vertex -34.8771 -58.3745 2.4
      vertex -32.2231 -59.8805 0
      vertex -34.8771 -58.3745 0
    endloop
  endfacet
  facet normal 0.532015 0.846735 -0
    outer loop
      vertex -34.8771 -58.3745 0
      vertex -37.461 -56.751 2.4
      vertex -34.8771 -58.3745 2.4
    endloop
  endfacet
  facet normal 0.532015 0.846735 0
    outer loop
      vertex -37.461 -56.751 2.4
      vertex -34.8771 -58.3745 0
      vertex -37.461 -56.751 0
    endloop
  endfacet
  facet normal 0.569479 0.822006 -0
    outer loop
      vertex -37.461 -56.751 0
      vertex -39.9694 -55.0132 2.4
      vertex -37.461 -56.751 2.4
    endloop
  endfacet
  facet normal 0.569479 0.822006 0
    outer loop
      vertex -39.9694 -55.0132 2.4
      vertex -37.461 -56.751 0
      vertex -39.9694 -55.0132 0
    endloop
  endfacet
  facet normal 0.605809 0.79561 -0
    outer loop
      vertex -39.9694 -55.0132 0
      vertex -42.3973 -53.1645 2.4
      vertex -39.9694 -55.0132 2.4
    endloop
  endfacet
  facet normal 0.605809 0.79561 0
    outer loop
      vertex -42.3973 -53.1645 2.4
      vertex -39.9694 -55.0132 0
      vertex -42.3973 -53.1645 0
    endloop
  endfacet
  facet normal 0.640884 0.767638 -0
    outer loop
      vertex -42.3973 -53.1645 0
      vertex -44.7398 -51.2088 2.4
      vertex -42.3973 -53.1645 2.4
    endloop
  endfacet
  facet normal 0.640884 0.767638 0
    outer loop
      vertex -44.7398 -51.2088 2.4
      vertex -42.3973 -53.1645 0
      vertex -44.7398 -51.2088 0
    endloop
  endfacet
  facet normal 0.674673 0.738116 -0
    outer loop
      vertex -44.7398 -51.2088 0
      vertex -46.9922 -49.15 2.4
      vertex -44.7398 -51.2088 2.4
    endloop
  endfacet
  facet normal 0.674673 0.738116 0
    outer loop
      vertex -46.9922 -49.15 2.4
      vertex -44.7398 -51.2088 0
      vertex -46.9922 -49.15 0
    endloop
  endfacet
  facet normal 0.707107 0.707107 0
    outer loop
      vertex -46.9922 -49.15 2.4
      vertex -49.15 -46.9922 0
      vertex -49.15 -46.9922 2.4
    endloop
  endfacet
  facet normal 0.707107 0.707107 0
    outer loop
      vertex -49.15 -46.9922 0
      vertex -46.9922 -49.15 2.4
      vertex -46.9922 -49.15 0
    endloop
  endfacet
  facet normal 0.738116 0.674673 0
    outer loop
      vertex -49.15 -46.9922 2.4
      vertex -51.2088 -44.7398 0
      vertex -51.2088 -44.7398 2.4
    endloop
  endfacet
  facet normal 0.738116 0.674673 0
    outer loop
      vertex -51.2088 -44.7398 0
      vertex -49.15 -46.9922 2.4
      vertex -49.15 -46.9922 0
    endloop
  endfacet
  facet normal 0.767638 0.640884 0
    outer loop
      vertex -51.2088 -44.7398 2.4
      vertex -53.1645 -42.3973 0
      vertex -53.1645 -42.3973 2.4
    endloop
  endfacet
  facet normal 0.767638 0.640884 0
    outer loop
      vertex -53.1645 -42.3973 0
      vertex -51.2088 -44.7398 2.4
      vertex -51.2088 -44.7398 0
    endloop
  endfacet
  facet normal 0.79561 0.605809 0
    outer loop
      vertex -53.1645 -42.3973 2.4
      vertex -55.0132 -39.9694 0
      vertex -55.0132 -39.9694 2.4
    endloop
  endfacet
  facet normal 0.79561 0.605809 0
    outer loop
      vertex -55.0132 -39.9694 0
      vertex -53.1645 -42.3973 2.4
      vertex -53.1645 -42.3973 0
    endloop
  endfacet
  facet normal 0.822006 0.569479 0
    outer loop
      vertex -55.0132 -39.9694 2.4
      vertex -56.751 -37.461 0
      vertex -56.751 -37.461 2.4
    endloop
  endfacet
  facet normal 0.822006 0.569479 0
    outer loop
      vertex -56.751 -37.461 0
      vertex -55.0132 -39.9694 2.4
      vertex -55.0132 -39.9694 0
    endloop
  endfacet
  facet normal 0.846731 0.532022 0
    outer loop
      vertex -56.751 -37.461 2.4
      vertex -58.2772 -35.032 0
      vertex -58.2772 -35.032 2.4
    endloop
  endfacet
  facet normal 0.846731 0.532022 0
    outer loop
      vertex -58.2772 -35.032 0
      vertex -56.751 -37.461 2.4
      vertex -56.751 -37.461 0
    endloop
  endfacet
  facet normal 0.500013 -0.866018 0
    outer loop
      vertex -58.2772 -35.032 0
      vertex -55.678 -33.5313 2.4
      vertex -58.2772 -35.032 2.4
    endloop
  endfacet
  facet normal 0.500013 -0.866018 0
    outer loop
      vertex -55.678 -33.5313 2.4
      vertex -58.2772 -35.032 0
      vertex -55.678 -33.5313 0
    endloop
  endfacet
  facet normal -0.84673 -0.532023 0
    outer loop
      vertex -54.2473 -35.8083 0
      vertex -55.678 -33.5313 2.4
      vertex -55.678 -33.5313 0
    endloop
  endfacet
  facet normal -0.84673 -0.532023 0
    outer loop
      vertex -55.678 -33.5313 2.4
      vertex -54.2473 -35.8083 0
      vertex -54.2473 -35.8083 2.4
    endloop
  endfacet
  facet normal -0.290311 -0.956932 0
    outer loop
      vertex -8.71275 -38.7551 0
      vertex -7.70575 -39.0606 2.4
      vertex -8.71275 -38.7551 2.4
    endloop
  endfacet
  facet normal -0.290311 -0.956932 -0
    outer loop
      vertex -7.70575 -39.0606 2.4
      vertex -8.71275 -38.7551 0
      vertex -7.70575 -39.0606 0
    endloop
  endfacet
  facet normal -0.471424 -0.881907 0
    outer loop
      vertex -7.70575 -39.0606 0
      vertex -6.77768 -39.5567 2.4
      vertex -7.70575 -39.0606 2.4
    endloop
  endfacet
  facet normal -0.471424 -0.881907 -0
    outer loop
      vertex -6.77768 -39.5567 2.4
      vertex -7.70575 -39.0606 0
      vertex -6.77768 -39.5567 0
    endloop
  endfacet
  facet normal -0.634347 -0.773048 0
    outer loop
      vertex -6.77768 -39.5567 0
      vertex -5.96423 -40.2242 2.4
      vertex -6.77768 -39.5567 2.4
    endloop
  endfacet
  facet normal -0.634347 -0.773048 -0
    outer loop
      vertex -5.96423 -40.2242 2.4
      vertex -6.77768 -39.5567 0
      vertex -5.96423 -40.2242 0
    endloop
  endfacet
  facet normal -0.77303 -0.634369 0
    outer loop
      vertex -5.29665 -41.0377 0
      vertex -5.96423 -40.2242 2.4
      vertex -5.96423 -40.2242 0
    endloop
  endfacet
  facet normal -0.77303 -0.634369 0
    outer loop
      vertex -5.96423 -40.2242 2.4
      vertex -5.29665 -41.0377 0
      vertex -5.29665 -41.0377 2.4
    endloop
  endfacet
  facet normal -0.881912 -0.471414 0
    outer loop
      vertex -4.8006 -41.9657 0
      vertex -5.29665 -41.0377 2.4
      vertex -5.29665 -41.0377 0
    endloop
  endfacet
  facet normal -0.881912 -0.471414 0
    outer loop
      vertex -5.29665 -41.0377 2.4
      vertex -4.8006 -41.9657 0
      vertex -4.8006 -41.9657 2.4
    endloop
  endfacet
  facet normal -0.95694 -0.290285 0
    outer loop
      vertex -4.49513 -42.9727 0
      vertex -4.8006 -41.9657 2.4
      vertex -4.8006 -41.9657 0
    endloop
  endfacet
  facet normal -0.95694 -0.290285 0
    outer loop
      vertex -4.8006 -41.9657 2.4
      vertex -4.49513 -42.9727 0
      vertex -4.49513 -42.9727 2.4
    endloop
  endfacet
  facet normal -0.995185 -0.0980171 0
    outer loop
      vertex -4.39198 -44.02 0
      vertex -4.49513 -42.9727 2.4
      vertex -4.49513 -42.9727 0
    endloop
  endfacet
  facet normal -0.995185 -0.0980171 0
    outer loop
      vertex -4.49513 -42.9727 2.4
      vertex -4.39198 -44.02 0
      vertex -4.39198 -44.02 2.4
    endloop
  endfacet
  facet normal -0.995184 0.0980264 0
    outer loop
      vertex -4.49513 -45.0672 0
      vertex -4.39198 -44.02 2.4
      vertex -4.39198 -44.02 0
    endloop
  endfacet
  facet normal -0.995184 0.0980264 0
    outer loop
      vertex -4.39198 -44.02 2.4
      vertex -4.49513 -45.0672 0
      vertex -4.49513 -45.0672 2.4
    endloop
  endfacet
  facet normal -0.95694 0.290285 0
    outer loop
      vertex -4.8006 -46.0742 0
      vertex -4.49513 -45.0672 2.4
      vertex -4.49513 -45.0672 0
    endloop
  endfacet
  facet normal -0.95694 0.290285 0
    outer loop
      vertex -4.49513 -45.0672 2.4
      vertex -4.8006 -46.0742 0
      vertex -4.8006 -46.0742 2.4
    endloop
  endfacet
  facet normal -0.881933 0.471375 0
    outer loop
      vertex -5.29665 -47.0023 0
      vertex -4.8006 -46.0742 2.4
      vertex -4.8006 -46.0742 0
    endloop
  endfacet
  facet normal -0.881933 0.471375 0
    outer loop
      vertex -4.8006 -46.0742 2.4
      vertex -5.29665 -47.0023 0
      vertex -5.29665 -47.0023 2.4
    endloop
  endfacet
  facet normal -0.772992 0.634416 0
    outer loop
      vertex -5.96423 -47.8157 0
      vertex -5.29665 -47.0023 2.4
      vertex -5.29665 -47.0023 0
    endloop
  endfacet
  facet normal -0.772992 0.634416 0
    outer loop
      vertex -5.29665 -47.0023 2.4
      vertex -5.96423 -47.8157 0
      vertex -5.96423 -47.8157 2.4
    endloop
  endfacet
  facet normal -0.634404 0.773002 0
    outer loop
      vertex -5.96423 -47.8157 0
      vertex -6.77768 -48.4833 2.4
      vertex -5.96423 -47.8157 2.4
    endloop
  endfacet
  facet normal -0.634404 0.773002 0
    outer loop
      vertex -6.77768 -48.4833 2.4
      vertex -5.96423 -47.8157 0
      vertex -6.77768 -48.4833 0
    endloop
  endfacet
  facet normal -0.471424 0.881907 0
    outer loop
      vertex -6.77768 -48.4833 0
      vertex -7.70575 -48.9794 2.4
      vertex -6.77768 -48.4833 2.4
    endloop
  endfacet
  facet normal -0.471424 0.881907 0
    outer loop
      vertex -7.70575 -48.9794 2.4
      vertex -6.77768 -48.4833 0
      vertex -7.70575 -48.9794 0
    endloop
  endfacet
  facet normal -0.290224 0.956959 0
    outer loop
      vertex -7.70575 -48.9794 0
      vertex -8.71275 -49.2848 2.4
      vertex -7.70575 -48.9794 2.4
    endloop
  endfacet
  facet normal -0.290224 0.956959 0
    outer loop
      vertex -8.71275 -49.2848 2.4
      vertex -7.70575 -48.9794 0
      vertex -8.71275 -49.2848 0
    endloop
  endfacet
  facet normal -0.0980697 0.99518 0
    outer loop
      vertex -8.71275 -49.2848 0
      vertex -9.75999 -49.388 2.4
      vertex -8.71275 -49.2848 2.4
    endloop
  endfacet
  facet normal -0.0980697 0.99518 0
    outer loop
      vertex -9.75999 -49.388 2.4
      vertex -8.71275 -49.2848 0
      vertex -9.75999 -49.388 0
    endloop
  endfacet
  facet normal 0.0980725 0.995179 -0
    outer loop
      vertex -9.75999 -49.388 0
      vertex -10.8072 -49.2848 2.4
      vertex -9.75999 -49.388 2.4
    endloop
  endfacet
  facet normal 0.0980725 0.995179 0
    outer loop
      vertex -10.8072 -49.2848 2.4
      vertex -9.75999 -49.388 0
      vertex -10.8072 -49.2848 0
    endloop
  endfacet
  facet normal 0.290224 0.956959 -0
    outer loop
      vertex -10.8072 -49.2848 0
      vertex -11.8142 -48.9794 2.4
      vertex -10.8072 -49.2848 2.4
    endloop
  endfacet
  facet normal 0.290224 0.956959 0
    outer loop
      vertex -11.8142 -48.9794 2.4
      vertex -10.8072 -49.2848 0
      vertex -11.8142 -48.9794 0
    endloop
  endfacet
  facet normal 0.471412 0.881913 -0
    outer loop
      vertex -11.8142 -48.9794 0
      vertex -12.7423 -48.4833 2.4
      vertex -11.8142 -48.9794 2.4
    endloop
  endfacet
  facet normal 0.471412 0.881913 0
    outer loop
      vertex -12.7423 -48.4833 2.4
      vertex -11.8142 -48.9794 0
      vertex -12.7423 -48.4833 0
    endloop
  endfacet
  facet normal 0.634427 0.772983 -0
    outer loop
      vertex -12.7423 -48.4833 0
      vertex -13.5557 -47.8157 2.4
      vertex -12.7423 -48.4833 2.4
    endloop
  endfacet
  facet normal 0.634427 0.772983 0
    outer loop
      vertex -13.5557 -47.8157 2.4
      vertex -12.7423 -48.4833 0
      vertex -13.5557 -47.8157 0
    endloop
  endfacet
  facet normal 0.772983 0.634427 0
    outer loop
      vertex -13.5557 -47.8157 2.4
      vertex -14.2233 -47.0023 0
      vertex -14.2233 -47.0023 2.4
    endloop
  endfacet
  facet normal 0.772983 0.634427 0
    outer loop
      vertex -14.2233 -47.0023 0
      vertex -13.5557 -47.8157 2.4
      vertex -13.5557 -47.8157 0
    endloop
  endfacet
  facet normal 0.881913 0.471412 0
    outer loop
      vertex -14.2233 -47.0023 2.4
      vertex -14.7194 -46.0742 0
      vertex -14.7194 -46.0742 2.4
    endloop
  endfacet
  facet normal 0.881913 0.471412 0
    outer loop
      vertex -14.7194 -46.0742 0
      vertex -14.2233 -47.0023 2.4
      vertex -14.2233 -47.0023 0
    endloop
  endfacet
  facet normal 0.956959 0.290224 0
    outer loop
      vertex -14.7194 -46.0742 2.4
      vertex -15.0248 -45.0672 0
      vertex -15.0248 -45.0672 2.4
    endloop
  endfacet
  facet normal 0.956959 0.290224 0
    outer loop
      vertex -15.0248 -45.0672 0
      vertex -14.7194 -46.0742 2.4
      vertex -14.7194 -46.0742 0
    endloop
  endfacet
  facet normal 0.995179 0.0980734 0
    outer loop
      vertex -15.0248 -45.0672 2.4
      vertex -15.128 -44.02 0
      vertex -15.128 -44.02 2.4
    endloop
  endfacet
  facet normal 0.995179 0.0980734 0
    outer loop
      vertex -15.128 -44.02 0
      vertex -15.0248 -45.0672 2.4
      vertex -15.0248 -45.0672 0
    endloop
  endfacet
  facet normal 0.99518 -0.0980642 0
    outer loop
      vertex -15.128 -44.02 2.4
      vertex -15.0248 -42.9727 0
      vertex -15.0248 -42.9727 2.4
    endloop
  endfacet
  facet normal 0.99518 -0.0980642 0
    outer loop
      vertex -15.0248 -42.9727 0
      vertex -15.128 -44.02 2.4
      vertex -15.128 -44.02 0
    endloop
  endfacet
  facet normal 0.956959 -0.290224 0
    outer loop
      vertex -15.0248 -42.9727 2.4
      vertex -14.7194 -41.9657 0
      vertex -14.7194 -41.9657 2.4
    endloop
  endfacet
  facet normal 0.956959 -0.290224 0
    outer loop
      vertex -14.7194 -41.9657 0
      vertex -15.0248 -42.9727 2.4
      vertex -15.0248 -42.9727 0
    endloop
  endfacet
  facet normal 0.881892 -0.471451 0
    outer loop
      vertex -14.7194 -41.9657 2.4
      vertex -14.2233 -41.0377 0
      vertex -14.2233 -41.0377 2.4
    endloop
  endfacet
  facet normal 0.881892 -0.471451 0
    outer loop
      vertex -14.2233 -41.0377 0
      vertex -14.7194 -41.9657 2.4
      vertex -14.7194 -41.9657 0
    endloop
  endfacet
  facet normal 0.773021 -0.634381 0
    outer loop
      vertex -14.2233 -41.0377 2.4
      vertex -13.5557 -40.2242 0
      vertex -13.5557 -40.2242 2.4
    endloop
  endfacet
  facet normal 0.773021 -0.634381 0
    outer loop
      vertex -13.5557 -40.2242 0
      vertex -14.2233 -41.0377 2.4
      vertex -14.2233 -41.0377 0
    endloop
  endfacet
  facet normal 0.63437 -0.773029 0
    outer loop
      vertex -13.5557 -40.2242 0
      vertex -12.7423 -39.5567 2.4
      vertex -13.5557 -40.2242 2.4
    endloop
  endfacet
  facet normal 0.63437 -0.773029 0
    outer loop
      vertex -12.7423 -39.5567 2.4
      vertex -13.5557 -40.2242 0
      vertex -12.7423 -39.5567 0
    endloop
  endfacet
  facet normal 0.471412 -0.881913 0
    outer loop
      vertex -12.7423 -39.5567 0
      vertex -11.8142 -39.0606 2.4
      vertex -12.7423 -39.5567 2.4
    endloop
  endfacet
  facet normal 0.471412 -0.881913 0
    outer loop
      vertex -11.8142 -39.0606 2.4
      vertex -12.7423 -39.5567 0
      vertex -11.8142 -39.0606 0
    endloop
  endfacet
  facet normal 0.290311 -0.956932 0
    outer loop
      vertex -11.8142 -39.0606 0
      vertex -10.8072 -38.7551 2.4
      vertex -11.8142 -39.0606 2.4
    endloop
  endfacet
  facet normal 0.290311 -0.956932 0
    outer loop
      vertex -10.8072 -38.7551 2.4
      vertex -11.8142 -39.0606 0
      vertex -10.8072 -38.7551 0
    endloop
  endfacet
  facet normal 0.0979784 -0.995189 0
    outer loop
      vertex -10.8072 -38.7551 0
      vertex -9.75999 -38.652 2.4
      vertex -10.8072 -38.7551 2.4
    endloop
  endfacet
  facet normal 0.0979784 -0.995189 0
    outer loop
      vertex -9.75999 -38.652 2.4
      vertex -10.8072 -38.7551 0
      vertex -9.75999 -38.652 0
    endloop
  endfacet
  facet normal -0.0979756 -0.995189 0
    outer loop
      vertex -9.75999 -38.652 0
      vertex -8.71275 -38.7551 2.4
      vertex -9.75999 -38.652 2.4
    endloop
  endfacet
  facet normal -0.0979756 -0.995189 -0
    outer loop
      vertex -8.71275 -38.7551 2.4
      vertex -9.75999 -38.652 0
      vertex -8.71275 -38.7551 0
    endloop
  endfacet
  facet normal 0 1 -0
    outer loop
      vertex 40.748 21.86 0
      vertex 40.2343 21.86 2.4
      vertex 40.748 21.86 2.4
    endloop
  endfacet
  facet normal 0 1 0
    outer loop
      vertex 40.2343 21.86 2.4
      vertex 40.748 21.86 0
      vertex 40.2343 21.86 0
    endloop
  endfacet
  facet normal -0.785347 -0.619056 0
    outer loop
      vertex 40.3914 21.6607 0
      vertex 40.2343 21.86 2.4
      vertex 40.2343 21.86 0
    endloop
  endfacet
  facet normal -0.785347 -0.619056 0
    outer loop
      vertex 40.2343 21.86 2.4
      vertex 40.3914 21.6607 0
      vertex 40.3914 21.6607 2.4
    endloop
  endfacet
  facet normal -0.902435 -0.430827 0
    outer loop
      vertex 40.8742 20.6494 0
      vertex 40.3914 21.6607 2.4
      vertex 40.3914 21.6607 0
    endloop
  endfacet
  facet normal -0.902435 -0.430827 0
    outer loop
      vertex 40.3914 21.6607 2.4
      vertex 40.8742 20.6494 0
      vertex 40.8742 20.6494 2.4
    endloop
  endfacet
  facet normal -0.980384 -0.197098 0
    outer loop
      vertex 41.0866 19.5929 0
      vertex 40.8742 20.6494 2.4
      vertex 40.8742 20.6494 0
    endloop
  endfacet
  facet normal -0.980384 -0.197098 0
    outer loop
      vertex 40.8742 20.6494 2.4
      vertex 41.0866 19.5929 0
      vertex 41.0866 19.5929 2.4
    endloop
  endfacet
  facet normal -0.998272 0.0587546 0
    outer loop
      vertex 41.0443 18.8742 0
      vertex 41.0866 19.5929 2.4
      vertex 41.0866 19.5929 0
    endloop
  endfacet
  facet normal -0.998272 0.0587546 0
    outer loop
      vertex 41.0866 19.5929 2.4
      vertex 41.0443 18.8742 0
      vertex 41.0443 18.8742 2.4
    endloop
  endfacet
  facet normal -0.890987 -0.454029 0
    outer loop
      vertex 41.2411 18.488 0
      vertex 41.0443 18.8742 2.4
      vertex 41.0443 18.8742 0
    endloop
  endfacet
  facet normal -0.890987 -0.454029 0
    outer loop
      vertex 41.0443 18.8742 2.4
      vertex 41.2411 18.488 0
      vertex 41.2411 18.488 2.4
    endloop
  endfacet
  facet normal -0.987683 -0.15647 0
    outer loop
      vertex 41.48 16.98 0
      vertex 41.2411 18.488 2.4
      vertex 41.2411 18.488 0
    endloop
  endfacet
  facet normal -0.987683 -0.15647 0
    outer loop
      vertex 41.2411 18.488 2.4
      vertex 41.48 16.98 0
      vertex 41.48 16.98 2.4
    endloop
  endfacet
  facet normal -0.998946 -0.0458912 0
    outer loop
      vertex 41.6001 14.3657 0
      vertex 41.48 16.98 2.4
      vertex 41.48 16.98 0
    endloop
  endfacet
  facet normal -0.998946 -0.0458912 0
    outer loop
      vertex 41.48 16.98 2.4
      vertex 41.6001 14.3657 0
      vertex 41.6001 14.3657 2.4
    endloop
  endfacet
  facet normal -0.998329 -0.0577773 0
    outer loop
      vertex 41.7514 11.7514 0
      vertex 41.6001 14.3657 2.4
      vertex 41.6001 14.3657 0
    endloop
  endfacet
  facet normal -0.998329 -0.0577773 0
    outer loop
      vertex 41.6001 14.3657 2.4
      vertex 41.7514 11.7514 0
      vertex 41.7514 11.7514 2.4
    endloop
  endfacet
  facet normal -0.997578 -0.0695637 0
    outer loop
      vertex 41.9337 9.13713 0
      vertex 41.7514 11.7514 2.4
      vertex 41.7514 11.7514 0
    endloop
  endfacet
  facet normal -0.997578 -0.0695637 0
    outer loop
      vertex 41.7514 11.7514 2.4
      vertex 41.9337 9.13713 0
      vertex 41.9337 9.13713 2.4
    endloop
  endfacet
  facet normal -0.996682 -0.0813952 0
    outer loop
      vertex 42.1472 6.52283 0
      vertex 41.9337 9.13713 2.4
      vertex 41.9337 9.13713 0
    endloop
  endfacet
  facet normal -0.996682 -0.0813952 0
    outer loop
      vertex 41.9337 9.13713 2.4
      vertex 42.1472 6.52283 0
      vertex 42.1472 6.52283 2.4
    endloop
  endfacet
  facet normal -0.995648 -0.0931946 0
    outer loop
      vertex 42.3919 3.90857 0
      vertex 42.1472 6.52283 2.4
      vertex 42.1472 6.52283 0
    endloop
  endfacet
  facet normal -0.995648 -0.0931946 0
    outer loop
      vertex 42.1472 6.52283 2.4
      vertex 42.3919 3.90857 0
      vertex 42.3919 3.90857 2.4
    endloop
  endfacet
  facet normal -0.994485 -0.104878 0
    outer loop
      vertex 42.6676 1.2943 0
      vertex 42.3919 3.90857 2.4
      vertex 42.3919 3.90857 0
    endloop
  endfacet
  facet normal -0.994485 -0.104878 0
    outer loop
      vertex 42.3919 3.90857 2.4
      vertex 42.6676 1.2943 0
      vertex 42.6676 1.2943 2.4
    endloop
  endfacet
  facet normal -0.99318 -0.116593 0
    outer loop
      vertex 42.9745 -1.31999 0
      vertex 42.6676 1.2943 2.4
      vertex 42.6676 1.2943 0
    endloop
  endfacet
  facet normal -0.99318 -0.116593 0
    outer loop
      vertex 42.6676 1.2943 2.4
      vertex 42.9745 -1.31999 0
      vertex 42.9745 -1.31999 2.4
    endloop
  endfacet
  facet normal -0.991745 -0.128222 0
    outer loop
      vertex 43.3125 -3.93428 0
      vertex 42.9745 -1.31999 2.4
      vertex 42.9745 -1.31999 0
    endloop
  endfacet
  facet normal -0.991745 -0.128222 0
    outer loop
      vertex 42.9745 -1.31999 2.4
      vertex 43.3125 -3.93428 0
      vertex 43.3125 -3.93428 2.4
    endloop
  endfacet
  facet normal -0.99018 -0.1398 0
    outer loop
      vertex 43.6816 -6.54855 0
      vertex 43.3125 -3.93428 2.4
      vertex 43.3125 -3.93428 0
    endloop
  endfacet
  facet normal -0.99018 -0.1398 0
    outer loop
      vertex 43.3125 -3.93428 2.4
      vertex 43.6816 -6.54855 0
      vertex 43.6816 -6.54855 2.4
    endloop
  endfacet
  facet normal -0.988485 -0.151322 0
    outer loop
      vertex 43.9954 -8.5984 0
      vertex 43.6816 -6.54855 2.4
      vertex 43.6816 -6.54855 0
    endloop
  endfacet
  facet normal -0.988485 -0.151322 0
    outer loop
      vertex 43.6816 -6.54855 2.4
      vertex 43.9954 -8.5984 0
      vertex 43.9954 -8.5984 2.4
    endloop
  endfacet
  facet normal -0.986677 -0.162693 0
    outer loop
      vertex 44.3588 -10.8023 0
      vertex 43.9954 -8.5984 2.4
      vertex 43.9954 -8.5984 0
    endloop
  endfacet
  facet normal -0.986677 -0.162693 0
    outer loop
      vertex 43.9954 -8.5984 2.4
      vertex 44.3588 -10.8023 0
      vertex 44.3588 -10.8023 2.4
    endloop
  endfacet
  facet normal -0.984771 -0.173855 0
    outer loop
      vertex 44.8289 -13.4651 0
      vertex 44.3588 -10.8023 2.4
      vertex 44.3588 -10.8023 0
    endloop
  endfacet
  facet normal -0.984771 -0.173855 0
    outer loop
      vertex 44.3588 -10.8023 2.4
      vertex 44.8289 -13.4651 0
      vertex 44.8289 -13.4651 2.4
    endloop
  endfacet
  facet normal -0.982735 -0.185017 0
    outer loop
      vertex 45.3302 -16.1278 0
      vertex 44.8289 -13.4651 2.4
      vertex 44.8289 -13.4651 0
    endloop
  endfacet
  facet normal -0.982735 -0.185017 0
    outer loop
      vertex 44.8289 -13.4651 2.4
      vertex 45.3302 -16.1278 0
      vertex 45.3302 -16.1278 2.4
    endloop
  endfacet
  facet normal -0.980592 -0.196059 0
    outer loop
      vertex 45.8626 -18.7906 0
      vertex 45.3302 -16.1278 2.4
      vertex 45.3302 -16.1278 0
    endloop
  endfacet
  facet normal -0.980592 -0.196059 0
    outer loop
      vertex 45.3302 -16.1278 2.4
      vertex 45.8626 -18.7906 0
      vertex 45.8626 -18.7906 2.4
    endloop
  endfacet
  facet normal -0.987682 -0.156476 0
    outer loop
      vertex 45.994 -19.62 0
      vertex 45.8626 -18.7906 2.4
      vertex 45.8626 -18.7906 0
    endloop
  endfacet
  facet normal -0.987682 -0.156476 0
    outer loop
      vertex 45.8626 -18.7906 2.4
      vertex 45.994 -19.62 0
      vertex 45.994 -19.62 2.4
    endloop
  endfacet
  facet normal -0.987682 0.156476 0
    outer loop
      vertex 45.8626 -20.4494 0
      vertex 45.994 -19.62 2.4
      vertex 45.994 -19.62 0
    endloop
  endfacet
  facet normal -0.987682 0.156476 0
    outer loop
      vertex 45.994 -19.62 2.4
      vertex 45.8626 -20.4494 0
      vertex 45.8626 -20.4494 2.4
    endloop
  endfacet
  facet normal -0.89102 0.453965 0
    outer loop
      vertex 45.4814 -21.1976 0
      vertex 45.8626 -20.4494 2.4
      vertex 45.8626 -20.4494 0
    endloop
  endfacet
  facet normal -0.89102 0.453965 0
    outer loop
      vertex 45.8626 -20.4494 2.4
      vertex 45.4814 -21.1976 0
      vertex 45.4814 -21.1976 2.4
    endloop
  endfacet
  facet normal -0.706995 0.707218 0
    outer loop
      vertex 45.1646 -21.5143 0
      vertex 45.4814 -21.1976 2.4
      vertex 45.4814 -21.1976 0
    endloop
  endfacet
  facet normal -0.706995 0.707218 0
    outer loop
      vertex 45.4814 -21.1976 2.4
      vertex 45.1646 -21.5143 0
      vertex 45.1646 -21.5143 2.4
    endloop
  endfacet
  facet normal 0.343878 -0.939014 0
    outer loop
      vertex 45.1646 -21.5143 0
      vertex 46.1673 -21.1471 2.4
      vertex 45.1646 -21.5143 2.4
    endloop
  endfacet
  facet normal 0.343878 -0.939014 0
    outer loop
      vertex 46.1673 -21.1471 2.4
      vertex 45.1646 -21.5143 0
      vertex 46.1673 -21.1471 0
    endloop
  endfacet
  facet normal 0.273715 -0.961811 0
    outer loop
      vertex 46.1673 -21.1471 0
      vertex 47.3796 -20.8021 2.4
      vertex 46.1673 -21.1471 2.4
    endloop
  endfacet
  facet normal 0.273715 -0.961811 0
    outer loop
      vertex 47.3796 -20.8021 2.4
      vertex 46.1673 -21.1471 0
      vertex 47.3796 -20.8021 0
    endloop
  endfacet
  facet normal 0.2005 -0.979694 0
    outer loop
      vertex 47.3796 -20.8021 0
      vertex 48.5909 -20.5542 2.4
      vertex 47.3796 -20.8021 2.4
    endloop
  endfacet
  facet normal 0.2005 -0.979694 0
    outer loop
      vertex 48.5909 -20.5542 2.4
      vertex 47.3796 -20.8021 0
      vertex 48.5909 -20.5542 0
    endloop
  endfacet
  facet normal 0.121675 -0.99257 0
    outer loop
      vertex 48.5909 -20.5542 0
      vertex 49.7713 -20.4095 2.4
      vertex 48.5909 -20.5542 2.4
    endloop
  endfacet
  facet normal 0.121675 -0.99257 0
    outer loop
      vertex 49.7713 -20.4095 2.4
      vertex 48.5909 -20.5542 0
      vertex 49.7713 -20.4095 0
    endloop
  endfacet
  facet normal 0.033897 -0.999425 0
    outer loop
      vertex 49.7713 -20.4095 0
      vertex 50.8917 -20.3715 2.4
      vertex 49.7713 -20.4095 2.4
    endloop
  endfacet
  facet normal 0.033897 -0.999425 0
    outer loop
      vertex 50.8917 -20.3715 2.4
      vertex 49.7713 -20.4095 0
      vertex 50.8917 -20.3715 0
    endloop
  endfacet
  facet normal -0.0673333 -0.997731 0
    outer loop
      vertex 50.8917 -20.3715 0
      vertex 51.9245 -20.4412 2.4
      vertex 50.8917 -20.3715 2.4
    endloop
  endfacet
  facet normal -0.0673333 -0.997731 -0
    outer loop
      vertex 51.9245 -20.4412 2.4
      vertex 50.8917 -20.3715 0
      vertex 51.9245 -20.4412 0
    endloop
  endfacet
  facet normal -0.187505 -0.982264 0
    outer loop
      vertex 51.9245 -20.4412 0
      vertex 52.8444 -20.6168 2.4
      vertex 51.9245 -20.4412 2.4
    endloop
  endfacet
  facet normal -0.187505 -0.982264 -0
    outer loop
      vertex 52.8444 -20.6168 2.4
      vertex 51.9245 -20.4412 0
      vertex 52.8444 -20.6168 0
    endloop
  endfacet
  facet normal -0.333273 -0.94283 0
    outer loop
      vertex 52.8444 -20.6168 0
      vertex 53.6286 -20.894 2.4
      vertex 52.8444 -20.6168 2.4
    endloop
  endfacet
  facet normal -0.333273 -0.94283 -0
    outer loop
      vertex 53.6286 -20.894 2.4
      vertex 52.8444 -20.6168 0
      vertex 53.6286 -20.894 0
    endloop
  endfacet
  facet normal -0.508974 -0.860782 0
    outer loop
      vertex 53.6286 -20.894 0
      vertex 54.2579 -21.2661 2.4
      vertex 53.6286 -20.894 2.4
    endloop
  endfacet
  facet normal -0.508974 -0.860782 -0
    outer loop
      vertex 54.2579 -21.2661 2.4
      vertex 53.6286 -20.894 0
      vertex 54.2579 -21.2661 0
    endloop
  endfacet
  facet normal -0.706103 -0.708109 0
    outer loop
      vertex 54.2579 -21.2661 0
      vertex 54.7168 -21.7237 2.4
      vertex 54.2579 -21.2661 2.4
    endloop
  endfacet
  facet normal -0.706103 -0.708109 -0
    outer loop
      vertex 54.7168 -21.7237 2.4
      vertex 54.2579 -21.2661 0
      vertex 54.7168 -21.7237 0
    endloop
  endfacet
  facet normal -0.886938 -0.461888 0
    outer loop
      vertex 54.9939 -22.2558 0
      vertex 54.7168 -21.7237 2.4
      vertex 54.7168 -21.7237 0
    endloop
  endfacet
  facet normal -0.886938 -0.461888 0
    outer loop
      vertex 54.7168 -21.7237 2.4
      vertex 54.9939 -22.2558 0
      vertex 54.9939 -22.2558 2.4
    endloop
  endfacet
  facet normal -0.989057 -0.147533 0
    outer loop
      vertex 55.0824 -22.8491 0
      vertex 54.9939 -22.2558 2.4
      vertex 54.9939 -22.2558 0
    endloop
  endfacet
  facet normal -0.989057 -0.147533 0
    outer loop
      vertex 54.9939 -22.2558 2.4
      vertex 55.0824 -22.8491 0
      vertex 55.0824 -22.8491 2.4
    endloop
  endfacet
  facet normal -0.987489 0.15769 0
    outer loop
      vertex 54.9802 -23.4891 0
      vertex 55.0824 -22.8491 2.4
      vertex 55.0824 -22.8491 0
    endloop
  endfacet
  facet normal -0.987489 0.15769 0
    outer loop
      vertex 55.0824 -22.8491 2.4
      vertex 54.9802 -23.4891 0
      vertex 54.9802 -23.4891 2.4
    endloop
  endfacet
  facet normal -0.917695 0.397285 0
    outer loop
      vertex 54.6898 -24.1599 0
      vertex 54.9802 -23.4891 2.4
      vertex 54.9802 -23.4891 0
    endloop
  endfacet
  facet normal -0.917695 0.397285 0
    outer loop
      vertex 54.9802 -23.4891 2.4
      vertex 54.6898 -24.1599 0
      vertex 54.6898 -24.1599 2.4
    endloop
  endfacet
  facet normal -0.823842 0.56682 0
    outer loop
      vertex 54.2183 -24.8452 0
      vertex 54.6898 -24.1599 2.4
      vertex 54.6898 -24.1599 0
    endloop
  endfacet
  facet normal -0.823842 0.56682 0
    outer loop
      vertex 54.6898 -24.1599 2.4
      vertex 54.2183 -24.8452 0
      vertex 54.2183 -24.8452 2.4
    endloop
  endfacet
  facet normal -0.729071 0.684438 0
    outer loop
      vertex 53.5773 -25.528 0
      vertex 54.2183 -24.8452 2.4
      vertex 54.2183 -24.8452 0
    endloop
  endfacet
  facet normal -0.729071 0.684438 0
    outer loop
      vertex 54.2183 -24.8452 2.4
      vertex 53.5773 -25.528 0
      vertex 53.5773 -25.528 2.4
    endloop
  endfacet
  facet normal -0.640887 0.767635 0
    outer loop
      vertex 53.5773 -25.528 0
      vertex 52.7827 -26.1914 2.4
      vertex 53.5773 -25.528 2.4
    endloop
  endfacet
  facet normal -0.640887 0.767635 0
    outer loop
      vertex 52.7827 -26.1914 2.4
      vertex 53.5773 -25.528 0
      vertex 52.7827 -26.1914 0
    endloop
  endfacet
  facet normal -0.56 0.828493 0
    outer loop
      vertex 52.7827 -26.1914 0
      vertex 51.8539 -26.8192 2.4
      vertex 52.7827 -26.1914 2.4
    endloop
  endfacet
  facet normal -0.56 0.828493 0
    outer loop
      vertex 51.8539 -26.8192 2.4
      vertex 52.7827 -26.1914 0
      vertex 51.8539 -26.8192 0
    endloop
  endfacet
  facet normal -0.48495 0.874542 0
    outer loop
      vertex 51.8539 -26.8192 0
      vertex 50.8139 -27.3959 2.4
      vertex 51.8539 -26.8192 2.4
    endloop
  endfacet
  facet normal -0.48495 0.874542 0
    outer loop
      vertex 50.8139 -27.3959 2.4
      vertex 51.8539 -26.8192 0
      vertex 50.8139 -27.3959 0
    endloop
  endfacet
  facet normal -0.413712 0.910408 0
    outer loop
      vertex 50.8139 -27.3959 0
      vertex 49.6883 -27.9074 2.4
      vertex 50.8139 -27.3959 2.4
    endloop
  endfacet
  facet normal -0.413712 0.910408 0
    outer loop
      vertex 49.6883 -27.9074 2.4
      vertex 50.8139 -27.3959 0
      vertex 49.6883 -27.9074 0
    endloop
  endfacet
  facet normal -0.343914 0.939001 0
    outer loop
      vertex 49.6883 -27.9074 0
      vertex 48.5047 -28.3409 2.4
      vertex 49.6883 -27.9074 2.4
    endloop
  endfacet
  facet normal -0.343914 0.939001 0
    outer loop
      vertex 48.5047 -28.3409 2.4
      vertex 49.6883 -27.9074 0
      vertex 48.5047 -28.3409 0
    endloop
  endfacet
  facet normal -0.273686 0.961819 0
    outer loop
      vertex 48.5047 -28.3409 0
      vertex 47.6089 -28.5958 2.4
      vertex 48.5047 -28.3409 2.4
    endloop
  endfacet
  facet normal -0.273686 0.961819 0
    outer loop
      vertex 47.6089 -28.5958 2.4
      vertex 48.5047 -28.3409 0
      vertex 47.6089 -28.5958 0
    endloop
  endfacet
  facet normal -0.967075 -0.25449 0
    outer loop
      vertex 48.4976 -31.9729 0
      vertex 47.6089 -28.5958 2.4
      vertex 47.6089 -28.5958 0
    endloop
  endfacet
  facet normal -0.967075 -0.25449 0
    outer loop
      vertex 47.6089 -28.5958 2.4
      vertex 48.4976 -31.9729 0
      vertex 48.4976 -31.9729 2.4
    endloop
  endfacet
  facet normal -0.555543 -0.831488 0
    outer loop
      vertex 48.4976 -31.9729 0
      vertex 48.9529 -32.2771 2.4
      vertex 48.4976 -31.9729 2.4
    endloop
  endfacet
  facet normal -0.555543 -0.831488 -0
    outer loop
      vertex 48.9529 -32.2771 2.4
      vertex 48.4976 -31.9729 0
      vertex 48.9529 -32.2771 0
    endloop
  endfacet
  facet normal -0.831515 -0.555502 0
    outer loop
      vertex 49.3363 -32.851 0
      vertex 48.9529 -32.2771 2.4
      vertex 48.9529 -32.2771 0
    endloop
  endfacet
  facet normal -0.831515 -0.555502 0
    outer loop
      vertex 48.9529 -32.2771 2.4
      vertex 49.3363 -32.851 0
      vertex 49.3363 -32.851 2.4
    endloop
  endfacet
  facet normal -0.980775 -0.195141 0
    outer loop
      vertex 49.471 -33.528 0
      vertex 49.3363 -32.851 2.4
      vertex 49.3363 -32.851 0
    endloop
  endfacet
  facet normal -0.980775 -0.195141 0
    outer loop
      vertex 49.3363 -32.851 2.4
      vertex 49.471 -33.528 0
      vertex 49.471 -33.528 2.4
    endloop
  endfacet
  facet normal -0.98077 0.195169 0
    outer loop
      vertex 49.3363 -34.2049 0
      vertex 49.471 -33.528 2.4
      vertex 49.471 -33.528 0
    endloop
  endfacet
  facet normal -0.98077 0.195169 0
    outer loop
      vertex 49.471 -33.528 2.4
      vertex 49.3363 -34.2049 0
      vertex 49.3363 -34.2049 2.4
    endloop
  endfacet
  facet normal -0.83156 0.555435 0
    outer loop
      vertex 48.9529 -34.7789 0
      vertex 49.3363 -34.2049 2.4
      vertex 49.3363 -34.2049 0
    endloop
  endfacet
  facet normal -0.83156 0.555435 0
    outer loop
      vertex 49.3363 -34.2049 2.4
      vertex 48.9529 -34.7789 0
      vertex 48.9529 -34.7789 2.4
    endloop
  endfacet
  facet normal -0.555435 0.83156 0
    outer loop
      vertex 48.9529 -34.7789 0
      vertex 48.3789 -35.1623 2.4
      vertex 48.9529 -34.7789 2.4
    endloop
  endfacet
  facet normal -0.555435 0.83156 0
    outer loop
      vertex 48.3789 -35.1623 2.4
      vertex 48.9529 -34.7789 0
      vertex 48.3789 -35.1623 0
    endloop
  endfacet
  facet normal -0.195169 0.98077 0
    outer loop
      vertex 48.3789 -35.1623 0
      vertex 47.702 -35.297 2.4
      vertex 48.3789 -35.1623 2.4
    endloop
  endfacet
  facet normal -0.195169 0.98077 0
    outer loop
      vertex 47.702 -35.297 2.4
      vertex 48.3789 -35.1623 0
      vertex 47.702 -35.297 0
    endloop
  endfacet
  facet normal 0.195141 0.980775 -0
    outer loop
      vertex 47.702 -35.297 0
      vertex 47.025 -35.1623 2.4
      vertex 47.702 -35.297 2.4
    endloop
  endfacet
  facet normal 0.195141 0.980775 0
    outer loop
      vertex 47.025 -35.1623 2.4
      vertex 47.702 -35.297 0
      vertex 47.025 -35.1623 0
    endloop
  endfacet
  facet normal 0.555502 0.831515 -0
    outer loop
      vertex 47.025 -35.1623 0
      vertex 46.4511 -34.7789 2.4
      vertex 47.025 -35.1623 2.4
    endloop
  endfacet
  facet normal 0.555502 0.831515 0
    outer loop
      vertex 46.4511 -34.7789 2.4
      vertex 47.025 -35.1623 0
      vertex 46.4511 -34.7789 0
    endloop
  endfacet
  facet normal 0.831493 0.555536 0
    outer loop
      vertex 46.4511 -34.7789 2.4
      vertex 46.0676 -34.2049 0
      vertex 46.0676 -34.2049 2.4
    endloop
  endfacet
  facet normal 0.831493 0.555536 0
    outer loop
      vertex 46.0676 -34.2049 0
      vertex 46.4511 -34.7789 2.4
      vertex 46.4511 -34.7789 0
    endloop
  endfacet
  facet normal 0.980797 0.195029 0
    outer loop
      vertex 46.0676 -34.2049 2.4
      vertex 45.933 -33.528 0
      vertex 45.933 -33.528 2.4
    endloop
  endfacet
  facet normal 0.980797 0.195029 0
    outer loop
      vertex 45.933 -33.528 0
      vertex 46.0676 -34.2049 2.4
      vertex 46.0676 -34.2049 0
    endloop
  endfacet
  facet normal 0.980803 -0.195002 0
    outer loop
      vertex 45.933 -33.528 2.4
      vertex 46.0676 -32.851 0
      vertex 46.0676 -32.851 2.4
    endloop
  endfacet
  facet normal 0.980803 -0.195002 0
    outer loop
      vertex 46.0676 -32.851 0
      vertex 45.933 -33.528 2.4
      vertex 45.933 -33.528 0
    endloop
  endfacet
  facet normal 0.831328 -0.555782 0
    outer loop
      vertex 46.0676 -32.851 2.4
      vertex 46.2572 -32.5674 0
      vertex 46.2572 -32.5674 2.4
    endloop
  endfacet
  facet normal 0.831328 -0.555782 0
    outer loop
      vertex 46.2572 -32.5674 0
      vertex 46.0676 -32.851 2.4
      vertex 46.0676 -32.851 0
    endloop
  endfacet
  facet normal 0.967071 0.254508 0
    outer loop
      vertex 46.2572 -32.5674 2.4
      vertex 45.3253 -29.0264 0
      vertex 45.3253 -29.0264 2.4
    endloop
  endfacet
  facet normal 0.967071 0.254508 0
    outer loop
      vertex 45.3253 -29.0264 0
      vertex 46.2572 -32.5674 2.4
      vertex 46.2572 -32.5674 0
    endloop
  endfacet
  facet normal -0.12179 0.992556 0
    outer loop
      vertex 45.3253 -29.0264 0
      vertex 44.9007 -29.0785 2.4
      vertex 45.3253 -29.0264 2.4
    endloop
  endfacet
  facet normal -0.12179 0.992556 0
    outer loop
      vertex 44.9007 -29.0785 2.4
      vertex 45.3253 -29.0264 0
      vertex 44.9007 -29.0785 0
    endloop
  endfacet
  facet normal -0.0338173 0.999428 0
    outer loop
      vertex 44.9007 -29.0785 0
      vertex 44.5431 -29.0906 2.4
      vertex 44.9007 -29.0785 2.4
    endloop
  endfacet
  facet normal -0.0338173 0.999428 0
    outer loop
      vertex 44.5431 -29.0906 2.4
      vertex 44.9007 -29.0785 0
      vertex 44.5431 -29.0906 0
    endloop
  endfacet
  facet normal -0.990831 0.13511 0
    outer loop
      vertex 44.2061 -31.562 0
      vertex 44.5431 -29.0906 2.4
      vertex 44.5431 -29.0906 0
    endloop
  endfacet
  facet normal -0.990831 0.13511 0
    outer loop
      vertex 44.5431 -29.0906 2.4
      vertex 44.2061 -31.562 0
      vertex 44.2061 -31.562 2.4
    endloop
  endfacet
  facet normal -0.831453 -0.555596 0
    outer loop
      vertex 44.5783 -32.119 0
      vertex 44.2061 -31.562 2.4
      vertex 44.2061 -31.562 0
    endloop
  endfacet
  facet normal -0.831453 -0.555596 0
    outer loop
      vertex 44.2061 -31.562 2.4
      vertex 44.5783 -32.119 0
      vertex 44.5783 -32.119 2.4
    endloop
  endfacet
  facet normal -0.980775 -0.195141 0
    outer loop
      vertex 44.713 -32.796 0
      vertex 44.5783 -32.119 2.4
      vertex 44.5783 -32.119 0
    endloop
  endfacet
  facet normal -0.980775 -0.195141 0
    outer loop
      vertex 44.5783 -32.119 2.4
      vertex 44.713 -32.796 0
      vertex 44.713 -32.796 2.4
    endloop
  endfacet
  facet normal -0.980775 0.195141 0
    outer loop
      vertex 44.5783 -33.473 0
      vertex 44.713 -32.796 2.4
      vertex 44.713 -32.796 0
    endloop
  endfacet
  facet normal -0.980775 0.195141 0
    outer loop
      vertex 44.713 -32.796 2.4
      vertex 44.5783 -33.473 0
      vertex 44.5783 -33.473 2.4
    endloop
  endfacet
  facet normal -0.831515 0.555502 0
    outer loop
      vertex 44.1949 -34.0469 0
      vertex 44.5783 -33.473 2.4
      vertex 44.5783 -33.473 0
    endloop
  endfacet
  facet normal -0.831515 0.555502 0
    outer loop
      vertex 44.5783 -33.473 2.4
      vertex 44.1949 -34.0469 0
      vertex 44.1949 -34.0469 2.4
    endloop
  endfacet
  facet normal -0.555502 0.831515 0
    outer loop
      vertex 44.1949 -34.0469 0
      vertex 43.621 -34.4303 2.4
      vertex 44.1949 -34.0469 2.4
    endloop
  endfacet
  facet normal -0.555502 0.831515 0
    outer loop
      vertex 43.621 -34.4303 2.4
      vertex 44.1949 -34.0469 0
      vertex 43.621 -34.4303 0
    endloop
  endfacet
  facet normal -0.195141 0.980775 0
    outer loop
      vertex 43.621 -34.4303 0
      vertex 42.944 -34.565 2.4
      vertex 43.621 -34.4303 2.4
    endloop
  endfacet
  facet normal -0.195141 0.980775 0
    outer loop
      vertex 42.944 -34.565 2.4
      vertex 43.621 -34.4303 0
      vertex 42.944 -34.565 0
    endloop
  endfacet
  facet normal 0.195141 0.980775 -0
    outer loop
      vertex 42.944 -34.565 0
      vertex 42.267 -34.4303 2.4
      vertex 42.944 -34.565 2.4
    endloop
  endfacet
  facet normal 0.195141 0.980775 0
    outer loop
      vertex 42.267 -34.4303 2.4
      vertex 42.944 -34.565 0
      vertex 42.267 -34.4303 0
    endloop
  endfacet
  facet normal 0.555502 0.831515 -0
    outer loop
      vertex 42.267 -34.4303 0
      vertex 41.6931 -34.0469 2.4
      vertex 42.267 -34.4303 2.4
    endloop
  endfacet
  facet normal 0.555502 0.831515 0
    outer loop
      vertex 41.6931 -34.0469 2.4
      vertex 42.267 -34.4303 0
      vertex 41.6931 -34.0469 0
    endloop
  endfacet
  facet normal 0.831448 0.555603 0
    outer loop
      vertex 41.6931 -34.0469 2.4
      vertex 41.3096 -33.473 0
      vertex 41.3096 -33.473 2.4
    endloop
  endfacet
  facet normal 0.831448 0.555603 0
    outer loop
      vertex 41.3096 -33.473 0
      vertex 41.6931 -34.0469 2.4
      vertex 41.6931 -34.0469 0
    endloop
  endfacet
  facet normal 0.980803 0.195002 0
    outer loop
      vertex 41.3096 -33.473 2.4
      vertex 41.175 -32.796 0
      vertex 41.175 -32.796 2.4
    endloop
  endfacet
  facet normal 0.980803 0.195002 0
    outer loop
      vertex 41.175 -32.796 0
      vertex 41.3096 -33.473 2.4
      vertex 41.3096 -33.473 0
    endloop
  endfacet
  facet normal 0.980803 -0.195002 0
    outer loop
      vertex 41.175 -32.796 2.4
      vertex 41.3096 -32.119 0
      vertex 41.3096 -32.119 2.4
    endloop
  endfacet
  facet normal 0.980803 -0.195002 0
    outer loop
      vertex 41.3096 -32.119 0
      vertex 41.175 -32.796 2.4
      vertex 41.175 -32.796 0
    endloop
  endfacet
  facet normal 0.831448 -0.555603 0
    outer loop
      vertex 41.3096 -32.119 2.4
      vertex 41.6931 -31.5451 0
      vertex 41.6931 -31.5451 2.4
    endloop
  endfacet
  facet normal 0.831448 -0.555603 0
    outer loop
      vertex 41.6931 -31.5451 0
      vertex 41.3096 -32.119 2.4
      vertex 41.3096 -32.119 0
    endloop
  endfacet
  facet normal 0.555596 -0.831452 0
    outer loop
      vertex 41.6931 -31.5451 0
      vertex 41.9071 -31.4021 2.4
      vertex 41.6931 -31.5451 2.4
    endloop
  endfacet
  facet normal 0.555596 -0.831452 0
    outer loop
      vertex 41.9071 -31.4021 2.4
      vertex 41.6931 -31.5451 0
      vertex 41.9071 -31.4021 0
    endloop
  endfacet
  facet normal 0.990827 -0.135133 0
    outer loop
      vertex 41.9071 -31.4021 2.4
      vertex 42.2415 -28.9502 0
      vertex 42.2415 -28.9502 2.4
    endloop
  endfacet
  facet normal 0.990827 -0.135133 0
    outer loop
      vertex 42.2415 -28.9502 0
      vertex 41.9071 -31.4021 2.4
      vertex 41.9071 -31.4021 0
    endloop
  endfacet
  facet normal 0.187439 0.982276 -0
    outer loop
      vertex 42.2415 -28.9502 0
      vertex 41.8275 -28.8712 2.4
      vertex 42.2415 -28.9502 2.4
    endloop
  endfacet
  facet normal 0.187439 0.982276 0
    outer loop
      vertex 41.8275 -28.8712 2.4
      vertex 42.2415 -28.9502 0
      vertex 41.8275 -28.8712 0
    endloop
  endfacet
  facet normal 0.33338 0.942793 -0
    outer loop
      vertex 41.8275 -28.8712 0
      vertex 41.0433 -28.5939 2.4
      vertex 41.8275 -28.8712 2.4
    endloop
  endfacet
  facet normal 0.33338 0.942793 0
    outer loop
      vertex 41.0433 -28.5939 2.4
      vertex 41.8275 -28.8712 0
      vertex 41.0433 -28.5939 0
    endloop
  endfacet
  facet normal 0.508872 0.860842 -0
    outer loop
      vertex 41.0433 -28.5939 0
      vertex 40.414 -28.2219 2.4
      vertex 41.0433 -28.5939 2.4
    endloop
  endfacet
  facet normal 0.508872 0.860842 0
    outer loop
      vertex 40.414 -28.2219 2.4
      vertex 41.0433 -28.5939 0
      vertex 40.414 -28.2219 0
    endloop
  endfacet
  facet normal 0.706258 0.707955 -0
    outer loop
      vertex 40.414 -28.2219 0
      vertex 39.9552 -27.7642 2.4
      vertex 40.414 -28.2219 2.4
    endloop
  endfacet
  facet normal 0.706258 0.707955 0
    outer loop
      vertex 39.9552 -27.7642 2.4
      vertex 40.414 -28.2219 0
      vertex 39.9552 -27.7642 0
    endloop
  endfacet
  facet normal 0.886247 0.463212 0
    outer loop
      vertex 39.9552 -27.7642 2.4
      vertex 39.9356 -27.7267 0
      vertex 39.9356 -27.7267 2.4
    endloop
  endfacet
  facet normal 0.886247 0.463212 0
    outer loop
      vertex 39.9356 -27.7267 0
      vertex 39.9552 -27.7642 2.4
      vertex 39.9552 -27.7642 0
    endloop
  endfacet
  facet normal 0.540919 0.841074 -0
    outer loop
      vertex 39.9356 -27.7267 0
      vertex 39.5943 -27.5072 2.4
      vertex 39.9356 -27.7267 2.4
    endloop
  endfacet
  facet normal 0.540919 0.841074 0
    outer loop
      vertex 39.5943 -27.5072 2.4
      vertex 39.9356 -27.7267 0
      vertex 39.5943 -27.5072 0
    endloop
  endfacet
  facet normal 0.605303 0.795995 -0
    outer loop
      vertex 39.5943 -27.5072 0
      vertex 39.199 -27.2066 2.4
      vertex 39.5943 -27.5072 2.4
    endloop
  endfacet
  facet normal 0.605303 0.795995 0
    outer loop
      vertex 39.199 -27.2066 2.4
      vertex 39.5943 -27.5072 0
      vertex 39.199 -27.2066 0
    endloop
  endfacet
  facet normal 0.667274 0.744812 -0
    outer loop
      vertex 39.199 -27.2066 0
      vertex 38.8359 -26.8813 2.4
      vertex 39.199 -27.2066 2.4
    endloop
  endfacet
  facet normal 0.667274 0.744812 0
    outer loop
      vertex 38.8359 -26.8813 2.4
      vertex 39.199 -27.2066 0
      vertex 38.8359 -26.8813 0
    endloop
  endfacet
  facet normal 0.727668 0.685929 0
    outer loop
      vertex 38.8359 -26.8813 2.4
      vertex 38.5138 -26.5396 0
      vertex 38.5138 -26.5396 2.4
    endloop
  endfacet
  facet normal 0.727668 0.685929 0
    outer loop
      vertex 38.5138 -26.5396 0
      vertex 38.8359 -26.8813 2.4
      vertex 38.8359 -26.8813 0
    endloop
  endfacet
  facet normal 0.788502 0.615032 0
    outer loop
      vertex 38.5138 -26.5396 2.4
      vertex 38.2408 -26.1896 0
      vertex 38.2408 -26.1896 2.4
    endloop
  endfacet
  facet normal 0.788502 0.615032 0
    outer loop
      vertex 38.2408 -26.1896 0
      vertex 38.5138 -26.5396 2.4
      vertex 38.5138 -26.5396 0
    endloop
  endfacet
  facet normal 0.849129 0.528185 0
    outer loop
      vertex 38.2408 -26.1896 2.4
      vertex 38.0234 -25.8401 0
      vertex 38.0234 -25.8401 2.4
    endloop
  endfacet
  facet normal 0.849129 0.528185 0
    outer loop
      vertex 38.0234 -25.8401 0
      vertex 38.2408 -26.1896 2.4
      vertex 38.2408 -26.1896 0
    endloop
  endfacet
  facet normal 0.908879 0.417059 0
    outer loop
      vertex 38.0234 -25.8401 2.4
      vertex 37.8672 -25.4997 0
      vertex 37.8672 -25.4997 2.4
    endloop
  endfacet
  facet normal 0.908879 0.417059 0
    outer loop
      vertex 37.8672 -25.4997 0
      vertex 38.0234 -25.8401 2.4
      vertex 38.0234 -25.8401 0
    endloop
  endfacet
  facet normal 0.962218 0.272281 0
    outer loop
      vertex 37.8672 -25.4997 2.4
      vertex 37.7758 -25.1767 0
      vertex 37.7758 -25.1767 2.4
    endloop
  endfacet
  facet normal 0.962218 0.272281 0
    outer loop
      vertex 37.7758 -25.1767 0
      vertex 37.8672 -25.4997 2.4
      vertex 37.8672 -25.4997 0
    endloop
  endfacet
  facet normal 0.996737 0.0807169 0
    outer loop
      vertex 37.7758 -25.1767 2.4
      vertex 37.7517 -24.8791 0
      vertex 37.7517 -24.8791 2.4
    endloop
  endfacet
  facet normal 0.996737 0.0807169 0
    outer loop
      vertex 37.7517 -24.8791 0
      vertex 37.7758 -25.1767 2.4
      vertex 37.7758 -25.1767 0
    endloop
  endfacet
  facet normal 0.986724 -0.162405 0
    outer loop
      vertex 37.7517 -24.8791 2.4
      vertex 37.7953 -24.6142 0
      vertex 37.7953 -24.6142 2.4
    endloop
  endfacet
  facet normal 0.986724 -0.162405 0
    outer loop
      vertex 37.7953 -24.6142 0
      vertex 37.7517 -24.8791 2.4
      vertex 37.7517 -24.8791 0
    endloop
  endfacet
  facet normal 0.898374 -0.439232 0
    outer loop
      vertex 37.7953 -24.6142 2.4
      vertex 37.9056 -24.3886 0
      vertex 37.9056 -24.3886 2.4
    endloop
  endfacet
  facet normal 0.898374 -0.439232 0
    outer loop
      vertex 37.9056 -24.3886 0
      vertex 37.7953 -24.6142 2.4
      vertex 37.7953 -24.6142 0
    endloop
  endfacet
  facet normal 0.71993 -0.694047 0
    outer loop
      vertex 37.9056 -24.3886 2.4
      vertex 38.0799 -24.2078 0
      vertex 38.0799 -24.2078 2.4
    endloop
  endfacet
  facet normal 0.71993 -0.694047 0
    outer loop
      vertex 38.0799 -24.2078 0
      vertex 37.9056 -24.3886 2.4
      vertex 37.9056 -24.3886 0
    endloop
  endfacet
  facet normal 0.49019 -0.871615 0
    outer loop
      vertex 38.0799 -24.2078 0
      vertex 38.3139 -24.0762 2.4
      vertex 38.0799 -24.2078 2.4
    endloop
  endfacet
  facet normal 0.49019 -0.871615 0
    outer loop
      vertex 38.3139 -24.0762 2.4
      vertex 38.0799 -24.2078 0
      vertex 38.3139 -24.0762 0
    endloop
  endfacet
  facet normal 0.264931 -0.964267 0
    outer loop
      vertex 38.3139 -24.0762 0
      vertex 38.6018 -23.9971 2.4
      vertex 38.3139 -24.0762 2.4
    endloop
  endfacet
  facet normal 0.264931 -0.964267 0
    outer loop
      vertex 38.6018 -23.9971 2.4
      vertex 38.3139 -24.0762 0
      vertex 38.6018 -23.9971 0
    endloop
  endfacet
  facet normal 0.0735754 -0.99729 0
    outer loop
      vertex 38.6018 -23.9971 0
      vertex 38.9366 -23.9724 2.4
      vertex 38.6018 -23.9971 2.4
    endloop
  endfacet
  facet normal 0.0735754 -0.99729 0
    outer loop
      vertex 38.9366 -23.9724 2.4
      vertex 38.6018 -23.9971 0
      vertex 38.9366 -23.9724 0
    endloop
  endfacet
  facet normal -0.0811671 -0.996701 0
    outer loop
      vertex 38.9366 -23.9724 0
      vertex 39.3099 -24.0028 2.4
      vertex 38.9366 -23.9724 2.4
    endloop
  endfacet
  facet normal -0.0811671 -0.996701 -0
    outer loop
      vertex 39.3099 -24.0028 2.4
      vertex 38.9366 -23.9724 0
      vertex 39.3099 -24.0028 0
    endloop
  endfacet
  facet normal -0.205778 -0.978599 0
    outer loop
      vertex 39.3099 -24.0028 0
      vertex 39.7127 -24.0875 2.4
      vertex 39.3099 -24.0028 2.4
    endloop
  endfacet
  facet normal -0.205778 -0.978599 -0
    outer loop
      vertex 39.7127 -24.0875 2.4
      vertex 39.3099 -24.0028 0
      vertex 39.7127 -24.0875 0
    endloop
  endfacet
  facet normal -0.308444 -0.951242 0
    outer loop
      vertex 39.7127 -24.0875 0
      vertex 40.1349 -24.2244 2.4
      vertex 39.7127 -24.0875 2.4
    endloop
  endfacet
  facet normal -0.308444 -0.951242 -0
    outer loop
      vertex 40.1349 -24.2244 2.4
      vertex 39.7127 -24.0875 0
      vertex 40.1349 -24.2244 0
    endloop
  endfacet
  facet normal -0.39564 -0.918405 0
    outer loop
      vertex 40.1349 -24.2244 0
      vertex 40.5662 -24.4102 2.4
      vertex 40.1349 -24.2244 2.4
    endloop
  endfacet
  facet normal -0.39564 -0.918405 -0
    outer loop
      vertex 40.5662 -24.4102 2.4
      vertex 40.1349 -24.2244 0
      vertex 40.5662 -24.4102 0
    endloop
  endfacet
  facet normal -0.472082 -0.881554 0
    outer loop
      vertex 40.5662 -24.4102 0
      vertex 40.6366 -24.4479 2.4
      vertex 40.5662 -24.4102 2.4
    endloop
  endfacet
  facet normal -0.472082 -0.881554 -0
    outer loop
      vertex 40.6366 -24.4479 2.4
      vertex 40.5662 -24.4102 0
      vertex 40.6366 -24.4479 0
    endloop
  endfacet
  facet normal 0.729094 -0.684413 0
    outer loop
      vertex 40.6366 -24.4479 2.4
      vertex 41.0946 -23.96 0
      vertex 41.0946 -23.96 2.4
    endloop
  endfacet
  facet normal 0.729094 -0.684413 0
    outer loop
      vertex 41.0946 -23.96 0
      vertex 40.6366 -24.4479 2.4
      vertex 40.6366 -24.4479 0
    endloop
  endfacet
  facet normal 0.64084 -0.767675 0
    outer loop
      vertex 41.0946 -23.96 0
      vertex 41.8893 -23.2966 2.4
      vertex 41.0946 -23.96 2.4
    endloop
  endfacet
  facet normal 0.64084 -0.767675 0
    outer loop
      vertex 41.8893 -23.2966 2.4
      vertex 41.0946 -23.96 0
      vertex 41.8893 -23.2966 0
    endloop
  endfacet
  facet normal 0.560061 -0.828451 0
    outer loop
      vertex 41.8893 -23.2966 0
      vertex 42.8181 -22.6687 2.4
      vertex 41.8893 -23.2966 2.4
    endloop
  endfacet
  facet normal 0.560061 -0.828451 0
    outer loop
      vertex 42.8181 -22.6687 2.4
      vertex 41.8893 -23.2966 0
      vertex 42.8181 -22.6687 0
    endloop
  endfacet
  facet normal 0.484976 -0.874527 0
    outer loop
      vertex 42.8181 -22.6687 0
      vertex 43.5421 -22.2672 2.4
      vertex 42.8181 -22.6687 2.4
    endloop
  endfacet
  facet normal 0.484976 -0.874527 0
    outer loop
      vertex 43.5421 -22.2672 2.4
      vertex 42.8181 -22.6687 0
      vertex 43.5421 -22.2672 0
    endloop
  endfacet
  facet normal -0.156596 0.987663 0
    outer loop
      vertex 43.5421 -22.2672 0
      vertex 43.31 -22.304 2.4
      vertex 43.5421 -22.2672 2.4
    endloop
  endfacet
  facet normal -0.156596 0.987663 0
    outer loop
      vertex 43.31 -22.304 2.4
      vertex 43.5421 -22.2672 0
      vertex 43.31 -22.304 0
    endloop
  endfacet
  facet normal 0.156476 0.987682 -0
    outer loop
      vertex 43.31 -22.304 0
      vertex 42.4806 -22.1726 2.4
      vertex 43.31 -22.304 2.4
    endloop
  endfacet
  facet normal 0.156476 0.987682 0
    outer loop
      vertex 42.4806 -22.1726 2.4
      vertex 43.31 -22.304 0
      vertex 42.4806 -22.1726 0
    endloop
  endfacet
  facet normal 0.453965 0.89102 -0
    outer loop
      vertex 42.4806 -22.1726 0
      vertex 41.7324 -21.7914 2.4
      vertex 42.4806 -22.1726 2.4
    endloop
  endfacet
  facet normal 0.453965 0.89102 0
    outer loop
      vertex 41.7324 -21.7914 2.4
      vertex 42.4806 -22.1726 0
      vertex 41.7324 -21.7914 0
    endloop
  endfacet
  facet normal 0.707107 0.707107 0
    outer loop
      vertex 41.7324 -21.7914 2.4
      vertex 41.1386 -21.1976 0
      vertex 41.1386 -21.1976 2.4
    endloop
  endfacet
  facet normal 0.707107 0.707107 0
    outer loop
      vertex 41.1386 -21.1976 0
      vertex 41.7324 -21.7914 2.4
      vertex 41.7324 -21.7914 0
    endloop
  endfacet
  facet normal 0.89102 0.453965 0
    outer loop
      vertex 41.1386 -21.1976 2.4
      vertex 40.7574 -20.4494 0
      vertex 40.7574 -20.4494 2.4
    endloop
  endfacet
  facet normal 0.89102 0.453965 0
    outer loop
      vertex 40.7574 -20.4494 0
      vertex 41.1386 -21.1976 2.4
      vertex 41.1386 -21.1976 0
    endloop
  endfacet
  facet normal 0.95137 0.308051 0
    outer loop
      vertex 40.7574 -20.4494 2.4
      vertex 39.9266 -17.8836 0
      vertex 39.9266 -17.8836 2.4
    endloop
  endfacet
  facet normal 0.95137 0.308051 0
    outer loop
      vertex 39.9266 -17.8836 0
      vertex 40.7574 -20.4494 2.4
      vertex 40.7574 -20.4494 0
    endloop
  endfacet
  facet normal 0.954717 0.297514 0
    outer loop
      vertex 39.9266 -17.8836 2.4
      vertex 39.127 -15.3177 0
      vertex 39.127 -15.3177 2.4
    endloop
  endfacet
  facet normal 0.954717 0.297514 0
    outer loop
      vertex 39.127 -15.3177 0
      vertex 39.9266 -17.8836 2.4
      vertex 39.9266 -17.8836 0
    endloop
  endfacet
  facet normal 0.957943 0.286957 0
    outer loop
      vertex 39.127 -15.3177 2.4
      vertex 38.3584 -12.7519 0
      vertex 38.3584 -12.7519 2.4
    endloop
  endfacet
  facet normal 0.957943 0.286957 0
    outer loop
      vertex 38.3584 -12.7519 0
      vertex 39.127 -15.3177 2.4
      vertex 39.127 -15.3177 0
    endloop
  endfacet
  facet normal 0.961096 0.276215 0
    outer loop
      vertex 38.3584 -12.7519 2.4
      vertex 37.621 -10.1861 0
      vertex 37.621 -10.1861 2.4
    endloop
  endfacet
  facet normal 0.961096 0.276215 0
    outer loop
      vertex 37.621 -10.1861 0
      vertex 38.3584 -12.7519 2.4
      vertex 38.3584 -12.7519 0
    endloop
  endfacet
  facet normal 0.964147 0.26537 0
    outer loop
      vertex 37.621 -10.1861 2.4
      vertex 36.9148 -7.62032 0
      vertex 36.9148 -7.62032 2.4
    endloop
  endfacet
  facet normal 0.964147 0.26537 0
    outer loop
      vertex 36.9148 -7.62032 0
      vertex 37.621 -10.1861 2.4
      vertex 37.621 -10.1861 0
    endloop
  endfacet
  facet normal 0.967076 0.254487 0
    outer loop
      vertex 36.9148 -7.62032 2.4
      vertex 36.2396 -5.05449 0
      vertex 36.2396 -5.05449 2.4
    endloop
  endfacet
  facet normal 0.967076 0.254487 0
    outer loop
      vertex 36.2396 -5.05449 0
      vertex 36.9148 -7.62032 2.4
      vertex 36.9148 -7.62032 0
    endloop
  endfacet
  facet normal 0.969915 0.243443 0
    outer loop
      vertex 36.2396 -5.05449 2.4
      vertex 35.5956 -2.48869 0
      vertex 35.5956 -2.48869 2.4
    endloop
  endfacet
  facet normal 0.969915 0.243443 0
    outer loop
      vertex 35.5956 -2.48869 0
      vertex 36.2396 -5.05449 2.4
      vertex 36.2396 -5.05449 0
    endloop
  endfacet
  facet normal 0.972636 0.232336 0
    outer loop
      vertex 35.5956 -2.48869 2.4
      vertex 34.9827 0.0771179 0
      vertex 34.9827 0.0771179 2.4
    endloop
  endfacet
  facet normal 0.972636 0.232336 0
    outer loop
      vertex 34.9827 0.0771179 0
      vertex 35.5956 -2.48869 2.4
      vertex 35.5956 -2.48869 0
    endloop
  endfacet
  facet normal 0.975243 0.221137 0
    outer loop
      vertex 34.9827 0.0771179 2.4
      vertex 34.4009 2.64293 0
      vertex 34.4009 2.64293 2.4
    endloop
  endfacet
  facet normal 0.975243 0.221137 0
    outer loop
      vertex 34.4009 2.64293 0
      vertex 34.9827 0.0771179 2.4
      vertex 34.9827 0.0771179 0
    endloop
  endfacet
  facet normal 0.977742 0.209813 0
    outer loop
      vertex 34.4009 2.64293 2.4
      vertex 33.8503 5.20876 0
      vertex 33.8503 5.20876 2.4
    endloop
  endfacet
  facet normal 0.977742 0.209813 0
    outer loop
      vertex 33.8503 5.20876 0
      vertex 34.4009 2.64293 2.4
      vertex 34.4009 2.64293 0
    endloop
  endfacet
  facet normal 0.980104 0.198482 0
    outer loop
      vertex 33.8503 5.20876 2.4
      vertex 33.3307 7.77454 0
      vertex 33.3307 7.77454 2.4
    endloop
  endfacet
  facet normal 0.980104 0.198482 0
    outer loop
      vertex 33.3307 7.77454 0
      vertex 33.8503 5.20876 2.4
      vertex 33.8503 5.20876 0
    endloop
  endfacet
  facet normal 0.982362 0.186988 0
    outer loop
      vertex 33.3307 7.77454 2.4
      vertex 32.8423 10.3404 0
      vertex 32.8423 10.3404 2.4
    endloop
  endfacet
  facet normal 0.982362 0.186988 0
    outer loop
      vertex 32.8423 10.3404 0
      vertex 33.3307 7.77454 2.4
      vertex 33.3307 7.77454 0
    endloop
  endfacet
  facet normal 0.984489 0.175449 0
    outer loop
      vertex 32.8423 10.3404 2.4
      vertex 32.4958 12.2847 0
      vertex 32.4958 12.2847 2.4
    endloop
  endfacet
  facet normal 0.984489 0.175449 0
    outer loop
      vertex 32.4958 12.2847 0
      vertex 32.8423 10.3404 2.4
      vertex 32.8423 10.3404 0
    endloop
  endfacet
  facet normal -0.21318 0.977013 0
    outer loop
      vertex 32.4958 12.2847 0
      vertex 32.1122 12.201 2.4
      vertex 32.4958 12.2847 2.4
    endloop
  endfacet
  facet normal -0.21318 0.977013 0
    outer loop
      vertex 32.1122 12.201 2.4
      vertex 32.4958 12.2847 0
      vertex 32.1122 12.201 0
    endloop
  endfacet
  facet normal -0.117422 0.993082 0
    outer loop
      vertex 32.1122 12.201 0
      vertex 30.3666 11.9946 2.4
      vertex 32.1122 12.201 2.4
    endloop
  endfacet
  facet normal -0.117422 0.993082 0
    outer loop
      vertex 30.3666 11.9946 2.4
      vertex 32.1122 12.201 0
      vertex 30.3666 11.9946 0
    endloop
  endfacet
  facet normal -0.0219021 0.99976 0
    outer loop
      vertex 30.3666 11.9946 0
      vertex 28.6092 11.9561 2.4
      vertex 30.3666 11.9946 2.4
    endloop
  endfacet
  facet normal -0.0219021 0.99976 0
    outer loop
      vertex 28.6092 11.9561 2.4
      vertex 30.3666 11.9946 0
      vertex 28.6092 11.9561 0
    endloop
  endfacet
  facet normal 0.0752252 0.997167 -0
    outer loop
      vertex 28.6092 11.9561 0
      vertex 26.8833 12.0863 2.4
      vertex 28.6092 11.9561 2.4
    endloop
  endfacet
  facet normal 0.0752252 0.997167 0
    outer loop
      vertex 26.8833 12.0863 2.4
      vertex 28.6092 11.9561 0
      vertex 26.8833 12.0863 0
    endloop
  endfacet
  facet normal 0.176205 0.984353 -0
    outer loop
      vertex 26.8833 12.0863 0
      vertex 25.2314 12.382 2.4
      vertex 26.8833 12.0863 2.4
    endloop
  endfacet
  facet normal 0.176205 0.984353 0
    outer loop
      vertex 25.2314 12.382 2.4
      vertex 26.8833 12.0863 0
      vertex 25.2314 12.382 0
    endloop
  endfacet
  facet normal 0.283264 0.959042 -0
    outer loop
      vertex 25.2314 12.382 0
      vertex 23.6943 12.836 2.4
      vertex 25.2314 12.382 2.4
    endloop
  endfacet
  facet normal 0.283264 0.959042 0
    outer loop
      vertex 23.6943 12.836 2.4
      vertex 25.2314 12.382 0
      vertex 23.6943 12.836 0
    endloop
  endfacet
  facet normal 0.39828 0.917264 -0
    outer loop
      vertex 23.6943 12.836 0
      vertex 22.3097 13.4372 2.4
      vertex 23.6943 12.836 2.4
    endloop
  endfacet
  facet normal 0.39828 0.917264 0
    outer loop
      vertex 22.3097 13.4372 2.4
      vertex 23.6943 12.836 0
      vertex 22.3097 13.4372 0
    endloop
  endfacet
  facet normal 0.52215 0.852854 -0
    outer loop
      vertex 22.3097 13.4372 0
      vertex 21.1118 14.1706 2.4
      vertex 22.3097 13.4372 2.4
    endloop
  endfacet
  facet normal 0.52215 0.852854 0
    outer loop
      vertex 21.1118 14.1706 2.4
      vertex 22.3097 13.4372 0
      vertex 21.1118 14.1706 0
    endloop
  endfacet
  facet normal 0.653545 0.756888 -0
    outer loop
      vertex 21.1118 14.1706 0
      vertex 20.4563 14.7366 2.4
      vertex 21.1118 14.1706 2.4
    endloop
  endfacet
  facet normal 0.653545 0.756888 0
    outer loop
      vertex 20.4563 14.7366 2.4
      vertex 21.1118 14.1706 0
      vertex 20.4563 14.7366 0
    endloop
  endfacet
  facet normal -0.707423 0.70679 0
    outer loop
      vertex 20.3447 14.6249 0
      vertex 20.4563 14.7366 2.4
      vertex 20.4563 14.7366 0
    endloop
  endfacet
  facet normal -0.707423 0.70679 0
    outer loop
      vertex 20.4563 14.7366 2.4
      vertex 20.3447 14.6249 0
      vertex 20.3447 14.6249 2.4
    endloop
  endfacet
  facet normal -0.453762 0.891123 0
    outer loop
      vertex 20.3447 14.6249 0
      vertex 19.9535 14.4257 2.4
      vertex 20.3447 14.6249 2.4
    endloop
  endfacet
  facet normal -0.453762 0.891123 0
    outer loop
      vertex 19.9535 14.4257 2.4
      vertex 20.3447 14.6249 0
      vertex 19.9535 14.4257 0
    endloop
  endfacet
  facet normal -0.156524 0.987674 0
    outer loop
      vertex 19.9535 14.4257 0
      vertex 19.52 14.357 2.4
      vertex 19.9535 14.4257 2.4
    endloop
  endfacet
  facet normal -0.156524 0.987674 0
    outer loop
      vertex 19.52 14.357 2.4
      vertex 19.9535 14.4257 0
      vertex 19.52 14.357 0
    endloop
  endfacet
  facet normal 0.156489 0.98768 -0
    outer loop
      vertex 19.52 14.357 0
      vertex 19.0864 14.4257 2.4
      vertex 19.52 14.357 2.4
    endloop
  endfacet
  facet normal 0.156489 0.98768 0
    outer loop
      vertex 19.0864 14.4257 2.4
      vertex 19.52 14.357 0
      vertex 19.0864 14.4257 0
    endloop
  endfacet
  facet normal 0.453854 0.891076 -0
    outer loop
      vertex 19.0864 14.4257 0
      vertex 18.6953 14.6249 2.4
      vertex 19.0864 14.4257 2.4
    endloop
  endfacet
  facet normal 0.453854 0.891076 0
    outer loop
      vertex 18.6953 14.6249 2.4
      vertex 19.0864 14.4257 0
      vertex 18.6953 14.6249 0
    endloop
  endfacet
  facet normal 0.707107 0.707107 0
    outer loop
      vertex 18.6953 14.6249 2.4
      vertex 18.3849 14.9353 0
      vertex 18.3849 14.9353 2.4
    endloop
  endfacet
  facet normal 0.707107 0.707107 0
    outer loop
      vertex 18.3849 14.9353 0
      vertex 18.6953 14.6249 2.4
      vertex 18.6953 14.6249 0
    endloop
  endfacet
  facet normal 0.85119 0.524858 0
    outer loop
      vertex 18.3849 14.9353 2.4
      vertex 17.3155 16.6696 0
      vertex 17.3155 16.6696 2.4
    endloop
  endfacet
  facet normal 0.85119 0.524858 0
    outer loop
      vertex 17.3155 16.6696 0
      vertex 18.3849 14.9353 2.4
      vertex 18.3849 14.9353 0
    endloop
  endfacet
  facet normal 0.890959 0.454084 0
    outer loop
      vertex 17.3155 16.6696 2.4
      vertex 17.1176 17.0579 0
      vertex 17.1176 17.0579 2.4
    endloop
  endfacet
  facet normal 0.890959 0.454084 0
    outer loop
      vertex 17.1176 17.0579 0
      vertex 17.3155 16.6696 2.4
      vertex 17.3155 16.6696 0
    endloop
  endfacet
  facet normal 0.926919 0.375261 0
    outer loop
      vertex 17.1176 17.0579 2.4
      vertex 16.3343 18.9927 0
      vertex 16.3343 18.9927 2.4
    endloop
  endfacet
  facet normal 0.926919 0.375261 0
    outer loop
      vertex 16.3343 18.9927 0
      vertex 17.1176 17.0579 2.4
      vertex 17.1176 17.0579 0
    endloop
  endfacet
  facet normal 0.973873 0.227094 0
    outer loop
      vertex 16.3343 18.9927 2.4
      vertex 15.8357 21.1309 0
      vertex 15.8357 21.1309 2.4
    endloop
  endfacet
  facet normal 0.973873 0.227094 0
    outer loop
      vertex 15.8357 21.1309 0
      vertex 16.3343 18.9927 2.4
      vertex 16.3343 18.9927 0
    endloop
  endfacet
  facet normal 0.987678 0.156501 0
    outer loop
      vertex 15.8357 21.1309 2.4
      vertex 15.7685 21.555 0
      vertex 15.7685 21.555 2.4
    endloop
  endfacet
  facet normal 0.987678 0.156501 0
    outer loop
      vertex 15.7685 21.555 0
      vertex 15.8357 21.1309 2.4
      vertex 15.8357 21.1309 0
    endloop
  endfacet
  facet normal 0.995858 0.0909274 0
    outer loop
      vertex 15.7685 21.555 2.4
      vertex 15.555 23.8933 0
      vertex 15.555 23.8933 2.4
    endloop
  endfacet
  facet normal 0.995858 0.0909274 0
    outer loop
      vertex 15.555 23.8933 0
      vertex 15.7685 21.555 2.4
      vertex 15.7685 21.555 0
    endloop
  endfacet
  facet normal 0.999609 -0.0279625 0
    outer loop
      vertex 15.555 23.8933 2.4
      vertex 15.6261 26.435 0
      vertex 15.6261 26.435 2.4
    endloop
  endfacet
  facet normal 0.999609 -0.0279625 0
    outer loop
      vertex 15.6261 26.435 0
      vertex 15.555 23.8933 2.4
      vertex 15.555 23.8933 0
    endloop
  endfacet
  facet normal 0.991699 -0.128578 0
    outer loop
      vertex 15.6261 26.435 2.4
      vertex 15.982 29.18 0
      vertex 15.982 29.18 2.4
    endloop
  endfacet
  facet normal 0.991699 -0.128578 0
    outer loop
      vertex 15.982 29.18 0
      vertex 15.6261 26.435 2.4
      vertex 15.6261 26.435 0
    endloop
  endfacet
  facet normal 0.987682 -0.156476 0
    outer loop
      vertex 15.982 29.18 2.4
      vertex 16.0477 29.5947 0
      vertex 16.0477 29.5947 2.4
    endloop
  endfacet
  facet normal 0.987682 -0.156476 0
    outer loop
      vertex 16.0477 29.5947 0
      vertex 15.982 29.18 2.4
      vertex 15.982 29.18 0
    endloop
  endfacet
  facet normal 0.89102 -0.453965 0
    outer loop
      vertex 16.0477 29.5947 2.4
      vertex 16.2383 29.9688 0
      vertex 16.2383 29.9688 2.4
    endloop
  endfacet
  facet normal 0.89102 -0.453965 0
    outer loop
      vertex 16.2383 29.9688 0
      vertex 16.0477 29.5947 2.4
      vertex 16.0477 29.5947 0
    endloop
  endfacet
  facet normal 0.707107 -0.707107 0
    outer loop
      vertex 16.2383 29.9688 2.4
      vertex 16.5352 30.2657 0
      vertex 16.5352 30.2657 2.4
    endloop
  endfacet
  facet normal 0.707107 -0.707107 0
    outer loop
      vertex 16.5352 30.2657 0
      vertex 16.2383 29.9688 2.4
      vertex 16.2383 29.9688 0
    endloop
  endfacet
  facet normal 0.453965 -0.89102 0
    outer loop
      vertex 16.5352 30.2657 0
      vertex 16.9093 30.4563 2.4
      vertex 16.5352 30.2657 2.4
    endloop
  endfacet
  facet normal 0.453965 -0.89102 0
    outer loop
      vertex 16.9093 30.4563 2.4
      vertex 16.5352 30.2657 0
      vertex 16.9093 30.4563 0
    endloop
  endfacet
  facet normal 0.156476 -0.987682 0
    outer loop
      vertex 16.9093 30.4563 0
      vertex 17.324 30.522 2.4
      vertex 16.9093 30.4563 2.4
    endloop
  endfacet
  facet normal 0.156476 -0.987682 0
    outer loop
      vertex 17.324 30.522 2.4
      vertex 16.9093 30.4563 0
      vertex 17.324 30.522 0
    endloop
  endfacet
  facet normal -0.156476 -0.987682 0
    outer loop
      vertex 17.324 30.522 0
      vertex 17.7387 30.4563 2.4
      vertex 17.324 30.522 2.4
    endloop
  endfacet
  facet normal -0.156476 -0.987682 -0
    outer loop
      vertex 17.7387 30.4563 2.4
      vertex 17.324 30.522 0
      vertex 17.7387 30.4563 0
    endloop
  endfacet
  facet normal -0.453965 -0.89102 0
    outer loop
      vertex 17.7387 30.4563 0
      vertex 18.1128 30.2657 2.4
      vertex 17.7387 30.4563 2.4
    endloop
  endfacet
  facet normal -0.453965 -0.89102 -0
    outer loop
      vertex 18.1128 30.2657 2.4
      vertex 17.7387 30.4563 0
      vertex 18.1128 30.2657 0
    endloop
  endfacet
  facet normal -0.707107 -0.707107 0
    outer loop
      vertex 18.4097 29.9688 0
      vertex 18.1128 30.2657 2.4
      vertex 18.1128 30.2657 0
    endloop
  endfacet
  facet normal -0.707107 -0.707107 0
    outer loop
      vertex 18.1128 30.2657 2.4
      vertex 18.4097 29.9688 0
      vertex 18.4097 29.9688 2.4
    endloop
  endfacet
  facet normal -0.89102 -0.453965 0
    outer loop
      vertex 18.6003 29.5947 0
      vertex 18.4097 29.9688 2.4
      vertex 18.4097 29.9688 0
    endloop
  endfacet
  facet normal -0.89102 -0.453965 0
    outer loop
      vertex 18.4097 29.9688 2.4
      vertex 18.6003 29.5947 0
      vertex 18.6003 29.5947 2.4
    endloop
  endfacet
  facet normal -0.987682 -0.156476 0
    outer loop
      vertex 18.666 29.18 0
      vertex 18.6003 29.5947 2.4
      vertex 18.6003 29.5947 0
    endloop
  endfacet
  facet normal -0.987682 -0.156476 0
    outer loop
      vertex 18.6003 29.5947 2.4
      vertex 18.666 29.18 0
      vertex 18.666 29.18 2.4
    endloop
  endfacet
  facet normal -0.992614 0.121319 0
    outer loop
      vertex 18.3305 26.435 0
      vertex 18.666 29.18 2.4
      vertex 18.666 29.18 0
    endloop
  endfacet
  facet normal -0.992614 0.121319 0
    outer loop
      vertex 18.666 29.18 2.4
      vertex 18.3305 26.435 0
      vertex 18.3305 26.435 2.4
    endloop
  endfacet
  facet normal -0.9998 0.020022 0
    outer loop
      vertex 18.2796 23.8933 0
      vertex 18.3305 26.435 2.4
      vertex 18.3305 26.435 0
    endloop
  endfacet
  facet normal -0.9998 0.020022 0
    outer loop
      vertex 18.3305 26.435 2.4
      vertex 18.2796 23.8933 0
      vertex 18.2796 23.8933 2.4
    endloop
  endfacet
  facet normal -0.995034 -0.0995368 0
    outer loop
      vertex 18.4884 21.806 0
      vertex 18.2796 23.8933 2.4
      vertex 18.2796 23.8933 0
    endloop
  endfacet
  facet normal -0.995034 -0.0995368 0
    outer loop
      vertex 18.2796 23.8933 2.4
      vertex 18.4884 21.806 0
      vertex 18.4884 21.806 2.4
    endloop
  endfacet
  facet normal -0.971732 -0.236087 0
    outer loop
      vertex 18.9643 19.8472 0
      vertex 18.4884 21.806 2.4
      vertex 18.4884 21.806 0
    endloop
  endfacet
  facet normal -0.971732 -0.236087 0
    outer loop
      vertex 18.4884 21.806 2.4
      vertex 18.9643 19.8472 0
      vertex 18.9643 19.8472 2.4
    endloop
  endfacet
  facet normal -0.922931 -0.384966 0
    outer loop
      vertex 18.9799 19.8098 0
      vertex 18.9643 19.8472 2.4
      vertex 18.9643 19.8472 0
    endloop
  endfacet
  facet normal -0.922931 -0.384966 0
    outer loop
      vertex 18.9643 19.8472 2.4
      vertex 18.9799 19.8098 0
      vertex 18.9799 19.8098 2.4
    endloop
  endfacet
  facet normal 0.953575 -0.301157 0
    outer loop
      vertex 18.9799 19.8098 2.4
      vertex 19.0941 20.1714 0
      vertex 19.0941 20.1714 2.4
    endloop
  endfacet
  facet normal 0.953575 -0.301157 0
    outer loop
      vertex 19.0941 20.1714 0
      vertex 18.9799 19.8098 2.4
      vertex 18.9799 19.8098 0
    endloop
  endfacet
  facet normal 0.864 -0.503492 0
    outer loop
      vertex 19.0941 20.1714 2.4
      vertex 19.6973 21.2065 0
      vertex 19.6973 21.2065 2.4
    endloop
  endfacet
  facet normal 0.864 -0.503492 0
    outer loop
      vertex 19.6973 21.2065 0
      vertex 19.0941 20.1714 2.4
      vertex 19.0941 20.1714 0
    endloop
  endfacet
  facet normal 0.75247 -0.658627 0
    outer loop
      vertex 19.6973 21.2065 2.4
      vertex 20.2693 21.86 0
      vertex 20.2693 21.86 2.4
    endloop
  endfacet
  facet normal 0.75247 -0.658627 0
    outer loop
      vertex 20.2693 21.86 0
      vertex 19.6973 21.2065 2.4
      vertex 19.6973 21.2065 0
    endloop
  endfacet
  facet normal 0 1 -0
    outer loop
      vertex 20.2693 21.86 0
      vertex 19.032 21.86 2.4
      vertex 20.2693 21.86 2.4
    endloop
  endfacet
  facet normal 0 1 0
    outer loop
      vertex 19.032 21.86 2.4
      vertex 20.2693 21.86 0
      vertex 19.032 21.86 0
    endloop
  endfacet
  facet normal 1 -0 0
    outer loop
      vertex 19.032 21.86 2.4
      vertex 19.032 36.8951 0
      vertex 19.032 36.8951 2.4
    endloop
  endfacet
  facet normal 1 0 0
    outer loop
      vertex 19.032 36.8951 0
      vertex 19.032 21.86 2.4
      vertex 19.032 21.86 0
    endloop
  endfacet
  facet normal 0.0674107 -0.997725 0
    outer loop
      vertex 19.032 36.8951 0
      vertex 22.448 37.1259 2.4
      vertex 19.032 36.8951 2.4
    endloop
  endfacet
  facet normal 0.0674107 -0.997725 0
    outer loop
      vertex 22.448 37.1259 2.4
      vertex 19.032 36.8951 0
      vertex 22.448 37.1259 0
    endloop
  endfacet
  facet normal -1 0 0
    outer loop
      vertex 22.448 23.5727 0
      vertex 22.448 37.1259 2.4
      vertex 22.448 37.1259 0
    endloop
  endfacet
  facet normal -1 -0 0
    outer loop
      vertex 22.448 37.1259 2.4
      vertex 22.448 23.5727 0
      vertex 22.448 23.5727 2.4
    endloop
  endfacet
  facet normal 0.521973 -0.852962 0
    outer loop
      vertex 22.448 23.5727 0
      vertex 22.9232 23.8635 2.4
      vertex 22.448 23.5727 2.4
    endloop
  endfacet
  facet normal 0.521973 -0.852962 0
    outer loop
      vertex 22.9232 23.8635 2.4
      vertex 22.448 23.5727 0
      vertex 22.9232 23.8635 0
    endloop
  endfacet
  facet normal 0.414019 -0.910268 0
    outer loop
      vertex 22.9232 23.8635 0
      vertex 24.3822 24.5271 2.4
      vertex 22.9232 23.8635 2.4
    endloop
  endfacet
  facet normal 0.414019 -0.910268 0
    outer loop
      vertex 24.3822 24.5271 2.4
      vertex 22.9232 23.8635 0
      vertex 24.3822 24.5271 0
    endloop
  endfacet
  facet normal 0.311432 -0.950268 0
    outer loop
      vertex 24.3822 24.5271 0
      vertex 24.644 24.6129 2.4
      vertex 24.3822 24.5271 2.4
    endloop
  endfacet
  facet normal 0.311432 -0.950268 0
    outer loop
      vertex 24.644 24.6129 2.4
      vertex 24.3822 24.5271 0
      vertex 24.644 24.6129 0
    endloop
  endfacet
  facet normal 1 -0 0
    outer loop
      vertex 24.644 24.6129 2.4
      vertex 24.644 37.2845 0
      vertex 24.644 37.2845 2.4
    endloop
  endfacet
  facet normal 1 0 0
    outer loop
      vertex 24.644 37.2845 0
      vertex 24.644 24.6129 2.4
      vertex 24.644 24.6129 0
    endloop
  endfacet
  facet normal 0.108892 -0.994054 0
    outer loop
      vertex 24.644 37.2845 0
      vertex 28.06 37.6587 2.4
      vertex 24.644 37.2845 2.4
    endloop
  endfacet
  facet normal 0.108892 -0.994054 0
    outer loop
      vertex 28.06 37.6587 2.4
      vertex 24.644 37.2845 0
      vertex 28.06 37.6587 0
    endloop
  endfacet
  facet normal -1 0 0
    outer loop
      vertex 28.06 25.4653 0
      vertex 28.06 37.6587 2.4
      vertex 28.06 37.6587 0
    endloop
  endfacet
  facet normal -1 -0 0
    outer loop
      vertex 28.06 37.6587 2.4
      vertex 28.06 25.4653 0
      vertex 28.06 25.4653 2.4
    endloop
  endfacet
  facet normal 0.117403 -0.993084 0
    outer loop
      vertex 28.06 25.4653 0
      vertex 29.4134 25.6253 2.4
      vertex 28.06 25.4653 2.4
    endloop
  endfacet
  facet normal 0.117403 -0.993084 0
    outer loop
      vertex 29.4134 25.6253 2.4
      vertex 28.06 25.4653 0
      vertex 29.4134 25.6253 0
    endloop
  endfacet
  facet normal 0.021959 -0.999759 0
    outer loop
      vertex 29.4134 25.6253 0
      vertex 31.1708 25.6639 2.4
      vertex 29.4134 25.6253 2.4
    endloop
  endfacet
  facet normal 0.021959 -0.999759 0
    outer loop
      vertex 31.1708 25.6639 2.4
      vertex 29.4134 25.6253 0
      vertex 31.1708 25.6639 0
    endloop
  endfacet
  facet normal -0.0751775 -0.99717 0
    outer loop
      vertex 31.1708 25.6639 0
      vertex 31.964 25.6041 2.4
      vertex 31.1708 25.6639 2.4
    endloop
  endfacet
  facet normal -0.0751775 -0.99717 -0
    outer loop
      vertex 31.964 25.6041 2.4
      vertex 31.1708 25.6639 0
      vertex 31.964 25.6041 0
    endloop
  endfacet
  facet normal 1 -0 0
    outer loop
      vertex 31.964 25.6041 2.4
      vertex 31.964 38.1234 0
      vertex 31.964 38.1234 2.4
    endloop
  endfacet
  facet normal 1 0 0
    outer loop
      vertex 31.964 38.1234 0
      vertex 31.964 25.6041 2.4
      vertex 31.964 25.6041 0
    endloop
  endfacet
  facet normal 0.133655 -0.991028 0
    outer loop
      vertex 31.964 38.1234 0
      vertex 35.38 38.5841 2.4
      vertex 31.964 38.1234 2.4
    endloop
  endfacet
  facet normal 0.133655 -0.991028 0
    outer loop
      vertex 35.38 38.5841 2.4
      vertex 31.964 38.1234 0
      vertex 35.38 38.5841 0
    endloop
  endfacet
  facet normal -1 0 0
    outer loop
      vertex 35.38 24.9924 0
      vertex 35.38 38.5841 2.4
      vertex 35.38 38.5841 0
    endloop
  endfacet
  facet normal -1 -0 0
    outer loop
      vertex 35.38 38.5841 2.4
      vertex 35.38 24.9924 0
      vertex 35.38 24.9924 2.4
    endloop
  endfacet
  facet normal -0.283343 -0.959019 0
    outer loop
      vertex 35.38 24.9924 0
      vertex 36.0857 24.7839 2.4
      vertex 35.38 24.9924 2.4
    endloop
  endfacet
  facet normal -0.283343 -0.959019 -0
    outer loop
      vertex 36.0857 24.7839 2.4
      vertex 35.38 24.9924 0
      vertex 36.0857 24.7839 0
    endloop
  endfacet
  facet normal -0.39825 -0.917277 0
    outer loop
      vertex 36.0857 24.7839 0
      vertex 37.332 24.2428 2.4
      vertex 36.0857 24.7839 2.4
    endloop
  endfacet
  facet normal -0.39825 -0.917277 -0
    outer loop
      vertex 37.332 24.2428 2.4
      vertex 36.0857 24.7839 0
      vertex 37.332 24.2428 0
    endloop
  endfacet
  facet normal 1 -0 0
    outer loop
      vertex 37.332 24.2428 2.4
      vertex 37.332 38.8508 0
      vertex 37.332 38.8508 2.4
    endloop
  endfacet
  facet normal 1 0 0
    outer loop
      vertex 37.332 38.8508 0
      vertex 37.332 24.2428 2.4
      vertex 37.332 24.2428 0
    endloop
  endfacet
  facet normal 0.138295 -0.990391 0
    outer loop
      vertex 37.332 38.8508 0
      vertex 40.748 39.3278 2.4
      vertex 37.332 38.8508 2.4
    endloop
  endfacet
  facet normal 0.138295 -0.990391 0
    outer loop
      vertex 40.748 39.3278 2.4
      vertex 37.332 38.8508 0
      vertex 40.748 39.3278 0
    endloop
  endfacet
  facet normal -1 0 0
    outer loop
      vertex 40.748 21.86 0
      vertex 40.748 39.3278 2.4
      vertex 40.748 39.3278 0
    endloop
  endfacet
  facet normal -1 -0 0
    outer loop
      vertex 40.748 39.3278 2.4
      vertex 40.748 21.86 0
      vertex 40.748 21.86 2.4
    endloop
  endfacet
  facet normal -0.891006 -0.453991 0
    outer loop
      vertex 61.2659 29.5041 0
      vertex 59.8805 32.2231 2.4
      vertex 59.8805 32.2231 0
    endloop
  endfacet
  facet normal -0.891006 -0.453991 0
    outer loop
      vertex 59.8805 32.2231 2.4
      vertex 61.2659 29.5041 0
      vertex 61.2659 29.5041 2.4
    endloop
  endfacet
  facet normal -0.910479 -0.413556 0
    outer loop
      vertex 62.5279 26.7257 0
      vertex 61.2659 29.5041 2.4
      vertex 61.2659 29.5041 0
    endloop
  endfacet
  facet normal -0.910479 -0.413556 0
    outer loop
      vertex 61.2659 29.5041 2.4
      vertex 62.5279 26.7257 0
      vertex 62.5279 26.7257 2.4
    endloop
  endfacet
  facet normal -0.928112 -0.3723 0
    outer loop
      vertex 63.664 23.8935 0
      vertex 62.5279 26.7257 2.4
      vertex 62.5279 26.7257 0
    endloop
  endfacet
  facet normal -0.928112 -0.3723 0
    outer loop
      vertex 62.5279 26.7257 2.4
      vertex 63.664 23.8935 0
      vertex 63.664 23.8935 2.4
    endloop
  endfacet
  facet normal -0.94389 -0.330261 0
    outer loop
      vertex 64.6718 21.0132 0
      vertex 63.664 23.8935 2.4
      vertex 63.664 23.8935 0
    endloop
  endfacet
  facet normal -0.94389 -0.330261 0
    outer loop
      vertex 63.664 23.8935 2.4
      vertex 64.6718 21.0132 0
      vertex 64.6718 21.0132 2.4
    endloop
  endfacet
  facet normal -0.957746 -0.287615 0
    outer loop
      vertex 65.5495 18.0905 0
      vertex 64.6718 21.0132 2.4
      vertex 64.6718 21.0132 0
    endloop
  endfacet
  facet normal -0.957746 -0.287615 0
    outer loop
      vertex 64.6718 21.0132 2.4
      vertex 65.5495 18.0905 0
      vertex 65.5495 18.0905 2.4
    endloop
  endfacet
  facet normal -0.969692 -0.244332 0
    outer loop
      vertex 66.2951 15.1314 0
      vertex 65.5495 18.0905 2.4
      vertex 65.5495 18.0905 0
    endloop
  endfacet
  facet normal -0.969692 -0.244332 0
    outer loop
      vertex 65.5495 18.0905 2.4
      vertex 66.2951 15.1314 0
      vertex 66.2951 15.1314 2.4
    endloop
  endfacet
  facet normal -0.979676 -0.200589 0
    outer loop
      vertex 66.9072 12.1419 0
      vertex 66.2951 15.1314 2.4
      vertex 66.2951 15.1314 0
    endloop
  endfacet
  facet normal -0.979676 -0.200589 0
    outer loop
      vertex 66.2951 15.1314 2.4
      vertex 66.9072 12.1419 0
      vertex 66.9072 12.1419 2.4
    endloop
  endfacet
  facet normal -0.987687 -0.156441 0
    outer loop
      vertex 67.3846 9.12785 0
      vertex 66.9072 12.1419 2.4
      vertex 66.9072 12.1419 0
    endloop
  endfacet
  facet normal -0.987687 -0.156441 0
    outer loop
      vertex 66.9072 12.1419 2.4
      vertex 67.3846 9.12785 0
      vertex 67.3846 9.12785 2.4
    endloop
  endfacet
  facet normal -0.993715 -0.111942 0
    outer loop
      vertex 67.7262 6.09546 0
      vertex 67.3846 9.12785 2.4
      vertex 67.3846 9.12785 0
    endloop
  endfacet
  facet normal -0.993715 -0.111942 0
    outer loop
      vertex 67.3846 9.12785 2.4
      vertex 67.7262 6.09546 0
      vertex 67.7262 6.09546 2.4
    endloop
  endfacet
  facet normal -0.997734 -0.0672768 0
    outer loop
      vertex 67.9315 3.0508 0
      vertex 67.7262 6.09546 2.4
      vertex 67.7262 6.09546 0
    endloop
  endfacet
  facet normal -0.997734 -0.0672768 0
    outer loop
      vertex 67.7262 6.09546 2.4
      vertex 67.9315 3.0508 0
      vertex 67.9315 3.0508 2.4
    endloop
  endfacet
  facet normal -0.999748 -0.0224475 0
    outer loop
      vertex 68 0 0
      vertex 67.9315 3.0508 2.4
      vertex 67.9315 3.0508 0
    endloop
  endfacet
  facet normal -0.999748 -0.0224475 0
    outer loop
      vertex 67.9315 3.0508 2.4
      vertex 68 0 0
      vertex 68 0 2.4
    endloop
  endfacet
  facet normal -0.999748 0.0224475 0
    outer loop
      vertex 67.9315 -3.0508 0
      vertex 68 0 2.4
      vertex 68 0 0
    endloop
  endfacet
  facet normal -0.999748 0.0224475 0
    outer loop
      vertex 68 0 2.4
      vertex 67.9315 -3.0508 0
      vertex 67.9315 -3.0508 2.4
    endloop
  endfacet
  facet normal -0.997734 0.0672768 0
    outer loop
      vertex 67.7262 -6.09546 0
      vertex 67.9315 -3.0508 2.4
      vertex 67.9315 -3.0508 0
    endloop
  endfacet
  facet normal -0.997734 0.0672768 0
    outer loop
      vertex 67.9315 -3.0508 2.4
      vertex 67.7262 -6.09546 0
      vertex 67.7262 -6.09546 2.4
    endloop
  endfacet
  facet normal -0.993715 0.111942 0
    outer loop
      vertex 67.3846 -9.12785 0
      vertex 67.7262 -6.09546 2.4
      vertex 67.7262 -6.09546 0
    endloop
  endfacet
  facet normal -0.993715 0.111942 0
    outer loop
      vertex 67.7262 -6.09546 2.4
      vertex 67.3846 -9.12785 0
      vertex 67.3846 -9.12785 2.4
    endloop
  endfacet
  facet normal -0.987687 0.156441 0
    outer loop
      vertex 66.9072 -12.1419 0
      vertex 67.3846 -9.12785 2.4
      vertex 67.3846 -9.12785 0
    endloop
  endfacet
  facet normal -0.987687 0.156441 0
    outer loop
      vertex 67.3846 -9.12785 2.4
      vertex 66.9072 -12.1419 0
      vertex 66.9072 -12.1419 2.4
    endloop
  endfacet
  facet normal -0.979676 0.200589 0
    outer loop
      vertex 66.2951 -15.1314 0
      vertex 66.9072 -12.1419 2.4
      vertex 66.9072 -12.1419 0
    endloop
  endfacet
  facet normal -0.979676 0.200589 0
    outer loop
      vertex 66.9072 -12.1419 2.4
      vertex 66.2951 -15.1314 0
      vertex 66.2951 -15.1314 2.4
    endloop
  endfacet
  facet normal -0.969692 0.244332 0
    outer loop
      vertex 65.5495 -18.0905 0
      vertex 66.2951 -15.1314 2.4
      vertex 66.2951 -15.1314 0
    endloop
  endfacet
  facet normal -0.969692 0.244332 0
    outer loop
      vertex 66.2951 -15.1314 2.4
      vertex 65.5495 -18.0905 0
      vertex 65.5495 -18.0905 2.4
    endloop
  endfacet
  facet normal -0.957746 0.287615 0
    outer loop
      vertex 64.6718 -21.0132 0
      vertex 65.5495 -18.0905 2.4
      vertex 65.5495 -18.0905 0
    endloop
  endfacet
  facet normal -0.957746 0.287615 0
    outer loop
      vertex 65.5495 -18.0905 2.4
      vertex 64.6718 -21.0132 0
      vertex 64.6718 -21.0132 2.4
    endloop
  endfacet
  facet normal -0.94389 0.330261 0
    outer loop
      vertex 63.664 -23.8935 0
      vertex 64.6718 -21.0132 2.4
      vertex 64.6718 -21.0132 0
    endloop
  endfacet
  facet normal -0.94389 0.330261 0
    outer loop
      vertex 64.6718 -21.0132 2.4
      vertex 63.664 -23.8935 0
      vertex 63.664 -23.8935 2.4
    endloop
  endfacet
  facet normal -0.928112 0.3723 0
    outer loop
      vertex 62.5279 -26.7257 0
      vertex 63.664 -23.8935 2.4
      vertex 63.664 -23.8935 0
    endloop
  endfacet
  facet normal -0.928112 0.3723 0
    outer loop
      vertex 63.664 -23.8935 2.4
      vertex 62.5279 -26.7257 0
      vertex 62.5279 -26.7257 2.4
    endloop
  endfacet
  facet normal -0.910479 0.413556 0
    outer loop
      vertex 61.2659 -29.5041 0
      vertex 62.5279 -26.7257 2.4
      vertex 62.5279 -26.7257 0
    endloop
  endfacet
  facet normal -0.910479 0.413556 0
    outer loop
      vertex 62.5279 -26.7257 2.4
      vertex 61.2659 -29.5041 0
      vertex 61.2659 -29.5041 2.4
    endloop
  endfacet
  facet normal -0.891006 0.453991 0
    outer loop
      vertex 59.8805 -32.2231 0
      vertex 61.2659 -29.5041 2.4
      vertex 61.2659 -29.5041 0
    endloop
  endfacet
  facet normal -0.891006 0.453991 0
    outer loop
      vertex 61.2659 -29.5041 2.4
      vertex 59.8805 -32.2231 0
      vertex 59.8805 -32.2231 2.4
    endloop
  endfacet
  facet normal -0.869751 0.49349 0
    outer loop
      vertex 59.4688 -32.9487 0
      vertex 59.8805 -32.2231 2.4
      vertex 59.8805 -32.2231 0
    endloop
  endfacet
  facet normal -0.869751 0.49349 0
    outer loop
      vertex 59.8805 -32.2231 2.4
      vertex 59.4688 -32.9487 0
      vertex 59.4688 -32.9487 2.4
    endloop
  endfacet
  facet normal 0.500008 0.866021 -0
    outer loop
      vertex 59.4688 -32.9487 0
      vertex 56.8713 -31.449 2.4
      vertex 59.4688 -32.9487 2.4
    endloop
  endfacet
  facet normal 0.500008 0.866021 0
    outer loop
      vertex 56.8713 -31.449 2.4
      vertex 59.4688 -32.9487 0
      vertex 56.8713 -31.449 0
    endloop
  endfacet
  facet normal 0.869744 -0.493504 0
    outer loop
      vertex 56.8713 -31.449 2.4
      vertex 57.2387 -30.8015 0
      vertex 57.2387 -30.8015 2.4
    endloop
  endfacet
  facet normal 0.869744 -0.493504 0
    outer loop
      vertex 57.2387 -30.8015 0
      vertex 56.8713 -31.449 2.4
      vertex 56.8713 -31.449 0
    endloop
  endfacet
  facet normal 0.891008 -0.453988 0
    outer loop
      vertex 57.2387 -30.8015 2.4
      vertex 58.563 -28.2024 0
      vertex 58.563 -28.2024 2.4
    endloop
  endfacet
  facet normal 0.891008 -0.453988 0
    outer loop
      vertex 58.563 -28.2024 0
      vertex 57.2387 -30.8015 2.4
      vertex 57.2387 -30.8015 0
    endloop
  endfacet
  facet normal 0.91048 -0.413552 0
    outer loop
      vertex 58.563 -28.2024 2.4
      vertex 59.7693 -25.5466 0
      vertex 59.7693 -25.5466 2.4
    endloop
  endfacet
  facet normal 0.91048 -0.413552 0
    outer loop
      vertex 59.7693 -25.5466 0
      vertex 58.563 -28.2024 2.4
      vertex 58.563 -28.2024 0
    endloop
  endfacet
  facet normal 0.928107 -0.372313 0
    outer loop
      vertex 59.7693 -25.5466 2.4
      vertex 60.8553 -22.8394 0
      vertex 60.8553 -22.8394 2.4
    endloop
  endfacet
  facet normal 0.928107 -0.372313 0
    outer loop
      vertex 60.8553 -22.8394 0
      vertex 59.7693 -25.5466 2.4
      vertex 59.7693 -25.5466 0
    endloop
  endfacet
  facet normal 0.943886 -0.330273 0
    outer loop
      vertex 60.8553 -22.8394 2.4
      vertex 61.8187 -20.0861 0
      vertex 61.8187 -20.0861 2.4
    endloop
  endfacet
  facet normal 0.943886 -0.330273 0
    outer loop
      vertex 61.8187 -20.0861 0
      vertex 60.8553 -22.8394 2.4
      vertex 60.8553 -22.8394 0
    endloop
  endfacet
  facet normal 0.957752 -0.287596 0
    outer loop
      vertex 61.8187 -20.0861 2.4
      vertex 62.6576 -17.2924 0
      vertex 62.6576 -17.2924 2.4
    endloop
  endfacet
  facet normal 0.957752 -0.287596 0
    outer loop
      vertex 62.6576 -17.2924 0
      vertex 61.8187 -20.0861 2.4
      vertex 61.8187 -20.0861 0
    endloop
  endfacet
  facet normal 0.969691 -0.244334 0
    outer loop
      vertex 62.6576 -17.2924 2.4
      vertex 63.3703 -14.4639 0
      vertex 63.3703 -14.4639 2.4
    endloop
  endfacet
  facet normal 0.969691 -0.244334 0
    outer loop
      vertex 63.3703 -14.4639 0
      vertex 62.6576 -17.2924 2.4
      vertex 62.6576 -17.2924 0
    endloop
  endfacet
  facet normal 0.979677 -0.200584 0
    outer loop
      vertex 63.3703 -14.4639 2.4
      vertex 63.9554 -11.6062 0
      vertex 63.9554 -11.6062 2.4
    endloop
  endfacet
  facet normal 0.979677 -0.200584 0
    outer loop
      vertex 63.9554 -11.6062 0
      vertex 63.3703 -14.4639 2.4
      vertex 63.3703 -14.4639 0
    endloop
  endfacet
  facet normal 0.987689 -0.15643 0
    outer loop
      vertex 63.9554 -11.6062 2.4
      vertex 64.4117 -8.72516 0
      vertex 64.4117 -8.72516 2.4
    endloop
  endfacet
  facet normal 0.987689 -0.15643 0
    outer loop
      vertex 64.4117 -8.72516 0
      vertex 63.9554 -11.6062 2.4
      vertex 63.9554 -11.6062 0
    endloop
  endfacet
  facet normal 0.993712 -0.111966 0
    outer loop
      vertex 64.4117 -8.72516 2.4
      vertex 64.7383 -5.82655 0
      vertex 64.7383 -5.82655 2.4
    endloop
  endfacet
  facet normal 0.993712 -0.111966 0
    outer loop
      vertex 64.7383 -5.82655 0
      vertex 64.4117 -8.72516 2.4
      vertex 64.4117 -8.72516 0
    endloop
  endfacet
  facet normal 0.997735 -0.0672619 0
    outer loop
      vertex 64.7383 -5.82655 2.4
      vertex 64.9345 -2.9162 0
      vertex 64.9345 -2.9162 2.4
    endloop
  endfacet
  facet normal 0.997735 -0.0672619 0
    outer loop
      vertex 64.9345 -2.9162 0
      vertex 64.7383 -5.82655 2.4
      vertex 64.7383 -5.82655 0
    endloop
  endfacet
  facet normal 0.999748 -0.0224551 0
    outer loop
      vertex 64.9345 -2.9162 2.4
      vertex 65 0 0
      vertex 65 0 2.4
    endloop
  endfacet
  facet normal 0.999748 -0.0224551 0
    outer loop
      vertex 65 0 0
      vertex 64.9345 -2.9162 2.4
      vertex 64.9345 -2.9162 0
    endloop
  endfacet
  facet normal 0.999748 0.0224551 0
    outer loop
      vertex 65 0 2.4
      vertex 64.9345 2.9162 0
      vertex 64.9345 2.9162 2.4
    endloop
  endfacet
  facet normal 0.999748 0.0224551 0
    outer loop
      vertex 64.9345 2.9162 0
      vertex 65 0 2.4
      vertex 65 0 0
    endloop
  endfacet
  facet normal 0.997735 0.0672619 0
    outer loop
      vertex 64.9345 2.9162 2.4
      vertex 64.7383 5.82655 0
      vertex 64.7383 5.82655 2.4
    endloop
  endfacet
  facet normal 0.997735 0.0672619 0
    outer loop
      vertex 64.7383 5.82655 0
      vertex 64.9345 2.9162 2.4
      vertex 64.9345 2.9162 0
    endloop
  endfacet
  facet normal 0.993712 0.111966 0
    outer loop
      vertex 64.7383 5.82655 2.4
      vertex 64.4117 8.72516 0
      vertex 64.4117 8.72516 2.4
    endloop
  endfacet
  facet normal 0.993712 0.111966 0
    outer loop
      vertex 64.4117 8.72516 0
      vertex 64.7383 5.82655 2.4
      vertex 64.7383 5.82655 0
    endloop
  endfacet
  facet normal 0.987689 0.15643 0
    outer loop
      vertex 64.4117 8.72516 2.4
      vertex 63.9554 11.6062 0
      vertex 63.9554 11.6062 2.4
    endloop
  endfacet
  facet normal 0.987689 0.15643 0
    outer loop
      vertex 63.9554 11.6062 0
      vertex 64.4117 8.72516 2.4
      vertex 64.4117 8.72516 0
    endloop
  endfacet
  facet normal 0.979677 0.200584 0
    outer loop
      vertex 63.9554 11.6062 2.4
      vertex 63.3703 14.4639 0
      vertex 63.3703 14.4639 2.4
    endloop
  endfacet
  facet normal 0.979677 0.200584 0
    outer loop
      vertex 63.3703 14.4639 0
      vertex 63.9554 11.6062 2.4
      vertex 63.9554 11.6062 0
    endloop
  endfacet
  facet normal 0.969691 0.244334 0
    outer loop
      vertex 63.3703 14.4639 2.4
      vertex 62.6576 17.2924 0
      vertex 62.6576 17.2924 2.4
    endloop
  endfacet
  facet normal 0.969691 0.244334 0
    outer loop
      vertex 62.6576 17.2924 0
      vertex 63.3703 14.4639 2.4
      vertex 63.3703 14.4639 0
    endloop
  endfacet
  facet normal 0.957752 0.287596 0
    outer loop
      vertex 62.6576 17.2924 2.4
      vertex 61.8187 20.0861 0
      vertex 61.8187 20.0861 2.4
    endloop
  endfacet
  facet normal 0.957752 0.287596 0
    outer loop
      vertex 61.8187 20.0861 0
      vertex 62.6576 17.2924 2.4
      vertex 62.6576 17.2924 0
    endloop
  endfacet
  facet normal 0.943886 0.330273 0
    outer loop
      vertex 61.8187 20.0861 2.4
      vertex 60.8553 22.8394 0
      vertex 60.8553 22.8394 2.4
    endloop
  endfacet
  facet normal 0.943886 0.330273 0
    outer loop
      vertex 60.8553 22.8394 0
      vertex 61.8187 20.0861 2.4
      vertex 61.8187 20.0861 0
    endloop
  endfacet
  facet normal 0.928107 0.372313 0
    outer loop
      vertex 60.8553 22.8394 2.4
      vertex 59.7693 25.5466 0
      vertex 59.7693 25.5466 2.4
    endloop
  endfacet
  facet normal 0.928107 0.372313 0
    outer loop
      vertex 59.7693 25.5466 0
      vertex 60.8553 22.8394 2.4
      vertex 60.8553 22.8394 0
    endloop
  endfacet
  facet normal 0.91048 0.413552 0
    outer loop
      vertex 59.7693 25.5466 2.4
      vertex 58.563 28.2024 0
      vertex 58.563 28.2024 2.4
    endloop
  endfacet
  facet normal 0.91048 0.413552 0
    outer loop
      vertex 58.563 28.2024 0
      vertex 59.7693 25.5466 2.4
      vertex 59.7693 25.5466 0
    endloop
  endfacet
  facet normal 0.891008 0.453988 0
    outer loop
      vertex 58.563 28.2024 2.4
      vertex 57.2387 30.8015 0
      vertex 57.2387 30.8015 2.4
    endloop
  endfacet
  facet normal 0.891008 0.453988 0
    outer loop
      vertex 57.2387 30.8015 0
      vertex 58.563 28.2024 2.4
      vertex 58.563 28.2024 0
    endloop
  endfacet
  facet normal 0.869744 0.493504 0
    outer loop
      vertex 57.2387 30.8015 2.4
      vertex 56.8713 31.449 0
      vertex 56.8713 31.449 2.4
    endloop
  endfacet
  facet normal 0.869744 0.493504 0
    outer loop
      vertex 56.8713 31.449 0
      vertex 57.2387 30.8015 2.4
      vertex 57.2387 30.8015 0
    endloop
  endfacet
  facet normal 0.500008 -0.866021 0
    outer loop
      vertex 56.8713 31.449 0
      vertex 59.4688 32.9487 2.4
      vertex 56.8713 31.449 2.4
    endloop
  endfacet
  facet normal 0.500008 -0.866021 0
    outer loop
      vertex 59.4688 32.9487 2.4
      vertex 56.8713 31.449 0
      vertex 59.4688 32.9487 0
    endloop
  endfacet
  facet normal -0.869751 -0.49349 0
    outer loop
      vertex 59.8805 32.2231 0
      vertex 59.4688 32.9487 2.4
      vertex 59.4688 32.9487 0
    endloop
  endfacet
  facet normal -0.869751 -0.49349 0
    outer loop
      vertex 59.4688 32.9487 2.4
      vertex 59.8805 32.2231 0
      vertex 59.8805 32.2231 2.4
    endloop
  endfacet
  facet normal -0.869744 0.493504 0
    outer loop
      vertex -57.2387 30.8015 0
      vertex -56.8713 31.449 2.4
      vertex -56.8713 31.449 0
    endloop
  endfacet
  facet normal -0.869744 0.493504 0
    outer loop
      vertex -56.8713 31.449 2.4
      vertex -57.2387 30.8015 0
      vertex -57.2387 30.8015 2.4
    endloop
  endfacet
  facet normal -0.891008 0.453988 0
    outer loop
      vertex -58.563 28.2024 0
      vertex -57.2387 30.8015 2.4
      vertex -57.2387 30.8015 0
    endloop
  endfacet
  facet normal -0.891008 0.453988 0
    outer loop
      vertex -57.2387 30.8015 2.4
      vertex -58.563 28.2024 0
      vertex -58.563 28.2024 2.4
    endloop
  endfacet
  facet normal -0.91048 0.413552 0
    outer loop
      vertex -59.7693 25.5466 0
      vertex -58.563 28.2024 2.4
      vertex -58.563 28.2024 0
    endloop
  endfacet
  facet normal -0.91048 0.413552 0
    outer loop
      vertex -58.563 28.2024 2.4
      vertex -59.7693 25.5466 0
      vertex -59.7693 25.5466 2.4
    endloop
  endfacet
  facet normal -0.928107 0.372313 0
    outer loop
      vertex -60.8553 22.8394 0
      vertex -59.7693 25.5466 2.4
      vertex -59.7693 25.5466 0
    endloop
  endfacet
  facet normal -0.928107 0.372313 0
    outer loop
      vertex -59.7693 25.5466 2.4
      vertex -60.8553 22.8394 0
      vertex -60.8553 22.8394 2.4
    endloop
  endfacet
  facet normal -0.943886 0.330273 0
    outer loop
      vertex -61.8187 20.0861 0
      vertex -60.8553 22.8394 2.4
      vertex -60.8553 22.8394 0
    endloop
  endfacet
  facet normal -0.943886 0.330273 0
    outer loop
      vertex -60.8553 22.8394 2.4
      vertex -61.8187 20.0861 0
      vertex -61.8187 20.0861 2.4
    endloop
  endfacet
  facet normal -0.957752 0.287596 0
    outer loop
      vertex -62.6576 17.2924 0
      vertex -61.8187 20.0861 2.4
      vertex -61.8187 20.0861 0
    endloop
  endfacet
  facet normal -0.957752 0.287596 0
    outer loop
      vertex -61.8187 20.0861 2.4
      vertex -62.6576 17.2924 0
      vertex -62.6576 17.2924 2.4
    endloop
  endfacet
  facet normal -0.969691 0.244334 0
    outer loop
      vertex -63.3703 14.4639 0
      vertex -62.6576 17.2924 2.4
      vertex -62.6576 17.2924 0
    endloop
  endfacet
  facet normal -0.969691 0.244334 0
    outer loop
      vertex -62.6576 17.2924 2.4
      vertex -63.3703 14.4639 0
      vertex -63.3703 14.4639 2.4
    endloop
  endfacet
  facet normal -0.979677 0.200584 0
    outer loop
      vertex -63.9554 11.6062 0
      vertex -63.3703 14.4639 2.4
      vertex -63.3703 14.4639 0
    endloop
  endfacet
  facet normal -0.979677 0.200584 0
    outer loop
      vertex -63.3703 14.4639 2.4
      vertex -63.9554 11.6062 0
      vertex -63.9554 11.6062 2.4
    endloop
  endfacet
  facet normal -0.987689 0.15643 0
    outer loop
      vertex -64.4117 8.72516 0
      vertex -63.9554 11.6062 2.4
      vertex -63.9554 11.6062 0
    endloop
  endfacet
  facet normal -0.987689 0.15643 0
    outer loop
      vertex -63.9554 11.6062 2.4
      vertex -64.4117 8.72516 0
      vertex -64.4117 8.72516 2.4
    endloop
  endfacet
  facet normal -0.993712 0.111966 0
    outer loop
      vertex -64.7383 5.82655 0
      vertex -64.4117 8.72516 2.4
      vertex -64.4117 8.72516 0
    endloop
  endfacet
  facet normal -0.993712 0.111966 0
    outer loop
      vertex -64.4117 8.72516 2.4
      vertex -64.7383 5.82655 0
      vertex -64.7383 5.82655 2.4
    endloop
  endfacet
  facet normal -0.997735 0.0672619 0
    outer loop
      vertex -64.9345 2.9162 0
      vertex -64.7383 5.82655 2.4
      vertex -64.7383 5.82655 0
    endloop
  endfacet
  facet normal -0.997735 0.0672619 0
    outer loop
      vertex -64.7383 5.82655 2.4
      vertex -64.9345 2.9162 0
      vertex -64.9345 2.9162 2.4
    endloop
  endfacet
  facet normal -0.999748 0.0224551 0
    outer loop
      vertex -65 0 0
      vertex -64.9345 2.9162 2.4
      vertex -64.9345 2.9162 0
    endloop
  endfacet
  facet normal -0.999748 0.0224551 0
    outer loop
      vertex -64.9345 2.9162 2.4
      vertex -65 0 0
      vertex -65 0 2.4
    endloop
  endfacet
  facet normal -0.999748 -0.0224551 0
    outer loop
      vertex -64.9345 -2.9162 0
      vertex -65 0 2.4
      vertex -65 0 0
    endloop
  endfacet
  facet normal -0.999748 -0.0224551 0
    outer loop
      vertex -65 0 2.4
      vertex -64.9345 -2.9162 0
      vertex -64.9345 -2.9162 2.4
    endloop
  endfacet
  facet normal -0.997735 -0.0672619 0
    outer loop
      vertex -64.7383 -5.82655 0
      vertex -64.9345 -2.9162 2.4
      vertex -64.9345 -2.9162 0
    endloop
  endfacet
  facet normal -0.997735 -0.0672619 0
    outer loop
      vertex -64.9345 -2.9162 2.4
      vertex -64.7383 -5.82655 0
      vertex -64.7383 -5.82655 2.4
    endloop
  endfacet
  facet normal -0.993712 -0.111966 0
    outer loop
      vertex -64.4117 -8.72516 0
      vertex -64.7383 -5.82655 2.4
      vertex -64.7383 -5.82655 0
    endloop
  endfacet
  facet normal -0.993712 -0.111966 0
    outer loop
      vertex -64.7383 -5.82655 2.4
      vertex -64.4117 -8.72516 0
      vertex -64.4117 -8.72516 2.4
    endloop
  endfacet
  facet normal -0.987689 -0.15643 0
    outer loop
      vertex -63.9554 -11.6062 0
      vertex -64.4117 -8.72516 2.4
      vertex -64.4117 -8.72516 0
    endloop
  endfacet
  facet normal -0.987689 -0.15643 0
    outer loop
      vertex -64.4117 -8.72516 2.4
      vertex -63.9554 -11.6062 0
      vertex -63.9554 -11.6062 2.4
    endloop
  endfacet
  facet normal -0.979677 -0.200584 0
    outer loop
      vertex -63.3703 -14.4639 0
      vertex -63.9554 -11.6062 2.4
      vertex -63.9554 -11.6062 0
    endloop
  endfacet
  facet normal -0.979677 -0.200584 0
    outer loop
      vertex -63.9554 -11.6062 2.4
      vertex -63.3703 -14.4639 0
      vertex -63.3703 -14.4639 2.4
    endloop
  endfacet
  facet normal -0.969691 -0.244334 0
    outer loop
      vertex -62.6576 -17.2924 0
      vertex -63.3703 -14.4639 2.4
      vertex -63.3703 -14.4639 0
    endloop
  endfacet
  facet normal -0.969691 -0.244334 0
    outer loop
      vertex -63.3703 -14.4639 2.4
      vertex -62.6576 -17.2924 0
      vertex -62.6576 -17.2924 2.4
    endloop
  endfacet
  facet normal -0.957752 -0.287596 0
    outer loop
      vertex -61.8187 -20.0861 0
      vertex -62.6576 -17.2924 2.4
      vertex -62.6576 -17.2924 0
    endloop
  endfacet
  facet normal -0.957752 -0.287596 0
    outer loop
      vertex -62.6576 -17.2924 2.4
      vertex -61.8187 -20.0861 0
      vertex -61.8187 -20.0861 2.4
    endloop
  endfacet
  facet normal -0.943886 -0.330273 0
    outer loop
      vertex -60.8553 -22.8394 0
      vertex -61.8187 -20.0861 2.4
      vertex -61.8187 -20.0861 0
    endloop
  endfacet
  facet normal -0.943886 -0.330273 0
    outer loop
      vertex -61.8187 -20.0861 2.4
      vertex -60.8553 -22.8394 0
      vertex -60.8553 -22.8394 2.4
    endloop
  endfacet
  facet normal -0.928107 -0.372313 0
    outer loop
      vertex -59.7693 -25.5466 0
      vertex -60.8553 -22.8394 2.4
      vertex -60.8553 -22.8394 0
    endloop
  endfacet
  facet normal -0.928107 -0.372313 0
    outer loop
      vertex -60.8553 -22.8394 2.4
      vertex -59.7693 -25.5466 0
      vertex -59.7693 -25.5466 2.4
    endloop
  endfacet
  facet normal -0.91048 -0.413552 0
    outer loop
      vertex -58.563 -28.2024 0
      vertex -59.7693 -25.5466 2.4
      vertex -59.7693 -25.5466 0
    endloop
  endfacet
  facet normal -0.91048 -0.413552 0
    outer loop
      vertex -59.7693 -25.5466 2.4
      vertex -58.563 -28.2024 0
      vertex -58.563 -28.2024 2.4
    endloop
  endfacet
  facet normal -0.891008 -0.453988 0
    outer loop
      vertex -57.2387 -30.8015 0
      vertex -58.563 -28.2024 2.4
      vertex -58.563 -28.2024 0
    endloop
  endfacet
  facet normal -0.891008 -0.453988 0
    outer loop
      vertex -58.563 -28.2024 2.4
      vertex -57.2387 -30.8015 0
      vertex -57.2387 -30.8015 2.4
    endloop
  endfacet
  facet normal -0.869744 -0.493504 0
    outer loop
      vertex -56.8713 -31.449 0
      vertex -57.2387 -30.8015 2.4
      vertex -57.2387 -30.8015 0
    endloop
  endfacet
  facet normal -0.869744 -0.493504 0
    outer loop
      vertex -57.2387 -30.8015 2.4
      vertex -56.8713 -31.449 0
      vertex -56.8713 -31.449 2.4
    endloop
  endfacet
  facet normal -0.500008 0.866021 0
    outer loop
      vertex -56.8713 -31.449 0
      vertex -59.4688 -32.9487 2.4
      vertex -56.8713 -31.449 2.4
    endloop
  endfacet
  facet normal -0.500008 0.866021 0
    outer loop
      vertex -59.4688 -32.9487 2.4
      vertex -56.8713 -31.449 0
      vertex -59.4688 -32.9487 0
    endloop
  endfacet
  facet normal 0.869751 0.49349 0
    outer loop
      vertex -59.4688 -32.9487 2.4
      vertex -59.8805 -32.2231 0
      vertex -59.8805 -32.2231 2.4
    endloop
  endfacet
  facet normal 0.869751 0.49349 0
    outer loop
      vertex -59.8805 -32.2231 0
      vertex -59.4688 -32.9487 2.4
      vertex -59.4688 -32.9487 0
    endloop
  endfacet
  facet normal 0.891006 0.453991 0
    outer loop
      vertex -59.8805 -32.2231 2.4
      vertex -61.2659 -29.5041 0
      vertex -61.2659 -29.5041 2.4
    endloop
  endfacet
  facet normal 0.891006 0.453991 0
    outer loop
      vertex -61.2659 -29.5041 0
      vertex -59.8805 -32.2231 2.4
      vertex -59.8805 -32.2231 0
    endloop
  endfacet
  facet normal 0.910479 0.413556 0
    outer loop
      vertex -61.2659 -29.5041 2.4
      vertex -62.5279 -26.7257 0
      vertex -62.5279 -26.7257 2.4
    endloop
  endfacet
  facet normal 0.910479 0.413556 0
    outer loop
      vertex -62.5279 -26.7257 0
      vertex -61.2659 -29.5041 2.4
      vertex -61.2659 -29.5041 0
    endloop
  endfacet
  facet normal 0.928112 0.3723 0
    outer loop
      vertex -62.5279 -26.7257 2.4
      vertex -63.664 -23.8935 0
      vertex -63.664 -23.8935 2.4
    endloop
  endfacet
  facet normal 0.928112 0.3723 0
    outer loop
      vertex -63.664 -23.8935 0
      vertex -62.5279 -26.7257 2.4
      vertex -62.5279 -26.7257 0
    endloop
  endfacet
  facet normal 0.94389 0.330261 0
    outer loop
      vertex -63.664 -23.8935 2.4
      vertex -64.6718 -21.0132 0
      vertex -64.6718 -21.0132 2.4
    endloop
  endfacet
  facet normal 0.94389 0.330261 0
    outer loop
      vertex -64.6718 -21.0132 0
      vertex -63.664 -23.8935 2.4
      vertex -63.664 -23.8935 0
    endloop
  endfacet
  facet normal 0.957746 0.287615 0
    outer loop
      vertex -64.6718 -21.0132 2.4
      vertex -65.5495 -18.0905 0
      vertex -65.5495 -18.0905 2.4
    endloop
  endfacet
  facet normal 0.957746 0.287615 0
    outer loop
      vertex -65.5495 -18.0905 0
      vertex -64.6718 -21.0132 2.4
      vertex -64.6718 -21.0132 0
    endloop
  endfacet
  facet normal 0.969692 0.244332 0
    outer loop
      vertex -65.5495 -18.0905 2.4
      vertex -66.2951 -15.1314 0
      vertex -66.2951 -15.1314 2.4
    endloop
  endfacet
  facet normal 0.969692 0.244332 0
    outer loop
      vertex -66.2951 -15.1314 0
      vertex -65.5495 -18.0905 2.4
      vertex -65.5495 -18.0905 0
    endloop
  endfacet
  facet normal 0.979676 0.200589 0
    outer loop
      vertex -66.2951 -15.1314 2.4
      vertex -66.9072 -12.1419 0
      vertex -66.9072 -12.1419 2.4
    endloop
  endfacet
  facet normal 0.979676 0.200589 0
    outer loop
      vertex -66.9072 -12.1419 0
      vertex -66.2951 -15.1314 2.4
      vertex -66.2951 -15.1314 0
    endloop
  endfacet
  facet normal 0.987687 0.156441 0
    outer loop
      vertex -66.9072 -12.1419 2.4
      vertex -67.3846 -9.12785 0
      vertex -67.3846 -9.12785 2.4
    endloop
  endfacet
  facet normal 0.987687 0.156441 0
    outer loop
      vertex -67.3846 -9.12785 0
      vertex -66.9072 -12.1419 2.4
      vertex -66.9072 -12.1419 0
    endloop
  endfacet
  facet normal 0.993715 0.111942 0
    outer loop
      vertex -67.3846 -9.12785 2.4
      vertex -67.7262 -6.09546 0
      vertex -67.7262 -6.09546 2.4
    endloop
  endfacet
  facet normal 0.993715 0.111942 0
    outer loop
      vertex -67.7262 -6.09546 0
      vertex -67.3846 -9.12785 2.4
      vertex -67.3846 -9.12785 0
    endloop
  endfacet
  facet normal 0.997734 0.0672768 0
    outer loop
      vertex -67.7262 -6.09546 2.4
      vertex -67.9315 -3.0508 0
      vertex -67.9315 -3.0508 2.4
    endloop
  endfacet
  facet normal 0.997734 0.0672768 0
    outer loop
      vertex -67.9315 -3.0508 0
      vertex -67.7262 -6.09546 2.4
      vertex -67.7262 -6.09546 0
    endloop
  endfacet
  facet normal 0.999748 0.0224475 0
    outer loop
      vertex -67.9315 -3.0508 2.4
      vertex -68 0 0
      vertex -68 0 2.4
    endloop
  endfacet
  facet normal 0.999748 0.0224475 0
    outer loop
      vertex -68 0 0
      vertex -67.9315 -3.0508 2.4
      vertex -67.9315 -3.0508 0
    endloop
  endfacet
  facet normal 0.999748 -0.0224475 0
    outer loop
      vertex -68 0 2.4
      vertex -67.9315 3.0508 0
      vertex -67.9315 3.0508 2.4
    endloop
  endfacet
  facet normal 0.999748 -0.0224475 0
    outer loop
      vertex -67.9315 3.0508 0
      vertex -68 0 2.4
      vertex -68 0 0
    endloop
  endfacet
  facet normal 0.997734 -0.0672768 0
    outer loop
      vertex -67.9315 3.0508 2.4
      vertex -67.7262 6.09546 0
      vertex -67.7262 6.09546 2.4
    endloop
  endfacet
  facet normal 0.997734 -0.0672768 0
    outer loop
      vertex -67.7262 6.09546 0
      vertex -67.9315 3.0508 2.4
      vertex -67.9315 3.0508 0
    endloop
  endfacet
  facet normal 0.993715 -0.111942 0
    outer loop
      vertex -67.7262 6.09546 2.4
      vertex -67.3846 9.12785 0
      vertex -67.3846 9.12785 2.4
    endloop
  endfacet
  facet normal 0.993715 -0.111942 0
    outer loop
      vertex -67.3846 9.12785 0
      vertex -67.7262 6.09546 2.4
      vertex -67.7262 6.09546 0
    endloop
  endfacet
  facet normal 0.987687 -0.156441 0
    outer loop
      vertex -67.3846 9.12785 2.4
      vertex -66.9072 12.1419 0
      vertex -66.9072 12.1419 2.4
    endloop
  endfacet
  facet normal 0.987687 -0.156441 0
    outer loop
      vertex -66.9072 12.1419 0
      vertex -67.3846 9.12785 2.4
      vertex -67.3846 9.12785 0
    endloop
  endfacet
  facet normal 0.979676 -0.200589 0
    outer loop
      vertex -66.9072 12.1419 2.4
      vertex -66.2951 15.1314 0
      vertex -66.2951 15.1314 2.4
    endloop
  endfacet
  facet normal 0.979676 -0.200589 0
    outer loop
      vertex -66.2951 15.1314 0
      vertex -66.9072 12.1419 2.4
      vertex -66.9072 12.1419 0
    endloop
  endfacet
  facet normal 0.969692 -0.244332 0
    outer loop
      vertex -66.2951 15.1314 2.4
      vertex -65.5495 18.0905 0
      vertex -65.5495 18.0905 2.4
    endloop
  endfacet
  facet normal 0.969692 -0.244332 0
    outer loop
      vertex -65.5495 18.0905 0
      vertex -66.2951 15.1314 2.4
      vertex -66.2951 15.1314 0
    endloop
  endfacet
  facet normal 0.957746 -0.287615 0
    outer loop
      vertex -65.5495 18.0905 2.4
      vertex -64.6718 21.0132 0
      vertex -64.6718 21.0132 2.4
    endloop
  endfacet
  facet normal 0.957746 -0.287615 0
    outer loop
      vertex -64.6718 21.0132 0
      vertex -65.5495 18.0905 2.4
      vertex -65.5495 18.0905 0
    endloop
  endfacet
  facet normal 0.94389 -0.330261 0
    outer loop
      vertex -64.6718 21.0132 2.4
      vertex -63.664 23.8935 0
      vertex -63.664 23.8935 2.4
    endloop
  endfacet
  facet normal 0.94389 -0.330261 0
    outer loop
      vertex -63.664 23.8935 0
      vertex -64.6718 21.0132 2.4
      vertex -64.6718 21.0132 0
    endloop
  endfacet
  facet normal 0.928112 -0.3723 0
    outer loop
      vertex -63.664 23.8935 2.4
      vertex -62.5279 26.7257 0
      vertex -62.5279 26.7257 2.4
    endloop
  endfacet
  facet normal 0.928112 -0.3723 0
    outer loop
      vertex -62.5279 26.7257 0
      vertex -63.664 23.8935 2.4
      vertex -63.664 23.8935 0
    endloop
  endfacet
  facet normal 0.910479 -0.413556 0
    outer loop
      vertex -62.5279 26.7257 2.4
      vertex -61.2659 29.5041 0
      vertex -61.2659 29.5041 2.4
    endloop
  endfacet
  facet normal 0.910479 -0.413556 0
    outer loop
      vertex -61.2659 29.5041 0
      vertex -62.5279 26.7257 2.4
      vertex -62.5279 26.7257 0
    endloop
  endfacet
  facet normal 0.891006 -0.453991 0
    outer loop
      vertex -61.2659 29.5041 2.4
      vertex -59.8805 32.2231 0
      vertex -59.8805 32.2231 2.4
    endloop
  endfacet
  facet normal 0.891006 -0.453991 0
    outer loop
      vertex -59.8805 32.2231 0
      vertex -61.2659 29.5041 2.4
      vertex -61.2659 29.5041 0
    endloop
  endfacet
  facet normal 0.869751 -0.49349 0
    outer loop
      vertex -59.8805 32.2231 2.4
      vertex -59.4688 32.9487 0
      vertex -59.4688 32.9487 2.4
    endloop
  endfacet
  facet normal 0.869751 -0.49349 0
    outer loop
      vertex -59.4688 32.9487 0
      vertex -59.8805 32.2231 2.4
      vertex -59.8805 32.2231 0
    endloop
  endfacet
  facet normal -0.500008 -0.866021 0
    outer loop
      vertex -59.4688 32.9487 0
      vertex -56.8713 31.449 2.4
      vertex -59.4688 32.9487 2.4
    endloop
  endfacet
  facet normal -0.500008 -0.866021 -0
    outer loop
      vertex -56.8713 31.449 2.4
      vertex -59.4688 32.9487 0
      vertex -56.8713 31.449 0
    endloop
  endfacet
  facet normal -0.998192 -0.0601076 0
    outer loop
      vertex -49.3757 36.0425 0
      vertex -49.5387 38.7494 2.4
      vertex -49.5387 38.7494 0
    endloop
  endfacet
  facet normal -0.998192 -0.0601076 0
    outer loop
      vertex -49.5387 38.7494 2.4
      vertex -49.3757 36.0425 0
      vertex -49.3757 36.0425 2.4
    endloop
  endfacet
  facet normal -0.997146 -0.0754909 0
    outer loop
      vertex -49.165 33.2594 0
      vertex -49.3757 36.0425 2.4
      vertex -49.3757 36.0425 0
    endloop
  endfacet
  facet normal -0.997146 -0.0754909 0
    outer loop
      vertex -49.3757 36.0425 2.4
      vertex -49.165 33.2594 0
      vertex -49.165 33.2594 2.4
    endloop
  endfacet
  facet normal -0.995945 -0.0899673 0
    outer loop
      vertex -48.9067 30.4 0
      vertex -49.165 33.2594 2.4
      vertex -49.165 33.2594 0
    endloop
  endfacet
  facet normal -0.995945 -0.0899673 0
    outer loop
      vertex -49.165 33.2594 2.4
      vertex -48.9067 30.4 0
      vertex -48.9067 30.4 2.4
    endloop
  endfacet
  facet normal -0.994615 -0.103642 0
    outer loop
      vertex -48.6008 27.4644 0
      vertex -48.9067 30.4 2.4
      vertex -48.9067 30.4 0
    endloop
  endfacet
  facet normal -0.994615 -0.103642 0
    outer loop
      vertex -48.9067 30.4 2.4
      vertex -48.6008 27.4644 0
      vertex -48.6008 27.4644 2.4
    endloop
  endfacet
  facet normal -0.993179 -0.1166 0
    outer loop
      vertex -48.2472 24.4525 0
      vertex -48.6008 27.4644 2.4
      vertex -48.6008 27.4644 0
    endloop
  endfacet
  facet normal -0.993179 -0.1166 0
    outer loop
      vertex -48.6008 27.4644 2.4
      vertex -48.2472 24.4525 0
      vertex -48.2472 24.4525 2.4
    endloop
  endfacet
  facet normal -0.991662 -0.128867 0
    outer loop
      vertex -47.8459 21.3644 0
      vertex -48.2472 24.4525 2.4
      vertex -48.2472 24.4525 0
    endloop
  endfacet
  facet normal -0.991662 -0.128867 0
    outer loop
      vertex -48.2472 24.4525 2.4
      vertex -47.8459 21.3644 0
      vertex -47.8459 21.3644 2.4
    endloop
  endfacet
  facet normal -0.990087 -0.140453 0
    outer loop
      vertex -47.397 18.2 0
      vertex -47.8459 21.3644 2.4
      vertex -47.8459 21.3644 0
    endloop
  endfacet
  facet normal -0.990087 -0.140453 0
    outer loop
      vertex -47.8459 21.3644 2.4
      vertex -47.397 18.2 0
      vertex -47.397 18.2 2.4
    endloop
  endfacet
  facet normal -0.988464 -0.151458 0
    outer loop
      vertex -46.9564 15.3245 0
      vertex -47.397 18.2 2.4
      vertex -47.397 18.2 0
    endloop
  endfacet
  facet normal -0.988464 -0.151458 0
    outer loop
      vertex -47.397 18.2 2.4
      vertex -46.9564 15.3245 0
      vertex -46.9564 15.3245 2.4
    endloop
  endfacet
  facet normal -0.986805 -0.161916 0
    outer loop
      vertex -46.4636 12.3211 0
      vertex -46.9564 15.3245 2.4
      vertex -46.9564 15.3245 0
    endloop
  endfacet
  facet normal -0.986805 -0.161916 0
    outer loop
      vertex -46.9564 15.3245 2.4
      vertex -46.4636 12.3211 0
      vertex -46.4636 12.3211 2.4
    endloop
  endfacet
  facet normal -0.985143 -0.171736 0
    outer loop
      vertex -45.8688 8.9091 0
      vertex -46.4636 12.3211 2.4
      vertex -46.4636 12.3211 0
    endloop
  endfacet
  facet normal -0.985143 -0.171736 0
    outer loop
      vertex -46.4636 12.3211 2.4
      vertex -45.8688 8.9091 0
      vertex -45.8688 8.9091 2.4
    endloop
  endfacet
  facet normal -0.983451 -0.181172 0
    outer loop
      vertex -45.2262 5.4209 0
      vertex -45.8688 8.9091 2.4
      vertex -45.8688 8.9091 0
    endloop
  endfacet
  facet normal -0.983451 -0.181172 0
    outer loop
      vertex -45.8688 8.9091 2.4
      vertex -45.2262 5.4209 0
      vertex -45.2262 5.4209 2.4
    endloop
  endfacet
  facet normal -0.981769 -0.190076 0
    outer loop
      vertex -44.5361 1.85643 0
      vertex -45.2262 5.4209 2.4
      vertex -45.2262 5.4209 0
    endloop
  endfacet
  facet normal -0.981769 -0.190076 0
    outer loop
      vertex -45.2262 5.4209 2.4
      vertex -44.5361 1.85643 0
      vertex -44.5361 1.85643 2.4
    endloop
  endfacet
  facet normal -0.980072 -0.198641 0
    outer loop
      vertex -43.7982 -1.78429 0
      vertex -44.5361 1.85643 2.4
      vertex -44.5361 1.85643 0
    endloop
  endfacet
  facet normal -0.980072 -0.198641 0
    outer loop
      vertex -44.5361 1.85643 2.4
      vertex -43.7982 -1.78429 0
      vertex -43.7982 -1.78429 2.4
    endloop
  endfacet
  facet normal -0.978391 -0.206762 0
    outer loop
      vertex -43.0127 -5.50125 0
      vertex -43.7982 -1.78429 2.4
      vertex -43.7982 -1.78429 0
    endloop
  endfacet
  facet normal -0.978391 -0.206762 0
    outer loop
      vertex -43.7982 -1.78429 2.4
      vertex -43.0127 -5.50125 0
      vertex -43.0127 -5.50125 2.4
    endloop
  endfacet
  facet normal -0.976711 -0.214558 0
    outer loop
      vertex -42.9376 -5.84312 0
      vertex -43.0127 -5.50125 2.4
      vertex -43.0127 -5.50125 0
    endloop
  endfacet
  facet normal -0.976711 -0.214558 0
    outer loop
      vertex -43.0127 -5.50125 2.4
      vertex -42.9376 -5.84312 0
      vertex -42.9376 -5.84312 2.4
    endloop
  endfacet
  facet normal -0.233508 -0.972355 0
    outer loop
      vertex -42.9376 -5.84312 0
      vertex -42.6382 -5.91502 2.4
      vertex -42.9376 -5.84312 2.4
    endloop
  endfacet
  facet normal -0.233508 -0.972355 -0
    outer loop
      vertex -42.6382 -5.91502 2.4
      vertex -42.9376 -5.84312 0
      vertex -42.6382 -5.91502 0
    endloop
  endfacet
  facet normal -0.38266 -0.923889 0
    outer loop
      vertex -42.6382 -5.91502 0
      vertex -42.0368 -6.16411 2.4
      vertex -42.6382 -5.91502 2.4
    endloop
  endfacet
  facet normal -0.38266 -0.923889 -0
    outer loop
      vertex -42.0368 -6.16411 2.4
      vertex -42.6382 -5.91502 0
      vertex -42.0368 -6.16411 0
    endloop
  endfacet
  facet normal -0.522551 -0.852608 0
    outer loop
      vertex -42.0368 -6.16411 0
      vertex -41.4819 -6.5042 2.4
      vertex -42.0368 -6.16411 2.4
    endloop
  endfacet
  facet normal -0.522551 -0.852608 -0
    outer loop
      vertex -41.4819 -6.5042 2.4
      vertex -42.0368 -6.16411 0
      vertex -41.4819 -6.5042 0
    endloop
  endfacet
  facet normal -0.649395 -0.760451 0
    outer loop
      vertex -41.4819 -6.5042 0
      vertex -40.9869 -6.92691 2.4
      vertex -41.4819 -6.5042 2.4
    endloop
  endfacet
  facet normal -0.649395 -0.760451 -0
    outer loop
      vertex -40.9869 -6.92691 2.4
      vertex -41.4819 -6.5042 0
      vertex -40.9869 -6.92691 0
    endloop
  endfacet
  facet normal -0.76044 -0.649409 0
    outer loop
      vertex -40.5642 -7.42188 0
      vertex -40.9869 -6.92691 2.4
      vertex -40.9869 -6.92691 0
    endloop
  endfacet
  facet normal -0.76044 -0.649409 0
    outer loop
      vertex -40.9869 -6.92691 2.4
      vertex -40.5642 -7.42188 0
      vertex -40.5642 -7.42188 2.4
    endloop
  endfacet
  facet normal -0.852626 -0.522521 0
    outer loop
      vertex -40.2241 -7.97684 0
      vertex -40.5642 -7.42188 2.4
      vertex -40.5642 -7.42188 0
    endloop
  endfacet
  facet normal -0.852626 -0.522521 0
    outer loop
      vertex -40.5642 -7.42188 2.4
      vertex -40.2241 -7.97684 0
      vertex -40.2241 -7.97684 2.4
    endloop
  endfacet
  facet normal -0.923875 -0.382695 0
    outer loop
      vertex -39.975 -8.5782 0
      vertex -40.2241 -7.97684 2.4
      vertex -40.2241 -7.97684 0
    endloop
  endfacet
  facet normal -0.923875 -0.382695 0
    outer loop
      vertex -40.2241 -7.97684 2.4
      vertex -39.975 -8.5782 0
      vertex -39.975 -8.5782 2.4
    endloop
  endfacet
  facet normal -0.972387 -0.233375 0
    outer loop
      vertex -39.8231 -9.21111 0
      vertex -39.975 -8.5782 2.4
      vertex -39.975 -8.5782 0
    endloop
  endfacet
  facet normal -0.972387 -0.233375 0
    outer loop
      vertex -39.975 -8.5782 2.4
      vertex -39.8231 -9.21111 0
      vertex -39.8231 -9.21111 2.4
    endloop
  endfacet
  facet normal -0.996653 -0.0817444 0
    outer loop
      vertex -39.8218 -9.22696 0
      vertex -39.8231 -9.21111 2.4
      vertex -39.8231 -9.21111 0
    endloop
  endfacet
  facet normal -0.996653 -0.0817444 0
    outer loop
      vertex -39.8231 -9.21111 2.4
      vertex -39.8218 -9.22696 0
      vertex -39.8218 -9.22696 2.4
    endloop
  endfacet
  facet normal -0.453967 -0.891018 0
    outer loop
      vertex -39.8218 -9.22696 0
      vertex -39.1339 -9.57744 2.4
      vertex -39.8218 -9.22696 2.4
    endloop
  endfacet
  facet normal -0.453967 -0.891018 -0
    outer loop
      vertex -39.1339 -9.57744 2.4
      vertex -39.8218 -9.22696 0
      vertex -39.1339 -9.57744 0
    endloop
  endfacet
  facet normal -0.35603 -0.934475 0
    outer loop
      vertex -39.1339 -9.57744 0
      vertex -37.1555 -10.3312 2.4
      vertex -39.1339 -9.57744 2.4
    endloop
  endfacet
  facet normal -0.35603 -0.934475 -0
    outer loop
      vertex -37.1555 -10.3312 2.4
      vertex -39.1339 -9.57744 0
      vertex -37.1555 -10.3312 0
    endloop
  endfacet
  facet normal -0.244906 -0.969547 0
    outer loop
      vertex -37.1555 -10.3312 0
      vertex -35.3368 -10.7906 2.4
      vertex -37.1555 -10.3312 2.4
    endloop
  endfacet
  facet normal -0.244906 -0.969547 -0
    outer loop
      vertex -35.3368 -10.7906 2.4
      vertex -37.1555 -10.3312 0
      vertex -35.3368 -10.7906 0
    endloop
  endfacet
  facet normal -0.124012 -0.992281 0
    outer loop
      vertex -35.3368 -10.7906 0
      vertex -33.7533 -10.9885 2.4
      vertex -35.3368 -10.7906 2.4
    endloop
  endfacet
  facet normal -0.124012 -0.992281 -0
    outer loop
      vertex -33.7533 -10.9885 2.4
      vertex -35.3368 -10.7906 0
      vertex -33.7533 -10.9885 0
    endloop
  endfacet
  facet normal 0 -1 0
    outer loop
      vertex -33.7533 -10.9885 0
      vertex -31.72 -10.9885 2.4
      vertex -33.7533 -10.9885 2.4
    endloop
  endfacet
  facet normal 0 -1 -0
    outer loop
      vertex -31.72 -10.9885 2.4
      vertex -33.7533 -10.9885 0
      vertex -31.72 -10.9885 0
    endloop
  endfacet
  facet normal 0.124078 -0.992273 0
    outer loop
      vertex -31.72 -10.9885 0
      vertex -30.0102 -10.7747 2.4
      vertex -31.72 -10.9885 2.4
    endloop
  endfacet
  facet normal 0.124078 -0.992273 0
    outer loop
      vertex -30.0102 -10.7747 2.4
      vertex -31.72 -10.9885 0
      vertex -30.0102 -10.7747 0
    endloop
  endfacet
  facet normal 0.240294 -0.9707 0
    outer loop
      vertex -30.0102 -10.7747 0
      vertex -28.0429 -10.2877 2.4
      vertex -30.0102 -10.7747 2.4
    endloop
  endfacet
  facet normal 0.240294 -0.9707 0
    outer loop
      vertex -28.0429 -10.2877 2.4
      vertex -30.0102 -10.7747 0
      vertex -28.0429 -10.2877 0
    endloop
  endfacet
  facet normal 0.346432 -0.938075 0
    outer loop
      vertex -28.0429 -10.2877 0
      vertex -25.9546 -9.51649 2.4
      vertex -28.0429 -10.2877 2.4
    endloop
  endfacet
  facet normal 0.346432 -0.938075 0
    outer loop
      vertex -25.9546 -9.51649 2.4
      vertex -28.0429 -10.2877 0
      vertex -25.9546 -9.51649 0
    endloop
  endfacet
  facet normal 0.440742 -0.897634 0
    outer loop
      vertex -25.9546 -9.51649 0
      vertex -24.0794 -8.59576 2.4
      vertex -25.9546 -9.51649 2.4
    endloop
  endfacet
  facet normal 0.440742 -0.897634 0
    outer loop
      vertex -24.0794 -8.59576 2.4
      vertex -25.9546 -9.51649 0
      vertex -24.0794 -8.59576 0
    endloop
  endfacet
  facet normal 0.520955 -0.853584 0
    outer loop
      vertex -24.0794 -8.59576 0
      vertex -21.9806 -7.31483 2.4
      vertex -24.0794 -8.59576 2.4
    endloop
  endfacet
  facet normal 0.520955 -0.853584 0
    outer loop
      vertex -21.9806 -7.31483 2.4
      vertex -24.0794 -8.59576 0
      vertex -21.9806 -7.31483 0
    endloop
  endfacet
  facet normal 0.589193 -0.807992 0
    outer loop
      vertex -21.9806 -7.31483 0
      vertex -19.8427 -5.75586 2.4
      vertex -21.9806 -7.31483 2.4
    endloop
  endfacet
  facet normal 0.589193 -0.807992 0
    outer loop
      vertex -19.8427 -5.75586 2.4
      vertex -21.9806 -7.31483 0
      vertex -19.8427 -5.75586 0
    endloop
  endfacet
  facet normal 0.454141 -0.89093 0
    outer loop
      vertex -19.8427 -5.75586 0
      vertex -19.6897 -5.67787 2.4
      vertex -19.8427 -5.75586 2.4
    endloop
  endfacet
  facet normal 0.454141 -0.89093 0
    outer loop
      vertex -19.6897 -5.67787 2.4
      vertex -19.8427 -5.75586 0
      vertex -19.6897 -5.67787 0
    endloop
  endfacet
  facet normal 0.15639 -0.987695 0
    outer loop
      vertex -19.6897 -5.67787 0
      vertex -19.52 -5.651 2.4
      vertex -19.6897 -5.67787 2.4
    endloop
  endfacet
  facet normal 0.15639 -0.987695 0
    outer loop
      vertex -19.52 -5.651 2.4
      vertex -19.6897 -5.67787 0
      vertex -19.52 -5.651 0
    endloop
  endfacet
  facet normal -0.15639 -0.987695 0
    outer loop
      vertex -19.52 -5.651 0
      vertex -19.3503 -5.67787 2.4
      vertex -19.52 -5.651 2.4
    endloop
  endfacet
  facet normal -0.15639 -0.987695 -0
    outer loop
      vertex -19.3503 -5.67787 2.4
      vertex -19.52 -5.651 0
      vertex -19.3503 -5.67787 0
    endloop
  endfacet
  facet normal -0.454141 -0.89093 0
    outer loop
      vertex -19.3503 -5.67787 0
      vertex -19.1973 -5.75586 2.4
      vertex -19.3503 -5.67787 2.4
    endloop
  endfacet
  facet normal -0.454141 -0.89093 -0
    outer loop
      vertex -19.1973 -5.75586 2.4
      vertex -19.3503 -5.67787 0
      vertex -19.1973 -5.75586 0
    endloop
  endfacet
  facet normal -0.707223 -0.70699 0
    outer loop
      vertex -19.1973 -5.75586 0
      vertex -19.0759 -5.8773 2.4
      vertex -19.1973 -5.75586 2.4
    endloop
  endfacet
  facet normal -0.707223 -0.70699 -0
    outer loop
      vertex -19.0759 -5.8773 2.4
      vertex -19.1973 -5.75586 0
      vertex -19.0759 -5.8773 0
    endloop
  endfacet
  facet normal -0.890966 -0.45407 0
    outer loop
      vertex -18.9979 -6.03035 0
      vertex -19.0759 -5.8773 2.4
      vertex -19.0759 -5.8773 0
    endloop
  endfacet
  facet normal -0.890966 -0.45407 0
    outer loop
      vertex -19.0759 -5.8773 2.4
      vertex -18.9979 -6.03035 0
      vertex -18.9979 -6.03035 2.4
    endloop
  endfacet
  facet normal -0.987661 -0.156605 0
    outer loop
      vertex -18.971 -6.2 0
      vertex -18.9979 -6.03035 2.4
      vertex -18.9979 -6.03035 0
    endloop
  endfacet
  facet normal -0.987661 -0.156605 0
    outer loop
      vertex -18.9979 -6.03035 2.4
      vertex -18.971 -6.2 0
      vertex -18.971 -6.2 2.4
    endloop
  endfacet
  facet normal -0.987663 0.156596 0
    outer loop
      vertex -18.9979 -6.36966 0
      vertex -18.971 -6.2 2.4
      vertex -18.971 -6.2 0
    endloop
  endfacet
  facet normal -0.987663 0.156596 0
    outer loop
      vertex -18.971 -6.2 2.4
      vertex -18.9979 -6.36966 0
      vertex -18.9979 -6.36966 2.4
    endloop
  endfacet
  facet normal -0.890942 0.454117 0
    outer loop
      vertex -19.0759 -6.52269 0
      vertex -18.9979 -6.36966 2.4
      vertex -18.9979 -6.36966 0
    endloop
  endfacet
  facet normal -0.890942 0.454117 0
    outer loop
      vertex -18.9979 -6.36966 2.4
      vertex -19.0759 -6.52269 0
      vertex -19.0759 -6.52269 2.4
    endloop
  endfacet
  facet normal -0.707281 0.706932 0
    outer loop
      vertex -19.1973 -6.64415 0
      vertex -19.0759 -6.52269 2.4
      vertex -19.0759 -6.52269 0
    endloop
  endfacet
  facet normal -0.707281 0.706932 0
    outer loop
      vertex -19.0759 -6.52269 2.4
      vertex -19.1973 -6.64415 0
      vertex -19.1973 -6.64415 2.4
    endloop
  endfacet
  facet normal -0.691598 0.722282 0
    outer loop
      vertex -19.1973 -6.64415 0
      vertex -21.1261 -8.49101 2.4
      vertex -19.1973 -6.64415 2.4
    endloop
  endfacet
  facet normal -0.691598 0.722282 0
    outer loop
      vertex -21.1261 -8.49101 2.4
      vertex -19.1973 -6.64415 0
      vertex -21.1261 -8.49101 0
    endloop
  endfacet
  facet normal -0.636743 0.771076 0
    outer loop
      vertex -21.1261 -8.49101 0
      vertex -23.0548 -10.0837 2.4
      vertex -21.1261 -8.49101 2.4
    endloop
  endfacet
  facet normal -0.636743 0.771076 0
    outer loop
      vertex -23.0548 -10.0837 2.4
      vertex -21.1261 -8.49101 0
      vertex -23.0548 -10.0837 0
    endloop
  endfacet
  facet normal -0.570124 0.821558 0
    outer loop
      vertex -23.0548 -10.0837 0
      vertex -24.9836 -11.4222 2.4
      vertex -23.0548 -10.0837 2.4
    endloop
  endfacet
  facet normal -0.570124 0.821558 0
    outer loop
      vertex -24.9836 -11.4222 2.4
      vertex -23.0548 -10.0837 0
      vertex -24.9836 -11.4222 0
    endloop
  endfacet
  facet normal -0.490057 0.87169 0
    outer loop
      vertex -24.9836 -11.4222 0
      vertex -26.9123 -12.5065 2.4
      vertex -24.9836 -11.4222 2.4
    endloop
  endfacet
  facet normal -0.490057 0.87169 0
    outer loop
      vertex -26.9123 -12.5065 2.4
      vertex -24.9836 -11.4222 0
      vertex -26.9123 -12.5065 0
    endloop
  endfacet
  facet normal -0.453994 0.891005 0
    outer loop
      vertex -26.9123 -12.5065 0
      vertex -27.2638 -12.6856 2.4
      vertex -26.9123 -12.5065 2.4
    endloop
  endfacet
  facet normal -0.453994 0.891005 0
    outer loop
      vertex -27.2638 -12.6856 2.4
      vertex -26.9123 -12.5065 0
      vertex -27.2638 -12.6856 0
    endloop
  endfacet
  facet normal -0.396919 0.917854 0
    outer loop
      vertex -27.2638 -12.6856 0
      vertex -29.2421 -13.5411 2.4
      vertex -27.2638 -12.6856 2.4
    endloop
  endfacet
  facet normal -0.396919 0.917854 0
    outer loop
      vertex -29.2421 -13.5411 2.4
      vertex -27.2638 -12.6856 0
      vertex -29.2421 -13.5411 0
    endloop
  endfacet
  facet normal -0.290798 0.956785 0
    outer loop
      vertex -29.2421 -13.5411 0
      vertex -31.2205 -14.1424 2.4
      vertex -29.2421 -13.5411 2.4
    endloop
  endfacet
  facet normal -0.290798 0.956785 0
    outer loop
      vertex -31.2205 -14.1424 2.4
      vertex -29.2421 -13.5411 0
      vertex -31.2205 -14.1424 0
    endloop
  endfacet
  facet normal -0.172814 0.984954 0
    outer loop
      vertex -31.2205 -14.1424 0
      vertex -33.1988 -14.4895 2.4
      vertex -31.2205 -14.1424 2.4
    endloop
  endfacet
  facet normal -0.172814 0.984954 0
    outer loop
      vertex -33.1988 -14.4895 2.4
      vertex -31.2205 -14.1424 0
      vertex -33.1988 -14.4895 0
    endloop
  endfacet
  facet normal -0.156392 0.987695 0
    outer loop
      vertex -33.1988 -14.4895 0
      vertex -33.7533 -14.5773 2.4
      vertex -33.1988 -14.4895 2.4
    endloop
  endfacet
  facet normal -0.156392 0.987695 0
    outer loop
      vertex -33.7533 -14.5773 2.4
      vertex -33.1988 -14.4895 0
      vertex -33.7533 -14.5773 0
    endloop
  endfacet
  facet normal -0.0499523 0.998752 0
    outer loop
      vertex -33.7533 -14.5773 0
      vertex -35.7867 -14.679 2.4
      vertex -33.7533 -14.5773 2.4
    endloop
  endfacet
  facet normal -0.0499523 0.998752 0
    outer loop
      vertex -35.7867 -14.679 2.4
      vertex -33.7533 -14.5773 0
      vertex -35.7867 -14.679 0
    endloop
  endfacet
  facet normal 0.0748243 0.997197 -0
    outer loop
      vertex -35.7867 -14.679 0
      vertex -37.5179 -14.5491 2.4
      vertex -35.7867 -14.679 2.4
    endloop
  endfacet
  facet normal 0.0748243 0.997197 0
    outer loop
      vertex -37.5179 -14.5491 2.4
      vertex -35.7867 -14.679 0
      vertex -37.5179 -14.5491 0
    endloop
  endfacet
  facet normal -0.795077 -0.606509 0
    outer loop
      vertex -37.3767 -14.7342 0
      vertex -37.5179 -14.5491 2.4
      vertex -37.5179 -14.5491 0
    endloop
  endfacet
  facet normal -0.795077 -0.606509 0
    outer loop
      vertex -37.5179 -14.5491 2.4
      vertex -37.3767 -14.7342 0
      vertex -37.3767 -14.7342 2.4
    endloop
  endfacet
  facet normal -0.752283 -0.658841 0
    outer loop
      vertex -36.03 -16.2719 0
      vertex -37.3767 -14.7342 2.4
      vertex -37.3767 -14.7342 0
    endloop
  endfacet
  facet normal -0.752283 -0.658841 0
    outer loop
      vertex -37.3767 -14.7342 2.4
      vertex -36.03 -16.2719 0
      vertex -36.03 -16.2719 2.4
    endloop
  endfacet
  facet normal -0.696185 -0.717862 0
    outer loop
      vertex -36.03 -16.2719 0
      vertex -34.9438 -17.3253 2.4
      vertex -36.03 -16.2719 2.4
    endloop
  endfacet
  facet normal -0.696185 -0.717862 -0
    outer loop
      vertex -34.9438 -17.3253 2.4
      vertex -36.03 -16.2719 0
      vertex -34.9438 -17.3253 0
    endloop
  endfacet
  facet normal -0.623426 -0.781882 0
    outer loop
      vertex -34.9438 -17.3253 0
      vertex -33.5148 -18.4647 2.4
      vertex -34.9438 -17.3253 2.4
    endloop
  endfacet
  facet normal -0.623426 -0.781882 -0
    outer loop
      vertex -33.5148 -18.4647 2.4
      vertex -34.9438 -17.3253 0
      vertex -33.5148 -18.4647 0
    endloop
  endfacet
  facet normal -0.527539 -0.849531 0
    outer loop
      vertex -33.5148 -18.4647 0
      vertex -32.2534 -19.248 2.4
      vertex -33.5148 -18.4647 2.4
    endloop
  endfacet
  facet normal -0.527539 -0.849531 -0
    outer loop
      vertex -32.2534 -19.248 2.4
      vertex -33.5148 -18.4647 0
      vertex -32.2534 -19.248 0
    endloop
  endfacet
  facet normal -0.404788 -0.914411 0
    outer loop
      vertex -32.2534 -19.248 0
      vertex -31.0593 -19.7766 2.4
      vertex -32.2534 -19.248 2.4
    endloop
  endfacet
  facet normal -0.404788 -0.914411 -0
    outer loop
      vertex -31.0593 -19.7766 2.4
      vertex -32.2534 -19.248 0
      vertex -31.0593 -19.7766 0
    endloop
  endfacet
  facet normal -0.255169 -0.966897 0
    outer loop
      vertex -31.0593 -19.7766 0
      vertex -29.7702 -20.1168 2.4
      vertex -31.0593 -19.7766 2.4
    endloop
  endfacet
  facet normal -0.255169 -0.966897 -0
    outer loop
      vertex -29.7702 -20.1168 2.4
      vertex -31.0593 -19.7766 0
      vertex -29.7702 -20.1168 0
    endloop
  endfacet
  facet normal -0.0835066 -0.996507 0
    outer loop
      vertex -29.7702 -20.1168 0
      vertex -28.5005 -20.2232 2.4
      vertex -29.7702 -20.1168 2.4
    endloop
  endfacet
  facet normal -0.0835066 -0.996507 -0
    outer loop
      vertex -28.5005 -20.2232 2.4
      vertex -29.7702 -20.1168 0
      vertex -28.5005 -20.2232 0
    endloop
  endfacet
  facet normal 0.0960724 -0.995374 0
    outer loop
      vertex -28.5005 -20.2232 0
      vertex -27.1992 -20.0976 2.4
      vertex -28.5005 -20.2232 2.4
    endloop
  endfacet
  facet normal 0.0960724 -0.995374 0
    outer loop
      vertex -27.1992 -20.0976 2.4
      vertex -28.5005 -20.2232 0
      vertex -27.1992 -20.0976 0
    endloop
  endfacet
  facet normal 0.266483 -0.96384 0
    outer loop
      vertex -27.1992 -20.0976 0
      vertex -25.7897 -19.7079 2.4
      vertex -27.1992 -20.0976 2.4
    endloop
  endfacet
  facet normal 0.266483 -0.96384 0
    outer loop
      vertex -25.7897 -19.7079 2.4
      vertex -27.1992 -20.0976 0
      vertex -25.7897 -19.7079 0
    endloop
  endfacet
  facet normal 0.15656 -0.987668 0
    outer loop
      vertex -25.7897 -19.7079 0
      vertex -25.62 -19.681 2.4
      vertex -25.7897 -19.7079 2.4
    endloop
  endfacet
  facet normal 0.15656 -0.987668 0
    outer loop
      vertex -25.62 -19.681 2.4
      vertex -25.7897 -19.7079 0
      vertex -25.62 -19.681 0
    endloop
  endfacet
  facet normal -0.15656 -0.987668 0
    outer loop
      vertex -25.62 -19.681 0
      vertex -25.4503 -19.7079 2.4
      vertex -25.62 -19.681 2.4
    endloop
  endfacet
  facet normal -0.15656 -0.987668 -0
    outer loop
      vertex -25.4503 -19.7079 2.4
      vertex -25.62 -19.681 0
      vertex -25.4503 -19.7079 0
    endloop
  endfacet
  facet normal -0.453725 -0.891142 0
    outer loop
      vertex -25.4503 -19.7079 0
      vertex -25.2973 -19.7858 2.4
      vertex -25.4503 -19.7079 2.4
    endloop
  endfacet
  facet normal -0.453725 -0.891142 -0
    outer loop
      vertex -25.2973 -19.7858 2.4
      vertex -25.4503 -19.7079 0
      vertex -25.2973 -19.7858 0
    endloop
  endfacet
  facet normal -0.707398 -0.706816 0
    outer loop
      vertex -25.1759 -19.9073 0
      vertex -25.2973 -19.7858 2.4
      vertex -25.2973 -19.7858 0
    endloop
  endfacet
  facet normal -0.707398 -0.706816 0
    outer loop
      vertex -25.2973 -19.7858 2.4
      vertex -25.1759 -19.9073 0
      vertex -25.1759 -19.9073 2.4
    endloop
  endfacet
  facet normal -0.890906 -0.454187 0
    outer loop
      vertex -25.0979 -20.0603 0
      vertex -25.1759 -19.9073 2.4
      vertex -25.1759 -19.9073 0
    endloop
  endfacet
  facet normal -0.890906 -0.454187 0
    outer loop
      vertex -25.1759 -19.9073 2.4
      vertex -25.0979 -20.0603 0
      vertex -25.0979 -20.0603 2.4
    endloop
  endfacet
  facet normal -0.987668 -0.15656 0
    outer loop
      vertex -25.071 -20.23 0
      vertex -25.0979 -20.0603 2.4
      vertex -25.0979 -20.0603 0
    endloop
  endfacet
  facet normal -0.987668 -0.15656 0
    outer loop
      vertex -25.0979 -20.0603 2.4
      vertex -25.071 -20.23 0
      vertex -25.071 -20.23 2.4
    endloop
  endfacet
  facet normal -0.987654 0.15665 0
    outer loop
      vertex -25.0979 -20.3996 0
      vertex -25.071 -20.23 2.4
      vertex -25.071 -20.23 0
    endloop
  endfacet
  facet normal -0.987654 0.15665 0
    outer loop
      vertex -25.071 -20.23 2.4
      vertex -25.0979 -20.3996 0
      vertex -25.0979 -20.3996 2.4
    endloop
  endfacet
  facet normal -0.891026 0.453952 0
    outer loop
      vertex -25.1759 -20.5527 0
      vertex -25.0979 -20.3996 2.4
      vertex -25.0979 -20.3996 0
    endloop
  endfacet
  facet normal -0.891026 0.453952 0
    outer loop
      vertex -25.0979 -20.3996 2.4
      vertex -25.1759 -20.5527 0
      vertex -25.1759 -20.5527 2.4
    endloop
  endfacet
  facet normal -0.707107 0.707107 0
    outer loop
      vertex -25.2973 -20.6741 0
      vertex -25.1759 -20.5527 2.4
      vertex -25.1759 -20.5527 0
    endloop
  endfacet
  facet normal -0.707107 0.707107 0
    outer loop
      vertex -25.1759 -20.5527 2.4
      vertex -25.2973 -20.6741 0
      vertex -25.2973 -20.6741 2.4
    endloop
  endfacet
  facet normal -0.479042 0.877792 0
    outer loop
      vertex -25.2973 -20.6741 0
      vertex -26.6245 -21.3984 2.4
      vertex -25.2973 -20.6741 2.4
    endloop
  endfacet
  facet normal -0.479042 0.877792 0
    outer loop
      vertex -26.6245 -21.3984 2.4
      vertex -25.2973 -20.6741 0
      vertex -26.6245 -21.3984 0
    endloop
  endfacet
  facet normal -0.454057 0.890972 0
    outer loop
      vertex -26.6245 -21.3984 0
      vertex -26.8272 -21.5017 2.4
      vertex -26.6245 -21.3984 2.4
    endloop
  endfacet
  facet normal -0.454057 0.890972 0
    outer loop
      vertex -26.8272 -21.5017 2.4
      vertex -26.6245 -21.3984 0
      vertex -26.8272 -21.5017 0
    endloop
  endfacet
  facet normal -0.32981 0.944047 0
    outer loop
      vertex -26.8272 -21.5017 0
      vertex -28.2209 -21.9886 2.4
      vertex -26.8272 -21.5017 2.4
    endloop
  endfacet
  facet normal -0.32981 0.944047 0
    outer loop
      vertex -28.2209 -21.9886 2.4
      vertex -26.8272 -21.5017 0
      vertex -28.2209 -21.9886 0
    endloop
  endfacet
  facet normal -0.157016 0.987596 0
    outer loop
      vertex -28.2209 -21.9886 0
      vertex -29.6317 -22.2129 2.4
      vertex -28.2209 -21.9886 2.4
    endloop
  endfacet
  facet normal -0.157016 0.987596 0
    outer loop
      vertex -29.6317 -22.2129 2.4
      vertex -28.2209 -21.9886 0
      vertex -29.6317 -22.2129 0
    endloop
  endfacet
  facet normal -0.156493 0.987679 0
    outer loop
      vertex -29.6317 -22.2129 0
      vertex -29.9662 -22.2659 2.4
      vertex -29.6317 -22.2129 2.4
    endloop
  endfacet
  facet normal -0.156493 0.987679 0
    outer loop
      vertex -29.9662 -22.2659 2.4
      vertex -29.6317 -22.2129 0
      vertex -29.9662 -22.2659 0
    endloop
  endfacet
  facet normal 0.020027 0.999799 -0
    outer loop
      vertex -29.9662 -22.2659 0
      vertex -31.4489 -22.2362 2.4
      vertex -29.9662 -22.2659 2.4
    endloop
  endfacet
  facet normal 0.020027 0.999799 0
    outer loop
      vertex -31.4489 -22.2362 2.4
      vertex -29.9662 -22.2659 0
      vertex -31.4489 -22.2362 0
    endloop
  endfacet
  facet normal 0.156418 0.987691 -0
    outer loop
      vertex -31.4489 -22.2362 0
      vertex -31.8385 -22.1745 2.4
      vertex -31.4489 -22.2362 2.4
    endloop
  endfacet
  facet normal 0.156418 0.987691 0
    outer loop
      vertex -31.8385 -22.1745 2.4
      vertex -31.4489 -22.2362 0
      vertex -31.8385 -22.1745 0
    endloop
  endfacet
  facet normal 0.1901 0.981765 -0
    outer loop
      vertex -31.8385 -22.1745 0
      vertex -33.393 -21.8735 2.4
      vertex -31.8385 -22.1745 2.4
    endloop
  endfacet
  facet normal 0.1901 0.981765 0
    outer loop
      vertex -33.393 -21.8735 2.4
      vertex -31.8385 -22.1745 0
      vertex -33.393 -21.8735 0
    endloop
  endfacet
  facet normal 0.337584 0.941295 -0
    outer loop
      vertex -33.393 -21.8735 0
      vertex -34.9645 -21.3099 2.4
      vertex -33.393 -21.8735 2.4
    endloop
  endfacet
  facet normal 0.337584 0.941295 0
    outer loop
      vertex -34.9645 -21.3099 2.4
      vertex -33.393 -21.8735 0
      vertex -34.9645 -21.3099 0
    endloop
  endfacet
  facet normal 0.453923 0.891041 -0
    outer loop
      vertex -34.9645 -21.3099 0
      vertex -35.4152 -21.0803 2.4
      vertex -34.9645 -21.3099 2.4
    endloop
  endfacet
  facet normal 0.453923 0.891041 0
    outer loop
      vertex -35.4152 -21.0803 2.4
      vertex -34.9645 -21.3099 0
      vertex -35.4152 -21.0803 0
    endloop
  endfacet
  facet normal 0.461285 0.887252 -0
    outer loop
      vertex -35.4152 -21.0803 0
      vertex -37.0532 -20.2287 2.4
      vertex -35.4152 -21.0803 2.4
    endloop
  endfacet
  facet normal 0.461285 0.887252 0
    outer loop
      vertex -37.0532 -20.2287 2.4
      vertex -35.4152 -21.0803 0
      vertex -37.0532 -20.2287 0
    endloop
  endfacet
  facet normal 0.558465 0.829528 -0
    outer loop
      vertex -37.0532 -20.2287 0
      vertex -38.7082 -19.1145 2.4
      vertex -37.0532 -20.2287 2.4
    endloop
  endfacet
  facet normal 0.558465 0.829528 0
    outer loop
      vertex -38.7082 -19.1145 2.4
      vertex -37.0532 -20.2287 0
      vertex -38.7082 -19.1145 0
    endloop
  endfacet
  facet normal 0.635698 0.771938 -0
    outer loop
      vertex -38.7082 -19.1145 0
      vertex -39.8295 -18.1911 2.4
      vertex -38.7082 -19.1145 2.4
    endloop
  endfacet
  facet normal 0.635698 0.771938 0
    outer loop
      vertex -39.8295 -18.1911 2.4
      vertex -38.7082 -19.1145 0
      vertex -39.8295 -18.1911 0
    endloop
  endfacet
  facet normal -0.983018 -0.18351 0
    outer loop
      vertex -39.7398 -18.6716 0
      vertex -39.8295 -18.1911 2.4
      vertex -39.8295 -18.1911 0
    endloop
  endfacet
  facet normal -0.983018 -0.18351 0
    outer loop
      vertex -39.8295 -18.1911 2.4
      vertex -39.7398 -18.6716 0
      vertex -39.7398 -18.6716 2.4
    endloop
  endfacet
  facet normal -0.98001 -0.198949 0
    outer loop
      vertex -39.3752 -20.4676 0
      vertex -39.7398 -18.6716 2.4
      vertex -39.7398 -18.6716 0
    endloop
  endfacet
  facet normal -0.98001 -0.198949 0
    outer loop
      vertex -39.7398 -18.6716 2.4
      vertex -39.3752 -20.4676 0
      vertex -39.3752 -20.4676 2.4
    endloop
  endfacet
  facet normal -0.975777 -0.218769 0
    outer loop
      vertex -39.0276 -22.018 0
      vertex -39.3752 -20.4676 2.4
      vertex -39.3752 -20.4676 0
    endloop
  endfacet
  facet normal -0.975777 -0.218769 0
    outer loop
      vertex -39.3752 -20.4676 2.4
      vertex -39.0276 -22.018 0
      vertex -39.0276 -22.018 2.4
    endloop
  endfacet
  facet normal -0.96936 -0.245646 0
    outer loop
      vertex -38.697 -23.3226 0
      vertex -39.0276 -22.018 2.4
      vertex -39.0276 -22.018 0
    endloop
  endfacet
  facet normal -0.96936 -0.245646 0
    outer loop
      vertex -39.0276 -22.018 2.4
      vertex -38.697 -23.3226 0
      vertex -38.697 -23.3226 2.4
    endloop
  endfacet
  facet normal -0.95881 -0.284048 0
    outer loop
      vertex -38.3833 -24.3815 0
      vertex -38.697 -23.3226 2.4
      vertex -38.697 -23.3226 0
    endloop
  endfacet
  facet normal -0.95881 -0.284048 0
    outer loop
      vertex -38.697 -23.3226 2.4
      vertex -38.3833 -24.3815 0
      vertex -38.3833 -24.3815 2.4
    endloop
  endfacet
  facet normal -0.939402 -0.342819 0
    outer loop
      vertex -38.0865 -25.1948 0
      vertex -38.3833 -24.3815 2.4
      vertex -38.3833 -24.3815 0
    endloop
  endfacet
  facet normal -0.939402 -0.342819 0
    outer loop
      vertex -38.3833 -24.3815 2.4
      vertex -38.0865 -25.1948 0
      vertex -38.0865 -25.1948 2.4
    endloop
  endfacet
  facet normal -0.896914 -0.442206 0
    outer loop
      vertex -37.9238 -25.5248 0
      vertex -38.0865 -25.1948 2.4
      vertex -38.0865 -25.1948 0
    endloop
  endfacet
  facet normal -0.896914 -0.442206 0
    outer loop
      vertex -38.0865 -25.1948 2.4
      vertex -37.9238 -25.5248 0
      vertex -37.9238 -25.5248 2.4
    endloop
  endfacet
  facet normal -0.790189 -0.612863 0
    outer loop
      vertex -37.7465 -25.7534 0
      vertex -37.9238 -25.5248 2.4
      vertex -37.9238 -25.5248 0
    endloop
  endfacet
  facet normal -0.790189 -0.612863 0
    outer loop
      vertex -37.9238 -25.5248 2.4
      vertex -37.7465 -25.7534 0
      vertex -37.7465 -25.7534 2.4
    endloop
  endfacet
  facet normal -0.46919 -0.883097 0
    outer loop
      vertex -37.7465 -25.7534 0
      vertex -37.4973 -25.8858 2.4
      vertex -37.7465 -25.7534 2.4
    endloop
  endfacet
  facet normal -0.46919 -0.883097 -0
    outer loop
      vertex -37.4973 -25.8858 2.4
      vertex -37.7465 -25.7534 0
      vertex -37.4973 -25.8858 0
    endloop
  endfacet
  facet normal -0.707398 -0.706816 0
    outer loop
      vertex -37.3759 -26.0073 0
      vertex -37.4973 -25.8858 2.4
      vertex -37.4973 -25.8858 0
    endloop
  endfacet
  facet normal -0.707398 -0.706816 0
    outer loop
      vertex -37.4973 -25.8858 2.4
      vertex -37.3759 -26.0073 0
      vertex -37.3759 -26.0073 2.4
    endloop
  endfacet
  facet normal -0.890906 -0.454187 0
    outer loop
      vertex -37.2979 -26.1603 0
      vertex -37.3759 -26.0073 2.4
      vertex -37.3759 -26.0073 0
    endloop
  endfacet
  facet normal -0.890906 -0.454187 0
    outer loop
      vertex -37.3759 -26.0073 2.4
      vertex -37.2979 -26.1603 0
      vertex -37.2979 -26.1603 2.4
    endloop
  endfacet
  facet normal -0.987668 -0.15656 0
    outer loop
      vertex -37.271 -26.33 0
      vertex -37.2979 -26.1603 2.4
      vertex -37.2979 -26.1603 0
    endloop
  endfacet
  facet normal -0.987668 -0.15656 0
    outer loop
      vertex -37.2979 -26.1603 2.4
      vertex -37.271 -26.33 0
      vertex -37.271 -26.33 2.4
    endloop
  endfacet
  facet normal -0.987654 0.15665 0
    outer loop
      vertex -37.2979 -26.4996 0
      vertex -37.271 -26.33 2.4
      vertex -37.271 -26.33 0
    endloop
  endfacet
  facet normal -0.987654 0.15665 0
    outer loop
      vertex -37.271 -26.33 2.4
      vertex -37.2979 -26.4996 0
      vertex -37.2979 -26.4996 2.4
    endloop
  endfacet
  facet normal -0.891026 0.453952 0
    outer loop
      vertex -37.3759 -26.6527 0
      vertex -37.2979 -26.4996 2.4
      vertex -37.2979 -26.4996 0
    endloop
  endfacet
  facet normal -0.891026 0.453952 0
    outer loop
      vertex -37.2979 -26.4996 2.4
      vertex -37.3759 -26.6527 0
      vertex -37.3759 -26.6527 2.4
    endloop
  endfacet
  facet normal -0.707107 0.707107 0
    outer loop
      vertex -37.3759 -26.6527 0
      vertex -37.4973 -26.7741 2.4
      vertex -37.3759 -26.6527 2.4
    endloop
  endfacet
  facet normal -0.707107 0.707107 0
    outer loop
      vertex -37.4973 -26.7741 2.4
      vertex -37.3759 -26.6527 0
      vertex -37.4973 -26.7741 0
    endloop
  endfacet
  facet normal -0.454187 0.890906 0
    outer loop
      vertex -37.4973 -26.7741 0
      vertex -37.6503 -26.8521 2.4
      vertex -37.4973 -26.7741 2.4
    endloop
  endfacet
  facet normal -0.454187 0.890906 0
    outer loop
      vertex -37.6503 -26.8521 2.4
      vertex -37.4973 -26.7741 0
      vertex -37.6503 -26.8521 0
    endloop
  endfacet
  facet normal -0.380052 0.924965 0
    outer loop
      vertex -37.6503 -26.8521 0
      vertex -38.0105 -27.0001 2.4
      vertex -37.6503 -26.8521 2.4
    endloop
  endfacet
  facet normal -0.380052 0.924965 0
    outer loop
      vertex -38.0105 -27.0001 2.4
      vertex -37.6503 -26.8521 0
      vertex -38.0105 -27.0001 0
    endloop
  endfacet
  facet normal -0.15655 0.98767 0
    outer loop
      vertex -38.0105 -27.0001 0
      vertex -38.2351 -27.0357 2.4
      vertex -38.0105 -27.0001 2.4
    endloop
  endfacet
  facet normal -0.15655 0.98767 0
    outer loop
      vertex -38.2351 -27.0357 2.4
      vertex -38.0105 -27.0001 0
      vertex -38.2351 -27.0357 0
    endloop
  endfacet
  facet normal 0.156482 0.987681 -0
    outer loop
      vertex -38.2351 -27.0357 0
      vertex -38.4598 -27.0001 2.4
      vertex -38.2351 -27.0357 2.4
    endloop
  endfacet
  facet normal 0.156482 0.987681 0
    outer loop
      vertex -38.4598 -27.0001 2.4
      vertex -38.2351 -27.0357 0
      vertex -38.4598 -27.0001 0
    endloop
  endfacet
  facet normal 0.196503 0.980503 -0
    outer loop
      vertex -38.4598 -27.0001 0
      vertex -38.9468 -26.9025 2.4
      vertex -38.4598 -27.0001 2.4
    endloop
  endfacet
  facet normal 0.196503 0.980503 0
    outer loop
      vertex -38.9468 -26.9025 2.4
      vertex -38.4598 -27.0001 0
      vertex -38.9468 -26.9025 0
    endloop
  endfacet
  facet normal 0.453841 0.891083 -0
    outer loop
      vertex -38.9468 -26.9025 0
      vertex -39.1991 -26.774 2.4
      vertex -38.9468 -26.9025 2.4
    endloop
  endfacet
  facet normal 0.453841 0.891083 0
    outer loop
      vertex -39.1991 -26.774 2.4
      vertex -38.9468 -26.9025 0
      vertex -39.1991 -26.774 0
    endloop
  endfacet
  facet normal 0.554318 0.832305 -0
    outer loop
      vertex -39.1991 -26.774 0
      vertex -39.7527 -26.4053 2.4
      vertex -39.1991 -26.774 2.4
    endloop
  endfacet
  facet normal 0.554318 0.832305 0
    outer loop
      vertex -39.7527 -26.4053 2.4
      vertex -39.1991 -26.774 0
      vertex -39.7527 -26.4053 0
    endloop
  endfacet
  facet normal 0.707107 0.707107 0
    outer loop
      vertex -39.7527 -26.4053 2.4
      vertex -39.9922 -26.1658 0
      vertex -39.9922 -26.1658 2.4
    endloop
  endfacet
  facet normal 0.707107 0.707107 0
    outer loop
      vertex -39.9922 -26.1658 0
      vertex -39.7527 -26.4053 2.4
      vertex -39.7527 -26.4053 0
    endloop
  endfacet
  facet normal 0.731178 0.682187 0
    outer loop
      vertex -39.9922 -26.1658 2.4
      vertex -40.6021 -25.5121 0
      vertex -40.6021 -25.5121 2.4
    endloop
  endfacet
  facet normal 0.731178 0.682187 0
    outer loop
      vertex -40.6021 -25.5121 0
      vertex -39.9922 -26.1658 2.4
      vertex -39.9922 -26.1658 0
    endloop
  endfacet
  facet normal 0.820379 0.571821 0
    outer loop
      vertex -40.6021 -25.5121 2.4
      vertex -41.229 -24.6127 0
      vertex -41.229 -24.6127 2.4
    endloop
  endfacet
  facet normal 0.820379 0.571821 0
    outer loop
      vertex -41.229 -24.6127 0
      vertex -40.6021 -25.5121 2.4
      vertex -40.6021 -25.5121 0
    endloop
  endfacet
  facet normal 0.871679 0.490077 0
    outer loop
      vertex -41.229 -24.6127 2.4
      vertex -41.8728 -23.4676 0
      vertex -41.8728 -23.4676 2.4
    endloop
  endfacet
  facet normal 0.871679 0.490077 0
    outer loop
      vertex -41.8728 -23.4676 0
      vertex -41.229 -24.6127 2.4
      vertex -41.229 -24.6127 0
    endloop
  endfacet
  facet normal 0.891 0.454003 0
    outer loop
      vertex -41.8728 -23.4676 2.4
      vertex -42.1024 -23.017 0
      vertex -42.1024 -23.017 2.4
    endloop
  endfacet
  facet normal 0.891 0.454003 0
    outer loop
      vertex -42.1024 -23.017 0
      vertex -41.8728 -23.4676 2.4
      vertex -41.8728 -23.4676 0
    endloop
  endfacet
  facet normal 0.902837 0.429982 0
    outer loop
      vertex -42.1024 -23.017 2.4
      vertex -42.7884 -21.5766 0
      vertex -42.7884 -21.5766 2.4
    endloop
  endfacet
  facet normal 0.902837 0.429982 0
    outer loop
      vertex -42.7884 -21.5766 0
      vertex -42.1024 -23.017 2.4
      vertex -42.1024 -23.017 0
    endloop
  endfacet
  facet normal 0.92298 0.384849 0
    outer loop
      vertex -42.7884 -21.5766 2.4
      vertex -43.4914 -19.8906 0
      vertex -43.4914 -19.8906 2.4
    endloop
  endfacet
  facet normal 0.92298 0.384849 0
    outer loop
      vertex -43.4914 -19.8906 0
      vertex -42.7884 -21.5766 2.4
      vertex -42.7884 -21.5766 0
    endloop
  endfacet
  facet normal 0.937065 0.349156 0
    outer loop
      vertex -43.4914 -19.8906 2.4
      vertex -44.2112 -17.9588 0
      vertex -44.2112 -17.9588 2.4
    endloop
  endfacet
  facet normal 0.937065 0.349156 0
    outer loop
      vertex -44.2112 -17.9588 0
      vertex -43.4914 -19.8906 2.4
      vertex -43.4914 -19.8906 0
    endloop
  endfacet
  facet normal 0.947178 0.320708 0
    outer loop
      vertex -44.2112 -17.9588 2.4
      vertex -44.2627 -17.8067 0
      vertex -44.2627 -17.8067 2.4
    endloop
  endfacet
  facet normal 0.947178 0.320708 0
    outer loop
      vertex -44.2627 -17.8067 0
      vertex -44.2112 -17.9588 2.4
      vertex -44.2112 -17.9588 0
    endloop
  endfacet
  facet normal -0.890954 0.454094 0
    outer loop
      vertex -44.3154 -17.9101 0
      vertex -44.2627 -17.8067 2.4
      vertex -44.2627 -17.8067 0
    endloop
  endfacet
  facet normal -0.890954 0.454094 0
    outer loop
      vertex -44.2627 -17.8067 2.4
      vertex -44.3154 -17.9101 0
      vertex -44.3154 -17.9101 2.4
    endloop
  endfacet
  facet normal -0.85713 0.515099 0
    outer loop
      vertex -45.3065 -19.5593 0
      vertex -44.3154 -17.9101 2.4
      vertex -44.3154 -17.9101 0
    endloop
  endfacet
  facet normal -0.85713 0.515099 0
    outer loop
      vertex -44.3154 -17.9101 2.4
      vertex -45.3065 -19.5593 0
      vertex -45.3065 -19.5593 2.4
    endloop
  endfacet
  facet normal -0.796492 0.604649 0
    outer loop
      vertex -46.3655 -20.9543 0
      vertex -45.3065 -19.5593 2.4
      vertex -45.3065 -19.5593 0
    endloop
  endfacet
  facet normal -0.796492 0.604649 0
    outer loop
      vertex -45.3065 -19.5593 2.4
      vertex -46.3655 -20.9543 0
      vertex -46.3655 -20.9543 2.4
    endloop
  endfacet
  facet normal -0.71149 0.702696 0
    outer loop
      vertex -47.4922 -22.0951 0
      vertex -46.3655 -20.9543 2.4
      vertex -46.3655 -20.9543 0
    endloop
  endfacet
  facet normal -0.71149 0.702696 0
    outer loop
      vertex -46.3655 -20.9543 2.4
      vertex -47.4922 -22.0951 0
      vertex -47.4922 -22.0951 2.4
    endloop
  endfacet
  facet normal -0.707206 0.707008 0
    outer loop
      vertex -47.8498 -22.4528 0
      vertex -47.4922 -22.0951 2.4
      vertex -47.4922 -22.0951 0
    endloop
  endfacet
  facet normal -0.707206 0.707008 0
    outer loop
      vertex -47.4922 -22.0951 2.4
      vertex -47.8498 -22.4528 0
      vertex -47.8498 -22.4528 2.4
    endloop
  endfacet
  facet normal -0.591433 0.806354 0
    outer loop
      vertex -47.8498 -22.4528 0
      vertex -49.005 -23.3001 2.4
      vertex -47.8498 -22.4528 2.4
    endloop
  endfacet
  facet normal -0.591433 0.806354 0
    outer loop
      vertex -49.005 -23.3001 2.4
      vertex -47.8498 -22.4528 0
      vertex -49.005 -23.3001 0
    endloop
  endfacet
  facet normal -0.453956 0.891024 0
    outer loop
      vertex -49.005 -23.3001 0
      vertex -49.406 -23.5044 2.4
      vertex -49.005 -23.3001 2.4
    endloop
  endfacet
  facet normal -0.453956 0.891024 0
    outer loop
      vertex -49.406 -23.5044 2.4
      vertex -49.005 -23.3001 0
      vertex -49.406 -23.5044 0
    endloop
  endfacet
  facet normal -0.435669 0.900107 0
    outer loop
      vertex -49.406 -23.5044 0
      vertex -50.5793 -24.0723 2.4
      vertex -49.406 -23.5044 2.4
    endloop
  endfacet
  facet normal -0.435669 0.900107 0
    outer loop
      vertex -50.5793 -24.0723 2.4
      vertex -49.406 -23.5044 0
      vertex -50.5793 -24.0723 0
    endloop
  endfacet
  facet normal -0.245053 0.96951 0
    outer loop
      vertex -50.5793 -24.0723 0
      vertex -51.8204 -24.386 2.4
      vertex -50.5793 -24.0723 2.4
    endloop
  endfacet
  facet normal -0.245053 0.96951 0
    outer loop
      vertex -51.8204 -24.386 2.4
      vertex -50.5793 -24.0723 0
      vertex -51.8204 -24.386 0
    endloop
  endfacet
  facet normal -0.156448 0.987686 0
    outer loop
      vertex -51.8204 -24.386 0
      vertex -52.155 -24.439 2.4
      vertex -51.8204 -24.386 2.4
    endloop
  endfacet
  facet normal -0.156448 0.987686 0
    outer loop
      vertex -52.155 -24.439 2.4
      vertex -51.8204 -24.386 0
      vertex -52.155 -24.439 0
    endloop
  endfacet
  facet normal -0.0404804 0.99918 0
    outer loop
      vertex -52.155 -24.439 0
      vertex -53.4089 -24.4898 2.4
      vertex -52.155 -24.439 2.4
    endloop
  endfacet
  facet normal -0.0404804 0.99918 0
    outer loop
      vertex -53.4089 -24.4898 2.4
      vertex -52.155 -24.439 0
      vertex -53.4089 -24.4898 0
    endloop
  endfacet
  facet normal 0.15204 0.988374 -0
    outer loop
      vertex -53.4089 -24.4898 0
      vertex -54.7305 -24.2865 2.4
      vertex -53.4089 -24.4898 2.4
    endloop
  endfacet
  facet normal 0.15204 0.988374 0
    outer loop
      vertex -54.7305 -24.2865 2.4
      vertex -53.4089 -24.4898 0
      vertex -54.7305 -24.2865 0
    endloop
  endfacet
  facet normal 0.156482 0.987681 -0
    outer loop
      vertex -54.7305 -24.2865 0
      vertex -54.9552 -24.2509 2.4
      vertex -54.7305 -24.2865 2.4
    endloop
  endfacet
  facet normal 0.156482 0.987681 0
    outer loop
      vertex -54.9552 -24.2509 2.4
      vertex -54.7305 -24.2865 0
      vertex -54.9552 -24.2509 0
    endloop
  endfacet
  facet normal 0.318784 0.947827 -0
    outer loop
      vertex -54.9552 -24.2509 0
      vertex -56.2896 -23.8021 2.4
      vertex -54.9552 -24.2509 2.4
    endloop
  endfacet
  facet normal 0.318784 0.947827 0
    outer loop
      vertex -56.2896 -23.8021 2.4
      vertex -54.9552 -24.2509 0
      vertex -56.2896 -23.8021 0
    endloop
  endfacet
  facet normal 0.453952 0.891026 -0
    outer loop
      vertex -56.2896 -23.8021 0
      vertex -56.4427 -23.7241 2.4
      vertex -56.2896 -23.8021 2.4
    endloop
  endfacet
  facet normal 0.453952 0.891026 0
    outer loop
      vertex -56.4427 -23.7241 2.4
      vertex -56.2896 -23.8021 0
      vertex -56.4427 -23.7241 0
    endloop
  endfacet
  facet normal 0.707107 0.707107 -0
    outer loop
      vertex -56.4427 -23.7241 0
      vertex -56.5641 -23.6027 2.4
      vertex -56.4427 -23.7241 2.4
    endloop
  endfacet
  facet normal 0.707107 0.707107 0
    outer loop
      vertex -56.5641 -23.6027 2.4
      vertex -56.4427 -23.7241 0
      vertex -56.5641 -23.6027 0
    endloop
  endfacet
  facet normal 0.891026 0.453952 0
    outer loop
      vertex -56.5641 -23.6027 2.4
      vertex -56.6421 -23.4496 0
      vertex -56.6421 -23.4496 2.4
    endloop
  endfacet
  facet normal 0.891026 0.453952 0
    outer loop
      vertex -56.6421 -23.4496 0
      vertex -56.5641 -23.6027 2.4
      vertex -56.5641 -23.6027 0
    endloop
  endfacet
  facet normal 0.987654 0.15665 0
    outer loop
      vertex -56.6421 -23.4496 2.4
      vertex -56.669 -23.28 0
      vertex -56.669 -23.28 2.4
    endloop
  endfacet
  facet normal 0.987654 0.15665 0
    outer loop
      vertex -56.669 -23.28 0
      vertex -56.6421 -23.4496 2.4
      vertex -56.6421 -23.4496 0
    endloop
  endfacet
  facet normal 0.987668 -0.15656 0
    outer loop
      vertex -56.669 -23.28 2.4
      vertex -56.6421 -23.1103 0
      vertex -56.6421 -23.1103 2.4
    endloop
  endfacet
  facet normal 0.987668 -0.15656 0
    outer loop
      vertex -56.6421 -23.1103 0
      vertex -56.669 -23.28 2.4
      vertex -56.669 -23.28 0
    endloop
  endfacet
  facet normal 0.890906 -0.454187 0
    outer loop
      vertex -56.6421 -23.1103 2.4
      vertex -56.5641 -22.9573 0
      vertex -56.5641 -22.9573 2.4
    endloop
  endfacet
  facet normal 0.890906 -0.454187 0
    outer loop
      vertex -56.5641 -22.9573 0
      vertex -56.6421 -23.1103 2.4
      vertex -56.6421 -23.1103 0
    endloop
  endfacet
  facet normal 0.707398 -0.706816 0
    outer loop
      vertex -56.5641 -22.9573 0
      vertex -56.4427 -22.8358 2.4
      vertex -56.5641 -22.9573 2.4
    endloop
  endfacet
  facet normal 0.707398 -0.706816 0
    outer loop
      vertex -56.4427 -22.8358 2.4
      vertex -56.5641 -22.9573 0
      vertex -56.4427 -22.8358 0
    endloop
  endfacet
  facet normal 0.45349 -0.891262 0
    outer loop
      vertex -56.4427 -22.8358 0
      vertex -56.2896 -22.7579 2.4
      vertex -56.4427 -22.8358 2.4
    endloop
  endfacet
  facet normal 0.45349 -0.891262 0
    outer loop
      vertex -56.2896 -22.7579 2.4
      vertex -56.4427 -22.8358 0
      vertex -56.2896 -22.7579 0
    endloop
  endfacet
  facet normal 0.15665 -0.987654 0
    outer loop
      vertex -56.2896 -22.7579 0
      vertex -56.12 -22.731 2.4
      vertex -56.2896 -22.7579 2.4
    endloop
  endfacet
  facet normal 0.15665 -0.987654 0
    outer loop
      vertex -56.12 -22.731 2.4
      vertex -56.2896 -22.7579 0
      vertex -56.12 -22.731 0
    endloop
  endfacet
  facet normal -0.0729965 -0.997332 0
    outer loop
      vertex -56.12 -22.731 0
      vertex -54.7305 -22.8327 2.4
      vertex -56.12 -22.731 2.4
    endloop
  endfacet
  facet normal -0.0729965 -0.997332 -0
    outer loop
      vertex -54.7305 -22.8327 2.4
      vertex -56.12 -22.731 0
      vertex -54.7305 -22.8327 0
    endloop
  endfacet
  facet normal 0.114672 -0.993403 0
    outer loop
      vertex -54.7305 -22.8327 0
      vertex -53.6329 -22.706 2.4
      vertex -54.7305 -22.8327 2.4
    endloop
  endfacet
  facet normal 0.114672 -0.993403 0
    outer loop
      vertex -53.6329 -22.706 2.4
      vertex -54.7305 -22.8327 0
      vertex -53.6329 -22.706 0
    endloop
  endfacet
  facet normal 0.31507 -0.949068 0
    outer loop
      vertex -53.6329 -22.706 0
      vertex -52.575 -22.3548 2.4
      vertex -53.6329 -22.706 2.4
    endloop
  endfacet
  facet normal 0.31507 -0.949068 0
    outer loop
      vertex -52.575 -22.3548 2.4
      vertex -53.6329 -22.706 0
      vertex -52.575 -22.3548 0
    endloop
  endfacet
  facet normal 0.50145 -0.865187 0
    outer loop
      vertex -52.575 -22.3548 0
      vertex -51.7099 -21.8534 2.4
      vertex -52.575 -22.3548 2.4
    endloop
  endfacet
  facet normal 0.50145 -0.865187 0
    outer loop
      vertex -51.7099 -21.8534 2.4
      vertex -52.575 -22.3548 0
      vertex -51.7099 -21.8534 0
    endloop
  endfacet
  facet normal 0.655934 -0.754818 0
    outer loop
      vertex -51.7099 -21.8534 0
      vertex -50.8916 -21.1423 2.4
      vertex -51.7099 -21.8534 2.4
    endloop
  endfacet
  facet normal 0.655934 -0.754818 0
    outer loop
      vertex -50.8916 -21.1423 2.4
      vertex -51.7099 -21.8534 0
      vertex -50.8916 -21.1423 0
    endloop
  endfacet
  facet normal 0.770529 -0.637405 0
    outer loop
      vertex -50.8916 -21.1423 2.4
      vertex -50.1078 -20.1948 0
      vertex -50.1078 -20.1948 2.4
    endloop
  endfacet
  facet normal 0.770529 -0.637405 0
    outer loop
      vertex -50.1078 -20.1948 0
      vertex -50.8916 -21.1423 2.4
      vertex -50.8916 -21.1423 0
    endloop
  endfacet
  facet normal 0.849375 -0.527789 0
    outer loop
      vertex -50.1078 -20.1948 2.4
      vertex -49.3343 -18.95 0
      vertex -49.3343 -18.95 2.4
    endloop
  endfacet
  facet normal 0.849375 -0.527789 0
    outer loop
      vertex -49.3343 -18.95 0
      vertex -50.1078 -20.1948 2.4
      vertex -50.1078 -20.1948 0
    endloop
  endfacet
  facet normal 0.901602 -0.432567 0
    outer loop
      vertex -49.3343 -18.95 2.4
      vertex -48.778 -17.7905 0
      vertex -48.778 -17.7905 2.4
    endloop
  endfacet
  facet normal 0.901602 -0.432567 0
    outer loop
      vertex -48.778 -17.7905 0
      vertex -49.3343 -18.95 2.4
      vertex -49.3343 -18.95 0
    endloop
  endfacet
  facet normal 0.936367 -0.351022 0
    outer loop
      vertex -48.778 -17.7905 2.4
      vertex -48.2113 -16.2788 0
      vertex -48.2113 -16.2788 2.4
    endloop
  endfacet
  facet normal 0.936367 -0.351022 0
    outer loop
      vertex -48.2113 -16.2788 0
      vertex -48.778 -17.7905 2.4
      vertex -48.778 -17.7905 0
    endloop
  endfacet
  facet normal -0.366584 0.930385 0
    outer loop
      vertex -48.2113 -16.2788 0
      vertex -49.4105 -16.7513 2.4
      vertex -48.2113 -16.2788 2.4
    endloop
  endfacet
  facet normal -0.366584 0.930385 0
    outer loop
      vertex -49.4105 -16.7513 2.4
      vertex -48.2113 -16.2788 0
      vertex -49.4105 -16.7513 0
    endloop
  endfacet
  facet normal -0.208868 0.977944 0
    outer loop
      vertex -49.4105 -16.7513 0
      vertex -51.1176 -17.1159 2.4
      vertex -49.4105 -16.7513 2.4
    endloop
  endfacet
  facet normal -0.208868 0.977944 0
    outer loop
      vertex -51.1176 -17.1159 2.4
      vertex -49.4105 -16.7513 0
      vertex -51.1176 -17.1159 0
    endloop
  endfacet
  facet normal -0.156392 0.987695 0
    outer loop
      vertex -51.1176 -17.1159 0
      vertex -51.6721 -17.2037 2.4
      vertex -51.1176 -17.1159 2.4
    endloop
  endfacet
  facet normal -0.156392 0.987695 0
    outer loop
      vertex -51.6721 -17.2037 2.4
      vertex -51.1176 -17.1159 0
      vertex -51.6721 -17.2037 0
    endloop
  endfacet
  facet normal -0.0397829 0.999208 0
    outer loop
      vertex -51.6721 -17.2037 0
      vertex -53.375 -17.2715 2.4
      vertex -51.6721 -17.2037 2.4
    endloop
  endfacet
  facet normal -0.0397829 0.999208 0
    outer loop
      vertex -53.375 -17.2715 2.4
      vertex -51.6721 -17.2037 0
      vertex -53.375 -17.2715 0
    endloop
  endfacet
  facet normal 0.124641 0.992202 -0
    outer loop
      vertex -53.375 -17.2715 0
      vertex -55.1287 -17.0512 2.4
      vertex -53.375 -17.2715 2.4
    endloop
  endfacet
  facet normal 0.124641 0.992202 0
    outer loop
      vertex -55.1287 -17.0512 2.4
      vertex -53.375 -17.2715 0
      vertex -55.1287 -17.0512 0
    endloop
  endfacet
  facet normal 0.156396 0.987694 -0
    outer loop
      vertex -55.1287 -17.0512 0
      vertex -55.5733 -16.9808 2.4
      vertex -55.1287 -17.0512 2.4
    endloop
  endfacet
  facet normal 0.156396 0.987694 0
    outer loop
      vertex -55.5733 -16.9808 2.4
      vertex -55.1287 -17.0512 0
      vertex -55.5733 -16.9808 0
    endloop
  endfacet
  facet normal 0.274576 0.961565 -0
    outer loop
      vertex -55.5733 -16.9808 0
      vertex -57.3229 -16.4812 2.4
      vertex -55.5733 -16.9808 2.4
    endloop
  endfacet
  facet normal 0.274576 0.961565 0
    outer loop
      vertex -57.3229 -16.4812 2.4
      vertex -55.5733 -16.9808 0
      vertex -57.3229 -16.4812 0
    endloop
  endfacet
  facet normal 0.40083 0.916153 -0
    outer loop
      vertex -57.3229 -16.4812 0
      vertex -59.1233 -15.6935 2.4
      vertex -57.3229 -16.4812 2.4
    endloop
  endfacet
  facet normal 0.40083 0.916153 0
    outer loop
      vertex -59.1233 -15.6935 2.4
      vertex -57.3229 -16.4812 0
      vertex -59.1233 -15.6935 0
    endloop
  endfacet
  facet normal 0.45393 0.891037 -0
    outer loop
      vertex -59.1233 -15.6935 0
      vertex -59.4252 -15.5397 2.4
      vertex -59.1233 -15.6935 2.4
    endloop
  endfacet
  facet normal 0.45393 0.891037 0
    outer loop
      vertex -59.4252 -15.5397 2.4
      vertex -59.1233 -15.6935 0
      vertex -59.4252 -15.5397 0
    endloop
  endfacet
  facet normal 0.503716 0.863869 -0
    outer loop
      vertex -59.4252 -15.5397 0
      vertex -61.2268 -14.4892 2.4
      vertex -59.4252 -15.5397 2.4
    endloop
  endfacet
  facet normal 0.503716 0.863869 0
    outer loop
      vertex -61.2268 -14.4892 2.4
      vertex -59.4252 -15.5397 0
      vertex -61.2268 -14.4892 0
    endloop
  endfacet
  facet normal 0.584982 0.811046 -0
    outer loop
      vertex -61.2268 -14.4892 0
      vertex -61.3025 -14.4346 2.4
      vertex -61.2268 -14.4892 2.4
    endloop
  endfacet
  facet normal 0.584982 0.811046 0
    outer loop
      vertex -61.3025 -14.4346 2.4
      vertex -61.2268 -14.4892 0
      vertex -61.3025 -14.4346 0
    endloop
  endfacet
  facet normal 0.972369 0.23345 0
    outer loop
      vertex -61.3025 -14.4346 2.4
      vertex -61.6233 -13.0984 0
      vertex -61.6233 -13.0984 2.4
    endloop
  endfacet
  facet normal 0.972369 0.23345 0
    outer loop
      vertex -61.6233 -13.0984 0
      vertex -61.3025 -14.4346 2.4
      vertex -61.3025 -14.4346 0
    endloop
  endfacet
  facet normal 0.983252 0.182249 0
    outer loop
      vertex -61.6233 -13.0984 2.4
      vertex -61.7906 -12.1958 0
      vertex -61.7906 -12.1958 2.4
    endloop
  endfacet
  facet normal 0.983252 0.182249 0
    outer loop
      vertex -61.7906 -12.1958 0
      vertex -61.6233 -13.0984 2.4
      vertex -61.6233 -13.0984 0
    endloop
  endfacet
  facet normal -0.454067 -0.890967 0
    outer loop
      vertex -61.7906 -12.1958 0
      vertex -60.4153 -12.8967 2.4
      vertex -61.7906 -12.1958 2.4
    endloop
  endfacet
  facet normal -0.454067 -0.890967 -0
    outer loop
      vertex -60.4153 -12.8967 2.4
      vertex -61.7906 -12.1958 0
      vertex -60.4153 -12.8967 0
    endloop
  endfacet
  facet normal -0.351897 -0.936039 0
    outer loop
      vertex -60.4153 -12.8967 0
      vertex -58.4541 -13.634 2.4
      vertex -60.4153 -12.8967 2.4
    endloop
  endfacet
  facet normal -0.351897 -0.936039 -0
    outer loop
      vertex -58.4541 -13.634 2.4
      vertex -60.4153 -12.8967 0
      vertex -58.4541 -13.634 0
    endloop
  endfacet
  facet normal -0.22891 -0.973448 0
    outer loop
      vertex -58.4541 -13.634 0
      vertex -56.7348 -14.0383 2.4
      vertex -58.4541 -13.634 2.4
    endloop
  endfacet
  facet normal -0.22891 -0.973448 -0
    outer loop
      vertex -56.7348 -14.0383 2.4
      vertex -58.4541 -13.634 0
      vertex -56.7348 -14.0383 0
    endloop
  endfacet
  facet normal -0.0841904 -0.99645 0
    outer loop
      vertex -56.7348 -14.0383 0
      vertex -55.1287 -14.174 2.4
      vertex -56.7348 -14.0383 2.4
    endloop
  endfacet
  facet normal -0.0841904 -0.99645 -0
    outer loop
      vertex -55.1287 -14.174 2.4
      vertex -56.7348 -14.0383 0
      vertex -55.1287 -14.174 0
    endloop
  endfacet
  facet normal 0.0770709 -0.997026 0
    outer loop
      vertex -55.1287 -14.174 0
      vertex -53.6423 -14.0591 2.4
      vertex -55.1287 -14.174 2.4
    endloop
  endfacet
  facet normal 0.0770709 -0.997026 0
    outer loop
      vertex -53.6423 -14.0591 2.4
      vertex -55.1287 -14.174 0
      vertex -53.6423 -14.0591 0
    endloop
  endfacet
  facet normal 0.244131 -0.969742 0
    outer loop
      vertex -53.6423 -14.0591 0
      vertex -52.2266 -13.7027 2.4
      vertex -53.6423 -14.0591 2.4
    endloop
  endfacet
  facet normal 0.244131 -0.969742 0
    outer loop
      vertex -52.2266 -13.7027 2.4
      vertex -53.6423 -14.0591 0
      vertex -52.2266 -13.7027 0
    endloop
  endfacet
  facet normal 0.402831 -0.915275 0
    outer loop
      vertex -52.2266 -13.7027 0
      vertex -50.9933 -13.1599 2.4
      vertex -52.2266 -13.7027 2.4
    endloop
  endfacet
  facet normal 0.402831 -0.915275 0
    outer loop
      vertex -50.9933 -13.1599 2.4
      vertex -52.2266 -13.7027 0
      vertex -50.9933 -13.1599 0
    endloop
  endfacet
  facet normal 0.542313 -0.840176 0
    outer loop
      vertex -50.9933 -13.1599 0
      vertex -50.7778 -13.0208 2.4
      vertex -50.9933 -13.1599 2.4
    endloop
  endfacet
  facet normal 0.542313 -0.840176 0
    outer loop
      vertex -50.7778 -13.0208 2.4
      vertex -50.9933 -13.1599 0
      vertex -50.7778 -13.0208 0
    endloop
  endfacet
  facet normal 0.163922 0.986473 -0
    outer loop
      vertex -50.7778 -13.0208 0
      vertex -51.985 -12.8202 2.4
      vertex -50.7778 -13.0208 2.4
    endloop
  endfacet
  facet normal 0.163922 0.986473 0
    outer loop
      vertex -51.985 -12.8202 2.4
      vertex -50.7778 -13.0208 0
      vertex -51.985 -12.8202 0
    endloop
  endfacet
  facet normal 0.296991 0.95488 -0
    outer loop
      vertex -51.985 -12.8202 0
      vertex -53.8363 -12.2444 2.4
      vertex -51.985 -12.8202 2.4
    endloop
  endfacet
  facet normal 0.296991 0.95488 0
    outer loop
      vertex -53.8363 -12.2444 2.4
      vertex -51.985 -12.8202 0
      vertex -53.8363 -12.2444 0
    endloop
  endfacet
  facet normal 0.412921 0.910767 -0
    outer loop
      vertex -53.8363 -12.2444 0
      vertex -55.7045 -11.3974 2.4
      vertex -53.8363 -12.2444 2.4
    endloop
  endfacet
  facet normal 0.412921 0.910767 0
    outer loop
      vertex -55.7045 -11.3974 2.4
      vertex -53.8363 -12.2444 0
      vertex -55.7045 -11.3974 0
    endloop
  endfacet
  facet normal 0.454003 0.891 -0
    outer loop
      vertex -55.7045 -11.3974 0
      vertex -56.1551 -11.1678 2.4
      vertex -55.7045 -11.3974 2.4
    endloop
  endfacet
  facet normal 0.454003 0.891 0
    outer loop
      vertex -56.1551 -11.1678 2.4
      vertex -55.7045 -11.3974 0
      vertex -56.1551 -11.1678 0
    endloop
  endfacet
  facet normal 0.511581 0.859235 -0
    outer loop
      vertex -56.1551 -11.1678 0
      vertex -57.9907 -10.0749 2.4
      vertex -56.1551 -11.1678 2.4
    endloop
  endfacet
  facet normal 0.511581 0.859235 0
    outer loop
      vertex -57.9907 -10.0749 2.4
      vertex -56.1551 -11.1678 0
      vertex -57.9907 -10.0749 0
    endloop
  endfacet
  facet normal 0.592886 0.805286 -0
    outer loop
      vertex -57.9907 -10.0749 0
      vertex -59.8432 -8.71101 2.4
      vertex -57.9907 -10.0749 2.4
    endloop
  endfacet
  facet normal 0.592886 0.805286 0
    outer loop
      vertex -59.8432 -8.71101 2.4
      vertex -57.9907 -10.0749 0
      vertex -59.8432 -8.71101 0
    endloop
  endfacet
  facet normal 0.658328 0.752731 -0
    outer loop
      vertex -59.8432 -8.71101 0
      vertex -61.7127 -7.07597 2.4
      vertex -59.8432 -8.71101 2.4
    endloop
  endfacet
  facet normal 0.658328 0.752731 0
    outer loop
      vertex -61.7127 -7.07597 2.4
      vertex -59.8432 -8.71101 0
      vertex -61.7127 -7.07597 0
    endloop
  endfacet
  facet normal 0.707166 0.707048 0
    outer loop
      vertex -61.7127 -7.07597 2.4
      vertex -61.9522 -6.83643 0
      vertex -61.9522 -6.83643 2.4
    endloop
  endfacet
  facet normal 0.707166 0.707048 0
    outer loop
      vertex -61.9522 -6.83643 0
      vertex -61.7127 -7.07597 2.4
      vertex -61.7127 -7.07597 0
    endloop
  endfacet
  facet normal 0.710874 0.703319 0
    outer loop
      vertex -61.9522 -6.83643 2.4
      vertex -62.6941 -6.08656 0
      vertex -62.6941 -6.08656 2.4
    endloop
  endfacet
  facet normal 0.710874 0.703319 0
    outer loop
      vertex -62.6941 -6.08656 0
      vertex -61.9522 -6.83643 2.4
      vertex -61.9522 -6.83643 0
    endloop
  endfacet
  facet normal 0.996917 0.0784653 0
    outer loop
      vertex -62.6941 -6.08656 2.4
      vertex -62.9077 -3.37273 0
      vertex -62.9077 -3.37273 2.4
    endloop
  endfacet
  facet normal 0.996917 0.0784653 0
    outer loop
      vertex -62.9077 -3.37273 0
      vertex -62.6941 -6.08656 2.4
      vertex -62.6941 -6.08656 0
    endloop
  endfacet
  facet normal -0.666694 -0.745331 0
    outer loop
      vertex -62.9077 -3.37273 0
      vertex -62.5354 -3.70575 2.4
      vertex -62.9077 -3.37273 2.4
    endloop
  endfacet
  facet normal -0.666694 -0.745331 -0
    outer loop
      vertex -62.5354 -3.70575 2.4
      vertex -62.9077 -3.37273 0
      vertex -62.5354 -3.70575 0
    endloop
  endfacet
  facet normal -0.611202 -0.791475 0
    outer loop
      vertex -62.5354 -3.70575 0
      vertex -60.4398 -5.32404 2.4
      vertex -62.5354 -3.70575 2.4
    endloop
  endfacet
  facet normal -0.611202 -0.791475 -0
    outer loop
      vertex -60.4398 -5.32404 2.4
      vertex -62.5354 -3.70575 0
      vertex -60.4398 -5.32404 0
    endloop
  endfacet
  facet normal -0.543878 -0.839164 0
    outer loop
      vertex -60.4398 -5.32404 0
      vertex -58.3612 -6.67122 2.4
      vertex -60.4398 -5.32404 2.4
    endloop
  endfacet
  facet normal -0.543878 -0.839164 -0
    outer loop
      vertex -58.3612 -6.67122 2.4
      vertex -60.4398 -5.32404 0
      vertex -58.3612 -6.67122 0
    endloop
  endfacet
  facet normal -0.462712 -0.886509 0
    outer loop
      vertex -58.3612 -6.67122 0
      vertex -56.6627 -7.55775 2.4
      vertex -58.3612 -6.67122 2.4
    endloop
  endfacet
  facet normal -0.462712 -0.886509 -0
    outer loop
      vertex -56.6627 -7.55775 2.4
      vertex -58.3612 -6.67122 0
      vertex -56.6627 -7.55775 0
    endloop
  endfacet
  facet normal -0.36399 -0.931403 0
    outer loop
      vertex -56.6627 -7.55775 0
      vertex -54.7055 -8.32262 2.4
      vertex -56.6627 -7.55775 2.4
    endloop
  endfacet
  facet normal -0.36399 -0.931403 -0
    outer loop
      vertex -54.7055 -8.32262 2.4
      vertex -56.6627 -7.55775 0
      vertex -54.7055 -8.32262 0
    endloop
  endfacet
  facet normal -0.248988 -0.968506 0
    outer loop
      vertex -54.7055 -8.32262 0
      vertex -52.8826 -8.79126 2.4
      vertex -54.7055 -8.32262 2.4
    endloop
  endfacet
  facet normal -0.248988 -0.968506 -0
    outer loop
      vertex -52.8826 -8.79126 2.4
      vertex -54.7055 -8.32262 0
      vertex -52.8826 -8.79126 0
    endloop
  endfacet
  facet normal -0.11915 -0.992876 0
    outer loop
      vertex -52.8826 -8.79126 0
      vertex -51.3755 -8.97212 2.4
      vertex -52.8826 -8.79126 2.4
    endloop
  endfacet
  facet normal -0.11915 -0.992876 -0
    outer loop
      vertex -51.3755 -8.97212 2.4
      vertex -52.8826 -8.79126 0
      vertex -51.3755 -8.97212 0
    endloop
  endfacet
  facet normal 0.022429 -0.999748 0
    outer loop
      vertex -51.3755 -8.97212 0
      vertex -49.5288 -8.93069 2.4
      vertex -51.3755 -8.97212 2.4
    endloop
  endfacet
  facet normal 0.022429 -0.999748 0
    outer loop
      vertex -49.5288 -8.93069 2.4
      vertex -51.3755 -8.97212 0
      vertex -49.5288 -8.93069 0
    endloop
  endfacet
  facet normal 0.165378 -0.98623 0
    outer loop
      vertex -49.5288 -8.93069 0
      vertex -48.3333 -8.73022 2.4
      vertex -49.5288 -8.93069 2.4
    endloop
  endfacet
  facet normal 0.165378 -0.98623 0
    outer loop
      vertex -48.3333 -8.73022 2.4
      vertex -49.5288 -8.93069 0
      vertex -48.3333 -8.73022 0
    endloop
  endfacet
  facet normal 0.304617 -0.952475 0
    outer loop
      vertex -48.3333 -8.73022 0
      vertex -47.8655 -8.58061 2.4
      vertex -48.3333 -8.73022 2.4
    endloop
  endfacet
  facet normal 0.304617 -0.952475 0
    outer loop
      vertex -47.8655 -8.58061 2.4
      vertex -48.3333 -8.73022 0
      vertex -47.8655 -8.58061 0
    endloop
  endfacet
  facet normal 0.979149 -0.203143 0
    outer loop
      vertex -47.8655 -8.58061 2.4
      vertex -47.865 -8.5782 0
      vertex -47.865 -8.5782 2.4
    endloop
  endfacet
  facet normal 0.979149 -0.203143 0
    outer loop
      vertex -47.865 -8.5782 0
      vertex -47.8655 -8.58061 2.4
      vertex -47.8655 -8.58061 0
    endloop
  endfacet
  facet normal 0.923884 -0.382674 0
    outer loop
      vertex -47.865 -8.5782 2.4
      vertex -47.7789 -8.37033 0
      vertex -47.7789 -8.37033 2.4
    endloop
  endfacet
  facet normal 0.923884 -0.382674 0
    outer loop
      vertex -47.7789 -8.37033 0
      vertex -47.865 -8.5782 2.4
      vertex -47.865 -8.5782 0
    endloop
  endfacet
  facet normal 0.984733 0.174072 0
    outer loop
      vertex -47.7789 -8.37033 2.4
      vertex -47.8301 -8.08069 0
      vertex -47.8301 -8.08069 2.4
    endloop
  endfacet
  facet normal 0.984733 0.174072 0
    outer loop
      vertex -47.8301 -8.08069 0
      vertex -47.7789 -8.37033 2.4
      vertex -47.7789 -8.37033 0
    endloop
  endfacet
  facet normal 0.987323 0.158723 0
    outer loop
      vertex -47.8301 -8.08069 2.4
      vertex -48.1522 -6.07709 0
      vertex -48.1522 -6.07709 2.4
    endloop
  endfacet
  facet normal 0.987323 0.158723 0
    outer loop
      vertex -48.1522 -6.07709 0
      vertex -47.8301 -8.08069 2.4
      vertex -47.8301 -8.08069 0
    endloop
  endfacet
  facet normal 0.987686 0.156448 0
    outer loop
      vertex -48.1522 -6.07709 2.4
      vertex -48.2052 -5.74249 0
      vertex -48.2052 -5.74249 2.4
    endloop
  endfacet
  facet normal 0.987686 0.156448 0
    outer loop
      vertex -48.2052 -5.74249 0
      vertex -48.1522 -6.07709 2.4
      vertex -48.1522 -6.07709 0
    endloop
  endfacet
  facet normal 0.988987 0.148004 0
    outer loop
      vertex -48.2052 -5.74249 2.4
      vertex -48.5526 -3.42111 0
      vertex -48.5526 -3.42111 2.4
    endloop
  endfacet
  facet normal 0.988987 0.148004 0
    outer loop
      vertex -48.5526 -3.42111 0
      vertex -48.2052 -5.74249 2.4
      vertex -48.2052 -5.74249 0
    endloop
  endfacet
  facet normal 0.990138 0.140096 0
    outer loop
      vertex -48.5526 -3.42111 2.4
      vertex -48.9338 -0.726944 0
      vertex -48.9338 -0.726944 2.4
    endloop
  endfacet
  facet normal 0.990138 0.140096 0
    outer loop
      vertex -48.9338 -0.726944 0
      vertex -48.5526 -3.42111 2.4
      vertex -48.5526 -3.42111 0
    endloop
  endfacet
  facet normal 0.99096 0.134155 0
    outer loop
      vertex -48.9338 -0.726944 2.4
      vertex -49.349 2.34 0
      vertex -49.349 2.34 2.4
    endloop
  endfacet
  facet normal 0.99096 0.134155 0
    outer loop
      vertex -49.349 2.34 0
      vertex -48.9338 -0.726944 2.4
      vertex -48.9338 -0.726944 0
    endloop
  endfacet
  facet normal 0.98766 -0.156614 0
    outer loop
      vertex -49.349 2.34 2.4
      vertex -49.3221 2.50964 0
      vertex -49.3221 2.50964 2.4
    endloop
  endfacet
  facet normal 0.98766 -0.156614 0
    outer loop
      vertex -49.3221 2.50964 0
      vertex -49.349 2.34 2.4
      vertex -49.349 2.34 0
    endloop
  endfacet
  facet normal 0.890942 -0.454117 0
    outer loop
      vertex -49.3221 2.50964 2.4
      vertex -49.2441 2.66267 0
      vertex -49.2441 2.66267 2.4
    endloop
  endfacet
  facet normal 0.890942 -0.454117 0
    outer loop
      vertex -49.2441 2.66267 0
      vertex -49.3221 2.50964 2.4
      vertex -49.3221 2.50964 0
    endloop
  endfacet
  facet normal 0.707281 -0.706932 0
    outer loop
      vertex -49.2441 2.66267 2.4
      vertex -49.1227 2.78413 0
      vertex -49.1227 2.78413 2.4
    endloop
  endfacet
  facet normal 0.707281 -0.706932 0
    outer loop
      vertex -49.1227 2.78413 0
      vertex -49.2441 2.66267 2.4
      vertex -49.2441 2.66267 0
    endloop
  endfacet
  facet normal 0.45386 -0.891073 0
    outer loop
      vertex -49.1227 2.78413 0
      vertex -48.9696 2.86211 2.4
      vertex -49.1227 2.78413 2.4
    endloop
  endfacet
  facet normal 0.45386 -0.891073 0
    outer loop
      vertex -48.9696 2.86211 2.4
      vertex -49.1227 2.78413 0
      vertex -48.9696 2.86211 0
    endloop
  endfacet
  facet normal 0.156597 -0.987663 0
    outer loop
      vertex -48.9696 2.86211 0
      vertex -48.8825 2.87592 2.4
      vertex -48.9696 2.86211 2.4
    endloop
  endfacet
  facet normal 0.156597 -0.987663 0
    outer loop
      vertex -48.8825 2.87592 2.4
      vertex -48.9696 2.86211 0
      vertex -48.8825 2.87592 0
    endloop
  endfacet
  facet normal 0.974863 0.222803 0
    outer loop
      vertex -48.8825 2.87592 2.4
      vertex -49.1712 4.13911 0
      vertex -49.1712 4.13911 2.4
    endloop
  endfacet
  facet normal 0.974863 0.222803 0
    outer loop
      vertex -49.1712 4.13911 0
      vertex -48.8825 2.87592 2.4
      vertex -48.8825 2.87592 0
    endloop
  endfacet
  facet normal 0.976675 0.214724 0
    outer loop
      vertex -49.1712 4.13911 2.4
      vertex -49.9298 7.58961 0
      vertex -49.9298 7.58961 2.4
    endloop
  endfacet
  facet normal 0.976675 0.214724 0
    outer loop
      vertex -49.9298 7.58961 0
      vertex -49.1712 4.13911 2.4
      vertex -49.1712 4.13911 0
    endloop
  endfacet
  facet normal 0.978519 0.206156 0
    outer loop
      vertex -49.9298 7.58961 2.4
      vertex -50.6407 10.9639 0
      vertex -50.6407 10.9639 2.4
    endloop
  endfacet
  facet normal 0.978519 0.206156 0
    outer loop
      vertex -50.6407 10.9639 0
      vertex -49.9298 7.58961 2.4
      vertex -49.9298 7.58961 0
    endloop
  endfacet
  facet normal 0.980374 0.197145 0
    outer loop
      vertex -50.6407 10.9639 2.4
      vertex -51.3039 14.2619 0
      vertex -51.3039 14.2619 2.4
    endloop
  endfacet
  facet normal 0.980374 0.197145 0
    outer loop
      vertex -51.3039 14.2619 0
      vertex -50.6407 10.9639 2.4
      vertex -50.6407 10.9639 0
    endloop
  endfacet
  facet normal 0.982231 0.187678 0
    outer loop
      vertex -51.3039 14.2619 2.4
      vertex -51.9195 17.4837 0
      vertex -51.9195 17.4837 2.4
    endloop
  endfacet
  facet normal 0.982231 0.187678 0
    outer loop
      vertex -51.9195 17.4837 0
      vertex -51.3039 14.2619 2.4
      vertex -51.3039 14.2619 0
    endloop
  endfacet
  facet normal 0.984084 0.177701 0
    outer loop
      vertex -51.9195 17.4837 2.4
      vertex -52.4875 20.6292 0
      vertex -52.4875 20.6292 2.4
    endloop
  endfacet
  facet normal 0.984084 0.177701 0
    outer loop
      vertex -52.4875 20.6292 0
      vertex -51.9195 17.4837 2.4
      vertex -51.9195 17.4837 0
    endloop
  endfacet
  facet normal 0.98594 0.167102 0
    outer loop
      vertex -52.4875 20.6292 2.4
      vertex -53.0077 23.6985 0
      vertex -53.0077 23.6985 2.4
    endloop
  endfacet
  facet normal 0.98594 0.167102 0
    outer loop
      vertex -53.0077 23.6985 0
      vertex -52.4875 20.6292 2.4
      vertex -52.4875 20.6292 0
    endloop
  endfacet
  facet normal 0.987673 0.156534 0
    outer loop
      vertex -53.0077 23.6985 2.4
      vertex -53.1272 24.4525 0
      vertex -53.1272 24.4525 2.4
    endloop
  endfacet
  facet normal 0.987673 0.156534 0
    outer loop
      vertex -53.1272 24.4525 0
      vertex -53.0077 23.6985 2.4
      vertex -53.0077 23.6985 0
    endloop
  endfacet
  facet normal 0.987761 0.155974 0
    outer loop
      vertex -53.1272 24.4525 2.4
      vertex -53.6028 27.4644 0
      vertex -53.6028 27.4644 2.4
    endloop
  endfacet
  facet normal 0.987761 0.155974 0
    outer loop
      vertex -53.6028 27.4644 0
      vertex -53.1272 24.4525 2.4
      vertex -53.1272 24.4525 0
    endloop
  endfacet
  facet normal 0.989543 0.144238 0
    outer loop
      vertex -53.6028 27.4644 2.4
      vertex -54.0307 30.4 0
      vertex -54.0307 30.4 2.4
    endloop
  endfacet
  facet normal 0.989543 0.144238 0
    outer loop
      vertex -54.0307 30.4 0
      vertex -53.6028 27.4644 2.4
      vertex -53.6028 27.4644 0
    endloop
  endfacet
  facet normal 0.991265 0.131882 0
    outer loop
      vertex -54.0307 30.4 2.4
      vertex -54.2453 32.013 0
      vertex -54.2453 32.013 2.4
    endloop
  endfacet
  facet normal 0.991265 0.131882 0
    outer loop
      vertex -54.2453 32.013 0
      vertex -54.0307 30.4 2.4
      vertex -54.0307 30.4 0
    endloop
  endfacet
  facet normal 0.852626 -0.522522 0
    outer loop
      vertex -54.2453 32.013 2.4
      vertex -52.8362 34.3123 0
      vertex -52.8362 34.3123 2.4
    endloop
  endfacet
  facet normal 0.852626 -0.522522 0
    outer loop
      vertex -52.8362 34.3123 0
      vertex -54.2453 32.013 2.4
      vertex -54.2453 32.013 0
    endloop
  endfacet
  facet normal 0.824136 -0.566392 0
    outer loop
      vertex -52.8362 34.3123 2.4
      vertex -50.9681 37.0305 0
      vertex -50.9681 37.0305 2.4
    endloop
  endfacet
  facet normal 0.824136 -0.566392 0
    outer loop
      vertex -50.9681 37.0305 0
      vertex -52.8362 34.3123 2.4
      vertex -52.8362 34.3123 0
    endloop
  endfacet
  facet normal 0.793331 -0.608791 0
    outer loop
      vertex -50.9681 37.0305 2.4
      vertex -49.5446 38.8855 0
      vertex -49.5446 38.8855 2.4
    endloop
  endfacet
  facet normal 0.793331 -0.608791 0
    outer loop
      vertex -49.5446 38.8855 0
      vertex -50.9681 37.0305 2.4
      vertex -50.9681 37.0305 0
    endloop
  endfacet
  facet normal -0.999062 -0.0433098 0
    outer loop
      vertex -49.5387 38.7494 0
      vertex -49.5446 38.8855 2.4
      vertex -49.5446 38.8855 0
    endloop
  endfacet
  facet normal -0.999062 -0.0433098 0
    outer loop
      vertex -49.5446 38.8855 2.4
      vertex -49.5387 38.7494 0
      vertex -49.5387 38.7494 2.4
    endloop
  endfacet
  facet normal -0.852637 -0.522503 0
    outer loop
      vertex 54.5596 31.5 0
      vertex 52.8362 34.3123 2.4
      vertex 52.8362 34.3123 0
    endloop
  endfacet
  facet normal -0.852637 -0.522503 0
    outer loop
      vertex 52.8362 34.3123 2.4
      vertex 54.5596 31.5 0
      vertex 54.5596 31.5 2.4
    endloop
  endfacet
  facet normal -0.878822 -0.477149 0
    outer loop
      vertex 55.7696 29.2714 0
      vertex 54.5596 31.5 2.4
      vertex 54.5596 31.5 0
    endloop
  endfacet
  facet normal -0.878822 -0.477149 0
    outer loop
      vertex 54.5596 31.5 2.4
      vertex 55.7696 29.2714 0
      vertex 55.7696 29.2714 2.4
    endloop
  endfacet
  facet normal -0.995417 0.0956316 0
    outer loop
      vertex 55.6253 27.7694 0
      vertex 55.7696 29.2714 2.4
      vertex 55.7696 29.2714 0
    endloop
  endfacet
  facet normal -0.995417 0.0956316 0
    outer loop
      vertex 55.7696 29.2714 2.4
      vertex 55.6253 27.7694 0
      vertex 55.6253 27.7694 2.4
    endloop
  endfacet
  facet normal -0.994481 0.104913 0
    outer loop
      vertex 55.388 25.52 0
      vertex 55.6253 27.7694 2.4
      vertex 55.6253 27.7694 0
    endloop
  endfacet
  facet normal -0.994481 0.104913 0
    outer loop
      vertex 55.6253 27.7694 2.4
      vertex 55.388 25.52 0
      vertex 55.388 25.52 2.4
    endloop
  endfacet
  facet normal -0.993527 0.113596 0
    outer loop
      vertex 55.1221 23.1944 0
      vertex 55.388 25.52 2.4
      vertex 55.388 25.52 0
    endloop
  endfacet
  facet normal -0.993527 0.113596 0
    outer loop
      vertex 55.388 25.52 2.4
      vertex 55.1221 23.1944 0
      vertex 55.1221 23.1944 2.4
    endloop
  endfacet
  facet normal -0.992562 0.121741 0
    outer loop
      vertex 54.8275 20.7925 0
      vertex 55.1221 23.1944 2.4
      vertex 55.1221 23.1944 0
    endloop
  endfacet
  facet normal -0.992562 0.121741 0
    outer loop
      vertex 55.1221 23.1944 2.4
      vertex 54.8275 20.7925 0
      vertex 54.8275 20.7925 2.4
    endloop
  endfacet
  facet normal -0.991607 0.129288 0
    outer loop
      vertex 54.5044 18.3144 0
      vertex 54.8275 20.7925 2.4
      vertex 54.8275 20.7925 0
    endloop
  endfacet
  facet normal -0.991607 0.129288 0
    outer loop
      vertex 54.8275 20.7925 2.4
      vertex 54.5044 18.3144 0
      vertex 54.5044 18.3144 2.4
    endloop
  endfacet
  facet normal -0.990654 0.136397 0
    outer loop
      vertex 54.1527 15.76 0
      vertex 54.5044 18.3144 2.4
      vertex 54.5044 18.3144 0
    endloop
  endfacet
  facet normal -0.990654 0.136397 0
    outer loop
      vertex 54.5044 18.3144 2.4
      vertex 54.1527 15.76 0
      vertex 54.1527 15.76 2.4
    endloop
  endfacet
  facet normal -0.989711 0.143082 0
    outer loop
      vertex 53.8416 13.6081 0
      vertex 54.1527 15.76 2.4
      vertex 54.1527 15.76 0
    endloop
  endfacet
  facet normal -0.989711 0.143082 0
    outer loop
      vertex 54.1527 15.76 2.4
      vertex 53.8416 13.6081 0
      vertex 53.8416 13.6081 2.4
    endloop
  endfacet
  facet normal 0.156295 -0.98771 0
    outer loop
      vertex 53.8416 13.6081 0
      vertex 53.9484 13.625 2.4
      vertex 53.8416 13.6081 2.4
    endloop
  endfacet
  facet normal 0.156295 -0.98771 0
    outer loop
      vertex 53.9484 13.625 2.4
      vertex 53.8416 13.6081 0
      vertex 53.9484 13.625 0
    endloop
  endfacet
  facet normal -0.15665 -0.987654 0
    outer loop
      vertex 53.9484 13.625 0
      vertex 54.118 13.5981 2.4
      vertex 53.9484 13.625 2.4
    endloop
  endfacet
  facet normal -0.15665 -0.987654 -0
    outer loop
      vertex 54.118 13.5981 2.4
      vertex 53.9484 13.625 0
      vertex 54.118 13.5981 0
    endloop
  endfacet
  facet normal -0.453952 -0.891026 0
    outer loop
      vertex 54.118 13.5981 0
      vertex 54.2711 13.5201 2.4
      vertex 54.118 13.5981 2.4
    endloop
  endfacet
  facet normal -0.453952 -0.891026 -0
    outer loop
      vertex 54.2711 13.5201 2.4
      vertex 54.118 13.5981 0
      vertex 54.2711 13.5201 0
    endloop
  endfacet
  facet normal -0.707107 -0.707107 0
    outer loop
      vertex 54.2711 13.5201 0
      vertex 54.3925 13.3987 2.4
      vertex 54.2711 13.5201 2.4
    endloop
  endfacet
  facet normal -0.707107 -0.707107 -0
    outer loop
      vertex 54.3925 13.3987 2.4
      vertex 54.2711 13.5201 0
      vertex 54.3925 13.3987 0
    endloop
  endfacet
  facet normal -0.891026 -0.453952 0
    outer loop
      vertex 54.4705 13.2456 0
      vertex 54.3925 13.3987 2.4
      vertex 54.3925 13.3987 0
    endloop
  endfacet
  facet normal -0.891026 -0.453952 0
    outer loop
      vertex 54.3925 13.3987 2.4
      vertex 54.4705 13.2456 0
      vertex 54.4705 13.2456 2.4
    endloop
  endfacet
  facet normal -0.987654 -0.15665 0
    outer loop
      vertex 54.4974 13.076 0
      vertex 54.4705 13.2456 2.4
      vertex 54.4705 13.2456 0
    endloop
  endfacet
  facet normal -0.987654 -0.15665 0
    outer loop
      vertex 54.4705 13.2456 2.4
      vertex 54.4974 13.076 0
      vertex 54.4974 13.076 2.4
    endloop
  endfacet
  facet normal -0.992047 0.125867 0
    outer loop
      vertex 54.2328 10.9905 0
      vertex 54.4974 13.076 2.4
      vertex 54.4974 13.076 0
    endloop
  endfacet
  facet normal -0.992047 0.125867 0
    outer loop
      vertex 54.4974 13.076 2.4
      vertex 54.2328 10.9905 0
      vertex 54.2328 10.9905 2.4
    endloop
  endfacet
  facet normal -0.991417 0.130741 0
    outer loop
      vertex 53.9912 9.15843 0
      vertex 54.2328 10.9905 2.4
      vertex 54.2328 10.9905 0
    endloop
  endfacet
  facet normal -0.991417 0.130741 0
    outer loop
      vertex 54.2328 10.9905 2.4
      vertex 53.9912 9.15843 0
      vertex 53.9912 9.15843 2.4
    endloop
  endfacet
  facet normal -0.990564 0.137051 0
    outer loop
      vertex 53.7728 7.5799 0
      vertex 53.9912 9.15843 2.4
      vertex 53.9912 9.15843 0
    endloop
  endfacet
  facet normal -0.990564 0.137051 0
    outer loop
      vertex 53.9912 9.15843 2.4
      vertex 53.7728 7.5799 0
      vertex 53.7728 7.5799 2.4
    endloop
  endfacet
  facet normal -0.989192 0.146624 0
    outer loop
      vertex 53.7586 7.4841 0
      vertex 53.7728 7.5799 2.4
      vertex 53.7728 7.5799 0
    endloop
  endfacet
  facet normal -0.989192 0.146624 0
    outer loop
      vertex 53.7728 7.5799 2.4
      vertex 53.7586 7.4841 0
      vertex 53.7586 7.4841 2.4
    endloop
  endfacet
  facet normal -0.760373 -0.649486 0
    outer loop
      vertex 53.9858 7.21811 0
      vertex 53.7586 7.4841 2.4
      vertex 53.7586 7.4841 0
    endloop
  endfacet
  facet normal -0.760373 -0.649486 0
    outer loop
      vertex 53.7586 7.4841 2.4
      vertex 53.9858 7.21811 0
      vertex 53.9858 7.21811 2.4
    endloop
  endfacet
  facet normal -0.852626 -0.522521 0
    outer loop
      vertex 54.3259 6.66315 0
      vertex 53.9858 7.21811 2.4
      vertex 53.9858 7.21811 0
    endloop
  endfacet
  facet normal -0.852626 -0.522521 0
    outer loop
      vertex 53.9858 7.21811 2.4
      vertex 54.3259 6.66315 0
      vertex 54.3259 6.66315 2.4
    endloop
  endfacet
  facet normal -0.923877 -0.382689 0
    outer loop
      vertex 54.575 6.06178 0
      vertex 54.3259 6.66315 2.4
      vertex 54.3259 6.66315 0
    endloop
  endfacet
  facet normal -0.923877 -0.382689 0
    outer loop
      vertex 54.3259 6.66315 2.4
      vertex 54.575 6.06178 0
      vertex 54.575 6.06178 2.4
    endloop
  endfacet
  facet normal -0.972365 -0.233466 0
    outer loop
      vertex 54.6525 5.739 0
      vertex 54.575 6.06178 2.4
      vertex 54.575 6.06178 0
    endloop
  endfacet
  facet normal -0.972365 -0.233466 0
    outer loop
      vertex 54.575 6.06178 2.4
      vertex 54.6525 5.739 0
      vertex 54.6525 5.739 2.4
    endloop
  endfacet
  facet normal -0.0361837 -0.999345 0
    outer loop
      vertex 54.6525 5.739 0
      vertex 55.6998 5.70108 2.4
      vertex 54.6525 5.739 2.4
    endloop
  endfacet
  facet normal -0.0361837 -0.999345 -0
    outer loop
      vertex 55.6998 5.70108 2.4
      vertex 54.6525 5.739 0
      vertex 55.6998 5.70108 0
    endloop
  endfacet
  facet normal 0.105764 -0.994391 0
    outer loop
      vertex 55.6998 5.70108 0
      vertex 56.7045 5.80794 2.4
      vertex 55.6998 5.70108 2.4
    endloop
  endfacet
  facet normal 0.105764 -0.994391 0
    outer loop
      vertex 56.7045 5.80794 2.4
      vertex 55.6998 5.70108 0
      vertex 56.7045 5.80794 0
    endloop
  endfacet
  facet normal 0.236647 -0.971596 0
    outer loop
      vertex 56.7045 5.80794 0
      vertex 57.877 6.09352 2.4
      vertex 56.7045 5.80794 2.4
    endloop
  endfacet
  facet normal 0.236647 -0.971596 0
    outer loop
      vertex 57.877 6.09352 2.4
      vertex 56.7045 5.80794 0
      vertex 57.877 6.09352 0
    endloop
  endfacet
  facet normal 0.352666 -0.935749 0
    outer loop
      vertex 57.877 6.09352 0
      vertex 59.2391 6.60687 2.4
      vertex 57.877 6.09352 2.4
    endloop
  endfacet
  facet normal 0.352666 -0.935749 0
    outer loop
      vertex 59.2391 6.60687 2.4
      vertex 57.877 6.09352 0
      vertex 59.2391 6.60687 0
    endloop
  endfacet
  facet normal 0.452817 -0.891603 0
    outer loop
      vertex 59.2391 6.60687 0
      vertex 60.3092 7.15034 2.4
      vertex 59.2391 6.60687 2.4
    endloop
  endfacet
  facet normal 0.452817 -0.891603 0
    outer loop
      vertex 60.3092 7.15034 2.4
      vertex 59.2391 6.60687 0
      vertex 60.3092 7.15034 0
    endloop
  endfacet
  facet normal 0.535053 -0.844818 0
    outer loop
      vertex 60.3092 7.15034 0
      vertex 61.729 8.04955 2.4
      vertex 60.3092 7.15034 2.4
    endloop
  endfacet
  facet normal 0.535053 -0.844818 0
    outer loop
      vertex 61.729 8.04955 2.4
      vertex 60.3092 7.15034 0
      vertex 61.729 8.04955 0
    endloop
  endfacet
  facet normal 0.603397 -0.797441 0
    outer loop
      vertex 61.729 8.04955 0
      vertex 62.3957 8.55402 2.4
      vertex 61.729 8.04955 2.4
    endloop
  endfacet
  facet normal 0.603397 -0.797441 0
    outer loop
      vertex 62.3957 8.55402 2.4
      vertex 61.729 8.04955 0
      vertex 62.3957 8.55402 0
    endloop
  endfacet
  facet normal -0.991444 -0.130531 0
    outer loop
      vertex 62.6549 6.58528 0
      vertex 62.3957 8.55402 2.4
      vertex 62.3957 8.55402 0
    endloop
  endfacet
  facet normal -0.991444 -0.130531 0
    outer loop
      vertex 62.3957 8.55402 2.4
      vertex 62.6549 6.58528 0
      vertex 62.6549 6.58528 2.4
    endloop
  endfacet
  facet normal -0.996933 -0.0782646 0
    outer loop
      vertex 62.6757 6.32033 0
      vertex 62.6549 6.58528 2.4
      vertex 62.6549 6.58528 0
    endloop
  endfacet
  facet normal -0.996933 -0.0782646 0
    outer loop
      vertex 62.6549 6.58528 2.4
      vertex 62.6757 6.32033 0
      vertex 62.6757 6.32033 2.4
    endloop
  endfacet
  facet normal -0.666184 0.745788 0
    outer loop
      vertex 62.6757 6.32033 0
      vertex 61.6027 5.36186 2.4
      vertex 62.6757 6.32033 2.4
    endloop
  endfacet
  facet normal -0.666184 0.745788 0
    outer loop
      vertex 61.6027 5.36186 2.4
      vertex 62.6757 6.32033 0
      vertex 61.6027 5.36186 0
    endloop
  endfacet
  facet normal -0.601968 0.79852 0
    outer loop
      vertex 61.6027 5.36186 0
      vertex 60.3534 4.42007 2.4
      vertex 61.6027 5.36186 2.4
    endloop
  endfacet
  facet normal -0.601968 0.79852 0
    outer loop
      vertex 60.3534 4.42007 2.4
      vertex 61.6027 5.36186 0
      vertex 60.3534 4.42007 0
    endloop
  endfacet
  facet normal -0.52195 0.852976 0
    outer loop
      vertex 60.3534 4.42007 0
      vertex 59.1156 3.66264 2.4
      vertex 60.3534 4.42007 2.4
    endloop
  endfacet
  facet normal -0.52195 0.852976 0
    outer loop
      vertex 59.1156 3.66264 2.4
      vertex 60.3534 4.42007 0
      vertex 59.1156 3.66264 0
    endloop
  endfacet
  facet normal -0.454014 0.890995 0
    outer loop
      vertex 59.1156 3.66264 0
      vertex 58.7306 3.46646 2.4
      vertex 59.1156 3.66264 2.4
    endloop
  endfacet
  facet normal -0.454014 0.890995 0
    outer loop
      vertex 58.7306 3.46646 2.4
      vertex 59.1156 3.66264 0
      vertex 58.7306 3.46646 0
    endloop
  endfacet
  facet normal -0.424356 0.905495 0
    outer loop
      vertex 58.7306 3.46646 0
      vertex 57.4657 2.87367 2.4
      vertex 58.7306 3.46646 2.4
    endloop
  endfacet
  facet normal -0.424356 0.905495 0
    outer loop
      vertex 57.4657 2.87367 2.4
      vertex 58.7306 3.46646 0
      vertex 57.4657 2.87367 0
    endloop
  endfacet
  facet normal -0.309824 0.950794 0
    outer loop
      vertex 57.4657 2.87367 0
      vertex 56.2881 2.48994 2.4
      vertex 57.4657 2.87367 2.4
    endloop
  endfacet
  facet normal -0.309824 0.950794 0
    outer loop
      vertex 56.2881 2.48994 2.4
      vertex 57.4657 2.87367 0
      vertex 56.2881 2.48994 0
    endloop
  endfacet
  facet normal -0.416368 -0.909196 0
    outer loop
      vertex 56.2881 2.48994 0
      vertex 56.3711 2.45193 2.4
      vertex 56.2881 2.48994 2.4
    endloop
  endfacet
  facet normal -0.416368 -0.909196 -0
    outer loop
      vertex 56.3711 2.45193 2.4
      vertex 56.2881 2.48994 0
      vertex 56.3711 2.45193 0
    endloop
  endfacet
  facet normal -0.258998 -0.965878 0
    outer loop
      vertex 56.3711 2.45193 0
      vertex 57.3255 2.19601 2.4
      vertex 56.3711 2.45193 2.4
    endloop
  endfacet
  facet normal -0.258998 -0.965878 -0
    outer loop
      vertex 57.3255 2.19601 2.4
      vertex 56.3711 2.45193 0
      vertex 57.3255 2.19601 0
    endloop
  endfacet
  facet normal -0.0917316 -0.995784 0
    outer loop
      vertex 57.3255 2.19601 0
      vertex 58.2519 2.11067 2.4
      vertex 57.3255 2.19601 2.4
    endloop
  endfacet
  facet normal -0.0917316 -0.995784 -0
    outer loop
      vertex 58.2519 2.11067 2.4
      vertex 57.3255 2.19601 0
      vertex 58.2519 2.11067 0
    endloop
  endfacet
  facet normal 0.0698922 -0.997555 0
    outer loop
      vertex 58.2519 2.11067 0
      vertex 59.3372 2.18671 2.4
      vertex 58.2519 2.11067 2.4
    endloop
  endfacet
  facet normal 0.0698922 -0.997555 0
    outer loop
      vertex 59.3372 2.18671 2.4
      vertex 58.2519 2.11067 0
      vertex 59.3372 2.18671 0
    endloop
  endfacet
  facet normal 0.216053 -0.976382 0
    outer loop
      vertex 59.3372 2.18671 0
      vertex 60.4425 2.43129 2.4
      vertex 59.3372 2.18671 2.4
    endloop
  endfacet
  facet normal 0.216053 -0.976382 0
    outer loop
      vertex 60.4425 2.43129 2.4
      vertex 59.3372 2.18671 0
      vertex 60.4425 2.43129 0
    endloop
  endfacet
  facet normal 0.340251 -0.940335 0
    outer loop
      vertex 60.4425 2.43129 0
      vertex 61.7816 2.91583 2.4
      vertex 60.4425 2.43129 2.4
    endloop
  endfacet
  facet normal 0.340251 -0.940335 0
    outer loop
      vertex 61.7816 2.91583 2.4
      vertex 60.4425 2.43129 0
      vertex 61.7816 2.91583 0
    endloop
  endfacet
  facet normal 0.443839 -0.896106 0
    outer loop
      vertex 61.7816 2.91583 0
      vertex 62.9001 3.46982 2.4
      vertex 61.7816 2.91583 2.4
    endloop
  endfacet
  facet normal 0.443839 -0.896106 0
    outer loop
      vertex 62.9001 3.46982 2.4
      vertex 61.7816 2.91583 0
      vertex 62.9001 3.46982 0
    endloop
  endfacet
  facet normal -0.996912 -0.0785243 0
    outer loop
      vertex 62.9137 3.29716 0
      vertex 62.9001 3.46982 2.4
      vertex 62.9001 3.46982 0
    endloop
  endfacet
  facet normal -0.996912 -0.0785243 0
    outer loop
      vertex 62.9001 3.46982 2.4
      vertex 62.9137 3.29716 0
      vertex 62.9137 3.29716 2.4
    endloop
  endfacet
  facet normal -0.999658 -0.026159 0
    outer loop
      vertex 62.9534 1.78004 0
      vertex 62.9137 3.29716 2.4
      vertex 62.9137 3.29716 0
    endloop
  endfacet
  facet normal -0.999658 -0.026159 0
    outer loop
      vertex 62.9137 3.29716 2.4
      vertex 62.9534 1.78004 0
      vertex 62.9534 1.78004 2.4
    endloop
  endfacet
  facet normal -0.594833 0.803849 0
    outer loop
      vertex 62.9534 1.78004 0
      vertex 62.5227 1.46133 2.4
      vertex 62.9534 1.78004 2.4
    endloop
  endfacet
  facet normal -0.594833 0.803849 0
    outer loop
      vertex 62.5227 1.46133 2.4
      vertex 62.9534 1.78004 0
      vertex 62.5227 1.46133 0
    endloop
  endfacet
  facet normal -0.514399 0.857551 0
    outer loop
      vertex 62.5227 1.46133 0
      vertex 61.308 0.732697 2.4
      vertex 62.5227 1.46133 2.4
    endloop
  endfacet
  facet normal -0.514399 0.857551 0
    outer loop
      vertex 61.308 0.732697 2.4
      vertex 62.5227 1.46133 0
      vertex 61.308 0.732697 0
    endloop
  endfacet
  facet normal -0.45405 0.890976 0
    outer loop
      vertex 61.308 0.732697 0
      vertex 61.039 0.595612 2.4
      vertex 61.308 0.732697 2.4
    endloop
  endfacet
  facet normal -0.45405 0.890976 0
    outer loop
      vertex 61.039 0.595612 2.4
      vertex 61.308 0.732697 0
      vertex 61.039 0.595612 0
    endloop
  endfacet
  facet normal -0.412821 0.910812 0
    outer loop
      vertex 61.039 0.595612 0
      vertex 59.8201 0.0431519 2.4
      vertex 61.039 0.595612 2.4
    endloop
  endfacet
  facet normal -0.412821 0.910812 0
    outer loop
      vertex 59.8201 0.0431519 2.4
      vertex 61.039 0.595612 0
      vertex 59.8201 0.0431519 0
    endloop
  endfacet
  facet normal -0.288318 0.957535 0
    outer loop
      vertex 59.8201 0.0431519 0
      vertex 58.6359 -0.313416 2.4
      vertex 59.8201 0.0431519 2.4
    endloop
  endfacet
  facet normal -0.288318 0.957535 0
    outer loop
      vertex 58.6359 -0.313416 2.4
      vertex 59.8201 0.0431519 0
      vertex 58.6359 -0.313416 0
    endloop
  endfacet
  facet normal -0.1564 0.987694 0
    outer loop
      vertex 58.6359 -0.313416 0
      vertex 58.2519 -0.374222 2.4
      vertex 58.6359 -0.313416 2.4
    endloop
  endfacet
  facet normal -0.1564 0.987694 0
    outer loop
      vertex 58.2519 -0.374222 2.4
      vertex 58.6359 -0.313416 0
      vertex 58.2519 -0.374222 0
    endloop
  endfacet
  facet normal -0.139093 0.990279 0
    outer loop
      vertex 58.2519 -0.374222 0
      vertex 57.0594 -0.541718 2.4
      vertex 58.2519 -0.374222 2.4
    endloop
  endfacet
  facet normal -0.139093 0.990279 0
    outer loop
      vertex 57.0594 -0.541718 2.4
      vertex 58.2519 -0.374222 0
      vertex 57.0594 -0.541718 0
    endloop
  endfacet
  facet normal 0.0245021 0.9997 -0
    outer loop
      vertex 57.0594 -0.541718 0
      vertex 55.9014 -0.513336 2.4
      vertex 57.0594 -0.541718 2.4
    endloop
  endfacet
  facet normal 0.0245021 0.9997 0
    outer loop
      vertex 55.9014 -0.513336 2.4
      vertex 57.0594 -0.541718 0
      vertex 55.9014 -0.513336 0
    endloop
  endfacet
  facet normal 0.156389 0.987696 -0
    outer loop
      vertex 55.9014 -0.513336 0
      vertex 55.4317 -0.438965 2.4
      vertex 55.9014 -0.513336 2.4
    endloop
  endfacet
  facet normal 0.156389 0.987696 0
    outer loop
      vertex 55.4317 -0.438965 2.4
      vertex 55.9014 -0.513336 0
      vertex 55.4317 -0.438965 0
    endloop
  endfacet
  facet normal 0.194356 0.980931 -0
    outer loop
      vertex 55.4317 -0.438965 0
      vertex 54.2655 -0.207901 2.4
      vertex 55.4317 -0.438965 2.4
    endloop
  endfacet
  facet normal 0.194356 0.980931 0
    outer loop
      vertex 54.2655 -0.207901 2.4
      vertex 55.4317 -0.438965 0
      vertex 54.2655 -0.207901 0
    endloop
  endfacet
  facet normal 0.352889 0.935665 -0
    outer loop
      vertex 54.2655 -0.207901 0
      vertex 54.1029 -0.146576 2.4
      vertex 54.2655 -0.207901 2.4
    endloop
  endfacet
  facet normal 0.352889 0.935665 0
    outer loop
      vertex 54.1029 -0.146576 2.4
      vertex 54.2655 -0.207901 0
      vertex 54.1029 -0.146576 0
    endloop
  endfacet
  facet normal -0.941064 -0.338228 0
    outer loop
      vertex 54.2352 -0.514679 0
      vertex 54.1029 -0.146576 2.4
      vertex 54.1029 -0.146576 0
    endloop
  endfacet
  facet normal -0.941064 -0.338228 0
    outer loop
      vertex 54.1029 -0.146576 2.4
      vertex 54.2352 -0.514679 0
      vertex 54.2352 -0.514679 2.4
    endloop
  endfacet
  facet normal -0.907997 -0.418976 0
    outer loop
      vertex 54.5984 -1.3018 0
      vertex 54.2352 -0.514679 2.4
      vertex 54.2352 -0.514679 0
    endloop
  endfacet
  facet normal -0.907997 -0.418976 0
    outer loop
      vertex 54.2352 -0.514679 2.4
      vertex 54.5984 -1.3018 0
      vertex 54.5984 -1.3018 2.4
    endloop
  endfacet
  facet normal -0.857833 -0.513928 0
    outer loop
      vertex 55.0658 -2.08197 0
      vertex 54.5984 -1.3018 2.4
      vertex 54.5984 -1.3018 0
    endloop
  endfacet
  facet normal -0.857833 -0.513928 0
    outer loop
      vertex 54.5984 -1.3018 2.4
      vertex 55.0658 -2.08197 0
      vertex 55.0658 -2.08197 2.4
    endloop
  endfacet
  facet normal -0.782045 -0.623222 0
    outer loop
      vertex 55.5924 -2.74277 0
      vertex 55.0658 -2.08197 2.4
      vertex 55.0658 -2.08197 0
    endloop
  endfacet
  facet normal -0.782045 -0.623222 0
    outer loop
      vertex 55.0658 -2.08197 2.4
      vertex 55.5924 -2.74277 0
      vertex 55.5924 -2.74277 2.4
    endloop
  endfacet
  facet normal -0.670399 -0.742 0
    outer loop
      vertex 55.5924 -2.74277 0
      vertex 56.072 -3.17609 2.4
      vertex 55.5924 -2.74277 2.4
    endloop
  endfacet
  facet normal -0.670399 -0.742 -0
    outer loop
      vertex 56.072 -3.17609 2.4
      vertex 55.5924 -2.74277 0
      vertex 56.072 -3.17609 0
    endloop
  endfacet
  facet normal -0.519331 -0.854573 0
    outer loop
      vertex 56.072 -3.17609 0
      vertex 56.6325 -3.51671 2.4
      vertex 56.072 -3.17609 2.4
    endloop
  endfacet
  facet normal -0.519331 -0.854573 -0
    outer loop
      vertex 56.6325 -3.51671 2.4
      vertex 56.072 -3.17609 0
      vertex 56.6325 -3.51671 0
    endloop
  endfacet
  facet normal -0.334519 -0.942389 0
    outer loop
      vertex 56.6325 -3.51671 0
      vertex 57.3107 -3.75745 2.4
      vertex 56.6325 -3.51671 2.4
    endloop
  endfacet
  facet normal -0.334519 -0.942389 -0
    outer loop
      vertex 57.3107 -3.75745 2.4
      vertex 56.6325 -3.51671 0
      vertex 57.3107 -3.75745 0
    endloop
  endfacet
  facet normal -0.133848 -0.991002 0
    outer loop
      vertex 57.3107 -3.75745 0
      vertex 57.9812 -3.84801 2.4
      vertex 57.3107 -3.75745 2.4
    endloop
  endfacet
  facet normal -0.133848 -0.991002 -0
    outer loop
      vertex 57.9812 -3.84801 2.4
      vertex 57.3107 -3.75745 0
      vertex 57.9812 -3.84801 0
    endloop
  endfacet
  facet normal 0.0543438 -0.998522 0
    outer loop
      vertex 57.9812 -3.84801 0
      vertex 58.926 -3.79659 2.4
      vertex 57.9812 -3.84801 2.4
    endloop
  endfacet
  facet normal 0.0543438 -0.998522 0
    outer loop
      vertex 58.926 -3.79659 2.4
      vertex 57.9812 -3.84801 0
      vertex 58.926 -3.79659 0
    endloop
  endfacet
  facet normal -0.15648 -0.987681 0
    outer loop
      vertex 58.926 -3.79659 0
      vertex 59.0956 -3.82346 2.4
      vertex 58.926 -3.79659 2.4
    endloop
  endfacet
  facet normal -0.15648 -0.987681 -0
    outer loop
      vertex 59.0956 -3.82346 2.4
      vertex 58.926 -3.79659 0
      vertex 59.0956 -3.82346 0
    endloop
  endfacet
  facet normal -0.453813 -0.891097 0
    outer loop
      vertex 59.0956 -3.82346 0
      vertex 59.2487 -3.90143 2.4
      vertex 59.0956 -3.82346 2.4
    endloop
  endfacet
  facet normal -0.453813 -0.891097 -0
    outer loop
      vertex 59.2487 -3.90143 2.4
      vertex 59.0956 -3.82346 0
      vertex 59.2487 -3.90143 0
    endloop
  endfacet
  facet normal -0.707281 -0.706932 0
    outer loop
      vertex 59.3701 -4.02289 0
      vertex 59.2487 -3.90143 2.4
      vertex 59.2487 -3.90143 0
    endloop
  endfacet
  facet normal -0.707281 -0.706932 0
    outer loop
      vertex 59.2487 -3.90143 2.4
      vertex 59.3701 -4.02289 0
      vertex 59.3701 -4.02289 2.4
    endloop
  endfacet
  facet normal -0.890942 -0.454117 0
    outer loop
      vertex 59.4481 -4.17592 0
      vertex 59.3701 -4.02289 2.4
      vertex 59.3701 -4.02289 0
    endloop
  endfacet
  facet normal -0.890942 -0.454117 0
    outer loop
      vertex 59.3701 -4.02289 2.4
      vertex 59.4481 -4.17592 0
      vertex 59.4481 -4.17592 2.4
    endloop
  endfacet
  facet normal -0.987663 -0.156596 0
    outer loop
      vertex 59.475 -4.34558 0
      vertex 59.4481 -4.17592 2.4
      vertex 59.4481 -4.17592 0
    endloop
  endfacet
  facet normal -0.987663 -0.156596 0
    outer loop
      vertex 59.4481 -4.17592 2.4
      vertex 59.475 -4.34558 0
      vertex 59.475 -4.34558 2.4
    endloop
  endfacet
  facet normal -0.987661 0.156605 0
    outer loop
      vertex 59.4481 -4.51523 0
      vertex 59.475 -4.34558 2.4
      vertex 59.475 -4.34558 0
    endloop
  endfacet
  facet normal -0.987661 0.156605 0
    outer loop
      vertex 59.475 -4.34558 2.4
      vertex 59.4481 -4.51523 0
      vertex 59.4481 -4.51523 2.4
    endloop
  endfacet
  facet normal -0.890954 0.454093 0
    outer loop
      vertex 59.3701 -4.66827 0
      vertex 59.4481 -4.51523 2.4
      vertex 59.4481 -4.51523 0
    endloop
  endfacet
  facet normal -0.890954 0.454093 0
    outer loop
      vertex 59.4481 -4.51523 2.4
      vertex 59.3701 -4.66827 0
      vertex 59.3701 -4.66827 2.4
    endloop
  endfacet
  facet normal -0.707281 0.706932 0
    outer loop
      vertex 59.2487 -4.78973 0
      vertex 59.3701 -4.66827 2.4
      vertex 59.3701 -4.66827 0
    endloop
  endfacet
  facet normal -0.707281 0.706932 0
    outer loop
      vertex 59.3701 -4.66827 2.4
      vertex 59.2487 -4.78973 0
      vertex 59.2487 -4.78973 2.4
    endloop
  endfacet
  facet normal -0.453906 0.89105 0
    outer loop
      vertex 59.2487 -4.78973 0
      vertex 59.0956 -4.86772 2.4
      vertex 59.2487 -4.78973 2.4
    endloop
  endfacet
  facet normal -0.453906 0.89105 0
    outer loop
      vertex 59.0956 -4.86772 2.4
      vertex 59.2487 -4.78973 0
      vertex 59.0956 -4.86772 0
    endloop
  endfacet
  facet normal -0.336256 0.941771 0
    outer loop
      vertex 59.0956 -4.86772 0
      vertex 58.1937 -5.18974 2.4
      vertex 59.0956 -4.86772 2.4
    endloop
  endfacet
  facet normal -0.336256 0.941771 0
    outer loop
      vertex 58.1937 -5.18974 2.4
      vertex 59.0956 -4.86772 0
      vertex 58.1937 -5.18974 0
    endloop
  endfacet
  facet normal -0.171719 0.985146 0
    outer loop
      vertex 58.1937 -5.18974 0
      vertex 57.3378 -5.33893 2.4
      vertex 58.1937 -5.18974 2.4
    endloop
  endfacet
  facet normal -0.171719 0.985146 0
    outer loop
      vertex 57.3378 -5.33893 2.4
      vertex 58.1937 -5.18974 0
      vertex 57.3378 -5.33893 0
    endloop
  endfacet
  facet normal -0.156316 0.987707 0
    outer loop
      vertex 57.3378 -5.33893 0
      vertex 57.0824 -5.37935 2.4
      vertex 57.3378 -5.33893 2.4
    endloop
  endfacet
  facet normal -0.156316 0.987707 0
    outer loop
      vertex 57.0824 -5.37935 2.4
      vertex 57.3378 -5.33893 0
      vertex 57.0824 -5.37935 0
    endloop
  endfacet
  facet normal 0.0197592 0.999805 -0
    outer loop
      vertex 57.0824 -5.37935 0
      vertex 56.2298 -5.3625 2.4
      vertex 57.0824 -5.37935 2.4
    endloop
  endfacet
  facet normal 0.0197592 0.999805 0
    outer loop
      vertex 56.2298 -5.3625 2.4
      vertex 57.0824 -5.37935 0
      vertex 56.2298 -5.3625 0
    endloop
  endfacet
  facet normal 0.156466 0.987683 -0
    outer loop
      vertex 56.2298 -5.3625 0
      vertex 55.9316 -5.31526 2.4
      vertex 56.2298 -5.3625 2.4
    endloop
  endfacet
  facet normal 0.156466 0.987683 0
    outer loop
      vertex 55.9316 -5.31526 2.4
      vertex 56.2298 -5.3625 0
      vertex 55.9316 -5.31526 0
    endloop
  endfacet
  facet normal 0.225355 0.974277 -0
    outer loop
      vertex 55.9316 -5.31526 0
      vertex 55.0822 -5.11879 2.4
      vertex 55.9316 -5.31526 2.4
    endloop
  endfacet
  facet normal 0.225355 0.974277 0
    outer loop
      vertex 55.0822 -5.11879 2.4
      vertex 55.9316 -5.31526 0
      vertex 55.0822 -5.11879 0
    endloop
  endfacet
  facet normal 0.417669 0.908599 -0
    outer loop
      vertex 55.0822 -5.11879 0
      vertex 54.2788 -4.74948 2.4
      vertex 55.0822 -5.11879 2.4
    endloop
  endfacet
  facet normal 0.417669 0.908599 0
    outer loop
      vertex 54.2788 -4.74948 2.4
      vertex 55.0822 -5.11879 0
      vertex 54.2788 -4.74948 0
    endloop
  endfacet
  facet normal 0.454055 0.890974 -0
    outer loop
      vertex 54.2788 -4.74948 0
      vertex 53.9325 -4.573 2.4
      vertex 54.2788 -4.74948 2.4
    endloop
  endfacet
  facet normal 0.454055 0.890974 0
    outer loop
      vertex 53.9325 -4.573 2.4
      vertex 54.2788 -4.74948 0
      vertex 53.9325 -4.573 0
    endloop
  endfacet
  facet normal 0.576709 0.816949 -0
    outer loop
      vertex 53.9325 -4.573 0
      vertex 53.1366 -4.01115 2.4
      vertex 53.9325 -4.573 2.4
    endloop
  endfacet
  facet normal 0.576709 0.816949 0
    outer loop
      vertex 53.1366 -4.01115 2.4
      vertex 53.9325 -4.573 0
      vertex 53.1366 -4.01115 0
    endloop
  endfacet
  facet normal 0.699868 0.714272 -0
    outer loop
      vertex 53.1366 -4.01115 0
      vertex 52.3868 -3.27647 2.4
      vertex 53.1366 -4.01115 2.4
    endloop
  endfacet
  facet normal 0.699868 0.714272 0
    outer loop
      vertex 52.3868 -3.27647 2.4
      vertex 53.1366 -4.01115 0
      vertex 52.3868 -3.27647 0
    endloop
  endfacet
  facet normal 0.707044 0.70717 0
    outer loop
      vertex 52.3868 -3.27647 2.4
      vertex 52.0505 -2.94023 0
      vertex 52.0505 -2.94023 2.4
    endloop
  endfacet
  facet normal 0.707044 0.70717 0
    outer loop
      vertex 52.0505 -2.94023 0
      vertex 52.3868 -3.27647 2.4
      vertex 52.3868 -3.27647 0
    endloop
  endfacet
  facet normal 0.787441 0.61639 0
    outer loop
      vertex 52.0505 -2.94023 2.4
      vertex 51.3161 -2.00203 0
      vertex 51.3161 -2.00203 2.4
    endloop
  endfacet
  facet normal 0.787441 0.61639 0
    outer loop
      vertex 51.3161 -2.00203 0
      vertex 52.0505 -2.94023 2.4
      vertex 52.0505 -2.94023 0
    endloop
  endfacet
  facet normal 0.850106 0.526611 0
    outer loop
      vertex 51.3161 -2.00203 2.4
      vertex 50.9328 -1.38327 0
      vertex 50.9328 -1.38327 2.4
    endloop
  endfacet
  facet normal 0.850106 0.526611 0
    outer loop
      vertex 50.9328 -1.38327 0
      vertex 51.3161 -2.00203 2.4
      vertex 51.3161 -2.00203 0
    endloop
  endfacet
  facet normal -0.932559 0.361017 0
    outer loop
      vertex 50.6403 -2.13884 0
      vertex 50.9328 -1.38327 2.4
      vertex 50.9328 -1.38327 0
    endloop
  endfacet
  facet normal -0.932559 0.361017 0
    outer loop
      vertex 50.9328 -1.38327 2.4
      vertex 50.6403 -2.13884 0
      vertex 50.6403 -2.13884 2.4
    endloop
  endfacet
  facet normal -0.917454 0.397841 0
    outer loop
      vertex 50.1455 -3.27989 0
      vertex 50.6403 -2.13884 2.4
      vertex 50.6403 -2.13884 0
    endloop
  endfacet
  facet normal -0.917454 0.397841 0
    outer loop
      vertex 50.6403 -2.13884 2.4
      vertex 50.1455 -3.27989 0
      vertex 50.1455 -3.27989 2.4
    endloop
  endfacet
  facet normal -0.895748 0.444563 0
    outer loop
      vertex 49.6621 -4.25389 0
      vertex 50.1455 -3.27989 2.4
      vertex 50.1455 -3.27989 0
    endloop
  endfacet
  facet normal -0.895748 0.444563 0
    outer loop
      vertex 50.1455 -3.27989 2.4
      vertex 49.6621 -4.25389 0
      vertex 49.6621 -4.25389 2.4
    endloop
  endfacet
  facet normal -0.891074 0.453857 0
    outer loop
      vertex 49.466 -4.6389 0
      vertex 49.6621 -4.25389 2.4
      vertex 49.6621 -4.25389 0
    endloop
  endfacet
  facet normal -0.891074 0.453857 0
    outer loop
      vertex 49.6621 -4.25389 2.4
      vertex 49.466 -4.6389 0
      vertex 49.466 -4.6389 2.4
    endloop
  endfacet
  facet normal -0.861842 0.507177 0
    outer loop
      vertex 49.0139 -5.40715 0
      vertex 49.466 -4.6389 2.4
      vertex 49.466 -4.6389 0
    endloop
  endfacet
  facet normal -0.861842 0.507177 0
    outer loop
      vertex 49.466 -4.6389 2.4
      vertex 49.0139 -5.40715 0
      vertex 49.0139 -5.40715 2.4
    endloop
  endfacet
  facet normal -0.806561 0.591151 0
    outer loop
      vertex 48.5733 -6.0083 0
      vertex 49.0139 -5.40715 2.4
      vertex 49.0139 -5.40715 0
    endloop
  endfacet
  facet normal -0.806561 0.591151 0
    outer loop
      vertex 49.0139 -5.40715 2.4
      vertex 48.5733 -6.0083 0
      vertex 48.5733 -6.0083 2.4
    endloop
  endfacet
  facet normal -0.711199 0.702991 0
    outer loop
      vertex 48.1442 -6.44241 0
      vertex 48.5733 -6.0083 2.4
      vertex 48.5733 -6.0083 0
    endloop
  endfacet
  facet normal -0.711199 0.702991 0
    outer loop
      vertex 48.5733 -6.0083 2.4
      vertex 48.1442 -6.44241 0
      vertex 48.1442 -6.44241 2.4
    endloop
  endfacet
  facet normal -0.707107 0.707107 0
    outer loop
      vertex 47.9307 -6.65591 0
      vertex 48.1442 -6.44241 2.4
      vertex 48.1442 -6.44241 0
    endloop
  endfacet
  facet normal -0.707107 0.707107 0
    outer loop
      vertex 48.1442 -6.44241 2.4
      vertex 47.9307 -6.65591 0
      vertex 47.9307 -6.65591 2.4
    endloop
  endfacet
  facet normal -0.521307 0.853369 0
    outer loop
      vertex 47.9307 -6.65591 0
      vertex 47.5438 -6.89226 2.4
      vertex 47.9307 -6.65591 2.4
    endloop
  endfacet
  facet normal -0.521307 0.853369 0
    outer loop
      vertex 47.5438 -6.89226 2.4
      vertex 47.9307 -6.65591 0
      vertex 47.5438 -6.89226 0
    endloop
  endfacet
  facet normal -0.454102 0.89095 0
    outer loop
      vertex 47.5438 -6.89226 0
      vertex 47.3135 -7.00964 2.4
      vertex 47.5438 -6.89226 2.4
    endloop
  endfacet
  facet normal -0.454102 0.89095 0
    outer loop
      vertex 47.3135 -7.00964 2.4
      vertex 47.5438 -6.89226 0
      vertex 47.3135 -7.00964 0
    endloop
  endfacet
  facet normal -0.156392 0.987695 0
    outer loop
      vertex 47.3135 -7.00964 0
      vertex 47.0581 -7.05008 2.4
      vertex 47.3135 -7.00964 2.4
    endloop
  endfacet
  facet normal -0.156392 0.987695 0
    outer loop
      vertex 47.0581 -7.05008 2.4
      vertex 47.3135 -7.00964 0
      vertex 47.0581 -7.05008 0
    endloop
  endfacet
  facet normal -0.144156 0.989555 0
    outer loop
      vertex 47.0581 -7.05008 0
      vertex 46.7643 -7.09288 2.4
      vertex 47.0581 -7.05008 2.4
    endloop
  endfacet
  facet normal -0.144156 0.989555 0
    outer loop
      vertex 46.7643 -7.09288 2.4
      vertex 47.0581 -7.05008 0
      vertex 46.7643 -7.09288 0
    endloop
  endfacet
  facet normal 0.156449 0.987686 -0
    outer loop
      vertex 46.7643 -7.09288 0
      vertex 46.5518 -7.05922 2.4
      vertex 46.7643 -7.09288 2.4
    endloop
  endfacet
  facet normal 0.156449 0.987686 0
    outer loop
      vertex 46.5518 -7.05922 2.4
      vertex 46.7643 -7.09288 0
      vertex 46.5518 -7.05922 0
    endloop
  endfacet
  facet normal 0.440484 0.897761 -0
    outer loop
      vertex 46.5518 -7.05922 0
      vertex 46.3123 -6.94171 2.4
      vertex 46.5518 -7.05922 2.4
    endloop
  endfacet
  facet normal 0.440484 0.897761 0
    outer loop
      vertex 46.3123 -6.94171 2.4
      vertex 46.5518 -7.05922 0
      vertex 46.3123 -6.94171 0
    endloop
  endfacet
  facet normal 0.454049 0.890977 -0
    outer loop
      vertex 46.3123 -6.94171 0
      vertex 46.1593 -6.86374 2.4
      vertex 46.3123 -6.94171 2.4
    endloop
  endfacet
  facet normal 0.454049 0.890977 0
    outer loop
      vertex 46.1593 -6.86374 2.4
      vertex 46.3123 -6.94171 0
      vertex 46.1593 -6.86374 0
    endloop
  endfacet
  facet normal 0.707049 0.707165 0
    outer loop
      vertex 46.1593 -6.86374 2.4
      vertex 46.0378 -6.74226 0
      vertex 46.0378 -6.74226 2.4
    endloop
  endfacet
  facet normal 0.707049 0.707165 0
    outer loop
      vertex 46.0378 -6.74226 0
      vertex 46.1593 -6.86374 2.4
      vertex 46.1593 -6.86374 0
    endloop
  endfacet
  facet normal 0.891178 0.453654 0
    outer loop
      vertex 46.0378 -6.74226 2.4
      vertex 45.9599 -6.58923 0
      vertex 45.9599 -6.58923 2.4
    endloop
  endfacet
  facet normal 0.891178 0.453654 0
    outer loop
      vertex 45.9599 -6.58923 0
      vertex 46.0378 -6.74226 2.4
      vertex 46.0378 -6.74226 0
    endloop
  endfacet
  facet normal 0.98766 0.156614 0
    outer loop
      vertex 45.9599 -6.58923 2.4
      vertex 45.933 -6.41959 0
      vertex 45.933 -6.41959 2.4
    endloop
  endfacet
  facet normal 0.98766 0.156614 0
    outer loop
      vertex 45.933 -6.41959 0
      vertex 45.9599 -6.58923 2.4
      vertex 45.9599 -6.58923 0
    endloop
  endfacet
  facet normal 0.987661 -0.156605 0
    outer loop
      vertex 45.933 -6.41959 2.4
      vertex 45.9599 -6.24994 0
      vertex 45.9599 -6.24994 2.4
    endloop
  endfacet
  facet normal 0.987661 -0.156605 0
    outer loop
      vertex 45.9599 -6.24994 0
      vertex 45.933 -6.41959 2.4
      vertex 45.933 -6.41959 0
    endloop
  endfacet
  facet normal 0.891214 -0.453584 0
    outer loop
      vertex 45.9599 -6.24994 2.4
      vertex 46.0378 -6.09688 0
      vertex 46.0378 -6.09688 2.4
    endloop
  endfacet
  facet normal 0.891214 -0.453584 0
    outer loop
      vertex 46.0378 -6.09688 0
      vertex 45.9599 -6.24994 2.4
      vertex 45.9599 -6.24994 0
    endloop
  endfacet
  facet normal 0.706961 -0.707252 0
    outer loop
      vertex 46.0378 -6.09688 0
      vertex 46.1593 -5.97543 2.4
      vertex 46.0378 -6.09688 2.4
    endloop
  endfacet
  facet normal 0.706961 -0.707252 0
    outer loop
      vertex 46.1593 -5.97543 2.4
      vertex 46.0378 -6.09688 0
      vertex 46.1593 -5.97543 0
    endloop
  endfacet
  facet normal 0.533337 -0.845903 0
    outer loop
      vertex 46.1593 -5.97543 0
      vertex 46.2767 -5.90141 2.4
      vertex 46.1593 -5.97543 2.4
    endloop
  endfacet
  facet normal 0.533337 -0.845903 0
    outer loop
      vertex 46.2767 -5.90141 2.4
      vertex 46.1593 -5.97543 0
      vertex 46.2767 -5.90141 0
    endloop
  endfacet
  facet normal 0.822769 -0.568376 0
    outer loop
      vertex 46.2767 -5.90141 2.4
      vertex 46.3469 -5.79979 0
      vertex 46.3469 -5.79979 2.4
    endloop
  endfacet
  facet normal 0.822769 -0.568376 0
    outer loop
      vertex 46.3469 -5.79979 0
      vertex 46.2767 -5.90141 2.4
      vertex 46.2767 -5.90141 0
    endloop
  endfacet
  facet normal 0.914329 -0.404973 0
    outer loop
      vertex 46.3469 -5.79979 2.4
      vertex 46.4456 -5.57695 0
      vertex 46.4456 -5.57695 2.4
    endloop
  endfacet
  facet normal 0.914329 -0.404973 0
    outer loop
      vertex 46.4456 -5.57695 0
      vertex 46.3469 -5.79979 2.4
      vertex 46.3469 -5.79979 0
    endloop
  endfacet
  facet normal 0.949277 -0.314443 0
    outer loop
      vertex 46.4456 -5.57695 2.4
      vertex 46.6306 -5.01845 0
      vertex 46.6306 -5.01845 2.4
    endloop
  endfacet
  facet normal 0.949277 -0.314443 0
    outer loop
      vertex 46.6306 -5.01845 0
      vertex 46.4456 -5.57695 2.4
      vertex 46.4456 -5.57695 0
    endloop
  endfacet
  facet normal 0.965227 -0.261415 0
    outer loop
      vertex 46.6306 -5.01845 2.4
      vertex 46.8271 -4.29291 0
      vertex 46.8271 -4.29291 2.4
    endloop
  endfacet
  facet normal 0.965227 -0.261415 0
    outer loop
      vertex 46.8271 -4.29291 0
      vertex 46.6306 -5.01845 2.4
      vertex 46.6306 -5.01845 0
    endloop
  endfacet
  facet normal 0.973933 -0.226836 0
    outer loop
      vertex 46.8271 -4.29291 2.4
      vertex 47.035 -3.40028 0
      vertex 47.035 -3.40028 2.4
    endloop
  endfacet
  facet normal 0.973933 -0.226836 0
    outer loop
      vertex 47.035 -3.40028 0
      vertex 46.8271 -4.29291 2.4
      vertex 46.8271 -4.29291 0
    endloop
  endfacet
  facet normal 0.979195 -0.202923 0
    outer loop
      vertex 47.035 -3.40028 2.4
      vertex 47.2546 -2.34061 0
      vertex 47.2546 -2.34061 2.4
    endloop
  endfacet
  facet normal 0.979195 -0.202923 0
    outer loop
      vertex 47.2546 -2.34061 0
      vertex 47.035 -3.40028 2.4
      vertex 47.035 -3.40028 0
    endloop
  endfacet
  facet normal 0.98273 -0.185046 0
    outer loop
      vertex 47.2546 -2.34061 2.4
      vertex 47.4856 -1.11383 0
      vertex 47.4856 -1.11383 2.4
    endloop
  endfacet
  facet normal 0.98273 -0.185046 0
    outer loop
      vertex 47.4856 -1.11383 0
      vertex 47.2546 -2.34061 2.4
      vertex 47.2546 -2.34061 0
    endloop
  endfacet
  facet normal 0.985188 -0.171475 0
    outer loop
      vertex 47.4856 -1.11383 2.4
      vertex 47.7282 0.279999 0
      vertex 47.7282 0.279999 2.4
    endloop
  endfacet
  facet normal 0.985188 -0.171475 0
    outer loop
      vertex 47.7282 0.279999 0
      vertex 47.4856 -1.11383 2.4
      vertex 47.4856 -1.11383 0
    endloop
  endfacet
  facet normal 0.987008 -0.160668 0
    outer loop
      vertex 47.7282 0.279999 2.4
      vertex 47.9315 1.5289 0
      vertex 47.9315 1.5289 2.4
    endloop
  endfacet
  facet normal 0.987008 -0.160668 0
    outer loop
      vertex 47.9315 1.5289 0
      vertex 47.7282 0.279999 2.4
      vertex 47.7282 0.279999 0
    endloop
  endfacet
  facet normal 0.988372 -0.152057 0
    outer loop
      vertex 47.9315 1.5289 2.4
      vertex 47.9475 1.6329 0
      vertex 47.9475 1.6329 2.4
    endloop
  endfacet
  facet normal 0.988372 -0.152057 0
    outer loop
      vertex 47.9475 1.6329 0
      vertex 47.9315 1.5289 2.4
      vertex 47.9315 1.5289 0
    endloop
  endfacet
  facet normal 0.649426 0.760425 -0
    outer loop
      vertex 47.9475 1.6329 0
      vertex 47.6969 1.84692 2.4
      vertex 47.9475 1.6329 2.4
    endloop
  endfacet
  facet normal 0.649426 0.760425 0
    outer loop
      vertex 47.6969 1.84692 2.4
      vertex 47.9475 1.6329 0
      vertex 47.6969 1.84692 0
    endloop
  endfacet
  facet normal 0.760427 0.649424 0
    outer loop
      vertex 47.6969 1.84692 2.4
      vertex 47.2742 2.34187 0
      vertex 47.2742 2.34187 2.4
    endloop
  endfacet
  facet normal 0.760427 0.649424 0
    outer loop
      vertex 47.2742 2.34187 0
      vertex 47.6969 1.84692 2.4
      vertex 47.6969 1.84692 0
    endloop
  endfacet
  facet normal 0.852635 0.522507 0
    outer loop
      vertex 47.2742 2.34187 2.4
      vertex 46.9341 2.89685 0
      vertex 46.9341 2.89685 2.4
    endloop
  endfacet
  facet normal 0.852635 0.522507 0
    outer loop
      vertex 46.9341 2.89685 0
      vertex 47.2742 2.34187 2.4
      vertex 47.2742 2.34187 0
    endloop
  endfacet
  facet normal 0.923873 0.3827 0
    outer loop
      vertex 46.9341 2.89685 2.4
      vertex 46.685 3.4982 0
      vertex 46.685 3.4982 2.4
    endloop
  endfacet
  facet normal 0.923873 0.3827 0
    outer loop
      vertex 46.685 3.4982 0
      vertex 46.9341 2.89685 2.4
      vertex 46.9341 2.89685 0
    endloop
  endfacet
  facet normal 0.972386 0.233379 0
    outer loop
      vertex 46.685 3.4982 2.4
      vertex 46.5331 4.1311 0
      vertex 46.5331 4.1311 2.4
    endloop
  endfacet
  facet normal 0.972386 0.233379 0
    outer loop
      vertex 46.5331 4.1311 0
      vertex 46.685 3.4982 2.4
      vertex 46.685 3.4982 0
    endloop
  endfacet
  facet normal 0.996914 0.0785056 0
    outer loop
      vertex 46.5331 4.1311 2.4
      vertex 46.482 4.78 0
      vertex 46.482 4.78 2.4
    endloop
  endfacet
  facet normal 0.996914 0.0785056 0
    outer loop
      vertex 46.482 4.78 0
      vertex 46.5331 4.1311 2.4
      vertex 46.5331 4.1311 0
    endloop
  endfacet
  facet normal 0.996913 -0.078508 0
    outer loop
      vertex 46.482 4.78 2.4
      vertex 46.5331 5.42888 0
      vertex 46.5331 5.42888 2.4
    endloop
  endfacet
  facet normal 0.996913 -0.078508 0
    outer loop
      vertex 46.5331 5.42888 0
      vertex 46.482 4.78 2.4
      vertex 46.482 4.78 0
    endloop
  endfacet
  facet normal 0.972386 -0.233379 0
    outer loop
      vertex 46.5331 5.42888 2.4
      vertex 46.685 6.06178 0
      vertex 46.685 6.06178 2.4
    endloop
  endfacet
  facet normal 0.972386 -0.233379 0
    outer loop
      vertex 46.685 6.06178 0
      vertex 46.5331 5.42888 2.4
      vertex 46.5331 5.42888 0
    endloop
  endfacet
  facet normal 0.923877 -0.382689 0
    outer loop
      vertex 46.685 6.06178 2.4
      vertex 46.9341 6.66315 0
      vertex 46.9341 6.66315 2.4
    endloop
  endfacet
  facet normal 0.923877 -0.382689 0
    outer loop
      vertex 46.9341 6.66315 0
      vertex 46.685 6.06178 2.4
      vertex 46.685 6.06178 0
    endloop
  endfacet
  facet normal 0.852626 -0.522521 0
    outer loop
      vertex 46.9341 6.66315 2.4
      vertex 47.2742 7.21811 0
      vertex 47.2742 7.21811 2.4
    endloop
  endfacet
  facet normal 0.852626 -0.522521 0
    outer loop
      vertex 47.2742 7.21811 0
      vertex 46.9341 6.66315 2.4
      vertex 46.9341 6.66315 0
    endloop
  endfacet
  facet normal 0.760433 -0.649416 0
    outer loop
      vertex 47.2742 7.21811 2.4
      vertex 47.6969 7.71307 0
      vertex 47.6969 7.71307 2.4
    endloop
  endfacet
  facet normal 0.760433 -0.649416 0
    outer loop
      vertex 47.6969 7.71307 0
      vertex 47.2742 7.21811 2.4
      vertex 47.2742 7.21811 0
    endloop
  endfacet
  facet normal 0.649404 -0.760444 0
    outer loop
      vertex 47.6969 7.71307 0
      vertex 48.1919 8.13579 2.4
      vertex 47.6969 7.71307 2.4
    endloop
  endfacet
  facet normal 0.649404 -0.760444 0
    outer loop
      vertex 48.1919 8.13579 2.4
      vertex 47.6969 7.71307 0
      vertex 48.1919 8.13579 0
    endloop
  endfacet
  facet normal 0.522562 -0.852601 0
    outer loop
      vertex 48.1919 8.13579 0
      vertex 48.7468 8.47589 2.4
      vertex 48.1919 8.13579 2.4
    endloop
  endfacet
  facet normal 0.522562 -0.852601 0
    outer loop
      vertex 48.7468 8.47589 2.4
      vertex 48.1919 8.13579 0
      vertex 48.7468 8.47589 0
    endloop
  endfacet
  facet normal 0.382655 -0.923891 0
    outer loop
      vertex 48.7468 8.47589 0
      vertex 49.2631 8.68973 2.4
      vertex 48.7468 8.47589 2.4
    endloop
  endfacet
  facet normal 0.382655 -0.923891 0
    outer loop
      vertex 49.2631 8.68973 2.4
      vertex 48.7468 8.47589 0
      vertex 49.2631 8.68973 0
    endloop
  endfacet
  facet normal 0.993638 -0.112623 0
    outer loop
      vertex 49.2631 8.68973 2.4
      vertex 49.4595 10.4225 0
      vertex 49.4595 10.4225 2.4
    endloop
  endfacet
  facet normal 0.993638 -0.112623 0
    outer loop
      vertex 49.4595 10.4225 0
      vertex 49.2631 8.68973 2.4
      vertex 49.2631 8.68973 0
    endloop
  endfacet
  facet normal 0.99443 -0.105398 0
    outer loop
      vertex 49.4595 10.4225 2.4
      vertex 49.7464 13.1294 0
      vertex 49.7464 13.1294 2.4
    endloop
  endfacet
  facet normal 0.99443 -0.105398 0
    outer loop
      vertex 49.7464 13.1294 0
      vertex 49.4595 10.4225 2.4
      vertex 49.4595 10.4225 0
    endloop
  endfacet
  facet normal 0.995214 -0.0977206 0
    outer loop
      vertex 49.7464 13.1294 2.4
      vertex 50.0047 15.76 0
      vertex 50.0047 15.76 2.4
    endloop
  endfacet
  facet normal 0.995214 -0.0977206 0
    outer loop
      vertex 50.0047 15.76 0
      vertex 49.7464 13.1294 2.4
      vertex 49.7464 13.1294 0
    endloop
  endfacet
  facet normal 0.995978 -0.0896006 0
    outer loop
      vertex 50.0047 15.76 2.4
      vertex 50.2345 18.3144 0
      vertex 50.2345 18.3144 2.4
    endloop
  endfacet
  facet normal 0.995978 -0.0896006 0
    outer loop
      vertex 50.2345 18.3144 0
      vertex 50.0047 15.76 2.4
      vertex 50.0047 15.76 0
    endloop
  endfacet
  facet normal 0.996727 -0.080845 0
    outer loop
      vertex 50.2345 18.3144 2.4
      vertex 50.4355 20.7925 0
      vertex 50.4355 20.7925 2.4
    endloop
  endfacet
  facet normal 0.996727 -0.080845 0
    outer loop
      vertex 50.4355 20.7925 0
      vertex 50.2345 18.3144 2.4
      vertex 50.2345 18.3144 0
    endloop
  endfacet
  facet normal 0.997428 -0.071675 0
    outer loop
      vertex 50.4355 20.7925 2.4
      vertex 50.6081 23.1944 0
      vertex 50.6081 23.1944 2.4
    endloop
  endfacet
  facet normal 0.997428 -0.071675 0
    outer loop
      vertex 50.6081 23.1944 0
      vertex 50.4355 20.7925 2.4
      vertex 50.4355 20.7925 0
    endloop
  endfacet
  facet normal 0.998091 -0.0617584 0
    outer loop
      vertex 50.6081 23.1944 2.4
      vertex 50.752 25.52 0
      vertex 50.752 25.52 2.4
    endloop
  endfacet
  facet normal 0.998091 -0.0617584 0
    outer loop
      vertex 50.752 25.52 0
      vertex 50.6081 23.1944 2.4
      vertex 50.6081 23.1944 0
    endloop
  endfacet
  facet normal 0.998689 -0.0511909 0
    outer loop
      vertex 50.752 25.52 2.4
      vertex 50.8673 27.7694 0
      vertex 50.8673 27.7694 2.4
    endloop
  endfacet
  facet normal 0.998689 -0.0511909 0
    outer loop
      vertex 50.8673 27.7694 0
      vertex 50.752 25.52 2.4
      vertex 50.752 25.52 0
    endloop
  endfacet
  facet normal 0.999203 -0.0399111 0
    outer loop
      vertex 50.8673 27.7694 2.4
      vertex 50.9541 29.9425 0
      vertex 50.9541 29.9425 2.4
    endloop
  endfacet
  facet normal 0.999203 -0.0399111 0
    outer loop
      vertex 50.9541 29.9425 0
      vertex 50.8673 27.7694 2.4
      vertex 50.8673 27.7694 0
    endloop
  endfacet
  facet normal 0.999616 -0.0276969 0
    outer loop
      vertex 50.9541 29.9425 2.4
      vertex 51.0122 32.0394 0
      vertex 51.0122 32.0394 2.4
    endloop
  endfacet
  facet normal 0.999616 -0.0276969 0
    outer loop
      vertex 51.0122 32.0394 0
      vertex 50.9541 29.9425 2.4
      vertex 50.9541 29.9425 0
    endloop
  endfacet
  facet normal 0.999893 -0.0145981 0
    outer loop
      vertex 51.0122 32.0394 2.4
      vertex 51.0417 34.06 0
      vertex 51.0417 34.06 2.4
    endloop
  endfacet
  facet normal 0.999893 -0.0145981 0
    outer loop
      vertex 51.0417 34.06 0
      vertex 51.0122 32.0394 2.4
      vertex 51.0122 32.0394 0
    endloop
  endfacet
  facet normal 1 -0.000514297 0
    outer loop
      vertex 51.0417 34.06 2.4
      vertex 51.0427 36.0044 0
      vertex 51.0427 36.0044 2.4
    endloop
  endfacet
  facet normal 1 -0.000514297 0
    outer loop
      vertex 51.0427 36.0044 0
      vertex 51.0417 34.06 2.4
      vertex 51.0417 34.06 0
    endloop
  endfacet
  facet normal 0.99989 0.0148219 0
    outer loop
      vertex 51.0427 36.0044 2.4
      vertex 51.0288 36.9421 0
      vertex 51.0288 36.9421 2.4
    endloop
  endfacet
  facet normal 0.99989 0.0148219 0
    outer loop
      vertex 51.0288 36.9421 0
      vertex 51.0427 36.0044 2.4
      vertex 51.0427 36.0044 0
    endloop
  endfacet
  facet normal -0.824128 -0.566404 0
    outer loop
      vertex 52.8362 34.3123 0
      vertex 51.0288 36.9421 2.4
      vertex 51.0288 36.9421 0
    endloop
  endfacet
  facet normal -0.824128 -0.566404 0
    outer loop
      vertex 51.0288 36.9421 2.4
      vertex 52.8362 34.3123 0
      vertex 52.8362 34.3123 2.4
    endloop
  endfacet
  facet normal -1 0 0
    outer loop
      vertex -35.014 30.8699 0
      vertex -35.014 41.1034 2.4
      vertex -35.014 41.1034 0
    endloop
  endfacet
  facet normal -1 -0 0
    outer loop
      vertex -35.014 41.1034 2.4
      vertex -35.014 30.8699 0
      vertex -35.014 30.8699 2.4
    endloop
  endfacet
  facet normal 0.525853 -0.850575 0
    outer loop
      vertex -35.014 30.8699 0
      vertex -34.7979 31.0035 2.4
      vertex -35.014 30.8699 2.4
    endloop
  endfacet
  facet normal 0.525853 -0.850575 0
    outer loop
      vertex -34.7979 31.0035 2.4
      vertex -35.014 30.8699 0
      vertex -34.7979 31.0035 0
    endloop
  endfacet
  facet normal 0.405619 -0.914042 0
    outer loop
      vertex -34.7979 31.0035 0
      vertex -32.4311 32.0538 2.4
      vertex -34.7979 31.0035 2.4
    endloop
  endfacet
  facet normal 0.405619 -0.914042 0
    outer loop
      vertex -32.4311 32.0538 2.4
      vertex -34.7979 31.0035 0
      vertex -32.4311 32.0538 0
    endloop
  endfacet
  facet normal 0.287211 -0.957867 0
    outer loop
      vertex -32.4311 32.0538 0
      vertex -31.598 32.3036 2.4
      vertex -32.4311 32.0538 2.4
    endloop
  endfacet
  facet normal 0.287211 -0.957867 0
    outer loop
      vertex -31.598 32.3036 2.4
      vertex -32.4311 32.0538 0
      vertex -31.598 32.3036 0
    endloop
  endfacet
  facet normal 1 -0 0
    outer loop
      vertex -31.598 32.3036 2.4
      vertex -31.598 41.0511 0
      vertex -31.598 41.0511 2.4
    endloop
  endfacet
  facet normal 1 0 0
    outer loop
      vertex -31.598 41.0511 0
      vertex -31.598 32.3036 2.4
      vertex -31.598 32.3036 0
    endloop
  endfacet
  facet normal -0.0152988 -0.999883 0
    outer loop
      vertex -31.598 41.0511 0
      vertex -30.5 41.0343 2.4
      vertex -31.598 41.0511 2.4
    endloop
  endfacet
  facet normal -0.0152988 -0.999883 -0
    outer loop
      vertex -30.5 41.0343 2.4
      vertex -31.598 41.0511 0
      vertex -30.5 41.0343 0
    endloop
  endfacet
  facet normal -0.0673919 -0.997727 0
    outer loop
      vertex -30.5 41.0343 0
      vertex -25.986 40.7294 2.4
      vertex -30.5 41.0343 2.4
    endloop
  endfacet
  facet normal -0.0673919 -0.997727 -0
    outer loop
      vertex -25.986 40.7294 2.4
      vertex -30.5 41.0343 0
      vertex -25.986 40.7294 0
    endloop
  endfacet
  facet normal -1 0 0
    outer loop
      vertex -25.986 33.3596 0
      vertex -25.986 40.7294 2.4
      vertex -25.986 40.7294 0
    endloop
  endfacet
  facet normal -1 -0 0
    outer loop
      vertex -25.986 40.7294 2.4
      vertex -25.986 33.3596 0
      vertex -25.986 33.3596 2.4
    endloop
  endfacet
  facet normal 0.0569064 -0.99838 0
    outer loop
      vertex -25.986 33.3596 0
      vertex -24.4 33.45 2.4
      vertex -25.986 33.3596 2.4
    endloop
  endfacet
  facet normal 0.0569064 -0.99838 0
    outer loop
      vertex -24.4 33.45 2.4
      vertex -25.986 33.3596 0
      vertex -24.4 33.45 0
    endloop
  endfacet
  facet normal -0.0568946 -0.99838 0
    outer loop
      vertex -24.4 33.45 0
      vertex -21.6327 33.2923 2.4
      vertex -24.4 33.45 2.4
    endloop
  endfacet
  facet normal -0.0568946 -0.99838 -0
    outer loop
      vertex -21.6327 33.2923 2.4
      vertex -24.4 33.45 0
      vertex -21.6327 33.2923 0
    endloop
  endfacet
  facet normal -0.171268 -0.985224 0
    outer loop
      vertex -21.6327 33.2923 0
      vertex -20.496 33.0947 2.4
      vertex -21.6327 33.2923 2.4
    endloop
  endfacet
  facet normal -0.171268 -0.985224 -0
    outer loop
      vertex -20.496 33.0947 2.4
      vertex -21.6327 33.2923 0
      vertex -20.496 33.0947 0
    endloop
  endfacet
  facet normal 1 -0 0
    outer loop
      vertex -20.496 33.0947 2.4
      vertex -20.496 40.1945 0
      vertex -20.496 40.1945 2.4
    endloop
  endfacet
  facet normal 1 0 0
    outer loop
      vertex -20.496 40.1945 0
      vertex -20.496 33.0947 2.4
      vertex -20.496 33.0947 0
    endloop
  endfacet
  facet normal -0.108866 -0.994056 0
    outer loop
      vertex -20.496 40.1945 0
      vertex -18.3 39.954 2.4
      vertex -20.496 40.1945 2.4
    endloop
  endfacet
  facet normal -0.108866 -0.994056 -0
    outer loop
      vertex -18.3 39.954 2.4
      vertex -20.496 40.1945 0
      vertex -18.3 39.954 0
    endloop
  endfacet
  facet normal -0.133655 -0.991028 0
    outer loop
      vertex -18.3 39.954 0
      vertex -14.884 39.4933 2.4
      vertex -18.3 39.954 2.4
    endloop
  endfacet
  facet normal -0.133655 -0.991028 -0
    outer loop
      vertex -14.884 39.4933 2.4
      vertex -18.3 39.954 0
      vertex -14.884 39.4933 0
    endloop
  endfacet
  facet normal -1 0 0
    outer loop
      vertex -14.884 31.3949 0
      vertex -14.884 39.4933 2.4
      vertex -14.884 39.4933 0
    endloop
  endfacet
  facet normal -1 -0 0
    outer loop
      vertex -14.884 39.4933 2.4
      vertex -14.884 31.3949 0
      vertex -14.884 31.3949 2.4
    endloop
  endfacet
  facet normal -0.405658 -0.914025 0
    outer loop
      vertex -14.884 31.3949 0
      vertex -14.0021 31.0035 2.4
      vertex -14.884 31.3949 2.4
    endloop
  endfacet
  facet normal -0.405658 -0.914025 -0
    outer loop
      vertex -14.0021 31.0035 2.4
      vertex -14.884 31.3949 0
      vertex -14.0021 31.0035 0
    endloop
  endfacet
  facet normal -0.526009 -0.850479 0
    outer loop
      vertex -14.0021 31.0035 0
      vertex -11.8913 29.698 2.4
      vertex -14.0021 31.0035 2.4
    endloop
  endfacet
  facet normal -0.526009 -0.850479 -0
    outer loop
      vertex -11.8913 29.698 2.4
      vertex -14.0021 31.0035 0
      vertex -11.8913 29.698 0
    endloop
  endfacet
  facet normal -0.646701 -0.762743 0
    outer loop
      vertex -11.8913 29.698 0
      vertex -11.468 29.3391 2.4
      vertex -11.8913 29.698 2.4
    endloop
  endfacet
  facet normal -0.646701 -0.762743 -0
    outer loop
      vertex -11.468 29.3391 2.4
      vertex -11.8913 29.698 0
      vertex -11.468 29.3391 0
    endloop
  endfacet
  facet normal 1 -0 0
    outer loop
      vertex -11.468 29.3391 2.4
      vertex -11.468 39.0292 0
      vertex -11.468 39.0292 2.4
    endloop
  endfacet
  facet normal 1 0 0
    outer loop
      vertex -11.468 39.0292 0
      vertex -11.468 29.3391 2.4
      vertex -11.468 29.3391 0
    endloop
  endfacet
  facet normal -0.1383 -0.99039 0
    outer loop
      vertex -11.468 39.0292 0
      vertex -6.09999 38.2796 2.4
      vertex -11.468 39.0292 2.4
    endloop
  endfacet
  facet normal -0.1383 -0.99039 -0
    outer loop
      vertex -6.09999 38.2796 2.4
      vertex -11.468 39.0292 0
      vertex -6.09999 38.2796 0
    endloop
  endfacet
  facet normal -0.122022 -0.992527 0
    outer loop
      vertex -6.09999 38.2796 0
      vertex -5.85597 38.2496 2.4
      vertex -6.09999 38.2796 2.4
    endloop
  endfacet
  facet normal -0.122022 -0.992527 -0
    outer loop
      vertex -5.85597 38.2496 2.4
      vertex -6.09999 38.2796 0
      vertex -5.85597 38.2496 0
    endloop
  endfacet
  facet normal -1 0 0
    outer loop
      vertex -5.85597 23.062 0
      vertex -5.85597 38.2496 2.4
      vertex -5.85597 38.2496 0
    endloop
  endfacet
  facet normal -1 -0 0
    outer loop
      vertex -5.85597 38.2496 2.4
      vertex -5.85597 23.062 0
      vertex -5.85597 23.062 2.4
    endloop
  endfacet
  facet normal -0.0736231 -0.997286 0
    outer loop
      vertex -5.85597 23.062 0
      vertex -4.57318 22.9673 2.4
      vertex -5.85597 23.062 2.4
    endloop
  endfacet
  facet normal -0.0736231 -0.997286 -0
    outer loop
      vertex -4.57318 22.9673 2.4
      vertex -5.85597 23.062 0
      vertex -4.57318 22.9673 0
    endloop
  endfacet
  facet normal -0.219531 -0.975606 0
    outer loop
      vertex -4.57318 22.9673 0
      vertex -3.08398 22.6322 2.4
      vertex -4.57318 22.9673 2.4
    endloop
  endfacet
  facet normal -0.219531 -0.975606 -0
    outer loop
      vertex -3.08398 22.6322 2.4
      vertex -4.57318 22.9673 0
      vertex -3.08398 22.6322 0
    endloop
  endfacet
  facet normal -0.362014 -0.932172 0
    outer loop
      vertex -3.08398 22.6322 0
      vertex -1.66904 22.0827 2.4
      vertex -3.08398 22.6322 2.4
    endloop
  endfacet
  facet normal -0.362014 -0.932172 -0
    outer loop
      vertex -1.66904 22.0827 2.4
      vertex -3.08398 22.6322 0
      vertex -1.66904 22.0827 0
    endloop
  endfacet
  facet normal -0.498144 -0.867094 0
    outer loop
      vertex -1.66904 22.0827 0
      vertex -0.363205 21.3325 2.4
      vertex -1.66904 22.0827 2.4
    endloop
  endfacet
  facet normal -0.498144 -0.867094 -0
    outer loop
      vertex -0.363205 21.3325 2.4
      vertex -1.66904 22.0827 0
      vertex -0.363205 21.3325 0
    endloop
  endfacet
  facet normal -0.625073 -0.780566 0
    outer loop
      vertex -0.363205 21.3325 0
      vertex 0.584854 20.5733 2.4
      vertex -0.363205 21.3325 2.4
    endloop
  endfacet
  facet normal -0.625073 -0.780566 -0
    outer loop
      vertex 0.584854 20.5733 2.4
      vertex -0.363205 21.3325 0
      vertex 0.584854 20.5733 0
    endloop
  endfacet
  facet normal 0.0634947 -0.997982 0
    outer loop
      vertex 0.584854 20.5733 0
      vertex 1.30629 20.6192 2.4
      vertex 0.584854 20.5733 2.4
    endloop
  endfacet
  facet normal 0.0634947 -0.997982 0
    outer loop
      vertex 1.30629 20.6192 2.4
      vertex 0.584854 20.5733 0
      vertex 1.30629 20.6192 0
    endloop
  endfacet
  facet normal 0.600001 -0.799999 0
    outer loop
      vertex 1.30629 20.6192 0
      vertex 4.97148 23.3681 2.4
      vertex 1.30629 20.6192 2.4
    endloop
  endfacet
  facet normal 0.600001 -0.799999 0
    outer loop
      vertex 4.97148 23.3681 2.4
      vertex 1.30629 20.6192 0
      vertex 4.97148 23.3681 0
    endloop
  endfacet
  facet normal 0.382371 -0.924009 0
    outer loop
      vertex 4.97148 23.3681 0
      vertex 5.22159 23.4716 2.4
      vertex 4.97148 23.3681 2.4
    endloop
  endfacet
  facet normal 0.382371 -0.924009 0
    outer loop
      vertex 5.22159 23.4716 2.4
      vertex 4.97148 23.3681 0
      vertex 5.22159 23.4716 0
    endloop
  endfacet
  facet normal 0.13076 -0.991414 0
    outer loop
      vertex 5.22159 23.4716 0
      vertex 5.48999 23.507 2.4
      vertex 5.22159 23.4716 2.4
    endloop
  endfacet
  facet normal 0.13076 -0.991414 0
    outer loop
      vertex 5.48999 23.507 2.4
      vertex 5.22159 23.4716 0
      vertex 5.48999 23.507 0
    endloop
  endfacet
  facet normal -0.130765 -0.991413 0
    outer loop
      vertex 5.48999 23.507 0
      vertex 5.75838 23.4716 2.4
      vertex 5.48999 23.507 2.4
    endloop
  endfacet
  facet normal -0.130765 -0.991413 -0
    outer loop
      vertex 5.75838 23.4716 2.4
      vertex 5.48999 23.507 0
      vertex 5.75838 23.4716 0
    endloop
  endfacet
  facet normal -0.382384 -0.924003 0
    outer loop
      vertex 5.75838 23.4716 0
      vertex 6.00848 23.3681 2.4
      vertex 5.75838 23.4716 2.4
    endloop
  endfacet
  facet normal -0.382384 -0.924003 -0
    outer loop
      vertex 6.00848 23.3681 2.4
      vertex 5.75838 23.4716 0
      vertex 6.00848 23.3681 0
    endloop
  endfacet
  facet normal -0.608997 -0.793173 0
    outer loop
      vertex 6.00848 23.3681 0
      vertex 6.22325 23.2032 2.4
      vertex 6.00848 23.3681 2.4
    endloop
  endfacet
  facet normal -0.608997 -0.793173 -0
    outer loop
      vertex 6.22325 23.2032 2.4
      vertex 6.00848 23.3681 0
      vertex 6.22325 23.2032 0
    endloop
  endfacet
  facet normal -0.793255 -0.608889 0
    outer loop
      vertex 6.38805 22.9885 0
      vertex 6.22325 23.2032 2.4
      vertex 6.22325 23.2032 0
    endloop
  endfacet
  facet normal -0.793255 -0.608889 0
    outer loop
      vertex 6.22325 23.2032 2.4
      vertex 6.38805 22.9885 0
      vertex 6.38805 22.9885 2.4
    endloop
  endfacet
  facet normal -0.923873 -0.3827 0
    outer loop
      vertex 6.49165 22.7384 0
      vertex 6.38805 22.9885 2.4
      vertex 6.38805 22.9885 0
    endloop
  endfacet
  facet normal -0.923873 -0.3827 0
    outer loop
      vertex 6.38805 22.9885 2.4
      vertex 6.49165 22.7384 0
      vertex 6.49165 22.7384 2.4
    endloop
  endfacet
  facet normal -0.991448 -0.130506 0
    outer loop
      vertex 6.52698 22.47 0
      vertex 6.49165 22.7384 2.4
      vertex 6.49165 22.7384 0
    endloop
  endfacet
  facet normal -0.991448 -0.130506 0
    outer loop
      vertex 6.49165 22.7384 2.4
      vertex 6.52698 22.47 0
      vertex 6.52698 22.47 2.4
    endloop
  endfacet
  facet normal -0.991448 0.130506 0
    outer loop
      vertex 6.49165 22.2016 0
      vertex 6.52698 22.47 2.4
      vertex 6.52698 22.47 0
    endloop
  endfacet
  facet normal -0.991448 0.130506 0
    outer loop
      vertex 6.52698 22.47 2.4
      vertex 6.49165 22.2016 0
      vertex 6.49165 22.2016 2.4
    endloop
  endfacet
  facet normal -0.923873 0.3827 0
    outer loop
      vertex 6.38805 21.9515 0
      vertex 6.49165 22.2016 2.4
      vertex 6.49165 22.2016 0
    endloop
  endfacet
  facet normal -0.923873 0.3827 0
    outer loop
      vertex 6.49165 22.2016 2.4
      vertex 6.38805 21.9515 0
      vertex 6.38805 21.9515 2.4
    endloop
  endfacet
  facet normal -0.793392 0.608711 0
    outer loop
      vertex 6.22325 21.7367 0
      vertex 6.38805 21.9515 2.4
      vertex 6.38805 21.9515 0
    endloop
  endfacet
  facet normal -0.793392 0.608711 0
    outer loop
      vertex 6.38805 21.9515 2.4
      vertex 6.22325 21.7367 0
      vertex 6.22325 21.7367 2.4
    endloop
  endfacet
  facet normal -0.608764 0.793351 0
    outer loop
      vertex 6.22325 21.7367 0
      vertex 6.00848 21.5719 2.4
      vertex 6.22325 21.7367 2.4
    endloop
  endfacet
  facet normal -0.608764 0.793351 0
    outer loop
      vertex 6.00848 21.5719 2.4
      vertex 6.22325 21.7367 0
      vertex 6.00848 21.5719 0
    endloop
  endfacet
  facet normal -0.599993 0.800005 0
    outer loop
      vertex 6.00848 21.5719 0
      vertex 4.64459 20.549 2.4
      vertex 6.00848 21.5719 2.4
    endloop
  endfacet
  facet normal -0.599993 0.800005 0
    outer loop
      vertex 4.64459 20.549 2.4
      vertex 6.00848 21.5719 0
      vertex 4.64459 20.549 0
    endloop
  endfacet
  facet normal -0.113816 -0.993502 0
    outer loop
      vertex 4.64459 20.549 0
      vertex 5.52011 20.4487 2.4
      vertex 4.64459 20.549 2.4
    endloop
  endfacet
  facet normal -0.113816 -0.993502 -0
    outer loop
      vertex 5.52011 20.4487 2.4
      vertex 4.64459 20.549 0
      vertex 5.52011 20.4487 0
    endloop
  endfacet
  facet normal -0.156443 -0.987687 0
    outer loop
      vertex 5.52011 20.4487 0
      vertex 6.57571 20.2815 2.4
      vertex 5.52011 20.4487 2.4
    endloop
  endfacet
  facet normal -0.156443 -0.987687 -0
    outer loop
      vertex 6.57571 20.2815 2.4
      vertex 5.52011 20.4487 0
      vertex 6.57571 20.2815 0
    endloop
  endfacet
  facet normal -0.222962 -0.974827 0
    outer loop
      vertex 6.57571 20.2815 0
      vertex 8.04607 19.9452 2.4
      vertex 6.57571 20.2815 2.4
    endloop
  endfacet
  facet normal -0.222962 -0.974827 -0
    outer loop
      vertex 8.04607 19.9452 2.4
      vertex 6.57571 20.2815 0
      vertex 8.04607 19.9452 0
    endloop
  endfacet
  facet normal -0.34419 -0.9389 0
    outer loop
      vertex 8.04607 19.9452 0
      vertex 9.38463 19.4545 2.4
      vertex 8.04607 19.9452 2.4
    endloop
  endfacet
  facet normal -0.34419 -0.9389 -0
    outer loop
      vertex 9.38463 19.4545 2.4
      vertex 8.04607 19.9452 0
      vertex 9.38463 19.4545 0
    endloop
  endfacet
  facet normal -0.453944 -0.89103 0
    outer loop
      vertex 9.38463 19.4545 0
      vertex 10.2689 19.004 2.4
      vertex 9.38463 19.4545 2.4
    endloop
  endfacet
  facet normal -0.453944 -0.89103 -0
    outer loop
      vertex 10.2689 19.004 2.4
      vertex 9.38463 19.4545 0
      vertex 10.2689 19.004 0
    endloop
  endfacet
  facet normal -0.471938 -0.881632 0
    outer loop
      vertex 10.2689 19.004 0
      vertex 11.4417 18.3762 2.4
      vertex 10.2689 19.004 2.4
    endloop
  endfacet
  facet normal -0.471938 -0.881632 -0
    outer loop
      vertex 11.4417 18.3762 2.4
      vertex 10.2689 19.004 0
      vertex 11.4417 18.3762 0
    endloop
  endfacet
  facet normal -0.6007 -0.799474 0
    outer loop
      vertex 11.4417 18.3762 0
      vertex 12.4826 17.5941 2.4
      vertex 11.4417 18.3762 2.4
    endloop
  endfacet
  facet normal -0.6007 -0.799474 -0
    outer loop
      vertex 12.4826 17.5941 2.4
      vertex 11.4417 18.3762 0
      vertex 12.4826 17.5941 0
    endloop
  endfacet
  facet normal -0.707107 -0.707107 0
    outer loop
      vertex 12.4826 17.5941 0
      vertex 13.1304 16.9463 2.4
      vertex 12.4826 17.5941 2.4
    endloop
  endfacet
  facet normal -0.707107 -0.707107 -0
    outer loop
      vertex 13.1304 16.9463 2.4
      vertex 12.4826 17.5941 0
      vertex 13.1304 16.9463 0
    endloop
  endfacet
  facet normal -0.717798 -0.696252 0
    outer loop
      vertex 14.0126 16.0368 0
      vertex 13.1304 16.9463 2.4
      vertex 13.1304 16.9463 0
    endloop
  endfacet
  facet normal -0.717798 -0.696252 0
    outer loop
      vertex 13.1304 16.9463 2.4
      vertex 14.0126 16.0368 0
      vertex 14.0126 16.0368 2.4
    endloop
  endfacet
  facet normal -0.817181 -0.576382 0
    outer loop
      vertex 14.763 14.9729 0
      vertex 14.0126 16.0368 2.4
      vertex 14.0126 16.0368 0
    endloop
  endfacet
  facet normal -0.817181 -0.576382 0
    outer loop
      vertex 14.0126 16.0368 2.4
      vertex 14.763 14.9729 0
      vertex 14.763 14.9729 2.4
    endloop
  endfacet
  facet normal -0.89102 -0.453965 0
    outer loop
      vertex 15.1442 14.2247 0
      vertex 14.763 14.9729 2.4
      vertex 14.763 14.9729 0
    endloop
  endfacet
  facet normal -0.89102 -0.453965 0
    outer loop
      vertex 14.763 14.9729 2.4
      vertex 15.1442 14.2247 0
      vertex 15.1442 14.2247 2.4
    endloop
  endfacet
  facet normal -0.891655 -0.452716 0
    outer loop
      vertex 15.7455 13.0404 0
      vertex 15.1442 14.2247 2.4
      vertex 15.1442 14.2247 0
    endloop
  endfacet
  facet normal -0.891655 -0.452716 0
    outer loop
      vertex 15.1442 14.2247 2.4
      vertex 15.7455 13.0404 0
      vertex 15.7455 13.0404 2.4
    endloop
  endfacet
  facet normal -0.943641 -0.330972 0
    outer loop
      vertex 16.215 11.7018 0
      vertex 15.7455 13.0404 2.4
      vertex 15.7455 13.0404 0
    endloop
  endfacet
  facet normal -0.943641 -0.330972 0
    outer loop
      vertex 15.7455 13.0404 2.4
      vertex 16.215 11.7018 0
      vertex 16.215 11.7018 2.4
    endloop
  endfacet
  facet normal -0.975364 -0.220602 0
    outer loop
      vertex 16.5527 10.2087 0
      vertex 16.215 11.7018 2.4
      vertex 16.215 11.7018 0
    endloop
  endfacet
  facet normal -0.975364 -0.220602 0
    outer loop
      vertex 16.215 11.7018 2.4
      vertex 16.5527 10.2087 0
      vertex 16.5527 10.2087 2.4
    endloop
  endfacet
  facet normal -0.987677 -0.156505 0
    outer loop
      vertex 16.6662 9.49242 0
      vertex 16.5527 10.2087 2.4
      vertex 16.5527 10.2087 0
    endloop
  endfacet
  facet normal -0.987677 -0.156505 0
    outer loop
      vertex 16.5527 10.2087 2.4
      vertex 16.6662 9.49242 0
      vertex 16.6662 9.49242 2.4
    endloop
  endfacet
  facet normal -0.992377 -0.123236 0
    outer loop
      vertex 16.8661 7.88269 0
      vertex 16.6662 9.49242 2.4
      vertex 16.6662 9.49242 0
    endloop
  endfacet
  facet normal -0.992377 -0.123236 0
    outer loop
      vertex 16.6662 9.49242 2.4
      vertex 16.8661 7.88269 0
      vertex 16.8661 7.88269 2.4
    endloop
  endfacet
  facet normal -0.999254 -0.0386311 0
    outer loop
      vertex 16.9343 6.11859 0
      vertex 16.8661 7.88269 2.4
      vertex 16.8661 7.88269 0
    endloop
  endfacet
  facet normal -0.999254 -0.0386311 0
    outer loop
      vertex 16.8661 7.88269 2.4
      vertex 16.9343 6.11859 0
      vertex 16.9343 6.11859 2.4
    endloop
  endfacet
  facet normal -0.999449 0.0331854 0
    outer loop
      vertex 16.8706 4.20013 0
      vertex 16.9343 6.11859 2.4
      vertex 16.9343 6.11859 0
    endloop
  endfacet
  facet normal -0.999449 0.0331854 0
    outer loop
      vertex 16.9343 6.11859 2.4
      vertex 16.8706 4.20013 0
      vertex 16.8706 4.20013 2.4
    endloop
  endfacet
  facet normal -0.995586 0.0938494 0
    outer loop
      vertex 16.6752 2.12726 0
      vertex 16.8706 4.20013 2.4
      vertex 16.8706 4.20013 0
    endloop
  endfacet
  facet normal -0.995586 0.0938494 0
    outer loop
      vertex 16.8706 4.20013 2.4
      vertex 16.6752 2.12726 0
      vertex 16.6752 2.12726 2.4
    endloop
  endfacet
  facet normal -0.989381 0.145348 0
    outer loop
      vertex 16.348 -0.0999908 0
      vertex 16.6752 2.12726 2.4
      vertex 16.6752 2.12726 0
    endloop
  endfacet
  facet normal -0.989381 0.145348 0
    outer loop
      vertex 16.6752 2.12726 2.4
      vertex 16.348 -0.0999908 0
      vertex 16.348 -0.0999908 2.4
    endloop
  endfacet
  facet normal -0.987687 0.156443 0
    outer loop
      vertex 16.2644 -0.627792 0
      vertex 16.348 -0.0999908 2.4
      vertex 16.348 -0.0999908 0
    endloop
  endfacet
  facet normal -0.987687 0.156443 0
    outer loop
      vertex 16.348 -0.0999908 2.4
      vertex 16.2644 -0.627792 0
      vertex 16.2644 -0.627792 2.4
    endloop
  endfacet
  facet normal -0.961059 0.276343 0
    outer loop
      vertex 15.9029 -1.88501 0
      vertex 16.2644 -0.627792 2.4
      vertex 16.2644 -0.627792 0
    endloop
  endfacet
  facet normal -0.961059 0.276343 0
    outer loop
      vertex 16.2644 -0.627792 2.4
      vertex 15.9029 -1.88501 0
      vertex 15.9029 -1.88501 2.4
    endloop
  endfacet
  facet normal -0.918741 0.394861 0
    outer loop
      vertex 15.4576 -2.92111 0
      vertex 15.9029 -1.88501 2.4
      vertex 15.9029 -1.88501 0
    endloop
  endfacet
  facet normal -0.918741 0.394861 0
    outer loop
      vertex 15.9029 -1.88501 2.4
      vertex 15.4576 -2.92111 0
      vertex 15.4576 -2.92111 2.4
    endloop
  endfacet
  facet normal -0.890979 0.454045 0
    outer loop
      vertex 15.2193 -3.38873 0
      vertex 15.4576 -2.92111 2.4
      vertex 15.4576 -2.92111 0
    endloop
  endfacet
  facet normal -0.890979 0.454045 0
    outer loop
      vertex 15.4576 -2.92111 2.4
      vertex 15.2193 -3.38873 0
      vertex 15.2193 -3.38873 2.4
    endloop
  endfacet
  facet normal -0.838438 0.544997 0
    outer loop
      vertex 14.6923 -4.19948 0
      vertex 15.2193 -3.38873 2.4
      vertex 15.2193 -3.38873 0
    endloop
  endfacet
  facet normal -0.838438 0.544997 0
    outer loop
      vertex 15.2193 -3.38873 2.4
      vertex 14.6923 -4.19948 0
      vertex 14.6923 -4.19948 2.4
    endloop
  endfacet
  facet normal -0.707136 0.707078 0
    outer loop
      vertex 14.6923 -4.19948 0
      vertex 14.3246 -4.56721 2.4
      vertex 14.6923 -4.19948 2.4
    endloop
  endfacet
  facet normal -0.707136 0.707078 0
    outer loop
      vertex 14.3246 -4.56721 2.4
      vertex 14.6923 -4.19948 0
      vertex 14.3246 -4.56721 0
    endloop
  endfacet
  facet normal -0.694397 0.719592 0
    outer loop
      vertex 14.3246 -4.56721 0
      vertex 13.7171 -5.15344 2.4
      vertex 14.3246 -4.56721 2.4
    endloop
  endfacet
  facet normal -0.694397 0.719592 0
    outer loop
      vertex 13.7171 -5.15344 2.4
      vertex 14.3246 -4.56721 0
      vertex 13.7171 -5.15344 0
    endloop
  endfacet
  facet normal -0.466933 0.884293 0
    outer loop
      vertex 13.7171 -5.15344 0
      vertex 13.0257 -5.51852 2.4
      vertex 13.7171 -5.15344 2.4
    endloop
  endfacet
  facet normal -0.466933 0.884293 0
    outer loop
      vertex 13.0257 -5.51852 2.4
      vertex 13.7171 -5.15344 0
      vertex 13.0257 -5.51852 0
    endloop
  endfacet
  facet normal -0.454001 0.891001 0
    outer loop
      vertex 13.0257 -5.51852 0
      vertex 12.5708 -5.75031 2.4
      vertex 13.0257 -5.51852 2.4
    endloop
  endfacet
  facet normal -0.454001 0.891001 0
    outer loop
      vertex 12.5708 -5.75031 2.4
      vertex 13.0257 -5.51852 0
      vertex 12.5708 -5.75031 0
    endloop
  endfacet
  facet normal -0.180883 0.983505 0
    outer loop
      vertex 12.5708 -5.75031 0
      vertex 11.7998 -5.89211 2.4
      vertex 12.5708 -5.75031 2.4
    endloop
  endfacet
  facet normal -0.180883 0.983505 0
    outer loop
      vertex 11.7998 -5.89211 2.4
      vertex 12.5708 -5.75031 0
      vertex 11.7998 -5.89211 0
    endloop
  endfacet
  facet normal -0.156437 0.987688 0
    outer loop
      vertex 11.7998 -5.89211 0
      vertex 11.3002 -5.97124 2.4
      vertex 11.7998 -5.89211 2.4
    endloop
  endfacet
  facet normal -0.156437 0.987688 0
    outer loop
      vertex 11.3002 -5.97124 2.4
      vertex 11.7998 -5.89211 0
      vertex 11.3002 -5.97124 0
    endloop
  endfacet
  facet normal 0.0937629 0.995595 -0
    outer loop
      vertex 11.3002 -5.97124 0
      vertex 10.45 -5.89117 2.4
      vertex 11.3002 -5.97124 2.4
    endloop
  endfacet
  facet normal 0.0937629 0.995595 0
    outer loop
      vertex 10.45 -5.89117 2.4
      vertex 11.3002 -5.97124 0
      vertex 10.45 -5.89117 0
    endloop
  endfacet
  facet normal 0.156427 0.98769 -0
    outer loop
      vertex 10.45 -5.89117 0
      vertex 9.95523 -5.81281 2.4
      vertex 10.45 -5.89117 2.4
    endloop
  endfacet
  facet normal 0.156427 0.98769 0
    outer loop
      vertex 9.95523 -5.81281 2.4
      vertex 10.45 -5.89117 0
      vertex 9.95523 -5.81281 0
    endloop
  endfacet
  facet normal 0.307614 0.951511 -0
    outer loop
      vertex 9.95523 -5.81281 0
      vertex 9.02588 -5.51236 2.4
      vertex 9.95523 -5.81281 2.4
    endloop
  endfacet
  facet normal 0.307614 0.951511 0
    outer loop
      vertex 9.02588 -5.51236 2.4
      vertex 9.95523 -5.81281 0
      vertex 9.02588 -5.51236 0
    endloop
  endfacet
  facet normal 0.454004 0.891 -0
    outer loop
      vertex 9.02588 -5.51236 0
      vertex 8.58376 -5.28708 2.4
      vertex 9.02588 -5.51236 2.4
    endloop
  endfacet
  facet normal 0.454004 0.891 0
    outer loop
      vertex 8.58376 -5.28708 2.4
      vertex 9.02588 -5.51236 0
      vertex 8.58376 -5.28708 0
    endloop
  endfacet
  facet normal 0.707117 0.707097 0
    outer loop
      vertex 8.58376 -5.28708 2.4
      vertex 8.23289 -4.9362 0
      vertex 8.23289 -4.9362 2.4
    endloop
  endfacet
  facet normal 0.707117 0.707097 0
    outer loop
      vertex 8.23289 -4.9362 0
      vertex 8.58376 -5.28708 2.4
      vertex 8.58376 -5.28708 0
    endloop
  endfacet
  facet normal 0.890991 0.45402 0
    outer loop
      vertex 8.23289 -4.9362 2.4
      vertex 8.0076 -4.49408 0
      vertex 8.0076 -4.49408 2.4
    endloop
  endfacet
  facet normal 0.890991 0.45402 0
    outer loop
      vertex 8.0076 -4.49408 0
      vertex 8.23289 -4.9362 2.4
      vertex 8.23289 -4.9362 0
    endloop
  endfacet
  facet normal 0.987693 0.156407 0
    outer loop
      vertex 8.0076 -4.49408 2.4
      vertex 7.92999 -4.00398 0
      vertex 7.92999 -4.00398 2.4
    endloop
  endfacet
  facet normal 0.987693 0.156407 0
    outer loop
      vertex 7.92999 -4.00398 0
      vertex 8.0076 -4.49408 2.4
      vertex 8.0076 -4.49408 0
    endloop
  endfacet
  facet normal 0.987693 -0.156403 0
    outer loop
      vertex 7.92999 -4.00398 2.4
      vertex 8.0076 -3.51387 0
      vertex 8.0076 -3.51387 2.4
    endloop
  endfacet
  facet normal 0.987693 -0.156403 0
    outer loop
      vertex 8.0076 -3.51387 0
      vertex 7.92999 -4.00398 2.4
      vertex 7.92999 -4.00398 0
    endloop
  endfacet
  facet normal 0.890991 -0.45402 0
    outer loop
      vertex 8.0076 -3.51387 2.4
      vertex 8.23289 -3.07175 0
      vertex 8.23289 -3.07175 2.4
    endloop
  endfacet
  facet normal 0.890991 -0.45402 0
    outer loop
      vertex 8.23289 -3.07175 0
      vertex 8.0076 -3.51387 2.4
      vertex 8.0076 -3.51387 0
    endloop
  endfacet
  facet normal 0.707097 -0.707117 0
    outer loop
      vertex 8.23289 -3.07175 2.4
      vertex 8.58376 -2.72089 0
      vertex 8.58376 -2.72089 2.4
    endloop
  endfacet
  facet normal 0.707097 -0.707117 0
    outer loop
      vertex 8.58376 -2.72089 0
      vertex 8.23289 -3.07175 2.4
      vertex 8.23289 -3.07175 0
    endloop
  endfacet
  facet normal 0.454004 -0.891 0
    outer loop
      vertex 8.58376 -2.72089 0
      vertex 9.02588 -2.49561 2.4
      vertex 8.58376 -2.72089 2.4
    endloop
  endfacet
  facet normal 0.454004 -0.891 0
    outer loop
      vertex 9.02588 -2.49561 2.4
      vertex 8.58376 -2.72089 0
      vertex 9.02588 -2.49561 0
    endloop
  endfacet
  facet normal 0.156446 -0.987687 0
    outer loop
      vertex 9.02588 -2.49561 0
      vertex 9.51598 -2.41798 2.4
      vertex 9.02588 -2.49561 2.4
    endloop
  endfacet
  facet normal 0.156446 -0.987687 0
    outer loop
      vertex 9.51598 -2.41798 2.4
      vertex 9.02588 -2.49561 0
      vertex 9.51598 -2.41798 0
    endloop
  endfacet
  facet normal -0.15644 -0.987688 0
    outer loop
      vertex 9.51598 -2.41798 0
      vertex 10.0061 -2.49561 2.4
      vertex 9.51598 -2.41798 2.4
    endloop
  endfacet
  facet normal -0.15644 -0.987688 -0
    outer loop
      vertex 10.0061 -2.49561 2.4
      vertex 9.51598 -2.41798 0
      vertex 10.0061 -2.49561 0
    endloop
  endfacet
  facet normal -0.27778 -0.960645 0
    outer loop
      vertex 10.0061 -2.49561 0
      vertex 10.7303 -2.70502 2.4
      vertex 10.0061 -2.49561 2.4
    endloop
  endfacet
  facet normal -0.27778 -0.960645 -0
    outer loop
      vertex 10.7303 -2.70502 2.4
      vertex 10.0061 -2.49561 0
      vertex 10.7303 -2.70502 0
    endloop
  endfacet
  facet normal -0.0581502 -0.998308 0
    outer loop
      vertex 10.7303 -2.70502 0
      vertex 11.1837 -2.73143 2.4
      vertex 10.7303 -2.70502 2.4
    endloop
  endfacet
  facet normal -0.0581502 -0.998308 -0
    outer loop
      vertex 11.1837 -2.73143 2.4
      vertex 10.7303 -2.70502 0
      vertex 11.1837 -2.73143 0
    endloop
  endfacet
  facet normal 0.218823 -0.975765 0
    outer loop
      vertex 11.1837 -2.73143 0
      vertex 11.4735 -2.66644 2.4
      vertex 11.1837 -2.73143 2.4
    endloop
  endfacet
  facet normal 0.218823 -0.975765 0
    outer loop
      vertex 11.4735 -2.66644 2.4
      vertex 11.1837 -2.73143 0
      vertex 11.4735 -2.66644 0
    endloop
  endfacet
  facet normal 0.500857 -0.86553 0
    outer loop
      vertex 11.4735 -2.66644 0
      vertex 11.752 -2.50528 2.4
      vertex 11.4735 -2.66644 2.4
    endloop
  endfacet
  facet normal 0.500857 -0.86553 0
    outer loop
      vertex 11.752 -2.50528 2.4
      vertex 11.4735 -2.66644 0
      vertex 11.752 -2.50528 0
    endloop
  endfacet
  facet normal 0.719592 -0.694397 0
    outer loop
      vertex 11.752 -2.50528 2.4
      vertex 12.0028 -2.24538 0
      vertex 12.0028 -2.24538 2.4
    endloop
  endfacet
  facet normal 0.719592 -0.694397 0
    outer loop
      vertex 12.0028 -2.24538 0
      vertex 11.752 -2.50528 2.4
      vertex 11.752 -2.50528 0
    endloop
  endfacet
  facet normal 0.855174 -0.518341 0
    outer loop
      vertex 12.0028 -2.24538 2.4
      vertex 12.3534 -1.66695 0
      vertex 12.3534 -1.66695 2.4
    endloop
  endfacet
  facet normal 0.855174 -0.518341 0
    outer loop
      vertex 12.3534 -1.66695 0
      vertex 12.0028 -2.24538 2.4
      vertex 12.0028 -2.24538 0
    endloop
  endfacet
  facet normal 0.929035 -0.369993 0
    outer loop
      vertex 12.3534 -1.66695 2.4
      vertex 12.6832 -0.838837 0
      vertex 12.6832 -0.838837 2.4
    endloop
  endfacet
  facet normal 0.929035 -0.369993 0
    outer loop
      vertex 12.6832 -0.838837 0
      vertex 12.3534 -1.66695 2.4
      vertex 12.3534 -1.66695 0
    endloop
  endfacet
  facet normal 0.967253 -0.253815 0
    outer loop
      vertex 12.6832 -0.838837 2.4
      vertex 12.9411 0.143982 0
      vertex 12.9411 0.143982 2.4
    endloop
  endfacet
  facet normal 0.967253 -0.253815 0
    outer loop
      vertex 12.9411 0.143982 0
      vertex 12.6832 -0.838837 2.4
      vertex 12.6832 -0.838837 0
    endloop
  endfacet
  facet normal 0.999303 -0.0373363 0
    outer loop
      vertex 12.9411 0.143982 2.4
      vertex 13.0152 2.12726 0
      vertex 13.0152 2.12726 2.4
    endloop
  endfacet
  facet normal 0.999303 -0.0373363 0
    outer loop
      vertex 13.0152 2.12726 0
      vertex 12.9411 0.143982 2.4
      vertex 12.9411 0.143982 0
    endloop
  endfacet
  facet normal 0.999725 0.0234393 0
    outer loop
      vertex 13.0152 2.12726 2.4
      vertex 12.9666 4.20013 0
      vertex 12.9666 4.20013 2.4
    endloop
  endfacet
  facet normal 0.999725 0.0234393 0
    outer loop
      vertex 12.9666 4.20013 0
      vertex 13.0152 2.12726 2.4
      vertex 13.0152 2.12726 0
    endloop
  endfacet
  facet normal 0.995612 0.0935739 0
    outer loop
      vertex 12.9666 4.20013 2.4
      vertex 12.8 5.97273 0
      vertex 12.8 5.97273 2.4
    endloop
  endfacet
  facet normal 0.995612 0.0935739 0
    outer loop
      vertex 12.8 5.97273 0
      vertex 12.9666 4.20013 2.4
      vertex 12.9666 4.20013 0
    endloop
  endfacet
  facet normal 0.984633 0.174638 0
    outer loop
      vertex 12.8 5.97273 2.4
      vertex 12.5816 7.2041 0
      vertex 12.5816 7.2041 2.4
    endloop
  endfacet
  facet normal 0.984633 0.174638 0
    outer loop
      vertex 12.5816 7.2041 0
      vertex 12.8 5.97273 2.4
      vertex 12.8 5.97273 0
    endloop
  endfacet
  facet normal 0.963308 0.268399 0
    outer loop
      vertex 12.5816 7.2041 2.4
      vertex 12.1436 8.77612 0
      vertex 12.1436 8.77612 2.4
    endloop
  endfacet
  facet normal 0.963308 0.268399 0
    outer loop
      vertex 12.1436 8.77612 0
      vertex 12.5816 7.2041 2.4
      vertex 12.5816 7.2041 0
    endloop
  endfacet
  facet normal 0.927872 0.372899 0
    outer loop
      vertex 12.1436 8.77612 2.4
      vertex 11.6571 9.98666 0
      vertex 11.6571 9.98666 2.4
    endloop
  endfacet
  facet normal 0.927872 0.372899 0
    outer loop
      vertex 11.6571 9.98666 0
      vertex 12.1436 8.77612 2.4
      vertex 12.1436 8.77612 0
    endloop
  endfacet
  facet normal 0.873754 0.486369 0
    outer loop
      vertex 11.6571 9.98666 2.4
      vertex 11.2362 10.7428 0
      vertex 11.2362 10.7428 2.4
    endloop
  endfacet
  facet normal 0.873754 0.486369 0
    outer loop
      vertex 11.2362 10.7428 0
      vertex 11.6571 9.98666 2.4
      vertex 11.6571 9.98666 0
    endloop
  endfacet
  facet normal 0.796497 0.604642 0
    outer loop
      vertex 11.2362 10.7428 2.4
      vertex 10.471 11.7508 0
      vertex 10.471 11.7508 2.4
    endloop
  endfacet
  facet normal 0.796497 0.604642 0
    outer loop
      vertex 10.471 11.7508 0
      vertex 11.2362 10.7428 2.4
      vertex 11.2362 10.7428 0
    endloop
  endfacet
  facet normal 0.696389 0.717664 -0
    outer loop
      vertex 10.471 11.7508 0
      vertex 10.0932 12.1174 2.4
      vertex 10.471 11.7508 2.4
    endloop
  endfacet
  facet normal 0.696389 0.717664 0
    outer loop
      vertex 10.0932 12.1174 2.4
      vertex 10.471 11.7508 0
      vertex 10.0932 12.1174 0
    endloop
  endfacet
  facet normal 0.574648 0.818401 -0
    outer loop
      vertex 10.0932 12.1174 0
      vertex 9.10425 12.8118 2.4
      vertex 10.0932 12.1174 2.4
    endloop
  endfacet
  facet normal 0.574648 0.818401 0
    outer loop
      vertex 9.10425 12.8118 2.4
      vertex 10.0932 12.1174 0
      vertex 9.10425 12.8118 0
    endloop
  endfacet
  facet normal 0.442301 0.896866 -0
    outer loop
      vertex 9.10425 12.8118 0
      vertex 8.70641 13.008 2.4
      vertex 9.10425 12.8118 2.4
    endloop
  endfacet
  facet normal 0.442301 0.896866 0
    outer loop
      vertex 8.70641 13.008 2.4
      vertex 9.10425 12.8118 0
      vertex 8.70641 13.008 0
    endloop
  endfacet
  facet normal 0.306593 0.951841 -0
    outer loop
      vertex 8.70641 13.008 0
      vertex 7.42422 13.421 2.4
      vertex 8.70641 13.008 2.4
    endloop
  endfacet
  facet normal 0.306593 0.951841 0
    outer loop
      vertex 7.42422 13.421 2.4
      vertex 8.70641 13.008 0
      vertex 7.42422 13.421 0
    endloop
  endfacet
  facet normal 0.179882 0.983688 -0
    outer loop
      vertex 7.42422 13.421 0
      vertex 6.81612 13.5322 2.4
      vertex 7.42422 13.421 2.4
    endloop
  endfacet
  facet normal 0.179882 0.983688 0
    outer loop
      vertex 6.81612 13.5322 2.4
      vertex 7.42422 13.421 0
      vertex 6.81612 13.5322 0
    endloop
  endfacet
  facet normal 0.065062 0.997881 -0
    outer loop
      vertex 6.81612 13.5322 0
      vertex 5.52011 13.6167 2.4
      vertex 6.81612 13.5322 2.4
    endloop
  endfacet
  facet normal 0.065062 0.997881 0
    outer loop
      vertex 5.52011 13.6167 2.4
      vertex 6.81612 13.5322 0
      vertex 5.52011 13.6167 0
    endloop
  endfacet
  facet normal -0.0341902 0.999415 0
    outer loop
      vertex 5.52011 13.6167 0
      vertex 3.88025 13.5606 2.4
      vertex 5.52011 13.6167 2.4
    endloop
  endfacet
  facet normal -0.0341902 0.999415 0
    outer loop
      vertex 3.88025 13.5606 2.4
      vertex 5.52011 13.6167 0
      vertex 3.88025 13.5606 0
    endloop
  endfacet
  facet normal -0.118158 0.992995 0
    outer loop
      vertex 3.88025 13.5606 0
      vertex 3.62645 13.5304 2.4
      vertex 3.88025 13.5606 2.4
    endloop
  endfacet
  facet normal -0.118158 0.992995 0
    outer loop
      vertex 3.62645 13.5304 2.4
      vertex 3.88025 13.5606 0
      vertex 3.62645 13.5304 0
    endloop
  endfacet
  facet normal -0.996495 0.0836561 0
    outer loop
      vertex 3.53983 12.4986 0
      vertex 3.62645 13.5304 2.4
      vertex 3.62645 13.5304 0
    endloop
  endfacet
  facet normal -0.996495 0.0836561 0
    outer loop
      vertex 3.62645 13.5304 2.4
      vertex 3.53983 12.4986 0
      vertex 3.53983 12.4986 2.4
    endloop
  endfacet
  facet normal -0.968738 0.248086 0
    outer loop
      vertex 3.1823 11.1025 0
      vertex 3.53983 12.4986 2.4
      vertex 3.53983 12.4986 0
    endloop
  endfacet
  facet normal -0.968738 0.248086 0
    outer loop
      vertex 3.53983 12.4986 2.4
      vertex 3.1823 11.1025 0
      vertex 3.1823 11.1025 2.4
    endloop
  endfacet
  facet normal -0.914702 0.404129 0
    outer loop
      vertex 2.59622 9.77597 0
      vertex 3.1823 11.1025 2.4
      vertex 3.1823 11.1025 0
    endloop
  endfacet
  facet normal -0.914702 0.404129 0
    outer loop
      vertex 3.1823 11.1025 2.4
      vertex 2.59622 9.77597 0
      vertex 2.59622 9.77597 2.4
    endloop
  endfacet
  facet normal -0.837035 0.54715 0
    outer loop
      vertex 1.79597 8.55174 0
      vertex 2.59622 9.77597 2.4
      vertex 2.59622 9.77597 0
    endloop
  endfacet
  facet normal -0.837035 0.54715 0
    outer loop
      vertex 2.59622 9.77597 2.4
      vertex 1.79597 8.55174 0
      vertex 1.79597 8.55174 2.4
    endloop
  endfacet
  facet normal -0.739236 0.673446 0
    outer loop
      vertex 0.801346 7.45995 0
      vertex 1.79597 8.55174 2.4
      vertex 1.79597 8.55174 0
    endloop
  endfacet
  facet normal -0.739236 0.673446 0
    outer loop
      vertex 1.79597 8.55174 2.4
      vertex 0.801346 7.45995 0
      vertex 0.801346 7.45995 2.4
    endloop
  endfacet
  facet normal -0.625038 0.780594 0
    outer loop
      vertex 0.801346 7.45995 0
      vertex -0.363205 6.52747 2.4
      vertex 0.801346 7.45995 2.4
    endloop
  endfacet
  facet normal -0.625038 0.780594 0
    outer loop
      vertex -0.363205 6.52747 2.4
      vertex 0.801346 7.45995 0
      vertex -0.363205 6.52747 0
    endloop
  endfacet
  facet normal -0.498129 0.867103 0
    outer loop
      vertex -0.363205 6.52747 0
      vertex -1.66904 5.7773 2.4
      vertex -0.363205 6.52747 2.4
    endloop
  endfacet
  facet normal -0.498129 0.867103 0
    outer loop
      vertex -1.66904 5.7773 2.4
      vertex -0.363205 6.52747 0
      vertex -1.66904 5.7773 0
    endloop
  endfacet
  facet normal -0.361997 0.932179 0
    outer loop
      vertex -1.66904 5.7773 0
      vertex -3.08398 5.22783 2.4
      vertex -1.66904 5.7773 2.4
    endloop
  endfacet
  facet normal -0.361997 0.932179 0
    outer loop
      vertex -3.08398 5.22783 2.4
      vertex -1.66904 5.7773 0
      vertex -3.08398 5.22783 0
    endloop
  endfacet
  facet normal -0.219581 0.975594 0
    outer loop
      vertex -3.08398 5.22783 0
      vertex -4.57318 4.89265 2.4
      vertex -3.08398 5.22783 2.4
    endloop
  endfacet
  facet normal -0.219581 0.975594 0
    outer loop
      vertex -4.57318 4.89265 2.4
      vertex -3.08398 5.22783 0
      vertex -4.57318 4.89265 0
    endloop
  endfacet
  facet normal -0.0735813 0.997289 0
    outer loop
      vertex -4.57318 4.89265 0
      vertex -6.09999 4.78 2.4
      vertex -4.57318 4.89265 2.4
    endloop
  endfacet
  facet normal -0.0735813 0.997289 0
    outer loop
      vertex -6.09999 4.78 2.4
      vertex -4.57318 4.89265 0
      vertex -6.09999 4.78 0
    endloop
  endfacet
  facet normal 0.0735913 0.997288 -0
    outer loop
      vertex -6.09999 4.78 0
      vertex -6.78137 4.83028 2.4
      vertex -6.09999 4.78 2.4
    endloop
  endfacet
  facet normal 0.0735913 0.997288 0
    outer loop
      vertex -6.78137 4.83028 2.4
      vertex -6.09999 4.78 0
      vertex -6.78137 4.83028 0
    endloop
  endfacet
  facet normal -0.872247 0.489065 0
    outer loop
      vertex -6.79846 4.7998 0
      vertex -6.78137 4.83028 2.4
      vertex -6.78137 4.83028 0
    endloop
  endfacet
  facet normal -0.872247 0.489065 0
    outer loop
      vertex -6.78137 4.83028 2.4
      vertex -6.79846 4.7998 0
      vertex -6.79846 4.7998 2.4
    endloop
  endfacet
  facet normal -0.780568 0.625071 0
    outer loop
      vertex -7.52762 3.88925 0
      vertex -6.79846 4.7998 2.4
      vertex -6.79846 4.7998 0
    endloop
  endfacet
  facet normal -0.780568 0.625071 0
    outer loop
      vertex -6.79846 4.7998 2.4
      vertex -7.52762 3.88925 0
      vertex -7.52762 3.88925 2.4
    endloop
  endfacet
  facet normal -0.649551 0.760318 0
    outer loop
      vertex -7.52762 3.88925 0
      vertex -8.35681 3.18086 2.4
      vertex -7.52762 3.88925 2.4
    endloop
  endfacet
  facet normal -0.649551 0.760318 0
    outer loop
      vertex -8.35681 3.18086 2.4
      vertex -7.52762 3.88925 0
      vertex -8.35681 3.18086 0
    endloop
  endfacet
  facet normal -0.473661 0.880707 0
    outer loop
      vertex -8.35681 3.18086 0
      vertex -9.26561 2.69209 2.4
      vertex -8.35681 3.18086 2.4
    endloop
  endfacet
  facet normal -0.473661 0.880707 0
    outer loop
      vertex -9.26561 2.69209 2.4
      vertex -8.35681 3.18086 0
      vertex -9.26561 2.69209 0
    endloop
  endfacet
  facet normal -0.257183 0.966363 0
    outer loop
      vertex -9.26561 2.69209 0
      vertex -10.2317 2.43498 2.4
      vertex -9.26561 2.69209 2.4
    endloop
  endfacet
  facet normal -0.257183 0.966363 0
    outer loop
      vertex -10.2317 2.43498 2.4
      vertex -9.26561 2.69209 0
      vertex -10.2317 2.43498 0
    endloop
  endfacet
  facet normal -0.019138 0.999817 0
    outer loop
      vertex -10.2317 2.43498 0
      vertex -11.2311 2.41585 2.4
      vertex -10.2317 2.43498 2.4
    endloop
  endfacet
  facet normal -0.019138 0.999817 0
    outer loop
      vertex -11.2311 2.41585 2.4
      vertex -10.2317 2.43498 0
      vertex -11.2311 2.41585 0
    endloop
  endfacet
  facet normal 0.212534 0.977154 -0
    outer loop
      vertex -11.2311 2.41585 0
      vertex -12.2395 2.63518 2.4
      vertex -11.2311 2.41585 2.4
    endloop
  endfacet
  facet normal 0.212534 0.977154 0
    outer loop
      vertex -12.2395 2.63518 2.4
      vertex -11.2311 2.41585 0
      vertex -12.2395 2.63518 0
    endloop
  endfacet
  facet normal 0.41484 0.909895 -0
    outer loop
      vertex -12.2395 2.63518 0
      vertex -13.2318 3.08759 2.4
      vertex -12.2395 2.63518 2.4
    endloop
  endfacet
  facet normal 0.41484 0.909895 0
    outer loop
      vertex -13.2318 3.08759 2.4
      vertex -12.2395 2.63518 0
      vertex -13.2318 3.08759 0
    endloop
  endfacet
  facet normal 0.578039 0.816009 -0
    outer loop
      vertex -13.2318 3.08759 0
      vertex -14.1837 3.76189 2.4
      vertex -13.2318 3.08759 2.4
    endloop
  endfacet
  facet normal 0.578039 0.816009 0
    outer loop
      vertex -14.1837 3.76189 2.4
      vertex -13.2318 3.08759 0
      vertex -14.1837 3.76189 0
    endloop
  endfacet
  facet normal 0.703739 0.710459 -0
    outer loop
      vertex -14.1837 3.76189 0
      vertex -15.0717 4.64149 2.4
      vertex -14.1837 3.76189 2.4
    endloop
  endfacet
  facet normal 0.703739 0.710459 0
    outer loop
      vertex -15.0717 4.64149 2.4
      vertex -14.1837 3.76189 0
      vertex -15.0717 4.64149 0
    endloop
  endfacet
  facet normal 0.798244 0.602334 0
    outer loop
      vertex -15.0717 4.64149 2.4
      vertex -15.874 5.70474 0
      vertex -15.874 5.70474 2.4
    endloop
  endfacet
  facet normal 0.798244 0.602334 0
    outer loop
      vertex -15.874 5.70474 0
      vertex -15.0717 4.64149 2.4
      vertex -15.0717 4.64149 0
    endloop
  endfacet
  facet normal 0.868478 0.495728 0
    outer loop
      vertex -15.874 5.70474 2.4
      vertex -16.5708 6.92548 0
      vertex -16.5708 6.92548 2.4
    endloop
  endfacet
  facet normal 0.868478 0.495728 0
    outer loop
      vertex -16.5708 6.92548 0
      vertex -15.874 5.70474 2.4
      vertex -15.874 5.70474 0
    endloop
  endfacet
  facet normal 0.920026 0.391858 0
    outer loop
      vertex -16.5708 6.92548 2.4
      vertex -17.145 8.27362 0
      vertex -17.145 8.27362 2.4
    endloop
  endfacet
  facet normal 0.920026 0.391858 0
    outer loop
      vertex -17.145 8.27362 0
      vertex -16.5708 6.92548 2.4
      vertex -16.5708 6.92548 0
    endloop
  endfacet
  facet normal 0.956955 0.290237 0
    outer loop
      vertex -17.145 8.27362 2.4
      vertex -17.3451 8.93338 0
      vertex -17.3451 8.93338 2.4
    endloop
  endfacet
  facet normal 0.956955 0.290237 0
    outer loop
      vertex -17.3451 8.93338 0
      vertex -17.145 8.27362 2.4
      vertex -17.145 8.27362 0
    endloop
  endfacet
  facet normal -0.287298 0.957841 0
    outer loop
      vertex -17.3451 8.93338 0
      vertex -18.9335 8.45695 2.4
      vertex -17.3451 8.93338 2.4
    endloop
  endfacet
  facet normal -0.287298 0.957841 0
    outer loop
      vertex -18.9335 8.45695 2.4
      vertex -17.3451 8.93338 0
      vertex -18.9335 8.45695 0
    endloop
  endfacet
  facet normal -0.171282 0.985222 0
    outer loop
      vertex -18.9335 8.45695 0
      vertex -21.6327 7.98769 2.4
      vertex -18.9335 8.45695 2.4
    endloop
  endfacet
  facet normal -0.171282 0.985222 0
    outer loop
      vertex -21.6327 7.98769 2.4
      vertex -18.9335 8.45695 0
      vertex -21.6327 7.98769 0
    endloop
  endfacet
  facet normal -0.0568946 0.99838 0
    outer loop
      vertex -21.6327 7.98769 0
      vertex -24.4 7.82999 2.4
      vertex -21.6327 7.98769 2.4
    endloop
  endfacet
  facet normal -0.0568946 0.99838 0
    outer loop
      vertex -24.4 7.82999 2.4
      vertex -21.6327 7.98769 0
      vertex -24.4 7.82999 0
    endloop
  endfacet
  facet normal 0.0568946 0.99838 -0
    outer loop
      vertex -24.4 7.82999 0
      vertex -27.1673 7.98769 2.4
      vertex -24.4 7.82999 2.4
    endloop
  endfacet
  facet normal 0.0568946 0.99838 0
    outer loop
      vertex -27.1673 7.98769 2.4
      vertex -24.4 7.82999 0
      vertex -27.1673 7.98769 0
    endloop
  endfacet
  facet normal 0.171282 0.985222 -0
    outer loop
      vertex -27.1673 7.98769 0
      vertex -29.8665 8.45695 2.4
      vertex -27.1673 7.98769 2.4
    endloop
  endfacet
  facet normal 0.171282 0.985222 0
    outer loop
      vertex -29.8665 8.45695 2.4
      vertex -27.1673 7.98769 0
      vertex -29.8665 8.45695 0
    endloop
  endfacet
  facet normal 0.287303 0.95784 -0
    outer loop
      vertex -29.8665 8.45695 0
      vertex -32.4311 9.2262 2.4
      vertex -29.8665 8.45695 2.4
    endloop
  endfacet
  facet normal 0.287303 0.95784 0
    outer loop
      vertex -32.4311 9.2262 2.4
      vertex -29.8665 8.45695 0
      vertex -32.4311 9.2262 0
    endloop
  endfacet
  facet normal 0.405619 0.914042 -0
    outer loop
      vertex -32.4311 9.2262 0
      vertex -34.7979 10.2765 2.4
      vertex -32.4311 9.2262 2.4
    endloop
  endfacet
  facet normal 0.405619 0.914042 0
    outer loop
      vertex -34.7979 10.2765 2.4
      vertex -32.4311 9.2262 0
      vertex -34.7979 10.2765 0
    endloop
  endfacet
  facet normal 0.526009 0.850479 -0
    outer loop
      vertex -34.7979 10.2765 0
      vertex -36.9087 11.582 2.4
      vertex -34.7979 10.2765 2.4
    endloop
  endfacet
  facet normal 0.526009 0.850479 0
    outer loop
      vertex -36.9087 11.582 2.4
      vertex -34.7979 10.2765 0
      vertex -36.9087 11.582 0
    endloop
  endfacet
  facet normal 0.646695 0.762749 -0
    outer loop
      vertex -36.9087 11.582 0
      vertex -38.7115 13.1105 2.4
      vertex -36.9087 11.582 2.4
    endloop
  endfacet
  facet normal 0.646695 0.762749 0
    outer loop
      vertex -38.7115 13.1105 2.4
      vertex -36.9087 11.582 0
      vertex -38.7115 13.1105 0
    endloop
  endfacet
  facet normal 0.763347 0.645988 0
    outer loop
      vertex -38.7115 13.1105 2.4
      vertex -40.1619 14.8244 0
      vertex -40.1619 14.8244 2.4
    endloop
  endfacet
  facet normal 0.763347 0.645988 0
    outer loop
      vertex -40.1619 14.8244 0
      vertex -38.7115 13.1105 2.4
      vertex -38.7115 13.1105 0
    endloop
  endfacet
  facet normal 0.868025 0.49652 0
    outer loop
      vertex -40.1619 14.8244 2.4
      vertex -40.6953 15.7569 0
      vertex -40.6953 15.7569 2.4
    endloop
  endfacet
  facet normal 0.868025 0.49652 0
    outer loop
      vertex -40.6953 15.7569 0
      vertex -40.1619 14.8244 2.4
      vertex -40.1619 14.8244 0
    endloop
  endfacet
  facet normal -0.453958 0.891023 0
    outer loop
      vertex -40.6953 15.7569 0
      vertex -41.0276 15.5876 2.4
      vertex -40.6953 15.7569 2.4
    endloop
  endfacet
  facet normal -0.453958 0.891023 0
    outer loop
      vertex -41.0276 15.5876 2.4
      vertex -40.6953 15.7569 0
      vertex -41.0276 15.5876 0
    endloop
  endfacet
  facet normal -0.156321 0.987706 0
    outer loop
      vertex -41.0276 15.5876 0
      vertex -41.48 15.516 2.4
      vertex -41.0276 15.5876 2.4
    endloop
  endfacet
  facet normal -0.156321 0.987706 0
    outer loop
      vertex -41.48 15.516 2.4
      vertex -41.0276 15.5876 0
      vertex -41.48 15.516 0
    endloop
  endfacet
  facet normal 0.156321 0.987706 -0
    outer loop
      vertex -41.48 15.516 0
      vertex -41.9324 15.5876 2.4
      vertex -41.48 15.516 2.4
    endloop
  endfacet
  facet normal 0.156321 0.987706 0
    outer loop
      vertex -41.9324 15.5876 2.4
      vertex -41.48 15.516 0
      vertex -41.9324 15.5876 0
    endloop
  endfacet
  facet normal 0.454099 0.890951 -0
    outer loop
      vertex -41.9324 15.5876 0
      vertex -42.3405 15.7956 2.4
      vertex -41.9324 15.5876 2.4
    endloop
  endfacet
  facet normal 0.454099 0.890951 0
    outer loop
      vertex -42.3405 15.7956 2.4
      vertex -41.9324 15.5876 0
      vertex -42.3405 15.7956 0
    endloop
  endfacet
  facet normal 0.69275 0.721177 -0
    outer loop
      vertex -42.3405 15.7956 0
      vertex -43.7688 17.1676 2.4
      vertex -42.3405 15.7956 2.4
    endloop
  endfacet
  facet normal 0.69275 0.721177 0
    outer loop
      vertex -43.7688 17.1676 2.4
      vertex -42.3405 15.7956 0
      vertex -43.7688 17.1676 0
    endloop
  endfacet
  facet normal 0.707107 0.707107 0
    outer loop
      vertex -43.7688 17.1676 2.4
      vertex -44.0882 17.487 0
      vertex -44.0882 17.487 2.4
    endloop
  endfacet
  facet normal 0.707107 0.707107 0
    outer loop
      vertex -44.0882 17.487 0
      vertex -43.7688 17.1676 2.4
      vertex -43.7688 17.1676 0
    endloop
  endfacet
  facet normal 0.841712 0.539927 0
    outer loop
      vertex -44.0882 17.487 2.4
      vertex -45.1393 19.1256 0
      vertex -45.1393 19.1256 2.4
    endloop
  endfacet
  facet normal 0.841712 0.539927 0
    outer loop
      vertex -45.1393 19.1256 0
      vertex -44.0882 17.487 2.4
      vertex -44.0882 17.487 0
    endloop
  endfacet
  facet normal 0.891079 0.453848 0
    outer loop
      vertex -45.1393 19.1256 2.4
      vertex -45.3414 19.5224 0
      vertex -45.3414 19.5224 2.4
    endloop
  endfacet
  facet normal 0.891079 0.453848 0
    outer loop
      vertex -45.3414 19.5224 0
      vertex -45.1393 19.1256 2.4
      vertex -45.1393 19.1256 0
    endloop
  endfacet
  facet normal 0.942461 0.334316 0
    outer loop
      vertex -45.3414 19.5224 2.4
      vertex -46.0168 21.4264 0
      vertex -46.0168 21.4264 2.4
    endloop
  endfacet
  facet normal 0.942461 0.334316 0
    outer loop
      vertex -46.0168 21.4264 0
      vertex -45.3414 19.5224 2.4
      vertex -45.3414 19.5224 0
    endloop
  endfacet
  facet normal 0.98768 0.156489 0
    outer loop
      vertex -46.0168 21.4264 2.4
      vertex -46.0855 21.86 0
      vertex -46.0855 21.86 2.4
    endloop
  endfacet
  facet normal 0.98768 0.156489 0
    outer loop
      vertex -46.0855 21.86 0
      vertex -46.0168 21.4264 2.4
      vertex -46.0168 21.4264 0
    endloop
  endfacet
  facet normal 0.99047 0.137731 0
    outer loop
      vertex -46.0855 21.86 2.4
      vertex -46.3871 24.0289 0
      vertex -46.3871 24.0289 2.4
    endloop
  endfacet
  facet normal 0.99047 0.137731 0
    outer loop
      vertex -46.3871 24.0289 0
      vertex -46.0855 21.86 2.4
      vertex -46.0855 21.86 0
    endloop
  endfacet
  facet normal 0.999575 -0.0291679 0
    outer loop
      vertex -46.3871 24.0289 2.4
      vertex -46.3159 26.4689 0
      vertex -46.3159 26.4689 2.4
    endloop
  endfacet
  facet normal 0.999575 -0.0291679 0
    outer loop
      vertex -46.3159 26.4689 0
      vertex -46.3871 24.0289 2.4
      vertex -46.3871 24.0289 0
    endloop
  endfacet
  facet normal 0.987712 -0.156288 0
    outer loop
      vertex -46.3159 26.4689 2.4
      vertex -46.2493 26.8898 0
      vertex -46.2493 26.8898 2.4
    endloop
  endfacet
  facet normal 0.987712 -0.156288 0
    outer loop
      vertex -46.2493 26.8898 0
      vertex -46.3159 26.4689 2.4
      vertex -46.3159 26.4689 0
    endloop
  endfacet
  facet normal 0.986852 -0.161624 0
    outer loop
      vertex -46.2493 26.8898 2.4
      vertex -45.8063 29.5947 0
      vertex -45.8063 29.5947 2.4
    endloop
  endfacet
  facet normal 0.986852 -0.161624 0
    outer loop
      vertex -45.8063 29.5947 0
      vertex -46.2493 26.8898 2.4
      vertex -46.2493 26.8898 0
    endloop
  endfacet
  facet normal 0.89102 -0.453965 0
    outer loop
      vertex -45.8063 29.5947 2.4
      vertex -45.6157 29.9688 0
      vertex -45.6157 29.9688 2.4
    endloop
  endfacet
  facet normal 0.89102 -0.453965 0
    outer loop
      vertex -45.6157 29.9688 0
      vertex -45.8063 29.5947 2.4
      vertex -45.8063 29.5947 0
    endloop
  endfacet
  facet normal 0.707107 -0.707107 0
    outer loop
      vertex -45.6157 29.9688 2.4
      vertex -45.3188 30.2657 0
      vertex -45.3188 30.2657 2.4
    endloop
  endfacet
  facet normal 0.707107 -0.707107 0
    outer loop
      vertex -45.3188 30.2657 0
      vertex -45.6157 29.9688 2.4
      vertex -45.6157 29.9688 0
    endloop
  endfacet
  facet normal 0.453965 -0.89102 0
    outer loop
      vertex -45.3188 30.2657 0
      vertex -44.9447 30.4563 2.4
      vertex -45.3188 30.2657 2.4
    endloop
  endfacet
  facet normal 0.453965 -0.89102 0
    outer loop
      vertex -44.9447 30.4563 2.4
      vertex -45.3188 30.2657 0
      vertex -44.9447 30.4563 0
    endloop
  endfacet
  facet normal 0.156476 -0.987682 0
    outer loop
      vertex -44.9447 30.4563 0
      vertex -44.53 30.522 2.4
      vertex -44.9447 30.4563 2.4
    endloop
  endfacet
  facet normal 0.156476 -0.987682 0
    outer loop
      vertex -44.53 30.522 2.4
      vertex -44.9447 30.4563 0
      vertex -44.53 30.522 0
    endloop
  endfacet
  facet normal -0.156476 -0.987682 0
    outer loop
      vertex -44.53 30.522 0
      vertex -44.1153 30.4563 2.4
      vertex -44.53 30.522 2.4
    endloop
  endfacet
  facet normal -0.156476 -0.987682 -0
    outer loop
      vertex -44.1153 30.4563 2.4
      vertex -44.53 30.522 0
      vertex -44.1153 30.4563 0
    endloop
  endfacet
  facet normal -0.453965 -0.89102 0
    outer loop
      vertex -44.1153 30.4563 0
      vertex -43.7412 30.2657 2.4
      vertex -44.1153 30.4563 2.4
    endloop
  endfacet
  facet normal -0.453965 -0.89102 -0
    outer loop
      vertex -43.7412 30.2657 2.4
      vertex -44.1153 30.4563 0
      vertex -43.7412 30.2657 0
    endloop
  endfacet
  facet normal -0.707107 -0.707107 0
    outer loop
      vertex -43.4443 29.9688 0
      vertex -43.7412 30.2657 2.4
      vertex -43.7412 30.2657 0
    endloop
  endfacet
  facet normal -0.707107 -0.707107 0
    outer loop
      vertex -43.7412 30.2657 2.4
      vertex -43.4443 29.9688 0
      vertex -43.4443 29.9688 2.4
    endloop
  endfacet
  facet normal -0.89102 -0.453965 0
    outer loop
      vertex -43.2537 29.5947 0
      vertex -43.4443 29.9688 2.4
      vertex -43.4443 29.9688 0
    endloop
  endfacet
  facet normal -0.89102 -0.453965 0
    outer loop
      vertex -43.4443 29.9688 2.4
      vertex -43.2537 29.5947 0
      vertex -43.2537 29.5947 2.4
    endloop
  endfacet
  facet normal -0.987682 -0.156476 0
    outer loop
      vertex -43.188 29.18 0
      vertex -43.2537 29.5947 2.4
      vertex -43.2537 29.5947 0
    endloop
  endfacet
  facet normal -0.987682 -0.156476 0
    outer loop
      vertex -43.2537 29.5947 2.4
      vertex -43.188 29.18 0
      vertex -43.188 29.18 2.4
    endloop
  endfacet
  facet normal -0.989116 0.14714 0
    outer loop
      vertex -43.5913 26.4689 0
      vertex -43.188 29.18 2.4
      vertex -43.188 29.18 0
    endloop
  endfacet
  facet normal -0.989116 0.14714 0
    outer loop
      vertex -43.188 29.18 2.4
      vertex -43.5913 26.4689 0
      vertex -43.5913 26.4689 2.4
    endloop
  endfacet
  facet normal -0.999922 0.012499 0
    outer loop
      vertex -43.6218 24.0289 0
      vertex -43.5913 26.4689 2.4
      vertex -43.5913 26.4689 0
    endloop
  endfacet
  facet normal -0.999922 0.012499 0
    outer loop
      vertex -43.5913 26.4689 2.4
      vertex -43.6218 24.0289 0
      vertex -43.6218 24.0289 2.4
    endloop
  endfacet
  facet normal -0.98777 -0.155916 0
    outer loop
      vertex -43.3477 22.2924 0
      vertex -43.6218 24.0289 2.4
      vertex -43.6218 24.0289 0
    endloop
  endfacet
  facet normal -0.98777 -0.155916 0
    outer loop
      vertex -43.6218 24.0289 2.4
      vertex -43.3477 22.2924 0
      vertex -43.3477 22.2924 2.4
    endloop
  endfacet
  facet normal -0.935566 -0.353152 0
    outer loop
      vertex -42.7166 20.6205 0
      vertex -43.3477 22.2924 2.4
      vertex -43.3477 22.2924 0
    endloop
  endfacet
  facet normal -0.935566 -0.353152 0
    outer loop
      vertex -43.3477 22.2924 2.4
      vertex -42.7166 20.6205 0
      vertex -42.7166 20.6205 2.4
    endloop
  endfacet
  facet normal -0.83024 -0.557406 0
    outer loop
      vertex -41.9664 19.5031 0
      vertex -42.7166 20.6205 2.4
      vertex -42.7166 20.6205 0
    endloop
  endfacet
  facet normal -0.83024 -0.557406 0
    outer loop
      vertex -42.7166 20.6205 2.4
      vertex -41.9664 19.5031 0
      vertex -41.9664 19.5031 2.4
    endloop
  endfacet
  facet normal 0.994142 0.10808 0
    outer loop
      vertex -41.9664 19.5031 2.4
      vertex -42.09 20.64 0
      vertex -42.09 20.64 2.4
    endloop
  endfacet
  facet normal 0.994142 0.10808 0
    outer loop
      vertex -42.09 20.64 0
      vertex -41.9664 19.5031 2.4
      vertex -41.9664 19.5031 0
    endloop
  endfacet
  facet normal 0.994145 -0.108052 0
    outer loop
      vertex -42.09 20.64 2.4
      vertex -41.8722 22.6439 0
      vertex -41.8722 22.6439 2.4
    endloop
  endfacet
  facet normal 0.994145 -0.108052 0
    outer loop
      vertex -41.8722 22.6439 0
      vertex -42.09 20.64 2.4
      vertex -42.09 20.64 0
    endloop
  endfacet
  facet normal 0.949197 -0.314683 0
    outer loop
      vertex -41.8722 22.6439 2.4
      vertex -41.2242 24.5985 0
      vertex -41.2242 24.5985 2.4
    endloop
  endfacet
  facet normal 0.949197 -0.314683 0
    outer loop
      vertex -41.2242 24.5985 0
      vertex -41.8722 22.6439 2.4
      vertex -41.8722 22.6439 0
    endloop
  endfacet
  facet normal 0.868029 -0.496514 0
    outer loop
      vertex -41.2242 24.5985 2.4
      vertex -40.626 25.6443 0
      vertex -40.626 25.6443 2.4
    endloop
  endfacet
  facet normal 0.868029 -0.496514 0
    outer loop
      vertex -40.626 25.6443 0
      vertex -41.2242 24.5985 2.4
      vertex -41.2242 24.5985 0
    endloop
  endfacet
  facet normal 1 -0 0
    outer loop
      vertex -40.626 25.6443 2.4
      vertex -40.626 40.9694 0
      vertex -40.626 40.9694 2.4
    endloop
  endfacet
  facet normal 1 0 0
    outer loop
      vertex -40.626 40.9694 0
      vertex -40.626 25.6443 2.4
      vertex -40.626 25.6443 0
    endloop
  endfacet
  facet normal 0.0392643 -0.999229 0
    outer loop
      vertex -40.626 40.9694 0
      vertex -36.6 41.1276 2.4
      vertex -40.626 40.9694 2.4
    endloop
  endfacet
  facet normal 0.0392643 -0.999229 0
    outer loop
      vertex -36.6 41.1276 2.4
      vertex -40.626 40.9694 0
      vertex -36.6 41.1276 0
    endloop
  endfacet
  facet normal -0.0152567 -0.999884 0
    outer loop
      vertex -36.6 41.1276 0
      vertex -35.014 41.1034 2.4
      vertex -36.6 41.1276 2.4
    endloop
  endfacet
  facet normal -0.0152567 -0.999884 -0
    outer loop
      vertex -35.014 41.1034 2.4
      vertex -36.6 41.1276 0
      vertex -35.014 41.1034 0
    endloop
  endfacet
  facet normal 0.016147 -0.99987 0
    outer loop
      vertex 12.2 36.7523 0
      vertex 12.2805 36.7536 2.4
      vertex 12.2 36.7523 2.4
    endloop
  endfacet
  facet normal 0.016147 -0.99987 0
    outer loop
      vertex 12.2805 36.7536 2.4
      vertex 12.2 36.7523 0
      vertex 12.2805 36.7536 0
    endloop
  endfacet
  facet normal -0.94727 -0.320438 0
    outer loop
      vertex 13.9142 31.9241 0
      vertex 12.2805 36.7536 2.4
      vertex 12.2805 36.7536 0
    endloop
  endfacet
  facet normal -0.94727 -0.320438 0
    outer loop
      vertex 12.2805 36.7536 2.4
      vertex 13.9142 31.9241 0
      vertex 13.9142 31.9241 2.4
    endloop
  endfacet
  facet normal 0.775736 0.631057 0
    outer loop
      vertex 13.9142 31.9241 2.4
      vertex 11.1907 35.272 0
      vertex 11.1907 35.272 2.4
    endloop
  endfacet
  facet normal 0.775736 0.631057 0
    outer loop
      vertex 11.1907 35.272 0
      vertex 13.9142 31.9241 2.4
      vertex 13.9142 31.9241 0
    endloop
  endfacet
  facet normal -0.986827 0.161778 0
    outer loop
      vertex 10.492 31.01 0
      vertex 11.1907 35.272 2.4
      vertex 11.1907 35.272 0
    endloop
  endfacet
  facet normal -0.986827 0.161778 0
    outer loop
      vertex 11.1907 35.272 2.4
      vertex 10.492 31.01 0
      vertex 10.492 31.01 2.4
    endloop
  endfacet
  facet normal 0.981194 0.193025 0
    outer loop
      vertex 10.492 31.01 2.4
      vertex 9.65895 35.2446 0
      vertex 9.65895 35.2446 2.4
    endloop
  endfacet
  facet normal 0.981194 0.193025 0
    outer loop
      vertex 9.65895 35.2446 0
      vertex 10.492 31.01 2.4
      vertex 10.492 31.01 0
    endloop
  endfacet
  facet normal -0.795362 0.606135 0
    outer loop
      vertex 7.04118 31.8096 0
      vertex 9.65895 35.2446 2.4
      vertex 9.65895 35.2446 0
    endloop
  endfacet
  facet normal -0.795362 0.606135 0
    outer loop
      vertex 9.65895 35.2446 2.4
      vertex 7.04118 31.8096 0
      vertex 7.04118 31.8096 2.4
    endloop
  endfacet
  facet normal 0.95696 -0.290221 0
    outer loop
      vertex 7.04118 31.8096 2.4
      vertex 8.5833 36.8945 0
      vertex 8.5833 36.8945 2.4
    endloop
  endfacet
  facet normal 0.95696 -0.290221 0
    outer loop
      vertex 8.5833 36.8945 0
      vertex 7.04118 31.8096 2.4
      vertex 7.04118 31.8096 0
    endloop
  endfacet
  facet normal -0.0392873 -0.999228 0
    outer loop
      vertex 8.5833 36.8945 0
      vertex 12.2 36.7523 2.4
      vertex 8.5833 36.8945 2.4
    endloop
  endfacet
  facet normal -0.0392873 -0.999228 -0
    outer loop
      vertex 12.2 36.7523 2.4
      vertex 8.5833 36.8945 0
      vertex 12.2 36.7523 0
    endloop
  endfacet
  facet normal 0 -1 0
    outer loop
      vertex 48.3059 38.452 0
      vertex 48.312 38.452 2.4
      vertex 48.3059 38.452 2.4
    endloop
  endfacet
  facet normal 0 -1 -0
    outer loop
      vertex 48.312 38.452 2.4
      vertex 48.3059 38.452 0
      vertex 48.312 38.452 0
    endloop
  endfacet
  facet normal -0.986613 0.163077 0
    outer loop
      vertex 48.31 38.4399 0
      vertex 48.312 38.452 2.4
      vertex 48.312 38.452 0
    endloop
  endfacet
  facet normal -0.986613 0.163077 0
    outer loop
      vertex 48.312 38.452 2.4
      vertex 48.31 38.4399 0
      vertex 48.31 38.4399 2.4
    endloop
  endfacet
  facet normal -0.947267 -0.320446 0
    outer loop
      vertex 50.5142 31.9241 0
      vertex 48.31 38.4399 2.4
      vertex 48.31 38.4399 0
    endloop
  endfacet
  facet normal -0.947267 -0.320446 0
    outer loop
      vertex 48.31 38.4399 2.4
      vertex 50.5142 31.9241 0
      vertex 50.5142 31.9241 2.4
    endloop
  endfacet
  facet normal 0.775736 0.631057 0
    outer loop
      vertex 50.5142 31.9241 2.4
      vertex 47.7907 35.272 0
      vertex 47.7907 35.272 2.4
    endloop
  endfacet
  facet normal 0.775736 0.631057 0
    outer loop
      vertex 47.7907 35.272 0
      vertex 50.5142 31.9241 2.4
      vertex 50.5142 31.9241 0
    endloop
  endfacet
  facet normal -0.986827 0.161778 0
    outer loop
      vertex 47.092 31.01 0
      vertex 47.7907 35.272 2.4
      vertex 47.7907 35.272 0
    endloop
  endfacet
  facet normal -0.986827 0.161778 0
    outer loop
      vertex 47.7907 35.272 2.4
      vertex 47.092 31.01 0
      vertex 47.092 31.01 2.4
    endloop
  endfacet
  facet normal 0.981192 0.193036 0
    outer loop
      vertex 47.092 31.01 2.4
      vertex 46.2589 35.2446 0
      vertex 46.2589 35.2446 2.4
    endloop
  endfacet
  facet normal 0.981192 0.193036 0
    outer loop
      vertex 46.2589 35.2446 0
      vertex 47.092 31.01 2.4
      vertex 47.092 31.01 0
    endloop
  endfacet
  facet normal -0.79537 0.606125 0
    outer loop
      vertex 43.6412 31.8096 0
      vertex 46.2589 35.2446 2.4
      vertex 46.2589 35.2446 0
    endloop
  endfacet
  facet normal -0.79537 0.606125 0
    outer loop
      vertex 46.2589 35.2446 2.4
      vertex 43.6412 31.8096 0
      vertex 43.6412 31.8096 2.4
    endloop
  endfacet
  facet normal 0.95696 -0.290221 0
    outer loop
      vertex 43.6412 31.8096 2.4
      vertex 45.6389 38.3967 0
      vertex 45.6389 38.3967 2.4
    endloop
  endfacet
  facet normal 0.95696 -0.290221 0
    outer loop
      vertex 45.6389 38.3967 0
      vertex 43.6412 31.8096 2.4
      vertex 43.6412 31.8096 0
    endloop
  endfacet
  facet normal 0.981123 0.193386 0
    outer loop
      vertex 45.6389 38.3967 2.4
      vertex 45.628 38.452 0
      vertex 45.628 38.452 2.4
    endloop
  endfacet
  facet normal 0.981123 0.193386 0
    outer loop
      vertex 45.628 38.452 0
      vertex 45.6389 38.3967 2.4
      vertex 45.6389 38.3967 0
    endloop
  endfacet
  facet normal 0 -1 0
    outer loop
      vertex 45.628 38.452 0
      vertex 45.6556 38.452 2.4
      vertex 45.628 38.452 2.4
    endloop
  endfacet
  facet normal 0 -1 -0
    outer loop
      vertex 45.6556 38.452 2.4
      vertex 45.628 38.452 0
      vertex 45.6556 38.452 0
    endloop
  endfacet
  facet normal 0.956928 -0.290327 0
    outer loop
      vertex 45.6556 38.452 2.4
      vertex 45.8424 39.0677 0
      vertex 45.8424 39.0677 2.4
    endloop
  endfacet
  facet normal 0.956928 -0.290327 0
    outer loop
      vertex 45.8424 39.0677 0
      vertex 45.6556 38.452 2.4
      vertex 45.6556 38.452 0
    endloop
  endfacet
  facet normal -0.469438 -0.882966 0
    outer loop
      vertex 45.8424 39.0677 0
      vertex 46.97 38.4682 2.4
      vertex 45.8424 39.0677 2.4
    endloop
  endfacet
  facet normal -0.469438 -0.882966 -0
    outer loop
      vertex 46.97 38.4682 2.4
      vertex 45.8424 39.0677 0
      vertex 46.97 38.4682 0
    endloop
  endfacet
  facet normal 0.469438 -0.882966 0
    outer loop
      vertex 46.97 38.4682 0
      vertex 48.0976 39.0677 2.4
      vertex 46.97 38.4682 2.4
    endloop
  endfacet
  facet normal 0.469438 -0.882966 0
    outer loop
      vertex 48.0976 39.0677 2.4
      vertex 46.97 38.4682 0
      vertex 48.0976 39.0677 0
    endloop
  endfacet
  facet normal -0.947258 -0.320471 0
    outer loop
      vertex 48.3059 38.452 0
      vertex 48.0976 39.0677 2.4
      vertex 48.0976 39.0677 0
    endloop
  endfacet
  facet normal -0.947258 -0.320471 0
    outer loop
      vertex 48.0976 39.0677 2.4
      vertex 48.3059 38.452 0
      vertex 48.3059 38.452 2.4
    endloop
  endfacet
  facet normal -0.947268 -0.320441 0
    outer loop
      vertex 1.71422 31.9241 0
      vertex -0.189514 37.5518 2.4
      vertex -0.189514 37.5518 0
    endloop
  endfacet
  facet normal -0.947268 -0.320441 0
    outer loop
      vertex -0.189514 37.5518 2.4
      vertex 1.71422 31.9241 0
      vertex 1.71422 31.9241 2.4
    endloop
  endfacet
  facet normal 0.775732 0.631063 0
    outer loop
      vertex 1.71422 31.9241 2.4
      vertex -1.00932 35.272 0
      vertex -1.00932 35.272 2.4
    endloop
  endfacet
  facet normal 0.775732 0.631063 0
    outer loop
      vertex -1.00932 35.272 0
      vertex 1.71422 31.9241 2.4
      vertex 1.71422 31.9241 0
    endloop
  endfacet
  facet normal -0.986828 0.161775 0
    outer loop
      vertex -1.70801 31.01 0
      vertex -1.00932 35.272 2.4
      vertex -1.00932 35.272 0
    endloop
  endfacet
  facet normal -0.986828 0.161775 0
    outer loop
      vertex -1.00932 35.272 2.4
      vertex -1.70801 31.01 0
      vertex -1.70801 31.01 2.4
    endloop
  endfacet
  facet normal 0.981194 0.193023 0
    outer loop
      vertex -1.70801 31.01 2.4
      vertex -2.54105 35.2446 0
      vertex -2.54105 35.2446 2.4
    endloop
  endfacet
  facet normal 0.981194 0.193023 0
    outer loop
      vertex -2.54105 35.2446 0
      vertex -1.70801 31.01 2.4
      vertex -1.70801 31.01 0
    endloop
  endfacet
  facet normal -0.795364 0.606132 0
    outer loop
      vertex -5.1588 31.8096 0
      vertex -2.54105 35.2446 2.4
      vertex -2.54105 35.2446 0
    endloop
  endfacet
  facet normal -0.795364 0.606132 0
    outer loop
      vertex -2.54105 35.2446 2.4
      vertex -5.1588 31.8096 0
      vertex -5.1588 31.8096 2.4
    endloop
  endfacet
  facet normal 0.956961 -0.290216 0
    outer loop
      vertex -5.1588 31.8096 2.4
      vertex -3.30116 37.935 0
      vertex -3.30116 37.935 2.4
    endloop
  endfacet
  facet normal 0.956961 -0.290216 0
    outer loop
      vertex -3.30116 37.935 0
      vertex -5.1588 31.8096 2.4
      vertex -5.1588 31.8096 0
    endloop
  endfacet
  facet normal -0.122227 -0.992502 0
    outer loop
      vertex -3.30116 37.935 0
      vertex -0.189514 37.5518 2.4
      vertex -3.30116 37.935 2.4
    endloop
  endfacet
  facet normal -0.122227 -0.992502 -0
    outer loop
      vertex -0.189514 37.5518 2.4
      vertex -3.30116 37.935 0
      vertex -0.189514 37.5518 0
    endloop
  endfacet
  facet normal -0.0224859 0.999747 0
    outer loop
      vertex -1.2 64.9731 0
      vertex -2.9162 64.9345 2.4
      vertex -1.2 64.9731 2.4
    endloop
  endfacet
  facet normal -0.0224859 0.999747 0
    outer loop
      vertex -2.9162 64.9345 2.4
      vertex -1.2 64.9731 0
      vertex -2.9162 64.9345 0
    endloop
  endfacet
  facet normal -0.0672619 0.997735 0
    outer loop
      vertex -2.9162 64.9345 0
      vertex -5.82655 64.7383 2.4
      vertex -2.9162 64.9345 2.4
    endloop
  endfacet
  facet normal -0.0672619 0.997735 0
    outer loop
      vertex -5.82655 64.7383 2.4
      vertex -2.9162 64.9345 0
      vertex -5.82655 64.7383 0
    endloop
  endfacet
  facet normal -0.111966 0.993712 0
    outer loop
      vertex -5.82655 64.7383 0
      vertex -8.72516 64.4117 2.4
      vertex -5.82655 64.7383 2.4
    endloop
  endfacet
  facet normal -0.111966 0.993712 0
    outer loop
      vertex -8.72516 64.4117 2.4
      vertex -5.82655 64.7383 0
      vertex -8.72516 64.4117 0
    endloop
  endfacet
  facet normal -0.15643 0.987689 0
    outer loop
      vertex -8.72516 64.4117 0
      vertex -11.6062 63.9554 2.4
      vertex -8.72516 64.4117 2.4
    endloop
  endfacet
  facet normal -0.15643 0.987689 0
    outer loop
      vertex -11.6062 63.9554 2.4
      vertex -8.72516 64.4117 0
      vertex -11.6062 63.9554 0
    endloop
  endfacet
  facet normal -0.200584 0.979677 0
    outer loop
      vertex -11.6062 63.9554 0
      vertex -14.4639 63.3703 2.4
      vertex -11.6062 63.9554 2.4
    endloop
  endfacet
  facet normal -0.200584 0.979677 0
    outer loop
      vertex -14.4639 63.3703 2.4
      vertex -11.6062 63.9554 0
      vertex -14.4639 63.3703 0
    endloop
  endfacet
  facet normal -0.244334 0.969691 0
    outer loop
      vertex -14.4639 63.3703 0
      vertex -17.2924 62.6576 2.4
      vertex -14.4639 63.3703 2.4
    endloop
  endfacet
  facet normal -0.244334 0.969691 0
    outer loop
      vertex -17.2924 62.6576 2.4
      vertex -14.4639 63.3703 0
      vertex -17.2924 62.6576 0
    endloop
  endfacet
  facet normal -0.287596 0.957752 0
    outer loop
      vertex -17.2924 62.6576 0
      vertex -20.0861 61.8187 2.4
      vertex -17.2924 62.6576 2.4
    endloop
  endfacet
  facet normal -0.287596 0.957752 0
    outer loop
      vertex -20.0861 61.8187 2.4
      vertex -17.2924 62.6576 0
      vertex -20.0861 61.8187 0
    endloop
  endfacet
  facet normal -0.330273 0.943886 0
    outer loop
      vertex -20.0861 61.8187 0
      vertex -22.8394 60.8553 2.4
      vertex -20.0861 61.8187 2.4
    endloop
  endfacet
  facet normal -0.330273 0.943886 0
    outer loop
      vertex -22.8394 60.8553 2.4
      vertex -20.0861 61.8187 0
      vertex -22.8394 60.8553 0
    endloop
  endfacet
  facet normal -0.372313 0.928107 0
    outer loop
      vertex -22.8394 60.8553 0
      vertex -25.5466 59.7693 2.4
      vertex -22.8394 60.8553 2.4
    endloop
  endfacet
  facet normal -0.372313 0.928107 0
    outer loop
      vertex -25.5466 59.7693 2.4
      vertex -22.8394 60.8553 0
      vertex -25.5466 59.7693 0
    endloop
  endfacet
  facet normal -0.413552 0.91048 0
    outer loop
      vertex -25.5466 59.7693 0
      vertex -28.2024 58.563 2.4
      vertex -25.5466 59.7693 2.4
    endloop
  endfacet
  facet normal -0.413552 0.91048 0
    outer loop
      vertex -28.2024 58.563 2.4
      vertex -25.5466 59.7693 0
      vertex -28.2024 58.563 0
    endloop
  endfacet
  facet normal -0.453988 0.891008 0
    outer loop
      vertex -28.2024 58.563 0
      vertex -30.8015 57.2387 2.4
      vertex -28.2024 58.563 2.4
    endloop
  endfacet
  facet normal -0.453988 0.891008 0
    outer loop
      vertex -30.8015 57.2387 2.4
      vertex -28.2024 58.563 0
      vertex -30.8015 57.2387 0
    endloop
  endfacet
  facet normal -0.493512 0.869739 0
    outer loop
      vertex -30.8015 57.2387 0
      vertex -33.3384 55.7992 2.4
      vertex -30.8015 57.2387 2.4
    endloop
  endfacet
  facet normal -0.493512 0.869739 0
    outer loop
      vertex -33.3384 55.7992 2.4
      vertex -30.8015 57.2387 0
      vertex -33.3384 55.7992 0
    endloop
  endfacet
  facet normal -0.532022 0.846731 0
    outer loop
      vertex -33.3384 55.7992 0
      vertex -35.8083 54.2473 2.4
      vertex -33.3384 55.7992 2.4
    endloop
  endfacet
  facet normal -0.532022 0.846731 0
    outer loop
      vertex -35.8083 54.2473 2.4
      vertex -33.3384 55.7992 0
      vertex -35.8083 54.2473 0
    endloop
  endfacet
  facet normal -0.569501 0.821991 0
    outer loop
      vertex -35.8083 54.2473 0
      vertex -38.206 52.5861 2.4
      vertex -35.8083 54.2473 2.4
    endloop
  endfacet
  facet normal -0.569501 0.821991 0
    outer loop
      vertex -38.206 52.5861 2.4
      vertex -35.8083 54.2473 0
      vertex -38.206 52.5861 0
    endloop
  endfacet
  facet normal -0.605798 0.795618 0
    outer loop
      vertex -38.206 52.5861 0
      vertex -40.5268 50.819 2.4
      vertex -38.206 52.5861 2.4
    endloop
  endfacet
  facet normal -0.605798 0.795618 0
    outer loop
      vertex -40.5268 50.819 2.4
      vertex -38.206 52.5861 0
      vertex -40.5268 50.819 0
    endloop
  endfacet
  facet normal -0.640872 0.767648 0
    outer loop
      vertex -40.5268 50.819 0
      vertex -42.766 48.9496 2.4
      vertex -40.5268 50.819 2.4
    endloop
  endfacet
  facet normal -0.640872 0.767648 0
    outer loop
      vertex -42.766 48.9496 2.4
      vertex -40.5268 50.819 0
      vertex -42.766 48.9496 0
    endloop
  endfacet
  facet normal -0.674648 0.73814 0
    outer loop
      vertex -42.766 48.9496 0
      vertex -44.9191 46.9817 2.4
      vertex -42.766 48.9496 2.4
    endloop
  endfacet
  facet normal -0.674648 0.73814 0
    outer loop
      vertex -44.9191 46.9817 2.4
      vertex -42.766 48.9496 0
      vertex -44.9191 46.9817 0
    endloop
  endfacet
  facet normal -0.707107 0.707107 0
    outer loop
      vertex -46.9817 44.9191 0
      vertex -44.9191 46.9817 2.4
      vertex -44.9191 46.9817 0
    endloop
  endfacet
  facet normal -0.707107 0.707107 0
    outer loop
      vertex -44.9191 46.9817 2.4
      vertex -46.9817 44.9191 0
      vertex -46.9817 44.9191 2.4
    endloop
  endfacet
  facet normal -0.73814 0.674648 0
    outer loop
      vertex -48.9496 42.766 0
      vertex -46.9817 44.9191 2.4
      vertex -46.9817 44.9191 0
    endloop
  endfacet
  facet normal -0.73814 0.674648 0
    outer loop
      vertex -46.9817 44.9191 2.4
      vertex -48.9496 42.766 0
      vertex -48.9496 42.766 2.4
    endloop
  endfacet
  facet normal -0.767648 0.640872 0
    outer loop
      vertex -50.819 40.5268 0
      vertex -48.9496 42.766 2.4
      vertex -48.9496 42.766 0
    endloop
  endfacet
  facet normal -0.767648 0.640872 0
    outer loop
      vertex -48.9496 42.766 2.4
      vertex -50.819 40.5268 0
      vertex -50.819 40.5268 2.4
    endloop
  endfacet
  facet normal -0.795618 0.605798 0
    outer loop
      vertex -52.5861 38.206 0
      vertex -50.819 40.5268 2.4
      vertex -50.819 40.5268 0
    endloop
  endfacet
  facet normal -0.795618 0.605798 0
    outer loop
      vertex -50.819 40.5268 2.4
      vertex -52.5861 38.206 0
      vertex -52.5861 38.206 2.4
    endloop
  endfacet
  facet normal -0.821991 0.569501 0
    outer loop
      vertex -54.2473 35.8083 0
      vertex -52.5861 38.206 2.4
      vertex -52.5861 38.206 0
    endloop
  endfacet
  facet normal -0.821991 0.569501 0
    outer loop
      vertex -52.5861 38.206 2.4
      vertex -54.2473 35.8083 0
      vertex -54.2473 35.8083 2.4
    endloop
  endfacet
  facet normal -0.84673 0.532023 0
    outer loop
      vertex -55.678 33.5313 0
      vertex -54.2473 35.8083 2.4
      vertex -54.2473 35.8083 0
    endloop
  endfacet
  facet normal -0.84673 0.532023 0
    outer loop
      vertex -54.2473 35.8083 2.4
      vertex -55.678 33.5313 0
      vertex -55.678 33.5313 2.4
    endloop
  endfacet
  facet normal 0.500013 0.866018 -0
    outer loop
      vertex -55.678 33.5313 0
      vertex -58.2772 35.032 2.4
      vertex -55.678 33.5313 2.4
    endloop
  endfacet
  facet normal 0.500013 0.866018 0
    outer loop
      vertex -58.2772 35.032 2.4
      vertex -55.678 33.5313 0
      vertex -58.2772 35.032 0
    endloop
  endfacet
  facet normal 0.846731 -0.532022 0
    outer loop
      vertex -58.2772 35.032 2.4
      vertex -56.751 37.461 0
      vertex -56.751 37.461 2.4
    endloop
  endfacet
  facet normal 0.846731 -0.532022 0
    outer loop
      vertex -56.751 37.461 0
      vertex -58.2772 35.032 2.4
      vertex -58.2772 35.032 0
    endloop
  endfacet
  facet normal 0.822006 -0.569479 0
    outer loop
      vertex -56.751 37.461 2.4
      vertex -55.0132 39.9694 0
      vertex -55.0132 39.9694 2.4
    endloop
  endfacet
  facet normal 0.822006 -0.569479 0
    outer loop
      vertex -55.0132 39.9694 0
      vertex -56.751 37.461 2.4
      vertex -56.751 37.461 0
    endloop
  endfacet
  facet normal 0.79561 -0.605809 0
    outer loop
      vertex -55.0132 39.9694 2.4
      vertex -53.1645 42.3973 0
      vertex -53.1645 42.3973 2.4
    endloop
  endfacet
  facet normal 0.79561 -0.605809 0
    outer loop
      vertex -53.1645 42.3973 0
      vertex -55.0132 39.9694 2.4
      vertex -55.0132 39.9694 0
    endloop
  endfacet
  facet normal 0.767638 -0.640884 0
    outer loop
      vertex -53.1645 42.3973 2.4
      vertex -51.2088 44.7398 0
      vertex -51.2088 44.7398 2.4
    endloop
  endfacet
  facet normal 0.767638 -0.640884 0
    outer loop
      vertex -51.2088 44.7398 0
      vertex -53.1645 42.3973 2.4
      vertex -53.1645 42.3973 0
    endloop
  endfacet
  facet normal 0.738116 -0.674673 0
    outer loop
      vertex -51.2088 44.7398 2.4
      vertex -49.15 46.9922 0
      vertex -49.15 46.9922 2.4
    endloop
  endfacet
  facet normal 0.738116 -0.674673 0
    outer loop
      vertex -49.15 46.9922 0
      vertex -51.2088 44.7398 2.4
      vertex -51.2088 44.7398 0
    endloop
  endfacet
  facet normal 0.707107 -0.707107 0
    outer loop
      vertex -49.15 46.9922 2.4
      vertex -46.9922 49.15 0
      vertex -46.9922 49.15 2.4
    endloop
  endfacet
  facet normal 0.707107 -0.707107 0
    outer loop
      vertex -46.9922 49.15 0
      vertex -49.15 46.9922 2.4
      vertex -49.15 46.9922 0
    endloop
  endfacet
  facet normal 0.674673 -0.738116 0
    outer loop
      vertex -46.9922 49.15 0
      vertex -44.7398 51.2088 2.4
      vertex -46.9922 49.15 2.4
    endloop
  endfacet
  facet normal 0.674673 -0.738116 0
    outer loop
      vertex -44.7398 51.2088 2.4
      vertex -46.9922 49.15 0
      vertex -44.7398 51.2088 0
    endloop
  endfacet
  facet normal 0.640884 -0.767638 0
    outer loop
      vertex -44.7398 51.2088 0
      vertex -42.3973 53.1645 2.4
      vertex -44.7398 51.2088 2.4
    endloop
  endfacet
  facet normal 0.640884 -0.767638 0
    outer loop
      vertex -42.3973 53.1645 2.4
      vertex -44.7398 51.2088 0
      vertex -42.3973 53.1645 0
    endloop
  endfacet
  facet normal 0.605809 -0.79561 0
    outer loop
      vertex -42.3973 53.1645 0
      vertex -39.9694 55.0132 2.4
      vertex -42.3973 53.1645 2.4
    endloop
  endfacet
  facet normal 0.605809 -0.79561 0
    outer loop
      vertex -39.9694 55.0132 2.4
      vertex -42.3973 53.1645 0
      vertex -39.9694 55.0132 0
    endloop
  endfacet
  facet normal 0.569479 -0.822006 0
    outer loop
      vertex -39.9694 55.0132 0
      vertex -37.461 56.751 2.4
      vertex -39.9694 55.0132 2.4
    endloop
  endfacet
  facet normal 0.569479 -0.822006 0
    outer loop
      vertex -37.461 56.751 2.4
      vertex -39.9694 55.0132 0
      vertex -37.461 56.751 0
    endloop
  endfacet
  facet normal 0.532015 -0.846735 0
    outer loop
      vertex -37.461 56.751 0
      vertex -34.8771 58.3745 2.4
      vertex -37.461 56.751 2.4
    endloop
  endfacet
  facet normal 0.532015 -0.846735 0
    outer loop
      vertex -34.8771 58.3745 2.4
      vertex -37.461 56.751 0
      vertex -34.8771 58.3745 0
    endloop
  endfacet
  facet normal 0.493525 -0.869732 0
    outer loop
      vertex -34.8771 58.3745 0
      vertex -32.2231 59.8805 2.4
      vertex -34.8771 58.3745 2.4
    endloop
  endfacet
  facet normal 0.493525 -0.869732 0
    outer loop
      vertex -32.2231 59.8805 2.4
      vertex -34.8771 58.3745 0
      vertex -32.2231 59.8805 0
    endloop
  endfacet
  facet normal 0.453991 -0.891006 0
    outer loop
      vertex -32.2231 59.8805 0
      vertex -29.5041 61.2659 2.4
      vertex -32.2231 59.8805 2.4
    endloop
  endfacet
  facet normal 0.453991 -0.891006 0
    outer loop
      vertex -29.5041 61.2659 2.4
      vertex -32.2231 59.8805 0
      vertex -29.5041 61.2659 0
    endloop
  endfacet
  facet normal 0.413556 -0.910479 0
    outer loop
      vertex -29.5041 61.2659 0
      vertex -26.7257 62.5279 2.4
      vertex -29.5041 61.2659 2.4
    endloop
  endfacet
  facet normal 0.413556 -0.910479 0
    outer loop
      vertex -26.7257 62.5279 2.4
      vertex -29.5041 61.2659 0
      vertex -26.7257 62.5279 0
    endloop
  endfacet
  facet normal 0.3723 -0.928112 0
    outer loop
      vertex -26.7257 62.5279 0
      vertex -23.8935 63.664 2.4
      vertex -26.7257 62.5279 2.4
    endloop
  endfacet
  facet normal 0.3723 -0.928112 0
    outer loop
      vertex -23.8935 63.664 2.4
      vertex -26.7257 62.5279 0
      vertex -23.8935 63.664 0
    endloop
  endfacet
  facet normal 0.330261 -0.94389 0
    outer loop
      vertex -23.8935 63.664 0
      vertex -21.0132 64.6718 2.4
      vertex -23.8935 63.664 2.4
    endloop
  endfacet
  facet normal 0.330261 -0.94389 0
    outer loop
      vertex -21.0132 64.6718 2.4
      vertex -23.8935 63.664 0
      vertex -21.0132 64.6718 0
    endloop
  endfacet
  facet normal 0.287615 -0.957746 0
    outer loop
      vertex -21.0132 64.6718 0
      vertex -18.0905 65.5495 2.4
      vertex -21.0132 64.6718 2.4
    endloop
  endfacet
  facet normal 0.287615 -0.957746 0
    outer loop
      vertex -18.0905 65.5495 2.4
      vertex -21.0132 64.6718 0
      vertex -18.0905 65.5495 0
    endloop
  endfacet
  facet normal 0.244332 -0.969692 0
    outer loop
      vertex -18.0905 65.5495 0
      vertex -15.1314 66.2951 2.4
      vertex -18.0905 65.5495 2.4
    endloop
  endfacet
  facet normal 0.244332 -0.969692 0
    outer loop
      vertex -15.1314 66.2951 2.4
      vertex -18.0905 65.5495 0
      vertex -15.1314 66.2951 0
    endloop
  endfacet
  facet normal 0.200589 -0.979676 0
    outer loop
      vertex -15.1314 66.2951 0
      vertex -12.1419 66.9072 2.4
      vertex -15.1314 66.2951 2.4
    endloop
  endfacet
  facet normal 0.200589 -0.979676 0
    outer loop
      vertex -12.1419 66.9072 2.4
      vertex -15.1314 66.2951 0
      vertex -12.1419 66.9072 0
    endloop
  endfacet
  facet normal 0.156441 -0.987687 0
    outer loop
      vertex -12.1419 66.9072 0
      vertex -9.12785 67.3846 2.4
      vertex -12.1419 66.9072 2.4
    endloop
  endfacet
  facet normal 0.156441 -0.987687 0
    outer loop
      vertex -9.12785 67.3846 2.4
      vertex -12.1419 66.9072 0
      vertex -9.12785 67.3846 0
    endloop
  endfacet
  facet normal 0.111942 -0.993715 0
    outer loop
      vertex -9.12785 67.3846 0
      vertex -6.09546 67.7262 2.4
      vertex -9.12785 67.3846 2.4
    endloop
  endfacet
  facet normal 0.111942 -0.993715 0
    outer loop
      vertex -6.09546 67.7262 2.4
      vertex -9.12785 67.3846 0
      vertex -6.09546 67.7262 0
    endloop
  endfacet
  facet normal 0.0672768 -0.997734 0
    outer loop
      vertex -6.09546 67.7262 0
      vertex -3.0508 67.9315 2.4
      vertex -6.09546 67.7262 2.4
    endloop
  endfacet
  facet normal 0.0672768 -0.997734 0
    outer loop
      vertex -3.0508 67.9315 2.4
      vertex -6.09546 67.7262 0
      vertex -3.0508 67.9315 0
    endloop
  endfacet
  facet normal 0.0224711 -0.999747 0
    outer loop
      vertex -3.0508 67.9315 0
      vertex -1.2 67.9731 2.4
      vertex -3.0508 67.9315 2.4
    endloop
  endfacet
  facet normal 0.0224711 -0.999747 0
    outer loop
      vertex -1.2 67.9731 2.4
      vertex -3.0508 67.9315 0
      vertex -1.2 67.9731 0
    endloop
  endfacet
  facet normal -1 0 0
    outer loop
      vertex -1.2 64.9731 0
      vertex -1.2 67.9731 2.4
      vertex -1.2 67.9731 0
    endloop
  endfacet
  facet normal -1 -0 0
    outer loop
      vertex -1.2 67.9731 2.4
      vertex -1.2 64.9731 0
      vertex -1.2 64.9731 2.4
    endloop
  endfacet
  facet normal -0.0672768 -0.997734 0
    outer loop
      vertex 3.0508 67.9315 0
      vertex 6.09546 67.7262 2.4
      vertex 3.0508 67.9315 2.4
    endloop
  endfacet
  facet normal -0.0672768 -0.997734 -0
    outer loop
      vertex 6.09546 67.7262 2.4
      vertex 3.0508 67.9315 0
      vertex 6.09546 67.7262 0
    endloop
  endfacet
  facet normal -0.111942 -0.993715 0
    outer loop
      vertex 6.09546 67.7262 0
      vertex 9.12785 67.3846 2.4
      vertex 6.09546 67.7262 2.4
    endloop
  endfacet
  facet normal -0.111942 -0.993715 -0
    outer loop
      vertex 9.12785 67.3846 2.4
      vertex 6.09546 67.7262 0
      vertex 9.12785 67.3846 0
    endloop
  endfacet
  facet normal -0.156441 -0.987687 0
    outer loop
      vertex 9.12785 67.3846 0
      vertex 12.1419 66.9072 2.4
      vertex 9.12785 67.3846 2.4
    endloop
  endfacet
  facet normal -0.156441 -0.987687 -0
    outer loop
      vertex 12.1419 66.9072 2.4
      vertex 9.12785 67.3846 0
      vertex 12.1419 66.9072 0
    endloop
  endfacet
  facet normal -0.200589 -0.979676 0
    outer loop
      vertex 12.1419 66.9072 0
      vertex 15.1314 66.2951 2.4
      vertex 12.1419 66.9072 2.4
    endloop
  endfacet
  facet normal -0.200589 -0.979676 -0
    outer loop
      vertex 15.1314 66.2951 2.4
      vertex 12.1419 66.9072 0
      vertex 15.1314 66.2951 0
    endloop
  endfacet
  facet normal -0.244332 -0.969692 0
    outer loop
      vertex 15.1314 66.2951 0
      vertex 18.0905 65.5495 2.4
      vertex 15.1314 66.2951 2.4
    endloop
  endfacet
  facet normal -0.244332 -0.969692 -0
    outer loop
      vertex 18.0905 65.5495 2.4
      vertex 15.1314 66.2951 0
      vertex 18.0905 65.5495 0
    endloop
  endfacet
  facet normal -0.287615 -0.957746 0
    outer loop
      vertex 18.0905 65.5495 0
      vertex 21.0132 64.6718 2.4
      vertex 18.0905 65.5495 2.4
    endloop
  endfacet
  facet normal -0.287615 -0.957746 -0
    outer loop
      vertex 21.0132 64.6718 2.4
      vertex 18.0905 65.5495 0
      vertex 21.0132 64.6718 0
    endloop
  endfacet
  facet normal -0.330261 -0.94389 0
    outer loop
      vertex 21.0132 64.6718 0
      vertex 23.8935 63.664 2.4
      vertex 21.0132 64.6718 2.4
    endloop
  endfacet
  facet normal -0.330261 -0.94389 -0
    outer loop
      vertex 23.8935 63.664 2.4
      vertex 21.0132 64.6718 0
      vertex 23.8935 63.664 0
    endloop
  endfacet
  facet normal -0.3723 -0.928112 0
    outer loop
      vertex 23.8935 63.664 0
      vertex 26.7257 62.5279 2.4
      vertex 23.8935 63.664 2.4
    endloop
  endfacet
  facet normal -0.3723 -0.928112 -0
    outer loop
      vertex 26.7257 62.5279 2.4
      vertex 23.8935 63.664 0
      vertex 26.7257 62.5279 0
    endloop
  endfacet
  facet normal -0.413556 -0.910479 0
    outer loop
      vertex 26.7257 62.5279 0
      vertex 29.5041 61.2659 2.4
      vertex 26.7257 62.5279 2.4
    endloop
  endfacet
  facet normal -0.413556 -0.910479 -0
    outer loop
      vertex 29.5041 61.2659 2.4
      vertex 26.7257 62.5279 0
      vertex 29.5041 61.2659 0
    endloop
  endfacet
  facet normal -0.453991 -0.891006 0
    outer loop
      vertex 29.5041 61.2659 0
      vertex 32.2231 59.8805 2.4
      vertex 29.5041 61.2659 2.4
    endloop
  endfacet
  facet normal -0.453991 -0.891006 -0
    outer loop
      vertex 32.2231 59.8805 2.4
      vertex 29.5041 61.2659 0
      vertex 32.2231 59.8805 0
    endloop
  endfacet
  facet normal -0.493525 -0.869732 0
    outer loop
      vertex 32.2231 59.8805 0
      vertex 34.8771 58.3745 2.4
      vertex 32.2231 59.8805 2.4
    endloop
  endfacet
  facet normal -0.493525 -0.869732 -0
    outer loop
      vertex 34.8771 58.3745 2.4
      vertex 32.2231 59.8805 0
      vertex 34.8771 58.3745 0
    endloop
  endfacet
  facet normal -0.532015 -0.846735 0
    outer loop
      vertex 34.8771 58.3745 0
      vertex 37.461 56.751 2.4
      vertex 34.8771 58.3745 2.4
    endloop
  endfacet
  facet normal -0.532015 -0.846735 -0
    outer loop
      vertex 37.461 56.751 2.4
      vertex 34.8771 58.3745 0
      vertex 37.461 56.751 0
    endloop
  endfacet
  facet normal -0.569479 -0.822006 0
    outer loop
      vertex 37.461 56.751 0
      vertex 39.9694 55.0132 2.4
      vertex 37.461 56.751 2.4
    endloop
  endfacet
  facet normal -0.569479 -0.822006 -0
    outer loop
      vertex 39.9694 55.0132 2.4
      vertex 37.461 56.751 0
      vertex 39.9694 55.0132 0
    endloop
  endfacet
  facet normal -0.605809 -0.79561 0
    outer loop
      vertex 39.9694 55.0132 0
      vertex 42.3973 53.1645 2.4
      vertex 39.9694 55.0132 2.4
    endloop
  endfacet
  facet normal -0.605809 -0.79561 -0
    outer loop
      vertex 42.3973 53.1645 2.4
      vertex 39.9694 55.0132 0
      vertex 42.3973 53.1645 0
    endloop
  endfacet
  facet normal -0.640884 -0.767638 0
    outer loop
      vertex 42.3973 53.1645 0
      vertex 44.7398 51.2088 2.4
      vertex 42.3973 53.1645 2.4
    endloop
  endfacet
  facet normal -0.640884 -0.767638 -0
    outer loop
      vertex 44.7398 51.2088 2.4
      vertex 42.3973 53.1645 0
      vertex 44.7398 51.2088 0
    endloop
  endfacet
  facet normal -0.674673 -0.738116 0
    outer loop
      vertex 44.7398 51.2088 0
      vertex 46.9922 49.15 2.4
      vertex 44.7398 51.2088 2.4
    endloop
  endfacet
  facet normal -0.674673 -0.738116 -0
    outer loop
      vertex 46.9922 49.15 2.4
      vertex 44.7398 51.2088 0
      vertex 46.9922 49.15 0
    endloop
  endfacet
  facet normal -0.707107 -0.707107 0
    outer loop
      vertex 49.15 46.9922 0
      vertex 46.9922 49.15 2.4
      vertex 46.9922 49.15 0
    endloop
  endfacet
  facet normal -0.707107 -0.707107 0
    outer loop
      vertex 46.9922 49.15 2.4
      vertex 49.15 46.9922 0
      vertex 49.15 46.9922 2.4
    endloop
  endfacet
  facet normal -0.738116 -0.674673 0
    outer loop
      vertex 51.2088 44.7398 0
      vertex 49.15 46.9922 2.4
      vertex 49.15 46.9922 0
    endloop
  endfacet
  facet normal -0.738116 -0.674673 0
    outer loop
      vertex 49.15 46.9922 2.4
      vertex 51.2088 44.7398 0
      vertex 51.2088 44.7398 2.4
    endloop
  endfacet
  facet normal -0.767638 -0.640884 0
    outer loop
      vertex 53.1645 42.3973 0
      vertex 51.2088 44.7398 2.4
      vertex 51.2088 44.7398 0
    endloop
  endfacet
  facet normal -0.767638 -0.640884 0
    outer loop
      vertex 51.2088 44.7398 2.4
      vertex 53.1645 42.3973 0
      vertex 53.1645 42.3973 2.4
    endloop
  endfacet
  facet normal -0.79561 -0.605809 0
    outer loop
      vertex 55.0132 39.9694 0
      vertex 53.1645 42.3973 2.4
      vertex 53.1645 42.3973 0
    endloop
  endfacet
  facet normal -0.79561 -0.605809 0
    outer loop
      vertex 53.1645 42.3973 2.4
      vertex 55.0132 39.9694 0
      vertex 55.0132 39.9694 2.4
    endloop
  endfacet
  facet normal -0.822006 -0.569479 0
    outer loop
      vertex 56.751 37.461 0
      vertex 55.0132 39.9694 2.4
      vertex 55.0132 39.9694 0
    endloop
  endfacet
  facet normal -0.822006 -0.569479 0
    outer loop
      vertex 55.0132 39.9694 2.4
      vertex 56.751 37.461 0
      vertex 56.751 37.461 2.4
    endloop
  endfacet
  facet normal -0.846731 -0.532022 0
    outer loop
      vertex 58.2772 35.032 0
      vertex 56.751 37.461 2.4
      vertex 56.751 37.461 0
    endloop
  endfacet
  facet normal -0.846731 -0.532022 0
    outer loop
      vertex 56.751 37.461 2.4
      vertex 58.2772 35.032 0
      vertex 58.2772 35.032 2.4
    endloop
  endfacet
  facet normal -0.500013 0.866018 0
    outer loop
      vertex 58.2772 35.032 0
      vertex 55.678 33.5313 2.4
      vertex 58.2772 35.032 2.4
    endloop
  endfacet
  facet normal -0.500013 0.866018 0
    outer loop
      vertex 55.678 33.5313 2.4
      vertex 58.2772 35.032 0
      vertex 55.678 33.5313 0
    endloop
  endfacet
  facet normal 0.84673 0.532023 0
    outer loop
      vertex 55.678 33.5313 2.4
      vertex 54.2473 35.8083 0
      vertex 54.2473 35.8083 2.4
    endloop
  endfacet
  facet normal 0.84673 0.532023 0
    outer loop
      vertex 54.2473 35.8083 0
      vertex 55.678 33.5313 2.4
      vertex 55.678 33.5313 0
    endloop
  endfacet
  facet normal 0.821991 0.569501 0
    outer loop
      vertex 54.2473 35.8083 2.4
      vertex 52.5861 38.206 0
      vertex 52.5861 38.206 2.4
    endloop
  endfacet
  facet normal 0.821991 0.569501 0
    outer loop
      vertex 52.5861 38.206 0
      vertex 54.2473 35.8083 2.4
      vertex 54.2473 35.8083 0
    endloop
  endfacet
  facet normal 0.795618 0.605798 0
    outer loop
      vertex 52.5861 38.206 2.4
      vertex 50.819 40.5268 0
      vertex 50.819 40.5268 2.4
    endloop
  endfacet
  facet normal 0.795618 0.605798 0
    outer loop
      vertex 50.819 40.5268 0
      vertex 52.5861 38.206 2.4
      vertex 52.5861 38.206 0
    endloop
  endfacet
  facet normal 0.767648 0.640872 0
    outer loop
      vertex 50.819 40.5268 2.4
      vertex 48.9496 42.766 0
      vertex 48.9496 42.766 2.4
    endloop
  endfacet
  facet normal 0.767648 0.640872 0
    outer loop
      vertex 48.9496 42.766 0
      vertex 50.819 40.5268 2.4
      vertex 50.819 40.5268 0
    endloop
  endfacet
  facet normal 0.73814 0.674648 0
    outer loop
      vertex 48.9496 42.766 2.4
      vertex 46.9817 44.9191 0
      vertex 46.9817 44.9191 2.4
    endloop
  endfacet
  facet normal 0.73814 0.674648 0
    outer loop
      vertex 46.9817 44.9191 0
      vertex 48.9496 42.766 2.4
      vertex 48.9496 42.766 0
    endloop
  endfacet
  facet normal 0.707107 0.707107 0
    outer loop
      vertex 46.9817 44.9191 2.4
      vertex 44.9191 46.9817 0
      vertex 44.9191 46.9817 2.4
    endloop
  endfacet
  facet normal 0.707107 0.707107 0
    outer loop
      vertex 44.9191 46.9817 0
      vertex 46.9817 44.9191 2.4
      vertex 46.9817 44.9191 0
    endloop
  endfacet
  facet normal 0.674648 0.73814 -0
    outer loop
      vertex 44.9191 46.9817 0
      vertex 42.766 48.9496 2.4
      vertex 44.9191 46.9817 2.4
    endloop
  endfacet
  facet normal 0.674648 0.73814 0
    outer loop
      vertex 42.766 48.9496 2.4
      vertex 44.9191 46.9817 0
      vertex 42.766 48.9496 0
    endloop
  endfacet
  facet normal 0.640872 0.767648 -0
    outer loop
      vertex 42.766 48.9496 0
      vertex 40.5268 50.819 2.4
      vertex 42.766 48.9496 2.4
    endloop
  endfacet
  facet normal 0.640872 0.767648 0
    outer loop
      vertex 40.5268 50.819 2.4
      vertex 42.766 48.9496 0
      vertex 40.5268 50.819 0
    endloop
  endfacet
  facet normal 0.605798 0.795618 -0
    outer loop
      vertex 40.5268 50.819 0
      vertex 38.206 52.5861 2.4
      vertex 40.5268 50.819 2.4
    endloop
  endfacet
  facet normal 0.605798 0.795618 0
    outer loop
      vertex 38.206 52.5861 2.4
      vertex 40.5268 50.819 0
      vertex 38.206 52.5861 0
    endloop
  endfacet
  facet normal 0.569501 0.821991 -0
    outer loop
      vertex 38.206 52.5861 0
      vertex 35.8083 54.2473 2.4
      vertex 38.206 52.5861 2.4
    endloop
  endfacet
  facet normal 0.569501 0.821991 0
    outer loop
      vertex 35.8083 54.2473 2.4
      vertex 38.206 52.5861 0
      vertex 35.8083 54.2473 0
    endloop
  endfacet
  facet normal 0.532022 0.846731 -0
    outer loop
      vertex 35.8083 54.2473 0
      vertex 33.3384 55.7992 2.4
      vertex 35.8083 54.2473 2.4
    endloop
  endfacet
  facet normal 0.532022 0.846731 0
    outer loop
      vertex 33.3384 55.7992 2.4
      vertex 35.8083 54.2473 0
      vertex 33.3384 55.7992 0
    endloop
  endfacet
  facet normal 0.493512 0.869739 -0
    outer loop
      vertex 33.3384 55.7992 0
      vertex 30.8015 57.2387 2.4
      vertex 33.3384 55.7992 2.4
    endloop
  endfacet
  facet normal 0.493512 0.869739 0
    outer loop
      vertex 30.8015 57.2387 2.4
      vertex 33.3384 55.7992 0
      vertex 30.8015 57.2387 0
    endloop
  endfacet
  facet normal 0.453988 0.891008 -0
    outer loop
      vertex 30.8015 57.2387 0
      vertex 28.2024 58.563 2.4
      vertex 30.8015 57.2387 2.4
    endloop
  endfacet
  facet normal 0.453988 0.891008 0
    outer loop
      vertex 28.2024 58.563 2.4
      vertex 30.8015 57.2387 0
      vertex 28.2024 58.563 0
    endloop
  endfacet
  facet normal 0.413552 0.91048 -0
    outer loop
      vertex 28.2024 58.563 0
      vertex 25.5466 59.7693 2.4
      vertex 28.2024 58.563 2.4
    endloop
  endfacet
  facet normal 0.413552 0.91048 0
    outer loop
      vertex 25.5466 59.7693 2.4
      vertex 28.2024 58.563 0
      vertex 25.5466 59.7693 0
    endloop
  endfacet
  facet normal 0.372313 0.928107 -0
    outer loop
      vertex 25.5466 59.7693 0
      vertex 22.8394 60.8553 2.4
      vertex 25.5466 59.7693 2.4
    endloop
  endfacet
  facet normal 0.372313 0.928107 0
    outer loop
      vertex 22.8394 60.8553 2.4
      vertex 25.5466 59.7693 0
      vertex 22.8394 60.8553 0
    endloop
  endfacet
  facet normal 0.330273 0.943886 -0
    outer loop
      vertex 22.8394 60.8553 0
      vertex 20.0861 61.8187 2.4
      vertex 22.8394 60.8553 2.4
    endloop
  endfacet
  facet normal 0.330273 0.943886 0
    outer loop
      vertex 20.0861 61.8187 2.4
      vertex 22.8394 60.8553 0
      vertex 20.0861 61.8187 0
    endloop
  endfacet
  facet normal 0.287596 0.957752 -0
    outer loop
      vertex 20.0861 61.8187 0
      vertex 17.2924 62.6576 2.4
      vertex 20.0861 61.8187 2.4
    endloop
  endfacet
  facet normal 0.287596 0.957752 0
    outer loop
      vertex 17.2924 62.6576 2.4
      vertex 20.0861 61.8187 0
      vertex 17.2924 62.6576 0
    endloop
  endfacet
  facet normal 0.244334 0.969691 -0
    outer loop
      vertex 17.2924 62.6576 0
      vertex 14.4639 63.3703 2.4
      vertex 17.2924 62.6576 2.4
    endloop
  endfacet
  facet normal 0.244334 0.969691 0
    outer loop
      vertex 14.4639 63.3703 2.4
      vertex 17.2924 62.6576 0
      vertex 14.4639 63.3703 0
    endloop
  endfacet
  facet normal 0.200584 0.979677 -0
    outer loop
      vertex 14.4639 63.3703 0
      vertex 11.6062 63.9554 2.4
      vertex 14.4639 63.3703 2.4
    endloop
  endfacet
  facet normal 0.200584 0.979677 0
    outer loop
      vertex 11.6062 63.9554 2.4
      vertex 14.4639 63.3703 0
      vertex 11.6062 63.9554 0
    endloop
  endfacet
  facet normal 0.15643 0.987689 -0
    outer loop
      vertex 11.6062 63.9554 0
      vertex 8.72516 64.4117 2.4
      vertex 11.6062 63.9554 2.4
    endloop
  endfacet
  facet normal 0.15643 0.987689 0
    outer loop
      vertex 8.72516 64.4117 2.4
      vertex 11.6062 63.9554 0
      vertex 8.72516 64.4117 0
    endloop
  endfacet
  facet normal 0.111966 0.993712 -0
    outer loop
      vertex 8.72516 64.4117 0
      vertex 5.82655 64.7383 2.4
      vertex 8.72516 64.4117 2.4
    endloop
  endfacet
  facet normal 0.111966 0.993712 0
    outer loop
      vertex 5.82655 64.7383 2.4
      vertex 8.72516 64.4117 0
      vertex 5.82655 64.7383 0
    endloop
  endfacet
  facet normal 0.0672619 0.997735 -0
    outer loop
      vertex 5.82655 64.7383 0
      vertex 2.9162 64.9345 2.4
      vertex 5.82655 64.7383 2.4
    endloop
  endfacet
  facet normal 0.0672619 0.997735 0
    outer loop
      vertex 2.9162 64.9345 2.4
      vertex 5.82655 64.7383 0
      vertex 2.9162 64.9345 0
    endloop
  endfacet
  facet normal 0.0224859 0.999747 -0
    outer loop
      vertex 2.9162 64.9345 0
      vertex 1.2 64.9731 2.4
      vertex 2.9162 64.9345 2.4
    endloop
  endfacet
  facet normal 0.0224859 0.999747 0
    outer loop
      vertex 1.2 64.9731 2.4
      vertex 2.9162 64.9345 0
      vertex 1.2 64.9731 0
    endloop
  endfacet
  facet normal 1 -0 0
    outer loop
      vertex 1.2 64.9731 2.4
      vertex 1.2 67.9731 0
      vertex 1.2 67.9731 2.4
    endloop
  endfacet
  facet normal 1 0 0
    outer loop
      vertex 1.2 67.9731 0
      vertex 1.2 64.9731 2.4
      vertex 1.2 64.9731 0
    endloop
  endfacet
  facet normal -0.0224711 -0.999747 0
    outer loop
      vertex 1.2 67.9731 0
      vertex 3.0508 67.9315 2.4
      vertex 1.2 67.9731 2.4
    endloop
  endfacet
  facet normal -0.0224711 -0.999747 -0
    outer loop
      vertex 3.0508 67.9315 2.4
      vertex 1.2 67.9731 0
      vertex 3.0508 67.9315 0
    endloop
  endfacet
endsolid OpenSCAD_Model
