solid OpenSCAD_Model
  facet normal 0.0654172 0.997858 -0
    outer loop
      vertex 37.8274 49.8802 0
      vertex 36 50 3.2
      vertex 37.8274 49.8802 3.2
    endloop
  endfacet
  facet normal 0.0654172 0.997858 0
    outer loop
      vertex 36 50 3.2
      vertex 37.8274 49.8802 0
      vertex 36 50 0
    endloop
  endfacet
  facet normal 0.321465 -0.946921 0
    outer loop
      vertex 39.6235 -49.523 0
      vertex 41.3576 -48.9343 3.2
      vertex 39.6235 -49.523 3.2
    endloop
  endfacet
  facet normal 0.321465 -0.946921 0
    outer loop
      vertex 41.3576 -48.9343 3.2
      vertex 39.6235 -49.523 0
      vertex 41.3576 -48.9343 0
    endloop
  endfacet
  facet normal -0.946921 -0.321465 0
    outer loop
      vertex -48.9343 -41.3576 0
      vertex -49.523 -39.6235 3.2
      vertex -49.523 -39.6235 0
    endloop
  endfacet
  facet normal -0.946921 -0.321465 0
    outer loop
      vertex -49.523 -39.6235 3.2
      vertex -48.9343 -41.3576 0
      vertex -48.9343 -41.3576 3.2
    endloop
  endfacet
  facet normal -0.0654172 -0.997858 0
    outer loop
      vertex -37.8274 -49.8802 0
      vertex -36 -50 3.2
      vertex -37.8274 -49.8802 3.2
    endloop
  endfacet
  facet normal -0.0654172 -0.997858 -0
    outer loop
      vertex -36 -50 3.2
      vertex -37.8274 -49.8802 0
      vertex -36 -50 0
    endloop
  endfacet
  facet normal -0.0654172 0.997858 0
    outer loop
      vertex -36 50 0
      vertex -37.8274 49.8802 3.2
      vertex -36 50 3.2
    endloop
  endfacet
  facet normal -0.0654172 0.997858 0
    outer loop
      vertex -37.8274 49.8802 3.2
      vertex -36 50 0
      vertex -37.8274 49.8802 0
    endloop
  endfacet
  facet normal 0.659339 0.751846 -0
    outer loop
      vertex 45.8995 45.8995 0
      vertex 44.5227 47.1069 3.2
      vertex 45.8995 45.8995 3.2
    endloop
  endfacet
  facet normal 0.659339 0.751846 0
    outer loop
      vertex 44.5227 47.1069 3.2
      vertex 45.8995 45.8995 0
      vertex 44.5227 47.1069 0
    endloop
  endfacet
  facet normal 0.555595 -0.831453 0
    outer loop
      vertex 43 -48.1244 0
      vertex 44.5227 -47.1069 3.2
      vertex 43 -48.1244 3.2
    endloop
  endfacet
  facet normal 0.555595 -0.831453 0
    outer loop
      vertex 44.5227 -47.1069 3.2
      vertex 43 -48.1244 0
      vertex 44.5227 -47.1069 0
    endloop
  endfacet
  facet normal -0.980792 0.195055 0
    outer loop
      vertex -49.8802 37.8274 0
      vertex -49.523 39.6235 3.2
      vertex -49.523 39.6235 0
    endloop
  endfacet
  facet normal -0.980792 0.195055 0
    outer loop
      vertex -49.523 39.6235 3.2
      vertex -49.8802 37.8274 0
      vertex -49.8802 37.8274 3.2
    endloop
  endfacet
  facet normal -0.195055 0.980792 0
    outer loop
      vertex -37.8274 49.8802 0
      vertex -39.6235 49.523 3.2
      vertex -37.8274 49.8802 3.2
    endloop
  endfacet
  facet normal -0.195055 0.980792 0
    outer loop
      vertex -39.6235 49.523 3.2
      vertex -37.8274 49.8802 0
      vertex -39.6235 49.523 0
    endloop
  endfacet
  facet normal -0.980792 -0.195055 0
    outer loop
      vertex -49.523 -39.6235 0
      vertex -49.8802 -37.8274 3.2
      vertex -49.8802 -37.8274 0
    endloop
  endfacet
  facet normal -0.980792 -0.195055 0
    outer loop
      vertex -49.8802 -37.8274 3.2
      vertex -49.523 -39.6235 0
      vertex -49.523 -39.6235 3.2
    endloop
  endfacet
  facet normal -0.831453 -0.555595 0
    outer loop
      vertex -47.1069 -44.5227 0
      vertex -48.1244 -43 3.2
      vertex -48.1244 -43 0
    endloop
  endfacet
  facet normal -0.831453 -0.555595 0
    outer loop
      vertex -48.1244 -43 3.2
      vertex -47.1069 -44.5227 0
      vertex -47.1069 -44.5227 3.2
    endloop
  endfacet
  facet normal 0.896882 -0.44227 0
    outer loop
      vertex 48.1244 -43 3.2
      vertex 48.9343 -41.3576 0
      vertex 48.9343 -41.3576 3.2
    endloop
  endfacet
  facet normal 0.896882 -0.44227 0
    outer loop
      vertex 48.9343 -41.3576 0
      vertex 48.1244 -43 3.2
      vertex 48.1244 -43 0
    endloop
  endfacet
  facet normal 0 1 -0
    outer loop
      vertex 36 50 0
      vertex -36 50 3.2
      vertex 36 50 3.2
    endloop
  endfacet
  facet normal 0 1 0
    outer loop
      vertex -36 50 3.2
      vertex 36 50 0
      vertex -36 50 0
    endloop
  endfacet
  facet normal 0.751846 0.659339 0
    outer loop
      vertex 47.1069 44.5227 3.2
      vertex 45.8995 45.8995 0
      vertex 45.8995 45.8995 3.2
    endloop
  endfacet
  facet normal 0.751846 0.659339 0
    outer loop
      vertex 45.8995 45.8995 0
      vertex 47.1069 44.5227 3.2
      vertex 47.1069 44.5227 0
    endloop
  endfacet
  facet normal -0.195055 -0.980792 0
    outer loop
      vertex -39.6235 -49.523 0
      vertex -37.8274 -49.8802 3.2
      vertex -39.6235 -49.523 3.2
    endloop
  endfacet
  facet normal -0.195055 -0.980792 -0
    outer loop
      vertex -37.8274 -49.8802 3.2
      vertex -39.6235 -49.523 0
      vertex -37.8274 -49.8802 0
    endloop
  endfacet
  facet normal 0.946921 0.321465 0
    outer loop
      vertex 49.523 39.6235 3.2
      vertex 48.9343 41.3576 0
      vertex 48.9343 41.3576 3.2
    endloop
  endfacet
  facet normal 0.946921 0.321465 0
    outer loop
      vertex 48.9343 41.3576 0
      vertex 49.523 39.6235 3.2
      vertex 49.523 39.6235 0
    endloop
  endfacet
  facet normal -0.831453 0.555595 0
    outer loop
      vertex -48.1244 43 0
      vertex -47.1069 44.5227 3.2
      vertex -47.1069 44.5227 0
    endloop
  endfacet
  facet normal -0.831453 0.555595 0
    outer loop
      vertex -47.1069 44.5227 3.2
      vertex -48.1244 43 0
      vertex -48.1244 43 3.2
    endloop
  endfacet
  facet normal -0.751846 0.659339 0
    outer loop
      vertex -47.1069 44.5227 0
      vertex -45.8995 45.8995 3.2
      vertex -45.8995 45.8995 0
    endloop
  endfacet
  facet normal -0.751846 0.659339 0
    outer loop
      vertex -45.8995 45.8995 3.2
      vertex -47.1069 44.5227 0
      vertex -47.1069 44.5227 3.2
    endloop
  endfacet
  facet normal 0 -1 0
    outer loop
      vertex -36 -50 0
      vertex 36 -50 3.2
      vertex -36 -50 3.2
    endloop
  endfacet
  facet normal 0 -1 -0
    outer loop
      vertex 36 -50 3.2
      vertex -36 -50 0
      vertex 36 -50 0
    endloop
  endfacet
  facet normal -0.44227 -0.896882 0
    outer loop
      vertex -43 -48.1244 0
      vertex -41.3576 -48.9343 3.2
      vertex -43 -48.1244 3.2
    endloop
  endfacet
  facet normal -0.44227 -0.896882 -0
    outer loop
      vertex -41.3576 -48.9343 3.2
      vertex -43 -48.1244 0
      vertex -41.3576 -48.9343 0
    endloop
  endfacet
  facet normal -1 0 0
    outer loop
      vertex -50 -36 0
      vertex -50 36 3.2
      vertex -50 36 0
    endloop
  endfacet
  facet normal -1 -0 0
    outer loop
      vertex -50 36 3.2
      vertex -50 -36 0
      vertex -50 -36 3.2
    endloop
  endfacet
  facet normal -0.896882 0.44227 0
    outer loop
      vertex -48.9343 41.3576 0
      vertex -48.1244 43 3.2
      vertex -48.1244 43 0
    endloop
  endfacet
  facet normal -0.896882 0.44227 0
    outer loop
      vertex -48.1244 43 3.2
      vertex -48.9343 41.3576 0
      vertex -48.9343 41.3576 3.2
    endloop
  endfacet
  facet normal 0.831453 0.555595 0
    outer loop
      vertex 48.1244 43 3.2
      vertex 47.1069 44.5227 0
      vertex 47.1069 44.5227 3.2
    endloop
  endfacet
  facet normal 0.831453 0.555595 0
    outer loop
      vertex 47.1069 44.5227 0
      vertex 48.1244 43 3.2
      vertex 48.1244 43 0
    endloop
  endfacet
  facet normal 0.980792 -0.195055 0
    outer loop
      vertex 49.523 -39.6235 3.2
      vertex 49.8802 -37.8274 0
      vertex 49.8802 -37.8274 3.2
    endloop
  endfacet
  facet normal 0.980792 -0.195055 0
    outer loop
      vertex 49.8802 -37.8274 0
      vertex 49.523 -39.6235 3.2
      vertex 49.523 -39.6235 0
    endloop
  endfacet
  facet normal 0.980792 0.195055 0
    outer loop
      vertex 49.8802 37.8274 3.2
      vertex 49.523 39.6235 0
      vertex 49.523 39.6235 3.2
    endloop
  endfacet
  facet normal 0.980792 0.195055 0
    outer loop
      vertex 49.523 39.6235 0
      vertex 49.8802 37.8274 3.2
      vertex 49.8802 37.8274 0
    endloop
  endfacet
  facet normal -0.659339 -0.751846 0
    outer loop
      vertex -45.8995 -45.8995 0
      vertex -44.5227 -47.1069 3.2
      vertex -45.8995 -45.8995 3.2
    endloop
  endfacet
  facet normal -0.659339 -0.751846 -0
    outer loop
      vertex -44.5227 -47.1069 3.2
      vertex -45.8995 -45.8995 0
      vertex -44.5227 -47.1069 0
    endloop
  endfacet
  facet normal 0.555595 0.831453 -0
    outer loop
      vertex 44.5227 47.1069 0
      vertex 43 48.1244 3.2
      vertex 44.5227 47.1069 3.2
    endloop
  endfacet
  facet normal 0.555595 0.831453 0
    outer loop
      vertex 43 48.1244 3.2
      vertex 44.5227 47.1069 0
      vertex 43 48.1244 0
    endloop
  endfacet
  facet normal 0.0654172 -0.997858 0
    outer loop
      vertex 36 -50 0
      vertex 37.8274 -49.8802 3.2
      vertex 36 -50 3.2
    endloop
  endfacet
  facet normal 0.0654172 -0.997858 0
    outer loop
      vertex 37.8274 -49.8802 3.2
      vertex 36 -50 0
      vertex 37.8274 -49.8802 0
    endloop
  endfacet
  facet normal 0.321465 0.946921 -0
    outer loop
      vertex 41.3576 48.9343 0
      vertex 39.6235 49.523 3.2
      vertex 41.3576 48.9343 3.2
    endloop
  endfacet
  facet normal 0.321465 0.946921 0
    outer loop
      vertex 39.6235 49.523 3.2
      vertex 41.3576 48.9343 0
      vertex 39.6235 49.523 0
    endloop
  endfacet
  facet normal -0.946921 0.321465 0
    outer loop
      vertex -49.523 39.6235 0
      vertex -48.9343 41.3576 3.2
      vertex -48.9343 41.3576 0
    endloop
  endfacet
  facet normal -0.946921 0.321465 0
    outer loop
      vertex -48.9343 41.3576 3.2
      vertex -49.523 39.6235 0
      vertex -49.523 39.6235 3.2
    endloop
  endfacet
  facet normal 0.659339 -0.751846 0
    outer loop
      vertex 44.5227 -47.1069 0
      vertex 45.8995 -45.8995 3.2
      vertex 44.5227 -47.1069 3.2
    endloop
  endfacet
  facet normal 0.659339 -0.751846 0
    outer loop
      vertex 45.8995 -45.8995 3.2
      vertex 44.5227 -47.1069 0
      vertex 45.8995 -45.8995 0
    endloop
  endfacet
  facet normal -0.555595 0.831453 0
    outer loop
      vertex -43 48.1244 0
      vertex -44.5227 47.1069 3.2
      vertex -43 48.1244 3.2
    endloop
  endfacet
  facet normal -0.555595 0.831453 0
    outer loop
      vertex -44.5227 47.1069 3.2
      vertex -43 48.1244 0
      vertex -44.5227 47.1069 0
    endloop
  endfacet
  facet normal -0.659339 0.751846 0
    outer loop
      vertex -44.5227 47.1069 0
      vertex -45.8995 45.8995 3.2
      vertex -44.5227 47.1069 3.2
    endloop
  endfacet
  facet normal -0.659339 0.751846 0
    outer loop
      vertex -45.8995 45.8995 3.2
      vertex -44.5227 47.1069 0
      vertex -45.8995 45.8995 0
    endloop
  endfacet
  facet normal -0.997858 0.0654172 0
    outer loop
      vertex -50 36 0
      vertex -49.8802 37.8274 3.2
      vertex -49.8802 37.8274 0
    endloop
  endfacet
  facet normal -0.997858 0.0654172 0
    outer loop
      vertex -49.8802 37.8274 3.2
      vertex -50 36 0
      vertex -50 36 3.2
    endloop
  endfacet
  facet normal -0.44227 0.896882 0
    outer loop
      vertex -41.3576 48.9343 0
      vertex -43 48.1244 3.2
      vertex -41.3576 48.9343 3.2
    endloop
  endfacet
  facet normal -0.44227 0.896882 0
    outer loop
      vertex -43 48.1244 3.2
      vertex -41.3576 48.9343 0
      vertex -43 48.1244 0
    endloop
  endfacet
  facet normal -0.321465 0.946921 0
    outer loop
      vertex -39.6235 49.523 0
      vertex -41.3576 48.9343 3.2
      vertex -39.6235 49.523 3.2
    endloop
  endfacet
  facet normal -0.321465 0.946921 0
    outer loop
      vertex -41.3576 48.9343 3.2
      vertex -39.6235 49.523 0
      vertex -41.3576 48.9343 0
    endloop
  endfacet
  facet normal 0.195055 0.980792 -0
    outer loop
      vertex 39.6235 49.523 0
      vertex 37.8274 49.8802 3.2
      vertex 39.6235 49.523 3.2
    endloop
  endfacet
  facet normal 0.195055 0.980792 0
    outer loop
      vertex 37.8274 49.8802 3.2
      vertex 39.6235 49.523 0
      vertex 37.8274 49.8802 0
    endloop
  endfacet
  facet normal 0.997858 0.0654172 0
    outer loop
      vertex 50 36 3.2
      vertex 49.8802 37.8274 0
      vertex 49.8802 37.8274 3.2
    endloop
  endfacet
  facet normal 0.997858 0.0654172 0
    outer loop
      vertex 49.8802 37.8274 0
      vertex 50 36 3.2
      vertex 50 36 0
    endloop
  endfacet
  facet normal 0.946921 -0.321465 0
    outer loop
      vertex 48.9343 -41.3576 3.2
      vertex 49.523 -39.6235 0
      vertex 49.523 -39.6235 3.2
    endloop
  endfacet
  facet normal 0.946921 -0.321465 0
    outer loop
      vertex 49.523 -39.6235 0
      vertex 48.9343 -41.3576 3.2
      vertex 48.9343 -41.3576 0
    endloop
  endfacet
  facet normal -0.321465 -0.946921 0
    outer loop
      vertex -41.3576 -48.9343 0
      vertex -39.6235 -49.523 3.2
      vertex -41.3576 -48.9343 3.2
    endloop
  endfacet
  facet normal -0.321465 -0.946921 -0
    outer loop
      vertex -39.6235 -49.523 3.2
      vertex -41.3576 -48.9343 0
      vertex -39.6235 -49.523 0
    endloop
  endfacet
  facet normal 0.997858 -0.0654172 0
    outer loop
      vertex 49.8802 -37.8274 3.2
      vertex 50 -36 0
      vertex 50 -36 3.2
    endloop
  endfacet
  facet normal 0.997858 -0.0654172 0
    outer loop
      vertex 50 -36 0
      vertex 49.8802 -37.8274 3.2
      vertex 49.8802 -37.8274 0
    endloop
  endfacet
  facet normal 0.896882 0.44227 0
    outer loop
      vertex 48.9343 41.3576 3.2
      vertex 48.1244 43 0
      vertex 48.1244 43 3.2
    endloop
  endfacet
  facet normal 0.896882 0.44227 0
    outer loop
      vertex 48.1244 43 0
      vertex 48.9343 41.3576 3.2
      vertex 48.9343 41.3576 0
    endloop
  endfacet
  facet normal 0.751846 -0.659339 0
    outer loop
      vertex 45.8995 -45.8995 3.2
      vertex 47.1069 -44.5227 0
      vertex 47.1069 -44.5227 3.2
    endloop
  endfacet
  facet normal 0.751846 -0.659339 0
    outer loop
      vertex 47.1069 -44.5227 0
      vertex 45.8995 -45.8995 3.2
      vertex 45.8995 -45.8995 0
    endloop
  endfacet
  facet normal -0.751846 -0.659339 0
    outer loop
      vertex -45.8995 -45.8995 0
      vertex -47.1069 -44.5227 3.2
      vertex -47.1069 -44.5227 0
    endloop
  endfacet
  facet normal -0.751846 -0.659339 0
    outer loop
      vertex -47.1069 -44.5227 3.2
      vertex -45.8995 -45.8995 0
      vertex -45.8995 -45.8995 3.2
    endloop
  endfacet
  facet normal -0.555595 -0.831453 0
    outer loop
      vertex -44.5227 -47.1069 0
      vertex -43 -48.1244 3.2
      vertex -44.5227 -47.1069 3.2
    endloop
  endfacet
  facet normal -0.555595 -0.831453 -0
    outer loop
      vertex -43 -48.1244 3.2
      vertex -44.5227 -47.1069 0
      vertex -43 -48.1244 0
    endloop
  endfacet
  facet normal -0.997858 -0.0654172 0
    outer loop
      vertex -49.8802 -37.8274 0
      vertex -50 -36 3.2
      vertex -50 -36 0
    endloop
  endfacet
  facet normal -0.997858 -0.0654172 0
    outer loop
      vertex -50 -36 3.2
      vertex -49.8802 -37.8274 0
      vertex -49.8802 -37.8274 3.2
    endloop
  endfacet
  facet normal -0.896882 -0.44227 0
    outer loop
      vertex -48.1244 -43 0
      vertex -48.9343 -41.3576 3.2
      vertex -48.9343 -41.3576 0
    endloop
  endfacet
  facet normal -0.896882 -0.44227 0
    outer loop
      vertex -48.9343 -41.3576 3.2
      vertex -48.1244 -43 0
      vertex -48.1244 -43 3.2
    endloop
  endfacet
  facet normal 0.195055 -0.980792 0
    outer loop
      vertex 37.8274 -49.8802 0
      vertex 39.6235 -49.523 3.2
      vertex 37.8274 -49.8802 3.2
    endloop
  endfacet
  facet normal 0.195055 -0.980792 0
    outer loop
      vertex 39.6235 -49.523 3.2
      vertex 37.8274 -49.8802 0
      vertex 39.6235 -49.523 0
    endloop
  endfacet
  facet normal 0 0 -1
    outer loop
      vertex -38.226 8.76199 0
      vertex -38.16 9.02399 0
      vertex -38.16 8.696 0
    endloop
  endfacet
  facet normal 0 0 -1
    outer loop
      vertex -38.16 9.02399 0
      vertex -38.226 8.76199 0
      vertex -38.226 8.95799 0
    endloop
  endfacet
  facet normal 0 0 -1
    outer loop
      vertex -38.16 8.696 0
      vertex -38.094 8.10599 0
      vertex -38.16 8.17099 0
    endloop
  endfacet
  facet normal 0 0 -1
    outer loop
      vertex -38.094 8.10599 0
      vertex -38.16 8.696 0
      vertex -38.094 9.48399 0
    endloop
  endfacet
  facet normal 0 0 -1
    outer loop
      vertex -38.16 9.02399 0
      vertex -38.094 9.48399 0
      vertex -38.16 8.696 0
    endloop
  endfacet
  facet normal 0 0 -1
    outer loop
      vertex -38.094 9.48399 0
      vertex -38.16 9.02399 0
      vertex -38.226 9.09 0
    endloop
  endfacet
  facet normal 0 0 -1
    outer loop
      vertex -32.713 9.67999 0
      vertex -32.78 9.35199 0
      vertex -32.78 9.614 0
    endloop
  endfacet
  facet normal 0 0 -1
    outer loop
      vertex -36.192 9.48399 0
      vertex -35.864 10.074 0
      vertex -36.06 9.614 0
    endloop
  endfacet
  facet normal -0 0 -1
    outer loop
      vertex -35.864 10.074 0
      vertex -36.192 9.48399 0
      vertex -35.93 10.73 0
    endloop
  endfacet
  facet normal 0 0 -1
    outer loop
      vertex -37.11 11.452 0
      vertex -35.93 10.73 0
      vertex -36.192 9.48399 0
    endloop
  endfacet
  facet normal 0 0 -1
    outer loop
      vertex -35.93 10.73 0
      vertex -36.585 11.387 0
      vertex -36.06 10.992 0
    endloop
  endfacet
  facet normal 0 0 -1
    outer loop
      vertex -38.094 9.48399 0
      vertex -36.192 9.286 0
      vertex -38.094 8.10599 0
    endloop
  endfacet
  facet normal 0 0 -1
    outer loop
      vertex -38.094 8.10599 0
      vertex -38.03 7.515 0
      vertex -38.094 7.57899 0
    endloop
  endfacet
  facet normal 0 0 -1
    outer loop
      vertex -36.192 9.286 0
      vertex -38.094 9.48399 0
      vertex -36.192 9.48399 0
    endloop
  endfacet
  facet normal 0 0 -1
    outer loop
      vertex -38.094 11.321 0
      vertex -36.192 9.48399 0
      vertex -38.094 9.48399 0
    endloop
  endfacet
  facet normal 0 0 -1
    outer loop
      vertex -36.192 9.48399 0
      vertex -38.094 11.321 0
      vertex -37.898 11.518 0
    endloop
  endfacet
  facet normal 0 0 -1
    outer loop
      vertex -35.338 22.87 0
      vertex -35.274 23.134 0
      vertex -35.274 22.937 0
    endloop
  endfacet
  facet normal 0 0 -1
    outer loop
      vertex -35.798 22.87 0
      vertex -35.274 23.134 0
      vertex -35.338 22.87 0
    endloop
  endfacet
  facet normal 0 0 -1
    outer loop
      vertex -35.47 23.396 0
      vertex -35.602 23.659 0
      vertex -35.47 23.526 0
    endloop
  endfacet
  facet normal -0 0 -1
    outer loop
      vertex -35.274 23.134 0
      vertex -35.798 22.87 0
      vertex -35.47 23.396 0
    endloop
  endfacet
  facet normal 0 0 -1
    outer loop
      vertex -35.47 23.396 0
      vertex -35.798 22.87 0
      vertex -35.864 22.937 0
    endloop
  endfacet
  facet normal -0 0 -1
    outer loop
      vertex -35.47 23.396 0
      vertex -35.864 22.937 0
      vertex -35.602 23.659 0
    endloop
  endfacet
  facet normal 0 0 -1
    outer loop
      vertex -36.782 23.002 0
      vertex -35.602 23.659 0
      vertex -35.864 22.937 0
    endloop
  endfacet
  facet normal -0 0 -1
    outer loop
      vertex -35.602 23.659 0
      vertex -36.782 23.002 0
      vertex -36.52 25.562 0
    endloop
  endfacet
  facet normal 0 0 -1
    outer loop
      vertex -36.782 23.002 0
      vertex -35.864 22.937 0
      vertex -36.716 22.937 0
    endloop
  endfacet
  facet normal 0 0 -1
    outer loop
      vertex -38.094 23.068 0
      vertex -36.52 25.562 0
      vertex -36.782 23.002 0
    endloop
  endfacet
  facet normal -0 0 -1
    outer loop
      vertex -36.52 25.562 0
      vertex -38.094 23.068 0
      vertex -36.652 25.693 0
    endloop
  endfacet
  facet normal 0 0 -1
    outer loop
      vertex -39.014 23.134 0
      vertex -36.652 25.693 0
      vertex -38.094 23.068 0
    endloop
  endfacet
  facet normal 0 0 -1
    outer loop
      vertex -38.094 23.068 0
      vertex -36.782 23.002 0
      vertex -38.03 23.002 0
    endloop
  endfacet
  facet normal 0 0 -1
    outer loop
      vertex -36.652 25.693 0
      vertex -36.782 25.955 0
      vertex -36.652 25.824 0
    endloop
  endfacet
  facet normal 0 0 -1
    outer loop
      vertex -39.014 23.134 0
      vertex -38.094 23.068 0
      vertex -38.948 23.068 0
    endloop
  endfacet
  facet normal -0 0 -1
    outer loop
      vertex -36.652 25.693 0
      vertex -39.014 23.134 0
      vertex -36.782 25.955 0
    endloop
  endfacet
  facet normal 0 0 -1
    outer loop
      vertex -41.31 23.199 0
      vertex -36.782 25.955 0
      vertex -39.014 23.134 0
    endloop
  endfacet
  facet normal -0 0 -1
    outer loop
      vertex -36.782 25.955 0
      vertex -41.31 23.199 0
      vertex -39.014 30.418 0
    endloop
  endfacet
  facet normal 0 0 -1
    outer loop
      vertex -39.144 30.548 0
      vertex -39.276 30.812 0
      vertex -39.144 30.68 0
    endloop
  endfacet
  facet normal -0 0 -1
    outer loop
      vertex -39.014 30.418 0
      vertex -41.31 23.199 0
      vertex -39.144 30.548 0
    endloop
  endfacet
  facet normal 0 0 -1
    outer loop
      vertex -39.276 30.812 0
      vertex -39.408 31.074 0
      vertex -39.276 30.943 0
    endloop
  endfacet
  facet normal -0 0 -1
    outer loop
      vertex -39.144 30.548 0
      vertex -41.31 23.199 0
      vertex -39.276 30.812 0
    endloop
  endfacet
  facet normal -0 0 -1
    outer loop
      vertex -39.276 30.812 0
      vertex -41.31 23.199 0
      vertex -39.408 31.074 0
    endloop
  endfacet
  facet normal 0 -0 -1
    outer loop
      vertex -40.457 33.108 0
      vertex -39.408 31.074 0
      vertex -41.31 23.199 0
    endloop
  endfacet
  facet normal 0 0 -1
    outer loop
      vertex -40.457 33.108 0
      vertex -40.588 33.37 0
      vertex -40.457 33.24 0
    endloop
  endfacet
  facet normal 0 0 -1
    outer loop
      vertex -39.408 31.074 0
      vertex -40.457 33.108 0
      vertex -40.326 32.976 0
    endloop
  endfacet
  facet normal 0 0 -1
    outer loop
      vertex -40.588 33.37 0
      vertex -40.72 33.634 0
      vertex -40.588 33.502 0
    endloop
  endfacet
  facet normal 0 0 -1
    outer loop
      vertex -41.376 23.134 0
      vertex -40.457 33.108 0
      vertex -41.31 23.199 0
    endloop
  endfacet
  facet normal 0 0 -1
    outer loop
      vertex -50 36 0
      vertex -40.457 33.108 0
      vertex -41.376 23.134 0
    endloop
  endfacet
  facet normal 0 0 -1
    outer loop
      vertex -40.457 33.108 0
      vertex -50 36 0
      vertex -40.588 33.37 0
    endloop
  endfacet
  facet normal 0 0 -1
    outer loop
      vertex -40.588 33.37 0
      vertex -50 36 0
      vertex -40.72 33.634 0
    endloop
  endfacet
  facet normal -0 0 -1
    outer loop
      vertex -30.088 -16.111 0
      vertex -30.154 -16.176 0
      vertex -30.088 -15.651 0
    endloop
  endfacet
  facet normal 0 0 -1
    outer loop
      vertex -18.998 -21.557 0
      vertex -18.932 -21.23 0
      vertex -18.932 -21.492 0
    endloop
  endfacet
  facet normal 0 0 -1
    outer loop
      vertex -18.998 -21.557 0
      vertex -18.998 -21.164 0
      vertex -18.932 -21.23 0
    endloop
  endfacet
  facet normal 0 0 -1
    outer loop
      vertex -19.654 -21.492 0
      vertex -18.998 -21.164 0
      vertex -18.998 -21.557 0
    endloop
  endfacet
  facet normal 0 0 -1
    outer loop
      vertex -19.916 -21.36 0
      vertex -18.998 -21.164 0
      vertex -19.654 -21.492 0
    endloop
  endfacet
  facet normal 0 0 -1
    outer loop
      vertex -20.441 -21.23 0
      vertex -19.194 -19.786 0
      vertex -19.194 -20.246 0
    endloop
  endfacet
  facet normal -0 0 -1
    outer loop
      vertex -18.998 -21.164 0
      vertex -19.916 -21.36 0
      vertex -19.13 -20.31 0
    endloop
  endfacet
  facet normal 0 0 -1
    outer loop
      vertex -19.326 -19.392 0
      vertex -19.458 -18.014 0
      vertex -19.392 -18.079 0
    endloop
  endfacet
  facet normal -0 0 -1
    outer loop
      vertex -19.194 -19.786 0
      vertex -20.441 -21.23 0
      vertex -19.326 -19.392 0
    endloop
  endfacet
  facet normal 0 0 -1
    outer loop
      vertex -20.441 -21.23 0
      vertex -19.194 -20.246 0
      vertex -19.916 -21.36 0
    endloop
  endfacet
  facet normal -0 0 -1
    outer loop
      vertex -19.13 -20.31 0
      vertex -19.916 -21.36 0
      vertex -19.194 -20.246 0
    endloop
  endfacet
  facet normal 0 0 -1
    outer loop
      vertex -17.816 -19.654 0
      vertex -16.438 -21.688 0
      vertex -17.685 -20.704 0
    endloop
  endfacet
  facet normal 0 0 -1
    outer loop
      vertex -18.014 -18.079 0
      vertex -16.438 -21.688 0
      vertex -17.816 -19.654 0
    endloop
  endfacet
  facet normal 0 0 -1
    outer loop
      vertex -18.08 -16.438 0
      vertex -16.438 -21.688 0
      vertex -18.014 -18.079 0
    endloop
  endfacet
  facet normal 0 0 -1
    outer loop
      vertex -18.014 -18.079 0
      vertex -17.816 -19.654 0
      vertex -17.948 -19.26 0
    endloop
  endfacet
  facet normal 0 -0 -1
    outer loop
      vertex -17.948 -14.404 0
      vertex -16.438 -21.688 0
      vertex -18.08 -16.438 0
    endloop
  endfacet
  facet normal 0 0 -1
    outer loop
      vertex -17.554 -12.566 0
      vertex -17.948 -14.404 0
      vertex -17.685 -12.829 0
    endloop
  endfacet
  facet normal 0 0 -1
    outer loop
      vertex -16.438 -21.688 0
      vertex -17.948 -14.404 0
      vertex -17.554 -12.566 0
    endloop
  endfacet
  facet normal 0 0 -1
    outer loop
      vertex -18.08 -16.438 0
      vertex -18.014 -18.079 0
      vertex -18.08 -18.014 0
    endloop
  endfacet
  facet normal 0 0 -1
    outer loop
      vertex -19.326 -14.338 0
      vertex -17.948 -14.404 0
      vertex -18.08 -16.438 0
    endloop
  endfacet
  facet normal 0 0 -1
    outer loop
      vertex -17.948 -14.404 0
      vertex -19.326 -14.338 0
      vertex -18.014 -14.338 0
    endloop
  endfacet
  facet normal 0 -0 -1
    outer loop
      vertex -19.326 -14.338 0
      vertex -18.08 -16.438 0
      vertex -19.458 -16.438 0
    endloop
  endfacet
  facet normal 0 0 -1
    outer loop
      vertex -17.226 -21.754 0
      vertex -17.685 -20.704 0
      vertex -16.438 -21.688 0
    endloop
  endfacet
  facet normal 0 0 -1
    outer loop
      vertex -16.438 -21.688 0
      vertex -17.554 -12.566 0
      vertex -17.292 -11.582 0
    endloop
  endfacet
  facet normal 0 0 -1
    outer loop
      vertex -17.292 -11.582 0
      vertex -17.554 -12.566 0
      vertex -17.554 -12.304 0
    endloop
  endfacet
  facet normal 0 0 -1
    outer loop
      vertex -7.31599 -18.998 0
      vertex -17.03 -10.794 0
      vertex -16.636 -9.745 0
    endloop
  endfacet
  facet normal 0 0 -1
    outer loop
      vertex -16.438 -21.688 0
      vertex -17.16 -11.188 0
      vertex -17.03 -10.794 0
    endloop
  endfacet
  facet normal 0 0 -1
    outer loop
      vertex -17.685 -20.704 0
      vertex -17.226 -21.754 0
      vertex -17.357 -21.688 0
    endloop
  endfacet
  facet normal 0 0 -1
    outer loop
      vertex -16.438 -21.688 0
      vertex -17.292 -11.582 0
      vertex -17.16 -11.188 0
    endloop
  endfacet
  facet normal 0 0 -1
    outer loop
      vertex -17.16 -11.188 0
      vertex -17.292 -11.582 0
      vertex -17.292 -11.386 0
    endloop
  endfacet
  facet normal 0 0 -1
    outer loop
      vertex -15.914 15.652 0
      vertex -16.374 23.002 0
      vertex -16.307 23.462 0
    endloop
  endfacet
  facet normal 0 0 -1
    outer loop
      vertex -15.914 15.652 0
      vertex -16.438 22.214 0
      vertex -16.374 23.002 0
    endloop
  endfacet
  facet normal 0 0 -1
    outer loop
      vertex -15.914 15.652 0
      vertex -16.504 21.426 0
      vertex -16.438 22.214 0
    endloop
  endfacet
  facet normal 0 0 -1
    outer loop
      vertex -15.914 15.652 0
      vertex -16.569 20.64 0
      vertex -16.504 21.426 0
    endloop
  endfacet
  facet normal 0 0 -1
    outer loop
      vertex -15.914 15.652 0
      vertex -16.636 19.918 0
      vertex -16.569 20.64 0
    endloop
  endfacet
  facet normal 0 0 -1
    outer loop
      vertex -15.914 15.652 0
      vertex -16.702 19.13 0
      vertex -16.636 19.918 0
    endloop
  endfacet
  facet normal 0 0 -1
    outer loop
      vertex -15.914 15.652 0
      vertex -16.832 18.014 0
      vertex -16.702 19.13 0
    endloop
  endfacet
  facet normal 0 0 -1
    outer loop
      vertex -16.702 19.13 0
      vertex -16.832 18.014 0
      vertex -16.766 19.065 0
    endloop
  endfacet
  facet normal 0 0 -1
    outer loop
      vertex -16.241 15.193 0
      vertex -17.948 18.212 0
      vertex -16.832 18.014 0
    endloop
  endfacet
  facet normal 0 0 -1
    outer loop
      vertex -19.654 15.193 0
      vertex -17.948 18.212 0
      vertex -16.241 15.193 0
    endloop
  endfacet
  facet normal 0 0 -1
    outer loop
      vertex -20.31 16.309 0
      vertex -17.948 18.212 0
      vertex -19.654 15.193 0
    endloop
  endfacet
  facet normal 0 0 -1
    outer loop
      vertex -20.31 16.309 0
      vertex -19.654 15.193 0
      vertex -19.851 15.324 0
    endloop
  endfacet
  facet normal -0 0 -1
    outer loop
      vertex -17.948 18.212 0
      vertex -20.31 16.309 0
      vertex -19.458 18.736 0
    endloop
  endfacet
  facet normal 0 0 -1
    outer loop
      vertex -20.441 16.44 0
      vertex -19.458 18.736 0
      vertex -20.31 16.309 0
    endloop
  endfacet
  facet normal 0 0 -1
    outer loop
      vertex -20.441 16.44 0
      vertex -20.704 19.393 0
      vertex -19.458 18.736 0
    endloop
  endfacet
  facet normal 0 0 -1
    outer loop
      vertex -23.592 16.44 0
      vertex -20.704 19.393 0
      vertex -20.441 16.44 0
    endloop
  endfacet
  facet normal -0 0 -1
    outer loop
      vertex -20.704 19.393 0
      vertex -23.592 16.44 0
      vertex -21.819 20.18 0
    endloop
  endfacet
  facet normal -0 0 -1
    outer loop
      vertex -21.819 20.18 0
      vertex -23.592 16.44 0
      vertex -22.344 20.64 0
    endloop
  endfacet
  facet normal -0 0 -1
    outer loop
      vertex -22.344 20.64 0
      vertex -23.592 16.44 0
      vertex -23.198 21.559 0
    endloop
  endfacet
  facet normal 0 0 -1
    outer loop
      vertex -23.592 16.44 0
      vertex -24.051 22.804 0
      vertex -23.198 21.559 0
    endloop
  endfacet
  facet normal 0 0 -1
    outer loop
      vertex -23.592 16.309 0
      vertex -24.051 22.804 0
      vertex -23.592 16.44 0
    endloop
  endfacet
  facet normal 0 0 -1
    outer loop
      vertex -28.514 6.79199 0
      vertex -23.92 -7.974 0
      vertex -24.248 -8.105 0
    endloop
  endfacet
  facet normal 0 0 -1
    outer loop
      vertex -24.444 16.374 0
      vertex -23.592 16.309 0
      vertex -24.444 14.274 0
    endloop
  endfacet
  facet normal 0 0 -1
    outer loop
      vertex -24.51 16.44 0
      vertex -23.592 16.309 0
      vertex -24.444 16.374 0
    endloop
  endfacet
  facet normal 0 0 -1
    outer loop
      vertex -26.086 18.474 0
      vertex -23.592 16.309 0
      vertex -24.51 16.44 0
    endloop
  endfacet
  facet normal 0 0 -1
    outer loop
      vertex -23.592 16.309 0
      vertex -26.086 18.474 0
      vertex -24.051 22.804 0
    endloop
  endfacet
  facet normal 0 0 -1
    outer loop
      vertex -26.348 19.13 0
      vertex -24.051 22.804 0
      vertex -26.216 18.868 0
    endloop
  endfacet
  facet normal 0 0 -1
    outer loop
      vertex -26.479 19.262 0
      vertex -24.051 22.804 0
      vertex -26.348 19.13 0
    endloop
  endfacet
  facet normal 0 0 -1
    outer loop
      vertex -27.792 21.952 0
      vertex -24.051 22.804 0
      vertex -26.479 19.262 0
    endloop
  endfacet
  facet normal 0 0 -1
    outer loop
      vertex -25.101 25.693 0
      vertex -25.166 26.152 0
      vertex -25.101 26.086 0
    endloop
  endfacet
  facet normal -0 0 -1
    outer loop
      vertex -24.051 22.804 0
      vertex -27.792 21.952 0
      vertex -24.642 24.052 0
    endloop
  endfacet
  facet normal 0 0 -1
    outer loop
      vertex -27.923 22.214 0
      vertex -24.642 24.052 0
      vertex -27.792 21.952 0
    endloop
  endfacet
  facet normal 0 0 -1
    outer loop
      vertex -24.051 22.804 0
      vertex -26.086 18.474 0
      vertex -26.216 18.868 0
    endloop
  endfacet
  facet normal 0 0 -1
    outer loop
      vertex -24.51 16.44 0
      vertex -26.152 18.408 0
      vertex -26.086 18.474 0
    endloop
  endfacet
  facet normal 0 0 -1
    outer loop
      vertex -31.664 16.44 0
      vertex -26.152 18.408 0
      vertex -24.51 16.44 0
    endloop
  endfacet
  facet normal 0 0 -1
    outer loop
      vertex -31.729 6.924 0
      vertex -32.713 10.862 0
      vertex -31.729 16.374 0
    endloop
  endfacet
  facet normal 0 0 -1
    outer loop
      vertex -32.78 11.19 0
      vertex -32.713 10.862 0
      vertex -32.78 10.926 0
    endloop
  endfacet
  facet normal 0 0 -1
    outer loop
      vertex -32.713 10.862 0
      vertex -32.78 11.19 0
      vertex -31.729 16.374 0
    endloop
  endfacet
  facet normal 0 0 -1
    outer loop
      vertex -32.91 11.584 0
      vertex -31.729 16.374 0
      vertex -32.78 11.19 0
    endloop
  endfacet
  facet normal 0 0 -1
    outer loop
      vertex -33.238 12.174 0
      vertex -31.729 16.374 0
      vertex -32.91 11.584 0
    endloop
  endfacet
  facet normal 0 0 -1
    outer loop
      vertex -33.894 12.896 0
      vertex -31.729 16.374 0
      vertex -33.238 12.174 0
    endloop
  endfacet
  facet normal 0 0 -1
    outer loop
      vertex -34.748 13.42 0
      vertex -31.729 16.374 0
      vertex -33.894 12.896 0
    endloop
  endfacet
  facet normal 0 0 -1
    outer loop
      vertex -35.47 13.684 0
      vertex -31.729 16.374 0
      vertex -34.748 13.42 0
    endloop
  endfacet
  facet normal 0 0 -1
    outer loop
      vertex -38.094 16.374 0
      vertex -31.729 16.374 0
      vertex -35.47 13.684 0
    endloop
  endfacet
  facet normal 0 0 -1
    outer loop
      vertex -36.06 13.815 0
      vertex -35.47 13.684 0
      vertex -35.732 13.684 0
    endloop
  endfacet
  facet normal 0 0 -1
    outer loop
      vertex -38.094 16.374 0
      vertex -35.47 13.684 0
      vertex -36.06 13.815 0
    endloop
  endfacet
  facet normal 0 0 -1
    outer loop
      vertex -38.094 14.012 0
      vertex -36.06 13.815 0
      vertex -37.898 13.815 0
    endloop
  endfacet
  facet normal 0 0 -1
    outer loop
      vertex -36.06 13.815 0
      vertex -38.094 14.012 0
      vertex -38.094 16.374 0
    endloop
  endfacet
  facet normal 0 0 -1
    outer loop
      vertex -31.729 16.374 0
      vertex -38.094 16.374 0
      vertex -31.664 16.44 0
    endloop
  endfacet
  facet normal 0 0 -1
    outer loop
      vertex -38.16 16.44 0
      vertex -31.664 16.44 0
      vertex -38.094 16.374 0
    endloop
  endfacet
  facet normal 0 0 -1
    outer loop
      vertex -41.31 18.408 0
      vertex -31.664 16.44 0
      vertex -38.16 16.44 0
    endloop
  endfacet
  facet normal 0 0 -1
    outer loop
      vertex -41.31 18.408 0
      vertex -38.16 16.44 0
      vertex -41.31 16.44 0
    endloop
  endfacet
  facet normal 0 0 -1
    outer loop
      vertex -31.664 16.44 0
      vertex -41.31 18.408 0
      vertex -26.152 18.408 0
    endloop
  endfacet
  facet normal 0 0 -1
    outer loop
      vertex -41.376 16.374 0
      vertex -41.31 18.408 0
      vertex -41.31 16.44 0
    endloop
  endfacet
  facet normal -0 0 -1
    outer loop
      vertex -41.31 18.408 0
      vertex -41.376 16.374 0
      vertex -41.376 18.54 0
    endloop
  endfacet
  facet normal 0 0 -1
    outer loop
      vertex -16.11 15.259 0
      vertex -15.914 15.652 0
      vertex -15.914 15.521 0
    endloop
  endfacet
  facet normal 0 0 -1
    outer loop
      vertex -15.914 15.652 0
      vertex -16.11 15.259 0
      vertex -16.241 15.193 0
    endloop
  endfacet
  facet normal 0 0 -1
    outer loop
      vertex -15.914 15.652 0
      vertex -16.307 23.462 0
      vertex -15.914 30.943 0
    endloop
  endfacet
  facet normal 0 0 -1
    outer loop
      vertex -16.832 18.014 0
      vertex -15.914 15.652 0
      vertex -16.241 15.193 0
    endloop
  endfacet
  facet normal 0 0 -1
    outer loop
      vertex -18.736 25.955 0
      vertex -15.914 30.943 0
      vertex -16.307 23.462 0
    endloop
  endfacet
  facet normal 0 0 -1
    outer loop
      vertex -18.866 26.48 0
      vertex -15.914 30.943 0
      vertex -18.736 25.955 0
    endloop
  endfacet
  facet normal 0 0 -1
    outer loop
      vertex -18.736 25.955 0
      vertex -16.307 23.462 0
      vertex -17.094 23.79 0
    endloop
  endfacet
  facet normal 0 0 -1
    outer loop
      vertex -18.932 27.464 0
      vertex -15.914 30.943 0
      vertex -18.866 26.48 0
    endloop
  endfacet
  facet normal 0 0 -1
    outer loop
      vertex -18.08 24.643 0
      vertex -17.094 23.79 0
      vertex -17.488 24.052 0
    endloop
  endfacet
  facet normal 0 0 -1
    outer loop
      vertex -17.094 23.79 0
      vertex -18.08 24.643 0
      vertex -18.736 25.955 0
    endloop
  endfacet
  facet normal 0 -0 -1
    outer loop
      vertex -18.144 29.63 0
      vertex -15.914 30.943 0
      vertex -18.932 27.464 0
    endloop
  endfacet
  facet normal 0 0 -1
    outer loop
      vertex -18.736 25.955 0
      vertex -18.08 24.643 0
      vertex -18.408 25.102 0
    endloop
  endfacet
  facet normal 0 -0 -1
    outer loop
      vertex -16.569 30.812 0
      vertex -15.914 30.943 0
      vertex -17.292 30.418 0
    endloop
  endfacet
  facet normal 0 0 -1
    outer loop
      vertex -18.736 25.955 0
      vertex -18.408 25.102 0
      vertex -18.736 25.758 0
    endloop
  endfacet
  facet normal -0 0 -1
    outer loop
      vertex -15.914 30.943 0
      vertex -16.569 30.812 0
      vertex -16.176 30.943 0
    endloop
  endfacet
  facet normal 0 0 -1
    outer loop
      vertex -18.866 26.48 0
      vertex -18.736 25.955 0
      vertex -18.866 26.152 0
    endloop
  endfacet
  facet normal 0 0 -1
    outer loop
      vertex -15.914 30.943 0
      vertex -18.144 29.63 0
      vertex -17.292 30.418 0
    endloop
  endfacet
  facet normal 0 0 -1
    outer loop
      vertex -18.144 29.63 0
      vertex -18.932 27.464 0
      vertex -18.538 29.04 0
    endloop
  endfacet
  facet normal 0 0 -1
    outer loop
      vertex -18.932 27.464 0
      vertex -18.866 26.48 0
      vertex -18.932 26.546 0
    endloop
  endfacet
  facet normal 0 0 -1
    outer loop
      vertex -18.538 29.04 0
      vertex -18.932 27.464 0
      vertex -18.866 28.187 0
    endloop
  endfacet
  facet normal 0 -0 -1
    outer loop
      vertex -18.932 27.464 0
      vertex -18.932 26.546 0
      vertex -18.998 27.398 0
    endloop
  endfacet
  facet normal 0 0 -1
    outer loop
      vertex -15.914 15.652 0
      vertex -15.782 15.914 0
      vertex -15.782 15.784 0
    endloop
  endfacet
  facet normal -0 0 -1
    outer loop
      vertex -15.782 15.914 0
      vertex -15.914 15.652 0
      vertex -15.914 30.943 0
    endloop
  endfacet
  facet normal 0 0 -1
    outer loop
      vertex -15.782 15.914 0
      vertex -15.914 30.943 0
      vertex -15.848 31.008 0
    endloop
  endfacet
  facet normal 0 0 -1
    outer loop
      vertex -3.11699 25.234 0
      vertex -5.282 26.021 0
      vertex -5.21599 26.086 0
    endloop
  endfacet
  facet normal 0 0 -1
    outer loop
      vertex -4.29799 14.996 0
      vertex -5.349 25.298 0
      vertex -5.282 26.021 0
    endloop
  endfacet
  facet normal 0 0 -1
    outer loop
      vertex -4.29799 14.996 0
      vertex -5.61099 24.315 0
      vertex -5.349 25.298 0
    endloop
  endfacet
  facet normal 0 0 -1
    outer loop
      vertex -4.29799 14.996 0
      vertex -5.87399 23.659 0
      vertex -5.61099 24.315 0
    endloop
  endfacet
  facet normal 0 0 -1
    outer loop
      vertex -5.61099 24.315 0
      vertex -5.87399 23.659 0
      vertex -5.74199 24.118 0
    endloop
  endfacet
  facet normal 0 0 -1
    outer loop
      vertex -4.29799 14.996 0
      vertex -6.52899 22.412 0
      vertex -5.87399 23.659 0
    endloop
  endfacet
  facet normal 0 0 -1
    outer loop
      vertex -4.29799 14.996 0
      vertex -7.38199 21.296 0
      vertex -6.52899 22.412 0
    endloop
  endfacet
  facet normal 0 0 -1
    outer loop
      vertex -8.23599 12.83 0
      vertex -4.62599 14.734 0
      vertex -8.105 12.699 0
    endloop
  endfacet
  facet normal -0 0 -1
    outer loop
      vertex -4.62599 14.734 0
      vertex -8.23599 12.83 0
      vertex -8.23599 16.374 0
    endloop
  endfacet
  facet normal 0 0 -1
    outer loop
      vertex -4.29799 14.996 0
      vertex -8.23599 16.374 0
      vertex -7.38199 21.296 0
    endloop
  endfacet
  facet normal 0 0 -1
    outer loop
      vertex -8.62999 20.114 0
      vertex -8.23599 16.374 0
      vertex -8.30099 16.44 0
    endloop
  endfacet
  facet normal 0 0 -1
    outer loop
      vertex -8.23599 16.374 0
      vertex -8.62999 20.114 0
      vertex -7.38199 21.296 0
    endloop
  endfacet
  facet normal 0 0 -1
    outer loop
      vertex -8.30099 16.44 0
      vertex -10.138 19.13 0
      vertex -8.62999 20.114 0
    endloop
  endfacet
  facet normal 0 0 -1
    outer loop
      vertex -10.664 18.868 0
      vertex -10.138 19.13 0
      vertex -8.30099 16.44 0
    endloop
  endfacet
  facet normal -0 0 -1
    outer loop
      vertex -10.138 19.13 0
      vertex -10.664 18.868 0
      vertex -10.269 19.13 0
    endloop
  endfacet
  facet normal 0 0 -1
    outer loop
      vertex -11.452 16.44 0
      vertex -10.664 18.868 0
      vertex -8.30099 16.44 0
    endloop
  endfacet
  facet normal 0 0 -1
    outer loop
      vertex -11.648 18.474 0
      vertex -10.664 18.868 0
      vertex -11.452 16.44 0
    endloop
  endfacet
  facet normal 0 0 -1
    outer loop
      vertex -12.304 16.44 0
      vertex -11.452 16.44 0
      vertex -11.516 16.374 0
    endloop
  endfacet
  facet normal -0 0 -1
    outer loop
      vertex -10.664 18.868 0
      vertex -11.648 18.474 0
      vertex -10.794 18.868 0
    endloop
  endfacet
  facet normal 0 0 -1
    outer loop
      vertex -5.349 25.298 0
      vertex -5.61099 24.315 0
      vertex -5.61099 24.512 0
    endloop
  endfacet
  facet normal 0 0 -1
    outer loop
      vertex -12.502 18.212 0
      vertex -12.042 18.342 0
      vertex -12.304 16.44 0
    endloop
  endfacet
  facet normal -0 0 -1
    outer loop
      vertex -12.042 18.342 0
      vertex -12.502 18.212 0
      vertex -12.238 18.342 0
    endloop
  endfacet
  facet normal 0 0 -1
    outer loop
      vertex -13.092 18.08 0
      vertex -12.502 18.212 0
      vertex -12.304 16.44 0
    endloop
  endfacet
  facet normal -0 0 -1
    outer loop
      vertex -12.502 18.212 0
      vertex -13.092 18.08 0
      vertex -12.764 18.212 0
    endloop
  endfacet
  facet normal 0 0 -1
    outer loop
      vertex -13.88 17.949 0
      vertex -13.092 18.08 0
      vertex -12.304 16.44 0
    endloop
  endfacet
  facet normal 0 0 -1
    outer loop
      vertex -13.092 18.08 0
      vertex -13.88 17.949 0
      vertex -13.813 18.014 0
    endloop
  endfacet
  facet normal 0 0 -1
    outer loop
      vertex -15.454 16.44 0
      vertex -13.88 17.949 0
      vertex -12.304 16.44 0
    endloop
  endfacet
  facet normal -0 0 -1
    outer loop
      vertex -13.88 17.949 0
      vertex -14.732 17.884 0
      vertex -14.666 17.949 0
    endloop
  endfacet
  facet normal 0 0 -1
    outer loop
      vertex -14.601 19.786 0
      vertex -15.324 31.074 0
      vertex -15.126 31.008 0
    endloop
  endfacet
  facet normal 0 0 -1
    outer loop
      vertex -14.666 18.998 0
      vertex -15.388 31.008 0
      vertex -15.324 31.074 0
    endloop
  endfacet
  facet normal 0 0 -1
    outer loop
      vertex -13.88 17.949 0
      vertex -15.454 16.44 0
      vertex -14.732 17.884 0
    endloop
  endfacet
  facet normal 0 0 -1
    outer loop
      vertex -14.666 18.998 0
      vertex -15.454 16.44 0
      vertex -15.782 15.914 0
    endloop
  endfacet
  facet normal -0 0 -1
    outer loop
      vertex -14.666 18.998 0
      vertex -15.782 15.914 0
      vertex -15.848 31.008 0
    endloop
  endfacet
  facet normal 0 0 -1
    outer loop
      vertex -14.666 18.998 0
      vertex -15.848 31.008 0
      vertex -15.388 31.008 0
    endloop
  endfacet
  facet normal 0 0 -1
    outer loop
      vertex -14.666 18.998 0
      vertex -14.601 19.786 0
      vertex -14.601 19.065 0
    endloop
  endfacet
  facet normal 0 0 -1
    outer loop
      vertex -15.324 31.074 0
      vertex -14.601 19.786 0
      vertex -14.666 18.998 0
    endloop
  endfacet
  facet normal 0 0 -1
    outer loop
      vertex -15.454 16.44 0
      vertex -14.666 18.998 0
      vertex -14.732 17.884 0
    endloop
  endfacet
  facet normal 0 0 -1
    outer loop
      vertex -14.601 19.786 0
      vertex -15.126 31.008 0
      vertex -14.601 31.008 0
    endloop
  endfacet
  facet normal 0 0 -1
    outer loop
      vertex -14.601 19.786 0
      vertex -14.535 20.574 0
      vertex -14.535 19.852 0
    endloop
  endfacet
  facet normal 0 0 -1
    outer loop
      vertex -14.601 31.008 0
      vertex -14.535 20.574 0
      vertex -14.601 19.786 0
    endloop
  endfacet
  facet normal 0 0 -1
    outer loop
      vertex -14.535 20.574 0
      vertex -14.601 31.008 0
      vertex -14.535 30.943 0
    endloop
  endfacet
  facet normal 0 0 -1
    outer loop
      vertex -16.307 23.462 0
      vertex -16.374 23.002 0
      vertex -16.374 23.396 0
    endloop
  endfacet
  facet normal 0 0 -1
    outer loop
      vertex -16.374 23.002 0
      vertex -16.438 22.214 0
      vertex -16.438 22.937 0
    endloop
  endfacet
  facet normal 0 0 -1
    outer loop
      vertex -16.438 22.214 0
      vertex -16.504 21.426 0
      vertex -16.504 22.148 0
    endloop
  endfacet
  facet normal 0 0 -1
    outer loop
      vertex -16.504 21.426 0
      vertex -16.569 20.64 0
      vertex -16.569 21.362 0
    endloop
  endfacet
  facet normal 0 0 -1
    outer loop
      vertex -16.569 20.64 0
      vertex -16.636 19.918 0
      vertex -16.636 20.574 0
    endloop
  endfacet
  facet normal 0 0 -1
    outer loop
      vertex -16.636 19.918 0
      vertex -16.702 19.13 0
      vertex -16.702 19.852 0
    endloop
  endfacet
  facet normal 0 0 -1
    outer loop
      vertex -16.636 -9.745 0
      vertex -17.03 -10.794 0
      vertex -17.03 -10.599 0
    endloop
  endfacet
  facet normal 0 0 -1
    outer loop
      vertex -17.03 -10.794 0
      vertex -17.16 -11.188 0
      vertex -17.16 -10.992 0
    endloop
  endfacet
  facet normal 0 0 -1
    outer loop
      vertex 2.92099 26.612 0
      vertex 3.05199 28.12 0
      vertex 3.05199 26.284 0
    endloop
  endfacet
  facet normal 0 0 -1
    outer loop
      vertex 3.05199 28.12 0
      vertex 2.92099 26.612 0
      vertex 2.92099 27.792 0
    endloop
  endfacet
  facet normal 0 0 -1
    outer loop
      vertex 6.59599 12.765 0
      vertex 6.66199 14.274 0
      vertex 6.66199 12.699 0
    endloop
  endfacet
  facet normal 0 0 -1
    outer loop
      vertex 6.59599 12.765 0
      vertex 6.59599 14.208 0
      vertex 6.66199 14.274 0
    endloop
  endfacet
  facet normal 0 0 -1
    outer loop
      vertex 6.59599 12.765 0
      vertex 2.855 14.208 0
      vertex 6.59599 14.208 0
    endloop
  endfacet
  facet normal 0 0 -1
    outer loop
      vertex 2.78999 12.765 0
      vertex 2.855 14.208 0
      vertex 6.59599 12.765 0
    endloop
  endfacet
  facet normal 0 0 -1
    outer loop
      vertex 2.659 12.896 0
      vertex 2.855 14.208 0
      vertex 2.78999 12.765 0
    endloop
  endfacet
  facet normal 0 0 -1
    outer loop
      vertex 2.855 14.208 0
      vertex 2.659 12.896 0
      vertex 2.659 14.077 0
    endloop
  endfacet
  facet normal 0 0 -1
    outer loop
      vertex 6.59599 10.534 0
      vertex 7.64499 9.35199 0
      vertex 6.59599 9.09 0
    endloop
  endfacet
  facet normal 0 0 -1
    outer loop
      vertex 7.64499 9.35199 0
      vertex 6.59599 10.534 0
      vertex 6.66199 10.599 0
    endloop
  endfacet
  facet normal 0 0 -1
    outer loop
      vertex 6.59599 9.09 0
      vertex 2.855 10.534 0
      vertex 6.59599 10.534 0
    endloop
  endfacet
  facet normal 0 0 -1
    outer loop
      vertex 2.78999 9.09 0
      vertex 2.855 10.534 0
      vertex 6.59599 9.09 0
    endloop
  endfacet
  facet normal 0 0 -1
    outer loop
      vertex 2.659 9.22099 0
      vertex 2.855 10.534 0
      vertex 2.78999 9.09 0
    endloop
  endfacet
  facet normal 0 0 -1
    outer loop
      vertex 2.855 10.534 0
      vertex 2.659 9.22099 0
      vertex 2.659 10.402 0
    endloop
  endfacet
  facet normal 0 0 -1
    outer loop
      vertex 6.334 2.002 0
      vertex 6.72699 1.87 0
      vertex 6.52899 1.87 0
    endloop
  endfacet
  facet normal 0 0 -1
    outer loop
      vertex 6.72699 1.87 0
      vertex 6.52899 6.79199 0
      vertex 6.66199 6.924 0
    endloop
  endfacet
  facet normal 0 0 -1
    outer loop
      vertex 6.72699 1.87 0
      vertex 6.334 2.002 0
      vertex 6.52899 6.79199 0
    endloop
  endfacet
  facet normal 0 0 -1
    outer loop
      vertex 5.41499 2.26399 0
      vertex 6.334 2.002 0
      vertex 5.67699 2.133 0
    endloop
  endfacet
  facet normal 0 0 -1
    outer loop
      vertex 6.334 2.002 0
      vertex 5.41499 2.26399 0
      vertex 6.52899 6.79199 0
    endloop
  endfacet
  facet normal 0 0 -1
    outer loop
      vertex 4.62599 2.39499 0
      vertex 6.52899 6.79199 0
      vertex 5.41499 2.26399 0
    endloop
  endfacet
  facet normal 0 0 -1
    outer loop
      vertex 4.299 2.52599 0
      vertex 6.52899 6.79199 0
      vertex 4.62599 2.39499 0
    endloop
  endfacet
  facet normal 0 0 -1
    outer loop
      vertex 3.97099 2.59299 0
      vertex 4.299 2.52599 0
      vertex 4.03699 2.52599 0
    endloop
  endfacet
  facet normal 0 0 -1
    outer loop
      vertex 4.299 2.52599 0
      vertex 3.97099 2.59299 0
      vertex 6.52899 6.79199 0
    endloop
  endfacet
  facet normal 0 0 -1
    outer loop
      vertex 3.642 2.659 0
      vertex 3.97099 2.59299 0
      vertex 3.709 2.59299 0
    endloop
  endfacet
  facet normal 0 0 -1
    outer loop
      vertex 3.97099 2.59299 0
      vertex 3.642 2.659 0
      vertex 6.52899 6.79199 0
    endloop
  endfacet
  facet normal 0 0 -1
    outer loop
      vertex 2.724 2.78999 0
      vertex 3.642 2.659 0
      vertex 2.78999 2.724 0
    endloop
  endfacet
  facet normal 0 0 -1
    outer loop
      vertex 3.642 2.659 0
      vertex 2.724 2.78999 0
      vertex 6.52899 6.79199 0
    endloop
  endfacet
  facet normal 0 0 -1
    outer loop
      vertex 1.017 2.92099 0
      vertex 2.724 2.78999 0
      vertex 1.084 2.855 0
    endloop
  endfacet
  facet normal 0 0 -1
    outer loop
      vertex -0.491989 6.79199 0
      vertex 2.724 2.78999 0
      vertex 1.017 2.92099 0
    endloop
  endfacet
  facet normal 0 0 -1
    outer loop
      vertex -0.491989 6.79199 0
      vertex 1.017 2.92099 0
      vertex -0.491989 2.92099 0
    endloop
  endfacet
  facet normal 0 0 -1
    outer loop
      vertex 2.724 2.78999 0
      vertex -0.491989 6.79199 0
      vertex 6.52899 6.79199 0
    endloop
  endfacet
  facet normal 0 0 -1
    outer loop
      vertex -2.06599 2.78999 0
      vertex -0.491989 2.92099 0
      vertex -0.556992 2.855 0
    endloop
  endfacet
  facet normal 0 0 -1
    outer loop
      vertex -0.491989 2.92099 0
      vertex -1.80399 6.79199 0
      vertex -0.491989 6.79199 0
    endloop
  endfacet
  facet normal 0 0 -1
    outer loop
      vertex -1.60799 6.924 0
      vertex -0.623993 16.374 0
      vertex -0.623993 6.85799 0
    endloop
  endfacet
  facet normal 0 0 -1
    outer loop
      vertex -0.491989 6.79199 0
      vertex -1.80399 6.79199 0
      vertex -0.623993 6.85799 0
    endloop
  endfacet
  facet normal -0 0 -1
    outer loop
      vertex -0.623993 16.374 0
      vertex -1.60799 6.924 0
      vertex -1.60799 16.44 0
    endloop
  endfacet
  facet normal -0 0 -1
    outer loop
      vertex -0.623993 6.85799 0
      vertex -1.80399 6.79199 0
      vertex -1.60799 6.924 0
    endloop
  endfacet
  facet normal -0 0 -1
    outer loop
      vertex -0.491989 2.92099 0
      vertex -2.06599 2.78999 0
      vertex -1.80399 6.79199 0
    endloop
  endfacet
  facet normal 0 0 -1
    outer loop
      vertex -2.91899 2.659 0
      vertex -2.06599 2.78999 0
      vertex -2.133 2.724 0
    endloop
  endfacet
  facet normal -0 0 -1
    outer loop
      vertex -2.06599 2.78999 0
      vertex -2.91899 2.659 0
      vertex -1.80399 6.79199 0
    endloop
  endfacet
  facet normal 0 0 -1
    outer loop
      vertex -4.758 6.79199 0
      vertex -2.91899 2.659 0
      vertex -3.31299 2.52599 0
    endloop
  endfacet
  facet normal 0 0 -1
    outer loop
      vertex -4.758 6.79199 0
      vertex -3.31299 2.52599 0
      vertex -3.90399 2.46199 0
    endloop
  endfacet
  facet normal 0 0 -1
    outer loop
      vertex -4.23299 2.39499 0
      vertex -3.90399 2.46199 0
      vertex -3.97099 2.39499 0
    endloop
  endfacet
  facet normal -0 0 -1
    outer loop
      vertex -3.90399 2.46199 0
      vertex -4.23299 2.39499 0
      vertex -4.758 6.79199 0
    endloop
  endfacet
  facet normal 0 0 -1
    outer loop
      vertex -2.91899 2.659 0
      vertex -4.758 6.79199 0
      vertex -1.80399 6.79199 0
    endloop
  endfacet
  facet normal 0 0 -1
    outer loop
      vertex -5.21599 2.133 0
      vertex -4.758 6.79199 0
      vertex -4.23299 2.39499 0
    endloop
  endfacet
  facet normal 0 0 -1
    outer loop
      vertex -5.21599 2.133 0
      vertex -4.23299 2.39499 0
      vertex -5.01999 2.133 0
    endloop
  endfacet
  facet normal -0 0 -1
    outer loop
      vertex -4.758 6.79199 0
      vertex -5.21599 2.133 0
      vertex -4.88899 6.85799 0
    endloop
  endfacet
  facet normal 0 0 -1
    outer loop
      vertex -5.67599 2.002 0
      vertex -4.88899 6.85799 0
      vertex -5.21599 2.133 0
    endloop
  endfacet
  facet normal 0 -0 -1
    outer loop
      vertex -5.08499 10.534 0
      vertex -4.88899 6.85799 0
      vertex -10.926 7.056 0
    endloop
  endfacet
  facet normal 0 0 -1
    outer loop
      vertex -5.67599 2.002 0
      vertex -5.21599 2.133 0
      vertex -5.48 2.002 0
    endloop
  endfacet
  facet normal 0 0 -1
    outer loop
      vertex -6.13599 1.87 0
      vertex -4.88899 6.85799 0
      vertex -5.67599 2.002 0
    endloop
  endfacet
  facet normal 0 0 -1
    outer loop
      vertex -6.13599 1.87 0
      vertex -5.67599 2.002 0
      vertex -5.93799 1.87 0
    endloop
  endfacet
  facet normal -0 0 -1
    outer loop
      vertex -4.88899 6.85799 0
      vertex -6.13599 1.87 0
      vertex -10.926 7.056 0
    endloop
  endfacet
  facet normal 0 0 -1
    outer loop
      vertex -10.926 7.056 0
      vertex -6.13599 1.87 0
      vertex -8.30099 1.084 0
    endloop
  endfacet
  facet normal 0 0 -1
    outer loop
      vertex -8.56299 0.951996 0
      vertex -8.30099 1.084 0
      vertex -8.43199 0.951996 0
    endloop
  endfacet
  facet normal 0 0 -1
    outer loop
      vertex -11.386 6.72699 0
      vertex -8.30099 1.084 0
      vertex -8.56299 0.951996 0
    endloop
  endfacet
  facet normal 0 0 -1
    outer loop
      vertex -11.386 6.72699 0
      vertex -8.56299 0.951996 0
      vertex -9.614 0.426987 0
    endloop
  endfacet
  facet normal 0 0 -1
    outer loop
      vertex -4.88899 6.85799 0
      vertex -5.08499 10.534 0
      vertex -4.88899 10.402 0
    endloop
  endfacet
  facet normal 0 0 -1
    outer loop
      vertex -11.386 6.72699 0
      vertex -9.614 0.426987 0
      vertex -11.124 -0.491989 0
    endloop
  endfacet
  facet normal 0 0 -1
    outer loop
      vertex -8.30099 1.084 0
      vertex -11.386 6.72699 0
      vertex -10.926 7.056 0
    endloop
  endfacet
  facet normal 0 0 -1
    outer loop
      vertex -11.124 -0.491989 0
      vertex -11.516 6.79199 0
      vertex -11.386 6.72699 0
    endloop
  endfacet
  facet normal 0 0 -1
    outer loop
      vertex -13.616 14.012 0
      vertex -11.516 16.374 0
      vertex -11.516 6.79199 0
    endloop
  endfacet
  facet normal 0 0 -1
    outer loop
      vertex -12.304 16.44 0
      vertex -11.516 16.374 0
      vertex -12.304 16.309 0
    endloop
  endfacet
  facet normal 0 0 -1
    outer loop
      vertex -11.452 16.44 0
      vertex -12.042 18.342 0
      vertex -11.648 18.474 0
    endloop
  endfacet
  facet normal -0 0 -1
    outer loop
      vertex -11.648 18.474 0
      vertex -12.042 18.342 0
      vertex -11.844 18.474 0
    endloop
  endfacet
  facet normal 0 0 -1
    outer loop
      vertex -17.882 6.79199 0
      vertex -11.516 6.79199 0
      vertex -11.124 -0.491989 0
    endloop
  endfacet
  facet normal 0 0 -1
    outer loop
      vertex -11.452 16.44 0
      vertex -12.304 16.44 0
      vertex -12.042 18.342 0
    endloop
  endfacet
  facet normal 0 0 -1
    outer loop
      vertex -11.516 16.374 0
      vertex -12.698 15.586 0
      vertex -12.304 16.309 0
    endloop
  endfacet
  facet normal 0 0 -1
    outer loop
      vertex -17.882 6.79199 0
      vertex -11.124 -0.491989 0
      vertex -12.83 -1.80399 0
    endloop
  endfacet
  facet normal 0 0 -1
    outer loop
      vertex -11.516 16.374 0
      vertex -13.616 14.012 0
      vertex -13.223 14.798 0
    endloop
  endfacet
  facet normal 0 0 -1
    outer loop
      vertex -11.516 16.374 0
      vertex -13.223 14.798 0
      vertex -12.698 15.586 0
    endloop
  endfacet
  facet normal 0 0 -1
    outer loop
      vertex -17.882 6.79199 0
      vertex -12.83 -1.80399 0
      vertex -13.748 -2.657 0
    endloop
  endfacet
  facet normal 0 0 -1
    outer loop
      vertex -11.516 6.79199 0
      vertex -14.273 12.896 0
      vertex -13.616 14.012 0
    endloop
  endfacet
  facet normal 0 0 -1
    outer loop
      vertex -13.616 14.012 0
      vertex -14.273 12.896 0
      vertex -14.142 13.224 0
    endloop
  endfacet
  facet normal 0 0 -1
    outer loop
      vertex -18.014 6.79199 0
      vertex -13.748 -2.657 0
      vertex -14.666 -3.642 0
    endloop
  endfacet
  facet normal 0 -0 -1
    outer loop
      vertex -14.798 12.108 0
      vertex -11.516 6.79199 0
      vertex -15.191 11.321 0
    endloop
  endfacet
  facet normal 0 0 -1
    outer loop
      vertex -11.516 6.79199 0
      vertex -14.798 12.108 0
      vertex -14.273 12.896 0
    endloop
  endfacet
  facet normal 0 0 -1
    outer loop
      vertex -16.636 -5.41299 0
      vertex -14.666 -3.642 0
      vertex -15.716 -5.01999 0
    endloop
  endfacet
  facet normal 0 -0 -1
    outer loop
      vertex -15.716 10.534 0
      vertex -11.516 6.79199 0
      vertex -15.848 10.204 0
    endloop
  endfacet
  facet normal 0 0 -1
    outer loop
      vertex -11.516 6.79199 0
      vertex -15.716 10.534 0
      vertex -15.191 11.321 0
    endloop
  endfacet
  facet normal 0 0 -1
    outer loop
      vertex -16.636 -5.41299 0
      vertex -15.716 -5.01999 0
      vertex -16.044 -5.349 0
    endloop
  endfacet
  facet normal 0 -0 -1
    outer loop
      vertex -16.374 9.418 0
      vertex -11.516 6.79199 0
      vertex -16.766 8.62999 0
    endloop
  endfacet
  facet normal 0 0 -1
    outer loop
      vertex -14.666 -3.642 0
      vertex -16.636 -5.41299 0
      vertex -17.094 -5.48 0
    endloop
  endfacet
  facet normal 0 0 -1
    outer loop
      vertex -17.094 -5.48 0
      vertex -16.636 -5.41299 0
      vertex -16.702 -5.48 0
    endloop
  endfacet
  facet normal 0 0 -1
    outer loop
      vertex -11.516 6.79199 0
      vertex -16.374 9.418 0
      vertex -15.848 10.204 0
    endloop
  endfacet
  facet normal 0 0 -1
    outer loop
      vertex -17.752 -5.61099 0
      vertex -14.666 -3.642 0
      vertex -17.094 -5.48 0
    endloop
  endfacet
  facet normal 0 0 -1
    outer loop
      vertex -17.752 -5.61099 0
      vertex -17.094 -5.48 0
      vertex -17.423 -5.61099 0
    endloop
  endfacet
  facet normal -0 0 -1
    outer loop
      vertex -14.666 -3.642 0
      vertex -17.752 -5.61099 0
      vertex -18.014 6.79199 0
    endloop
  endfacet
  facet normal 0 0 -1
    outer loop
      vertex -11.516 6.79199 0
      vertex -17.882 6.79199 0
      vertex -16.766 8.62999 0
    endloop
  endfacet
  facet normal 0 0 -1
    outer loop
      vertex -13.748 -2.657 0
      vertex -18.014 6.79199 0
      vertex -17.882 6.79199 0
    endloop
  endfacet
  facet normal 0 0 -1
    outer loop
      vertex -18.866 -5.87399 0
      vertex -17.752 -5.61099 0
      vertex -18.08 -5.74199 0
    endloop
  endfacet
  facet normal -0 0 -1
    outer loop
      vertex -17.752 -5.61099 0
      vertex -18.866 -5.87399 0
      vertex -18.014 6.79199 0
    endloop
  endfacet
  facet normal 0 0 -1
    outer loop
      vertex -19.786 -6.13599 0
      vertex -18.014 6.79199 0
      vertex -18.866 -5.87399 0
    endloop
  endfacet
  facet normal 0 0 -1
    outer loop
      vertex -19.786 -6.13599 0
      vertex -18.866 -5.87399 0
      vertex -19.13 -6.004 0
    endloop
  endfacet
  facet normal 0 0 -1
    outer loop
      vertex -20.966 -6.52899 0
      vertex -18.014 6.79199 0
      vertex -19.786 -6.13599 0
    endloop
  endfacet
  facet normal 0 0 -1
    outer loop
      vertex -21.952 -6.92299 0
      vertex -18.014 6.79199 0
      vertex -20.966 -6.52899 0
    endloop
  endfacet
  facet normal 0 0 -1
    outer loop
      vertex -23.066 -7.448 0
      vertex -18.014 6.79199 0
      vertex -21.952 -6.92299 0
    endloop
  endfacet
  facet normal -0 0 -1
    outer loop
      vertex -18.014 6.79199 0
      vertex -23.066 -7.448 0
      vertex -18.932 8.43399 0
    endloop
  endfacet
  facet normal 0 0 -1
    outer loop
      vertex -23.33 -7.57899 0
      vertex -18.932 8.43399 0
      vertex -23.066 -7.448 0
    endloop
  endfacet
  facet normal -0 0 -1
    outer loop
      vertex -18.932 8.43399 0
      vertex -23.33 -7.57899 0
      vertex -19.458 9.22099 0
    endloop
  endfacet
  facet normal 0 0 -1
    outer loop
      vertex -23.92 -7.974 0
      vertex -19.458 9.22099 0
      vertex -23.33 -7.57899 0
    endloop
  endfacet
  facet normal 0 0 -1
    outer loop
      vertex -19.458 9.22099 0
      vertex -20.114 10.336 0
      vertex -19.588 9.54799 0
    endloop
  endfacet
  facet normal 0 0 -1
    outer loop
      vertex -24.444 14.274 0
      vertex -19.458 9.22099 0
      vertex -23.92 -7.974 0
    endloop
  endfacet
  facet normal 0 0 -1
    outer loop
      vertex -21.952 -6.92299 0
      vertex -20.966 -6.52899 0
      vertex -21.819 -6.92299 0
    endloop
  endfacet
  facet normal 0 0 -1
    outer loop
      vertex -19.458 9.22099 0
      vertex -24.444 14.274 0
      vertex -20.114 10.336 0
    endloop
  endfacet
  facet normal 0 0 -1
    outer loop
      vertex -20.114 10.336 0
      vertex -21.032 11.912 0
      vertex -20.508 11.124 0
    endloop
  endfacet
  facet normal 0 0 -1
    outer loop
      vertex -20.114 10.336 0
      vertex -24.444 14.274 0
      vertex -21.032 11.912 0
    endloop
  endfacet
  facet normal 0 0 -1
    outer loop
      vertex -23.33 -7.57899 0
      vertex -23.066 -7.448 0
      vertex -23.198 -7.57899 0
    endloop
  endfacet
  facet normal 0 0 -1
    outer loop
      vertex -21.032 11.912 0
      vertex -21.688 13.027 0
      vertex -21.164 12.24 0
    endloop
  endfacet
  facet normal 0 0 -1
    outer loop
      vertex -21.032 11.912 0
      vertex -24.444 14.274 0
      vertex -21.688 13.027 0
    endloop
  endfacet
  facet normal 0 0 -1
    outer loop
      vertex -22.082 13.815 0
      vertex -24.444 14.274 0
      vertex -23.592 16.309 0
    endloop
  endfacet
  facet normal 0 0 -1
    outer loop
      vertex -21.688 13.027 0
      vertex -24.444 14.274 0
      vertex -22.082 13.815 0
    endloop
  endfacet
  facet normal -0 0 -1
    outer loop
      vertex 6.00499 30.943 0
      vertex 5.349 30.812 0
      vertex 5.74199 30.943 0
    endloop
  endfacet
  facet normal 0 0 -1
    outer loop
      vertex 4.758 23.79 0
      vertex 5.61099 23.462 0
      vertex 5.284 23.526 0
    endloop
  endfacet
  facet normal 0 0 -1
    outer loop
      vertex 4.23299 24.184 0
      vertex 5.61099 23.462 0
      vertex 4.758 23.79 0
    endloop
  endfacet
  facet normal 0 0 -1
    outer loop
      vertex 3.05199 26.284 0
      vertex 5.61099 23.462 0
      vertex 3.18399 25.824 0
    endloop
  endfacet
  facet normal 0 0 -1
    outer loop
      vertex 5.61099 23.462 0
      vertex 4.23299 24.184 0
      vertex 3.18399 25.824 0
    endloop
  endfacet
  facet normal 0 0 -1
    outer loop
      vertex 10.336 27.924 0
      vertex 3.05199 28.12 0
      vertex 6.00499 30.943 0
    endloop
  endfacet
  facet normal 0 0 -1
    outer loop
      vertex 3.18399 25.824 0
      vertex 4.23299 24.184 0
      vertex 3.642 24.84 0
    endloop
  endfacet
  facet normal 0 -0 -1
    outer loop
      vertex 4.49599 30.352 0
      vertex 6.00499 30.943 0
      vertex 3.05199 28.12 0
    endloop
  endfacet
  facet normal 0 0 -1
    outer loop
      vertex 3.18399 25.824 0
      vertex 3.642 24.84 0
      vertex 3.31499 25.364 0
    endloop
  endfacet
  facet normal 0 0 -1
    outer loop
      vertex 4.49599 30.352 0
      vertex 3.05199 28.12 0
      vertex 3.90599 29.827 0
    endloop
  endfacet
  facet normal 0 0 -1
    outer loop
      vertex 3.05199 26.284 0
      vertex 3.18399 25.824 0
      vertex 3.05199 26.021 0
    endloop
  endfacet
  facet normal 0 0 -1
    outer loop
      vertex 6.00499 30.943 0
      vertex 4.49599 30.352 0
      vertex 5.349 30.812 0
    endloop
  endfacet
  facet normal 0 0 -1
    outer loop
      vertex 3.90599 29.827 0
      vertex 3.05199 28.12 0
      vertex 3.37999 29.104 0
    endloop
  endfacet
  facet normal 0 0 -1
    outer loop
      vertex 3.37999 29.104 0
      vertex 3.05199 28.12 0
      vertex 3.05199 28.318 0
    endloop
  endfacet
  facet normal 0 0 -1
    outer loop
      vertex 7.58099 22.937 0
      vertex 5.48 23.002 0
      vertex 5.61099 23.462 0
    endloop
  endfacet
  facet normal 0 0 -1
    outer loop
      vertex 5.349 20.968 0
      vertex 5.284 20.312 0
      vertex 5.284 20.902 0
    endloop
  endfacet
  facet normal 0 0 -1
    outer loop
      vertex 5.284 20.312 0
      vertex 5.21799 19.656 0
      vertex 5.21799 20.246 0
    endloop
  endfacet
  facet normal 0 0 -1
    outer loop
      vertex 5.21799 19.656 0
      vertex 5.15099 18.934 0
      vertex 5.15099 19.59 0
    endloop
  endfacet
  facet normal 0 0 -1
    outer loop
      vertex 8.43399 -22.542 0
      vertex 8.03999 -22.082 0
      vertex 8.49799 -22.41 0
    endloop
  endfacet
  facet normal 0 0 -1
    outer loop
      vertex 7.252 -22.804 0
      vertex 8.03999 -22.082 0
      vertex 8.43399 -22.542 0
    endloop
  endfacet
  facet normal -0 0 -1
    outer loop
      vertex 8.03999 -22.082 0
      vertex 7.252 -22.804 0
      vertex 7.58099 -21.951 0
    endloop
  endfacet
  facet normal 0 0 -1
    outer loop
      vertex 7.252 -22.804 0
      vertex 6.793 -21.886 0
      vertex 7.58099 -21.951 0
    endloop
  endfacet
  facet normal 0 0 -1
    outer loop
      vertex 6.202 -23.198 0
      vertex 6.793 -21.82 0
      vertex 6.793 -21.886 0
    endloop
  endfacet
  facet normal 0 0 -1
    outer loop
      vertex 6.334 -23.198 0
      vertex 6.793 -21.886 0
      vertex 7.252 -22.804 0
    endloop
  endfacet
  facet normal 0 0 -1
    outer loop
      vertex 6.202 -23.198 0
      vertex 6.793 -21.886 0
      vertex 6.334 -23.198 0
    endloop
  endfacet
  facet normal 0 0 -1
    outer loop
      vertex 6.793 -21.82 0
      vertex 6.202 -23.198 0
      vertex 4.69299 -23.986 0
    endloop
  endfacet
  facet normal -0 0 -1
    outer loop
      vertex 6.793 -21.82 0
      vertex 4.69299 -23.986 0
      vertex 1.017 -19.982 0
    endloop
  endfacet
  facet normal 0 0 -1
    outer loop
      vertex 6.793 -21.82 0
      vertex 3.97099 -17.62 0
      vertex 6.59599 -15.388 0
    endloop
  endfacet
  facet normal 0 0 -1
    outer loop
      vertex 1.017 -19.982 0
      vertex 4.69299 -23.986 0
      vertex 3.77299 -24.642 0
    endloop
  endfacet
  facet normal 0 0 -1
    outer loop
      vertex -1.14799 -21.557 0
      vertex 3.77299 -24.642 0
      vertex 2.26399 -26.085 0
    endloop
  endfacet
  facet normal 0 0 -1
    outer loop
      vertex -1.14799 -21.557 0
      vertex 2.26399 -26.085 0
      vertex 1.937 -26.48 0
    endloop
  endfacet
  facet normal 0 0 -1
    outer loop
      vertex -2.91899 -22.739 0
      vertex 1.937 -26.48 0
      vertex 1.017 -27.858 0
    endloop
  endfacet
  facet normal 0 0 -1
    outer loop
      vertex 6.793 -21.82 0
      vertex 1.017 -19.982 0
      vertex 3.97099 -17.62 0
    endloop
  endfacet
  facet normal 0 0 -1
    outer loop
      vertex 3.77299 -24.642 0
      vertex 0.75499 -20.114 0
      vertex 1.017 -19.982 0
    endloop
  endfacet
  facet normal 0 0 -1
    outer loop
      vertex -4.56 -23.724 0
      vertex 1.017 -27.858 0
      vertex 0.491989 -28.908 0
    endloop
  endfacet
  facet normal 0 0 -1
    outer loop
      vertex -4.56 -23.724 0
      vertex 0.491989 -28.908 0
      vertex 0.426987 -29.171 0
    endloop
  endfacet
  facet normal 0 0 -1
    outer loop
      vertex -2.91899 -34.354 0
      vertex 0.426987 -29.171 0
      vertex -0.229996 -34.354 0
    endloop
  endfacet
  facet normal 0 0 -1
    outer loop
      vertex -2.91899 -34.354 0
      vertex -0.229996 -34.354 0
      vertex -0.293991 -34.421 0
    endloop
  endfacet
  facet normal 0 0 -1
    outer loop
      vertex 3.77299 -24.642 0
      vertex -1.14799 -21.557 0
      vertex 0.75499 -20.114 0
    endloop
  endfacet
  facet normal 0 0 -1
    outer loop
      vertex -3.37999 -34.224 0
      vertex 0.426987 -29.171 0
      vertex -2.91899 -34.354 0
    endloop
  endfacet
  facet normal 0 0 -1
    outer loop
      vertex 1.937 -26.48 0
      vertex -2.91899 -22.739 0
      vertex -1.14799 -21.557 0
    endloop
  endfacet
  facet normal 0 0 -1
    outer loop
      vertex -4.23299 -34.092 0
      vertex 0.426987 -29.171 0
      vertex -3.37999 -34.224 0
    endloop
  endfacet
  facet normal 0 0 -1
    outer loop
      vertex -4.23299 -34.092 0
      vertex -3.37999 -34.224 0
      vertex -3.838 -34.224 0
    endloop
  endfacet
  facet normal 0 0 -1
    outer loop
      vertex -4.823 -33.96 0
      vertex 0.426987 -29.171 0
      vertex -4.23299 -34.092 0
    endloop
  endfacet
  facet normal 0 0 -1
    outer loop
      vertex -4.823 -33.96 0
      vertex -4.23299 -34.092 0
      vertex -4.56 -34.092 0
    endloop
  endfacet
  facet normal 0 0 -1
    outer loop
      vertex 1.017 -27.858 0
      vertex -4.56 -23.724 0
      vertex -2.91899 -22.739 0
    endloop
  endfacet
  facet normal 0 0 -1
    outer loop
      vertex -5.349 -33.829 0
      vertex 0.426987 -29.171 0
      vertex -4.823 -33.96 0
    endloop
  endfacet
  facet normal 0 0 -1
    outer loop
      vertex -5.349 -33.829 0
      vertex -4.823 -33.96 0
      vertex -5.08499 -33.96 0
    endloop
  endfacet
  facet normal 0 0 -1
    outer loop
      vertex -5.80699 -33.698 0
      vertex 0.426987 -29.171 0
      vertex -5.349 -33.829 0
    endloop
  endfacet
  facet normal 0 0 -1
    outer loop
      vertex -5.80699 -33.698 0
      vertex -5.349 -33.829 0
      vertex -5.54399 -33.829 0
    endloop
  endfacet
  facet normal -0 0 -1
    outer loop
      vertex 0.426987 -29.171 0
      vertex -5.80699 -33.698 0
      vertex -6.72699 -24.838 0
    endloop
  endfacet
  facet normal 0 0 -1
    outer loop
      vertex -6.79099 -33.436 0
      vertex -5.80699 -33.698 0
      vertex -6.004 -33.698 0
    endloop
  endfacet
  facet normal 0 0 -1
    outer loop
      vertex 0.426987 -29.171 0
      vertex -6.72699 -24.838 0
      vertex -4.56 -23.724 0
    endloop
  endfacet
  facet normal 0 0 -1
    outer loop
      vertex -5.80699 -33.698 0
      vertex -6.79099 -33.436 0
      vertex -6.989 -24.97 0
    endloop
  endfacet
  facet normal 0 0 -1
    outer loop
      vertex -5.80699 -33.698 0
      vertex -6.989 -24.97 0
      vertex -6.72699 -24.838 0
    endloop
  endfacet
  facet normal -0 0 -1
    outer loop
      vertex -6.72699 -24.838 0
      vertex -6.989 -24.97 0
      vertex -6.85799 -24.838 0
    endloop
  endfacet
  facet normal 0 0 -1
    outer loop
      vertex -7.31599 -25.102 0
      vertex -6.989 -24.97 0
      vertex -6.79099 -33.436 0
    endloop
  endfacet
  facet normal -0 0 -1
    outer loop
      vertex -6.989 -24.97 0
      vertex -7.31599 -25.102 0
      vertex -7.12 -24.97 0
    endloop
  endfacet
  facet normal 0 0 -1
    outer loop
      vertex -7.57899 -25.232 0
      vertex -7.31599 -25.102 0
      vertex -6.79099 -33.436 0
    endloop
  endfacet
  facet normal -0 0 -1
    outer loop
      vertex -7.31599 -25.102 0
      vertex -7.57899 -25.232 0
      vertex -7.448 -25.102 0
    endloop
  endfacet
  facet normal 0 0 -1
    outer loop
      vertex -8.82599 -32.516 0
      vertex -7.57899 -25.232 0
      vertex -6.79099 -33.436 0
    endloop
  endfacet
  facet normal 0 0 -1
    outer loop
      vertex -8.892 -25.758 0
      vertex -7.57899 -25.232 0
      vertex -8.82599 -32.516 0
    endloop
  endfacet
  facet normal -0 0 -1
    outer loop
      vertex -7.57899 -25.232 0
      vertex -8.892 -25.758 0
      vertex -7.70999 -25.232 0
    endloop
  endfacet
  facet normal 0 0 -1
    outer loop
      vertex -10.532 -31.466 0
      vertex -8.892 -25.758 0
      vertex -8.82599 -32.516 0
    endloop
  endfacet
  facet normal -0 0 -1
    outer loop
      vertex -8.892 -25.758 0
      vertex -9.614 -26.02 0
      vertex -9.088 -25.758 0
    endloop
  endfacet
  facet normal 0 0 -1
    outer loop
      vertex -8.892 -25.758 0
      vertex -10.532 -31.466 0
      vertex -9.614 -26.02 0
    endloop
  endfacet
  facet normal 0 -0 -1
    outer loop
      vertex -10.466 -26.282 0
      vertex -9.614 -26.02 0
      vertex -10.532 -31.466 0
    endloop
  endfacet
  facet normal -0 0 -1
    outer loop
      vertex -9.614 -26.02 0
      vertex -10.466 -26.282 0
      vertex -9.81 -26.02 0
    endloop
  endfacet
  facet normal 0 0 -1
    outer loop
      vertex -12.238 -30.088 0
      vertex -10.466 -26.282 0
      vertex -10.532 -31.466 0
    endloop
  endfacet
  facet normal 0 -0 -1
    outer loop
      vertex -11.386 -26.544 0
      vertex -10.466 -26.282 0
      vertex -12.238 -30.088 0
    endloop
  endfacet
  facet normal -0 0 -1
    outer loop
      vertex -10.466 -26.282 0
      vertex -11.386 -26.544 0
      vertex -10.664 -26.282 0
    endloop
  endfacet
  facet normal 0 -0 -1
    outer loop
      vertex -11.91 -26.676 0
      vertex -11.386 -26.544 0
      vertex -12.238 -30.088 0
    endloop
  endfacet
  facet normal -0 0 -1
    outer loop
      vertex -11.386 -26.544 0
      vertex -11.91 -26.676 0
      vertex -11.648 -26.544 0
    endloop
  endfacet
  facet normal 0 0 -1
    outer loop
      vertex -12.502 -26.807 0
      vertex -11.91 -26.676 0
      vertex -12.238 -30.088 0
    endloop
  endfacet
  facet normal -0 0 -1
    outer loop
      vertex -11.91 -26.676 0
      vertex -12.502 -26.807 0
      vertex -12.173 -26.676 0
    endloop
  endfacet
  facet normal 0 0 -1
    outer loop
      vertex -13.88 -28.382 0
      vertex -12.502 -26.807 0
      vertex -12.238 -30.088 0
    endloop
  endfacet
  facet normal 0 -0 -1
    outer loop
      vertex -13.157 -26.938 0
      vertex -12.502 -26.807 0
      vertex -13.88 -28.382 0
    endloop
  endfacet
  facet normal -0 0 -1
    outer loop
      vertex -12.502 -26.807 0
      vertex -13.157 -26.938 0
      vertex -12.83 -26.807 0
    endloop
  endfacet
  facet normal -0 0 -1
    outer loop
      vertex -13.157 -26.938 0
      vertex -13.88 -28.382 0
      vertex -13.551 -26.938 0
    endloop
  endfacet
  facet normal 0 0 -1
    outer loop
      vertex -13.88 -28.382 0
      vertex -13.944 -27.07 0
      vertex -13.551 -26.938 0
    endloop
  endfacet
  facet normal 0 0 -1
    outer loop
      vertex -14.601 -27.463 0
      vertex -13.944 -27.07 0
      vertex -13.88 -28.382 0
    endloop
  endfacet
  facet normal -0 0 -1
    outer loop
      vertex -13.944 -27.07 0
      vertex -14.601 -27.463 0
      vertex -14.47 -27.07 0
    endloop
  endfacet
  facet normal 0 0 -1
    outer loop
      vertex -14.47 -27.07 0
      vertex -14.601 -27.463 0
      vertex -14.666 -27.201 0
    endloop
  endfacet
  facet normal 0 0 -1
    outer loop
      vertex -19.26 -13.682 0
      vertex -19.194 -13.157 0
      vertex -19.194 -13.617 0
    endloop
  endfacet
  facet normal 0 0 -1
    outer loop
      vertex -20.31 -12.764 0
      vertex -19.194 -13.157 0
      vertex -19.26 -13.682 0
    endloop
  endfacet
  facet normal 0 0 -1
    outer loop
      vertex -20.31 -12.764 0
      vertex -19.26 -13.682 0
      vertex -19.326 -14.338 0
    endloop
  endfacet
  facet normal 0 0 -1
    outer loop
      vertex -21.886 -13.682 0
      vertex -19.326 -14.338 0
      vertex -19.458 -16.438 0
    endloop
  endfacet
  facet normal 0 0 -1
    outer loop
      vertex -21.032 -21.098 0
      vertex -19.326 -19.392 0
      vertex -20.441 -21.23 0
    endloop
  endfacet
  facet normal 0 0 -1
    outer loop
      vertex -22.476 -20.441 0
      vertex -19.326 -19.392 0
      vertex -21.032 -21.098 0
    endloop
  endfacet
  facet normal 0 0 -1
    outer loop
      vertex -20.441 -21.23 0
      vertex -19.916 -21.36 0
      vertex -20.179 -21.36 0
    endloop
  endfacet
  facet normal 0 0 -1
    outer loop
      vertex -19.194 -13.157 0
      vertex -20.31 -12.764 0
      vertex -20.179 -12.632 0
    endloop
  endfacet
  facet normal 0 0 -1
    outer loop
      vertex -19.194 -13.157 0
      vertex -20.179 -12.632 0
      vertex -19.194 -12.173 0
    endloop
  endfacet
  facet normal -0 0 -1
    outer loop
      vertex -19.326 -19.392 0
      vertex -22.476 -20.441 0
      vertex -19.458 -18.014 0
    endloop
  endfacet
  facet normal 0 -0 -1
    outer loop
      vertex -20.441 -12.764 0
      vertex -19.326 -14.338 0
      vertex -21.886 -13.682 0
    endloop
  endfacet
  facet normal 0 0 -1
    outer loop
      vertex -22.935 -20.114 0
      vertex -19.458 -18.014 0
      vertex -22.476 -20.441 0
    endloop
  endfacet
  facet normal 0 0 -1
    outer loop
      vertex -19.326 -14.338 0
      vertex -20.441 -12.764 0
      vertex -20.31 -12.764 0
    endloop
  endfacet
  facet normal 0 0 -1
    outer loop
      vertex -23.723 -19.326 0
      vertex -19.458 -18.014 0
      vertex -22.935 -20.114 0
    endloop
  endfacet
  facet normal 0 0 -1
    outer loop
      vertex -24.051 -18.867 0
      vertex -19.458 -18.014 0
      vertex -23.723 -19.326 0
    endloop
  endfacet
  facet normal 0 0 -1
    outer loop
      vertex -19.458 -16.438 0
      vertex -23.002 -14.602 0
      vertex -21.886 -13.682 0
    endloop
  endfacet
  facet normal 0 0 -1
    outer loop
      vertex -24.444 -17.752 0
      vertex -19.458 -18.014 0
      vertex -24.051 -18.867 0
    endloop
  endfacet
  facet normal 0 0 -1
    outer loop
      vertex -19.458 -16.438 0
      vertex -23.723 -15.388 0
      vertex -23.002 -14.602 0
    endloop
  endfacet
  facet normal 0 -0 -1
    outer loop
      vertex -24.38 -16.504 0
      vertex -19.458 -18.014 0
      vertex -24.444 -17.752 0
    endloop
  endfacet
  facet normal 0 0 -1
    outer loop
      vertex -24.444 -17.752 0
      vertex -24.051 -18.867 0
      vertex -24.38 -18.21 0
    endloop
  endfacet
  facet normal 0 0 -1
    outer loop
      vertex -19.458 -18.014 0
      vertex -24.38 -16.504 0
      vertex -19.458 -16.438 0
    endloop
  endfacet
  facet normal -0 0 -1
    outer loop
      vertex -19.458 -16.438 0
      vertex -24.38 -16.504 0
      vertex -23.723 -15.388 0
    endloop
  endfacet
  facet normal 0 0 -1
    outer loop
      vertex -24.51 -16.898 0
      vertex -24.444 -17.752 0
      vertex -24.51 -17.685 0
    endloop
  endfacet
  facet normal 0 0 -1
    outer loop
      vertex -24.444 -17.752 0
      vertex -24.51 -16.898 0
      vertex -24.38 -16.504 0
    endloop
  endfacet
  facet normal 0 0 -1
    outer loop
      vertex -19.194 -12.173 0
      vertex -18.998 -12.435 0
      vertex -19.063 -12.502 0
    endloop
  endfacet
  facet normal 0 0 -1
    outer loop
      vertex -19.194 -13.157 0
      vertex -19.063 -12.502 0
      vertex -19.13 -13.091 0
    endloop
  endfacet
  facet normal 0 0 -1
    outer loop
      vertex -18.998 -12.435 0
      vertex -19.194 -12.173 0
      vertex -18.998 -12.239 0
    endloop
  endfacet
  facet normal 0 0 -1
    outer loop
      vertex -19.194 -12.173 0
      vertex -19.063 -12.502 0
      vertex -19.194 -13.157 0
    endloop
  endfacet
  facet normal 0 0 -1
    outer loop
      vertex -24.642 30.484 0
      vertex -26.544 31.534 0
      vertex -26.479 31.598 0
    endloop
  endfacet
  facet normal 0 -0 -1
    outer loop
      vertex -25.101 25.693 0
      vertex -24.904 24.84 0
      vertex -29.366 25.037 0
    endloop
  endfacet
  facet normal 0 0 -1
    outer loop
      vertex -27.923 22.214 0
      vertex -27.792 21.952 0
      vertex -27.923 22.084 0
    endloop
  endfacet
  facet normal 0 0 -1
    outer loop
      vertex -24.904 24.84 0
      vertex -25.101 25.693 0
      vertex -24.97 25.364 0
    endloop
  endfacet
  facet normal 0 0 -1
    outer loop
      vertex -28.054 22.476 0
      vertex -27.923 22.214 0
      vertex -28.054 22.346 0
    endloop
  endfacet
  facet normal -0 0 -1
    outer loop
      vertex -25.101 25.693 0
      vertex -29.366 25.037 0
      vertex -25.166 26.152 0
    endloop
  endfacet
  facet normal 0 0 -1
    outer loop
      vertex -29.498 25.298 0
      vertex -25.166 26.152 0
      vertex -29.366 25.037 0
    endloop
  endfacet
  facet normal 0 0 -1
    outer loop
      vertex -29.63 25.562 0
      vertex -25.166 26.152 0
      vertex -29.498 25.298 0
    endloop
  endfacet
  facet normal -0 0 -1
    outer loop
      vertex -25.166 26.152 0
      vertex -29.63 25.562 0
      vertex -25.232 27.792 0
    endloop
  endfacet
  facet normal 0 0 -1
    outer loop
      vertex -29.76 25.693 0
      vertex -25.232 27.792 0
      vertex -29.63 25.562 0
    endloop
  endfacet
  facet normal 0 0 -1
    outer loop
      vertex -29.498 25.298 0
      vertex -29.366 25.037 0
      vertex -29.498 25.168 0
    endloop
  endfacet
  facet normal 0 -0 -1
    outer loop
      vertex -28.71 31.664 0
      vertex -25.232 27.792 0
      vertex -29.76 25.693 0
    endloop
  endfacet
  facet normal 0 0 -1
    outer loop
      vertex -29.63 25.562 0
      vertex -29.498 25.298 0
      vertex -29.63 25.43 0
    endloop
  endfacet
  facet normal 0 0 -1
    outer loop
      vertex -25.232 27.792 0
      vertex -28.71 31.664 0
      vertex -26.544 31.534 0
    endloop
  endfacet
  facet normal 0 0 -1
    outer loop
      vertex -29.76 31.73 0
      vertex -28.71 31.664 0
      vertex -29.76 25.693 0
    endloop
  endfacet
  facet normal 0 0 -1
    outer loop
      vertex -28.71 31.664 0
      vertex -29.76 31.73 0
      vertex -28.776 31.73 0
    endloop
  endfacet
  facet normal 0 0 -1
    outer loop
      vertex -30.548 31.796 0
      vertex -29.76 31.73 0
      vertex -29.76 25.693 0
    endloop
  endfacet
  facet normal 0 0 -1
    outer loop
      vertex -29.76 31.73 0
      vertex -30.548 31.796 0
      vertex -29.826 31.796 0
    endloop
  endfacet
  facet normal 0 0 -1
    outer loop
      vertex -31.664 31.862 0
      vertex -30.548 31.796 0
      vertex -29.76 25.693 0
    endloop
  endfacet
  facet normal 0 0 -1
    outer loop
      vertex -30.548 31.796 0
      vertex -31.664 31.862 0
      vertex -30.614 31.862 0
    endloop
  endfacet
  facet normal 0 0 -1
    outer loop
      vertex -32.844 31.796 0
      vertex -31.664 31.862 0
      vertex -29.76 25.693 0
    endloop
  endfacet
  facet normal 0 -0 -1
    outer loop
      vertex -32.386 31.926 0
      vertex -31.664 31.862 0
      vertex -32.844 31.796 0
    endloop
  endfacet
  facet normal 0 0 -1
    outer loop
      vertex -31.664 31.862 0
      vertex -32.386 31.926 0
      vertex -31.729 31.926 0
    endloop
  endfacet
  facet normal -0 0 -1
    outer loop
      vertex -32.386 31.926 0
      vertex -32.844 31.796 0
      vertex -32.451 31.992 0
    endloop
  endfacet
  facet normal -0 0 -1
    outer loop
      vertex -32.451 31.992 0
      vertex -32.844 31.796 0
      vertex -32.78 31.992 0
    endloop
  endfacet
  facet normal -0 0 -1
    outer loop
      vertex -25.166 27.858 0
      vertex -25.232 27.792 0
      vertex -25.166 28.384 0
    endloop
  endfacet
  facet normal -0 0 -1
    outer loop
      vertex -25.101 28.449 0
      vertex -25.166 28.384 0
      vertex -25.101 28.842 0
    endloop
  endfacet
  facet normal -0 0 -1
    outer loop
      vertex -14.47 20.64 0
      vertex -14.535 20.574 0
      vertex -14.47 21.296 0
    endloop
  endfacet
  facet normal -0 0 -1
    outer loop
      vertex -14.404 21.362 0
      vertex -14.47 21.296 0
      vertex -14.404 22.084 0
    endloop
  endfacet
  facet normal 0 0 -1
    outer loop
      vertex -14.404 22.084 0
      vertex -14.338 22.87 0
      vertex -14.338 22.148 0
    endloop
  endfacet
  facet normal -0 0 -1
    outer loop
      vertex -14.338 22.87 0
      vertex -14.404 22.084 0
      vertex -14.338 23.396 0
    endloop
  endfacet
  facet normal 0 0 -1
    outer loop
      vertex -14.338 22.87 0
      vertex -14.273 23.33 0
      vertex -14.273 22.937 0
    endloop
  endfacet
  facet normal -0 0 -1
    outer loop
      vertex -14.273 23.33 0
      vertex -14.338 22.87 0
      vertex -14.338 23.396 0
    endloop
  endfacet
  facet normal -0 0 -1
    outer loop
      vertex -11.516 26.284 0
      vertex -11.648 25.824 0
      vertex -11.516 26.546 0
    endloop
  endfacet
  facet normal 0 0 -1
    outer loop
      vertex -11.516 26.546 0
      vertex -11.452 27.726 0
      vertex -11.452 26.612 0
    endloop
  endfacet
  facet normal 0 0 -1
    outer loop
      vertex -12.173 24.84 0
      vertex -11.516 26.546 0
      vertex -11.648 25.824 0
    endloop
  endfacet
  facet normal 0 0 -1
    outer loop
      vertex -11.516 26.546 0
      vertex -11.714 28.646 0
      vertex -11.452 27.726 0
    endloop
  endfacet
  facet normal 0 0 -1
    outer loop
      vertex -14.338 23.396 0
      vertex -11.516 26.546 0
      vertex -12.173 24.84 0
    endloop
  endfacet
  facet normal 0 0 -1
    outer loop
      vertex -11.516 26.546 0
      vertex -14.535 30.943 0
      vertex -11.714 28.646 0
    endloop
  endfacet
  facet normal 0 0 -1
    outer loop
      vertex -11.714 28.646 0
      vertex -14.535 30.943 0
      vertex -12.238 29.565 0
    endloop
  endfacet
  facet normal 0 0 -1
    outer loop
      vertex -14.338 23.396 0
      vertex -12.173 24.84 0
      vertex -13.223 23.856 0
    endloop
  endfacet
  facet normal 0 0 -1
    outer loop
      vertex -14.338 23.396 0
      vertex -13.223 23.856 0
      vertex -13.88 23.526 0
    endloop
  endfacet
  facet normal 0 0 -1
    outer loop
      vertex -12.238 29.565 0
      vertex -14.535 30.943 0
      vertex -12.96 30.286 0
    endloop
  endfacet
  facet normal 0 0 -1
    outer loop
      vertex -12.96 30.286 0
      vertex -14.535 30.943 0
      vertex -13.88 30.812 0
    endloop
  endfacet
  facet normal -0 0 -1
    outer loop
      vertex -11.516 26.546 0
      vertex -14.338 23.396 0
      vertex -14.535 30.943 0
    endloop
  endfacet
  facet normal 0 0 -1
    outer loop
      vertex -14.47 21.296 0
      vertex -14.338 23.396 0
      vertex -14.404 22.084 0
    endloop
  endfacet
  facet normal -0 0 -1
    outer loop
      vertex -14.338 23.396 0
      vertex -14.47 21.296 0
      vertex -14.535 30.943 0
    endloop
  endfacet
  facet normal 0 0 -1
    outer loop
      vertex -14.535 30.943 0
      vertex -14.47 21.296 0
      vertex -14.535 20.574 0
    endloop
  endfacet
  facet normal 0 0 -1
    outer loop
      vertex -13.88 30.812 0
      vertex -14.535 30.943 0
      vertex -14.273 30.943 0
    endloop
  endfacet
  facet normal 0 0 -1
    outer loop
      vertex -23.92 -7.974 0
      vertex -28.448 6.85799 0
      vertex -24.444 14.274 0
    endloop
  endfacet
  facet normal 0 0 -1
    outer loop
      vertex -28.514 6.79199 0
      vertex -24.248 -8.105 0
      vertex -25.824 -9.22099 0
    endloop
  endfacet
  facet normal 0 0 -1
    outer loop
      vertex -31.598 6.79199 0
      vertex -25.824 -9.22099 0
      vertex -26.61 -9.87599 0
    endloop
  endfacet
  facet normal 0 0 -1
    outer loop
      vertex -35.864 6.924 0
      vertex -26.61 -9.87599 0
      vertex -27.857 -11.188 0
    endloop
  endfacet
  facet normal 0 0 -1
    outer loop
      vertex -24.444 14.274 0
      vertex -28.448 6.85799 0
      vertex -24.51 14.208 0
    endloop
  endfacet
  facet normal 0 0 -1
    outer loop
      vertex -28.448 14.077 0
      vertex -24.51 14.208 0
      vertex -28.448 6.85799 0
    endloop
  endfacet
  facet normal 0 0 -1
    outer loop
      vertex -37.963 6.79199 0
      vertex -27.857 -11.188 0
      vertex -28.514 -12.042 0
    endloop
  endfacet
  facet normal 0 0 -1
    outer loop
      vertex -23.92 -7.974 0
      vertex -28.514 6.79199 0
      vertex -28.448 6.85799 0
    endloop
  endfacet
  facet normal 0 0 -1
    outer loop
      vertex -37.963 6.79199 0
      vertex -28.514 -12.042 0
      vertex -29.038 -12.895 0
    endloop
  endfacet
  facet normal 0 0 -1
    outer loop
      vertex -41.244 6.79199 0
      vertex -29.038 -12.895 0
      vertex -29.694 -14.273 0
    endloop
  endfacet
  facet normal 0 0 -1
    outer loop
      vertex -41.244 6.79199 0
      vertex -29.694 -14.273 0
      vertex -30.088 -15.651 0
    endloop
  endfacet
  facet normal 0 0 -1
    outer loop
      vertex -41.376 6.85799 0
      vertex -30.088 -15.651 0
      vertex -30.154 -16.176 0
    endloop
  endfacet
  facet normal 0 0 -1
    outer loop
      vertex -25.824 -9.22099 0
      vertex -31.598 6.79199 0
      vertex -28.514 6.79199 0
    endloop
  endfacet
  facet normal 0 0 -1
    outer loop
      vertex -50 -36 0
      vertex -30.154 -16.176 0
      vertex -30.22 -17.554 0
    endloop
  endfacet
  facet normal -0 0 -1
    outer loop
      vertex -24.51 14.208 0
      vertex -28.448 14.077 0
      vertex -28.252 14.208 0
    endloop
  endfacet
  facet normal -0 0 -1
    outer loop
      vertex -3.24799 28.318 0
      vertex -3.31299 28.252 0
      vertex -3.24799 28.646 0
    endloop
  endfacet
  facet normal -0 0 -1
    outer loop
      vertex -3.18199 28.712 0
      vertex -3.24799 28.646 0
      vertex -3.18199 29.04 0
    endloop
  endfacet
  facet normal -0 0 -1
    outer loop
      vertex -3.05099 29.368 0
      vertex -3.18199 29.04 0
      vertex -3.05099 29.63 0
    endloop
  endfacet
  facet normal -0 0 -1
    outer loop
      vertex 7.31799 19.59 0
      vertex 7.252 19.524 0
      vertex 7.31799 20.246 0
    endloop
  endfacet
  facet normal -0 0 -1
    outer loop
      vertex 7.383 20.312 0
      vertex 7.31799 20.246 0
      vertex 7.383 20.902 0
    endloop
  endfacet
  facet normal -0 0 -1
    outer loop
      vertex 7.44899 20.968 0
      vertex 7.383 20.902 0
      vertex 7.44899 21.559 0
    endloop
  endfacet
  facet normal 0 0 -1
    outer loop
      vertex 7.58099 22.937 0
      vertex 7.64499 23.33 0
      vertex 7.64499 23.002 0
    endloop
  endfacet
  facet normal 0 0 -1
    outer loop
      vertex 7.58099 22.937 0
      vertex 7.58099 23.396 0
      vertex 7.64499 23.33 0
    endloop
  endfacet
  facet normal 0 0 -1
    outer loop
      vertex 7.44899 21.559 0
      vertex 7.58099 22.937 0
      vertex 7.51399 21.624 0
    endloop
  endfacet
  facet normal 0 0 -1
    outer loop
      vertex 10.401 26.874 0
      vertex 10.401 27.858 0
      vertex 10.468 26.94 0
    endloop
  endfacet
  facet normal 0 0 -1
    outer loop
      vertex 10.074 25.43 0
      vertex 10.401 26.874 0
      vertex 10.336 26.152 0
    endloop
  endfacet
  facet normal 0 0 -1
    outer loop
      vertex 10.401 26.874 0
      vertex 10.336 27.924 0
      vertex 10.401 27.858 0
    endloop
  endfacet
  facet normal 0 0 -1
    outer loop
      vertex 5.61099 23.462 0
      vertex 10.401 26.874 0
      vertex 9.549 24.643 0
    endloop
  endfacet
  facet normal 0 0 -1
    outer loop
      vertex 10.336 27.924 0
      vertex 10.206 28.58 0
      vertex 10.336 28.187 0
    endloop
  endfacet
  facet normal 0 0 -1
    outer loop
      vertex 10.401 26.874 0
      vertex 10.074 25.43 0
      vertex 9.549 24.643 0
    endloop
  endfacet
  facet normal 0 0 -1
    outer loop
      vertex 10.336 27.924 0
      vertex 9.681 29.498 0
      vertex 10.206 28.58 0
    endloop
  endfacet
  facet normal 0 0 -1
    outer loop
      vertex 3.05199 26.284 0
      vertex 10.401 26.874 0
      vertex 5.61099 23.462 0
    endloop
  endfacet
  facet normal 0 0 -1
    outer loop
      vertex 10.336 27.924 0
      vertex 6.00499 30.943 0
      vertex 9.681 29.498 0
    endloop
  endfacet
  facet normal 0 0 -1
    outer loop
      vertex 5.61099 23.462 0
      vertex 9.549 24.643 0
      vertex 9.09 24.184 0
    endloop
  endfacet
  facet normal 0 0 -1
    outer loop
      vertex 9.681 29.498 0
      vertex 6.00499 30.943 0
      vertex 9.418 29.827 0
    endloop
  endfacet
  facet normal 0 0 -1
    outer loop
      vertex 5.61099 23.462 0
      vertex 9.09 24.184 0
      vertex 8.30199 23.659 0
    endloop
  endfacet
  facet normal 0 0 -1
    outer loop
      vertex 9.418 29.827 0
      vertex 6.00499 30.943 0
      vertex 8.827 30.352 0
    endloop
  endfacet
  facet normal 0 0 -1
    outer loop
      vertex 5.61099 23.462 0
      vertex 8.30199 23.659 0
      vertex 7.58099 23.396 0
    endloop
  endfacet
  facet normal 0 0 -1
    outer loop
      vertex 7.58099 22.937 0
      vertex 7.44899 21.559 0
      vertex 5.48 22.346 0
    endloop
  endfacet
  facet normal 0 0 -1
    outer loop
      vertex 5.349 20.968 0
      vertex 7.44899 21.559 0
      vertex 7.383 20.902 0
    endloop
  endfacet
  facet normal 0 0 -1
    outer loop
      vertex 5.349 20.968 0
      vertex 7.383 20.902 0
      vertex 7.31799 20.246 0
    endloop
  endfacet
  facet normal 0 0 -1
    outer loop
      vertex 5.284 20.312 0
      vertex 7.31799 20.246 0
      vertex 7.252 19.524 0
    endloop
  endfacet
  facet normal 0 0 -1
    outer loop
      vertex 8.827 30.352 0
      vertex 6.52899 31.008 0
      vertex 8.30199 30.68 0
    endloop
  endfacet
  facet normal 0 0 -1
    outer loop
      vertex 5.48 23.002 0
      vertex 7.58099 22.937 0
      vertex 5.48 22.346 0
    endloop
  endfacet
  facet normal 0 0 -1
    outer loop
      vertex 7.187 18.868 0
      vertex 7.252 19.524 0
      vertex 7.252 18.934 0
    endloop
  endfacet
  facet normal -0 0 -1
    outer loop
      vertex 7.252 19.524 0
      vertex 7.187 18.868 0
      vertex 5.21799 19.656 0
    endloop
  endfacet
  facet normal 0 0 -1
    outer loop
      vertex 5.15099 18.934 0
      vertex 7.187 18.868 0
      vertex 7.12 17.884 0
    endloop
  endfacet
  facet normal 0 0 -1
    outer loop
      vertex 6.59599 9.09 0
      vertex 7.64499 9.35199 0
      vertex 6.66199 9.02399 0
    endloop
  endfacet
  facet normal 0 0 -1
    outer loop
      vertex 6.66199 6.924 0
      vertex 6.924 1.739 0
      vertex 6.72699 1.87 0
    endloop
  endfacet
  facet normal 0 0 -1
    outer loop
      vertex 6.66199 9.02399 0
      vertex 6.924 1.739 0
      vertex 6.66199 6.924 0
    endloop
  endfacet
  facet normal 0 0 -1
    outer loop
      vertex 6.66199 12.699 0
      vertex 7.64499 9.35199 0
      vertex 6.66199 10.599 0
    endloop
  endfacet
  facet normal 0 0 -1
    outer loop
      vertex 6.66199 14.274 0
      vertex 7.64499 9.35199 0
      vertex 6.66199 12.699 0
    endloop
  endfacet
  facet normal 0 0 -1
    outer loop
      vertex 7.64499 9.35199 0
      vertex 6.66199 14.274 0
      vertex 7.12 17.884 0
    endloop
  endfacet
  facet normal 0 0 -1
    outer loop
      vertex 6.66199 16.374 0
      vertex 7.12 17.884 0
      vertex 6.66199 14.274 0
    endloop
  endfacet
  facet normal 0 0 -1
    outer loop
      vertex 6.59599 16.44 0
      vertex 7.12 17.884 0
      vertex 6.66199 16.374 0
    endloop
  endfacet
  facet normal 0 0 -1
    outer loop
      vertex 5.01999 18.014 0
      vertex 7.12 17.884 0
      vertex 6.59599 16.44 0
    endloop
  endfacet
  facet normal -0 0 -1
    outer loop
      vertex 10.401 26.874 0
      vertex 3.05199 26.284 0
      vertex 10.336 27.924 0
    endloop
  endfacet
  facet normal 0 0 -1
    outer loop
      vertex 8.30199 30.68 0
      vertex 6.52899 31.008 0
      vertex 7.252 31.008 0
    endloop
  endfacet
  facet normal 0 0 -1
    outer loop
      vertex 7.252 31.008 0
      vertex 6.52899 31.008 0
      vertex 6.59599 31.074 0
    endloop
  endfacet
  facet normal 0 0 -1
    outer loop
      vertex 8.827 30.352 0
      vertex 6.00499 30.943 0
      vertex 6.52899 31.008 0
    endloop
  endfacet
  facet normal -0 0 -1
    outer loop
      vertex 6.52899 31.008 0
      vertex 6.00499 30.943 0
      vertex 6.071 31.008 0
    endloop
  endfacet
  facet normal 0 0 -1
    outer loop
      vertex 3.05199 28.12 0
      vertex 10.336 27.924 0
      vertex 3.05199 26.284 0
    endloop
  endfacet
  facet normal 0 0 -1
    outer loop
      vertex 7.58099 22.937 0
      vertex 5.61099 23.462 0
      vertex 7.58099 23.396 0
    endloop
  endfacet
  facet normal -0 0 -1
    outer loop
      vertex 7.44899 21.559 0
      vertex 5.349 20.968 0
      vertex 5.48 22.346 0
    endloop
  endfacet
  facet normal 0 0 -1
    outer loop
      vertex 5.48 22.346 0
      vertex 5.349 20.968 0
      vertex 5.41499 22.28 0
    endloop
  endfacet
  facet normal 0 0 -1
    outer loop
      vertex 7.31799 20.246 0
      vertex 5.284 20.312 0
      vertex 5.349 20.968 0
    endloop
  endfacet
  facet normal 0 0 -1
    outer loop
      vertex 7.252 19.524 0
      vertex 5.21799 19.656 0
      vertex 5.284 20.312 0
    endloop
  endfacet
  facet normal 0 0 -1
    outer loop
      vertex 7.187 18.868 0
      vertex 5.15099 18.934 0
      vertex 5.21799 19.656 0
    endloop
  endfacet
  facet normal 0 0 -1
    outer loop
      vertex 7.12 17.884 0
      vertex 5.01999 18.014 0
      vertex 5.15099 18.934 0
    endloop
  endfacet
  facet normal 0 0 -1
    outer loop
      vertex 5.15099 18.934 0
      vertex 5.01999 18.014 0
      vertex 5.08699 18.868 0
    endloop
  endfacet
  facet normal 0 0 -1
    outer loop
      vertex 4.49599 18.08 0
      vertex 5.01999 18.014 0
      vertex 6.59599 16.44 0
    endloop
  endfacet
  facet normal 0 0 -1
    outer loop
      vertex 5.01999 18.014 0
      vertex 4.49599 18.08 0
      vertex 4.88899 18.08 0
    endloop
  endfacet
  facet normal 0 0 -1
    outer loop
      vertex -0.556992 16.44 0
      vertex 4.49599 18.08 0
      vertex 6.59599 16.44 0
    endloop
  endfacet
  facet normal 0 0 -1
    outer loop
      vertex 4.49599 18.08 0
      vertex 3.51099 18.342 0
      vertex 3.709 18.342 0
    endloop
  endfacet
  facet normal -0 0 -1
    outer loop
      vertex 4.49599 18.08 0
      vertex -0.556992 16.44 0
      vertex 3.51099 18.342 0
    endloop
  endfacet
  facet normal 0 -0 -1
    outer loop
      vertex 2.133 18.868 0
      vertex 3.51099 18.342 0
      vertex -0.556992 16.44 0
    endloop
  endfacet
  facet normal 0 0 -1
    outer loop
      vertex 2.133 18.868 0
      vertex 1.87 18.998 0
      vertex 2.002 18.998 0
    endloop
  endfacet
  facet normal 0 0 -1
    outer loop
      vertex 3.51099 18.342 0
      vertex 2.133 18.868 0
      vertex 2.26399 18.868 0
    endloop
  endfacet
  facet normal 0 0 -1
    outer loop
      vertex 1.87 18.998 0
      vertex 1.084 19.458 0
      vertex 1.739 19.13 0
    endloop
  endfacet
  facet normal -0 0 -1
    outer loop
      vertex 2.133 18.868 0
      vertex -0.556992 16.44 0
      vertex 1.87 18.998 0
    endloop
  endfacet
  facet normal 0 0 -1
    outer loop
      vertex -0.556992 16.44 0
      vertex 1.084 19.458 0
      vertex 1.87 18.998 0
    endloop
  endfacet
  facet normal 0 0 -1
    outer loop
      vertex -0.556992 16.44 0
      vertex -0.162994 20.376 0
      vertex 1.084 19.458 0
    endloop
  endfacet
  facet normal 0 0 -1
    outer loop
      vertex -0.623993 16.374 0
      vertex -0.162994 20.376 0
      vertex -0.556992 16.44 0
    endloop
  endfacet
  facet normal -0 0 -1
    outer loop
      vertex -0.162994 20.376 0
      vertex -0.623993 16.374 0
      vertex -1.14799 21.362 0
    endloop
  endfacet
  facet normal 0 0 -1
    outer loop
      vertex -1.739 16.504 0
      vertex -0.623993 16.374 0
      vertex -1.60799 16.44 0
    endloop
  endfacet
  facet normal 0 0 -1
    outer loop
      vertex -0.623993 16.374 0
      vertex -1.739 16.504 0
      vertex -1.14799 21.362 0
    endloop
  endfacet
  facet normal 0 0 -1
    outer loop
      vertex -4.29799 14.996 0
      vertex -1.14799 21.362 0
      vertex -1.739 16.504 0
    endloop
  endfacet
  facet normal -0 0 -1
    outer loop
      vertex -1.14799 21.362 0
      vertex -4.29799 14.996 0
      vertex -2.133 22.74 0
    endloop
  endfacet
  facet normal 0 0 -1
    outer loop
      vertex -5.282 26.021 0
      vertex -2.133 22.74 0
      vertex -4.29799 14.996 0
    endloop
  endfacet
  facet normal 0 0 -1
    outer loop
      vertex -3.05099 24.906 0
      vertex -3.11699 25.234 0
      vertex -3.05099 25.168 0
    endloop
  endfacet
  facet normal 0 0 -1
    outer loop
      vertex -5.282 26.021 0
      vertex -2.78799 24.118 0
      vertex -2.133 22.74 0
    endloop
  endfacet
  facet normal 0 0 -1
    outer loop
      vertex -3.11699 25.234 0
      vertex -3.24799 25.89 0
      vertex -3.18199 25.824 0
    endloop
  endfacet
  facet normal 0 0 -1
    outer loop
      vertex -5.282 26.021 0
      vertex -3.05099 24.906 0
      vertex -2.78799 24.118 0
    endloop
  endfacet
  facet normal 0 0 -1
    outer loop
      vertex -3.24799 25.89 0
      vertex -3.31299 26.284 0
      vertex -3.24799 26.218 0
    endloop
  endfacet
  facet normal 0 0 -1
    outer loop
      vertex -3.11699 25.234 0
      vertex -5.21599 26.086 0
      vertex -3.24799 25.89 0
    endloop
  endfacet
  facet normal 0 0 -1
    outer loop
      vertex -3.24799 25.89 0
      vertex -5.21599 26.086 0
      vertex -3.31299 26.284 0
    endloop
  endfacet
  facet normal 0 0 -1
    outer loop
      vertex -5.282 26.021 0
      vertex -3.11699 25.234 0
      vertex -3.05099 24.906 0
    endloop
  endfacet
  facet normal 0 0 -1
    outer loop
      vertex 9.87599 9.15599 0
      vertex 10.534 9.15599 0
      vertex 10.468 9.09 0
    endloop
  endfacet
  facet normal 0 0 -1
    outer loop
      vertex 19.196 13.748 0
      vertex 13.815 16.374 0
      vertex 18.736 15.193 0
    endloop
  endfacet
  facet normal 0 0 -1
    outer loop
      vertex 18.736 15.193 0
      vertex 16.571 18.606 0
      vertex 16.636 18.736 0
    endloop
  endfacet
  facet normal 0 0 -1
    outer loop
      vertex 15.456 9.286 0
      vertex 16.571 9.418 0
      vertex 16.505 9.35199 0
    endloop
  endfacet
  facet normal 0 -0 -1
    outer loop
      vertex 16.505 18.606 0
      vertex 18.736 15.193 0
      vertex 13.815 16.374 0
    endloop
  endfacet
  facet normal 0 0 -1
    outer loop
      vertex 18.736 15.193 0
      vertex 16.505 18.606 0
      vertex 16.571 18.606 0
    endloop
  endfacet
  facet normal 0 0 -1
    outer loop
      vertex 13.486 20.312 0
      vertex 16.309 19.656 0
      vertex 16.309 19.13 0
    endloop
  endfacet
  facet normal 0 0 -1
    outer loop
      vertex 16.309 19.656 0
      vertex 16.177 24.052 0
      vertex 16.309 24.446 0
    endloop
  endfacet
  facet normal 0 0 -1
    outer loop
      vertex 13.748 16.44 0
      vertex 16.505 18.606 0
      vertex 13.815 16.374 0
    endloop
  endfacet
  facet normal 0 0 -1
    outer loop
      vertex 16.309 19.656 0
      vertex 16.046 23.724 0
      vertex 16.177 24.052 0
    endloop
  endfacet
  facet normal 0 0 -1
    outer loop
      vertex 16.309 19.656 0
      vertex 15.651 22.937 0
      vertex 16.046 23.724 0
    endloop
  endfacet
  facet normal -0 0 -1
    outer loop
      vertex 16.571 9.418 0
      vertex 15.456 9.286 0
      vertex 13.815 16.374 0
    endloop
  endfacet
  facet normal 0 0 -1
    outer loop
      vertex 14.34 9.15599 0
      vertex 15.456 9.286 0
      vertex 15.389 9.22099 0
    endloop
  endfacet
  facet normal -0 0 -1
    outer loop
      vertex 16.505 18.606 0
      vertex 13.748 16.44 0
      vertex 16.309 19.13 0
    endloop
  endfacet
  facet normal 0 0 -1
    outer loop
      vertex 16.309 19.656 0
      vertex 15.126 22.084 0
      vertex 15.651 22.937 0
    endloop
  endfacet
  facet normal 0 0 -1
    outer loop
      vertex 13.815 9.22099 0
      vertex 15.456 9.286 0
      vertex 14.34 9.15599 0
    endloop
  endfacet
  facet normal 0 0 -1
    outer loop
      vertex 13.946 9.09 0
      vertex 14.34 9.15599 0
      vertex 14.273 9.09 0
    endloop
  endfacet
  facet normal -0 0 -1
    outer loop
      vertex 14.34 9.15599 0
      vertex 13.946 9.09 0
      vertex 13.815 9.22099 0
    endloop
  endfacet
  facet normal -0 0 -1
    outer loop
      vertex 15.456 9.286 0
      vertex 13.815 9.22099 0
      vertex 13.815 16.374 0
    endloop
  endfacet
  facet normal 0 0 -1
    outer loop
      vertex 16.309 19.656 0
      vertex 14.668 21.492 0
      vertex 15.126 22.084 0
    endloop
  endfacet
  facet normal -0 0 -1
    outer loop
      vertex 16.309 19.13 0
      vertex 13.748 16.44 0
      vertex 13.486 20.312 0
    endloop
  endfacet
  facet normal 0 0 -1
    outer loop
      vertex 16.309 19.656 0
      vertex 13.486 20.312 0
      vertex 14.668 21.492 0
    endloop
  endfacet
  facet normal 0 0 -1
    outer loop
      vertex 13.748 16.44 0
      vertex 11.977 19.262 0
      vertex 13.486 20.312 0
    endloop
  endfacet
  facet normal 0 0 -1
    outer loop
      vertex 10.599 16.44 0
      vertex 11.977 19.262 0
      vertex 13.748 16.44 0
    endloop
  endfacet
  facet normal 0 0 -1
    outer loop
      vertex 10.599 16.44 0
      vertex 10.599 18.606 0
      vertex 11.977 19.262 0
    endloop
  endfacet
  facet normal 0 0 -1
    outer loop
      vertex 9.35199 18.212 0
      vertex 10.599 16.44 0
      vertex 10.534 16.374 0
    endloop
  endfacet
  facet normal 0 0 -1
    outer loop
      vertex 9.87599 9.15599 0
      vertex 10.468 9.09 0
      vertex 9.94299 9.09 0
    endloop
  endfacet
  facet normal 0 0 -1
    outer loop
      vertex 10.534 9.15599 0
      vertex 9.87599 9.15599 0
      vertex 10.534 16.374 0
    endloop
  endfacet
  facet normal 0 0 -1
    outer loop
      vertex 9.418 9.22099 0
      vertex 10.534 16.374 0
      vertex 9.87599 9.15599 0
    endloop
  endfacet
  facet normal 0 0 -1
    outer loop
      vertex 10.599 16.44 0
      vertex 9.812 18.342 0
      vertex 10.599 18.606 0
    endloop
  endfacet
  facet normal 0 0 -1
    outer loop
      vertex 10.599 16.44 0
      vertex 9.35199 18.212 0
      vertex 9.812 18.342 0
    endloop
  endfacet
  facet normal 0 0 -1
    outer loop
      vertex 9.418 9.22099 0
      vertex 9.87599 9.15599 0
      vertex 9.48399 9.15599 0
    endloop
  endfacet
  facet normal 0 0 -1
    outer loop
      vertex 8.368 9.35199 0
      vertex 10.534 16.374 0
      vertex 9.418 9.22099 0
    endloop
  endfacet
  facet normal -0 0 -1
    outer loop
      vertex 9.812 18.342 0
      vertex 9.35199 18.212 0
      vertex 9.614 18.342 0
    endloop
  endfacet
  facet normal 0 0 -1
    outer loop
      vertex 10.534 16.374 0
      vertex 8.76099 18.08 0
      vertex 9.35199 18.212 0
    endloop
  endfacet
  facet normal -0 0 -1
    outer loop
      vertex 9.35199 18.212 0
      vertex 8.76099 18.08 0
      vertex 9.09 18.212 0
    endloop
  endfacet
  facet normal 0 0 -1
    outer loop
      vertex 8.368 9.35199 0
      vertex 9.418 9.22099 0
      vertex 8.43399 9.286 0
    endloop
  endfacet
  facet normal 0 0 -1
    outer loop
      vertex 7.64499 9.35199 0
      vertex 10.534 16.374 0
      vertex 8.368 9.35199 0
    endloop
  endfacet
  facet normal 0 0 -1
    outer loop
      vertex 10.534 16.374 0
      vertex 7.974 17.949 0
      vertex 8.76099 18.08 0
    endloop
  endfacet
  facet normal 0 0 -1
    outer loop
      vertex 8.76099 18.08 0
      vertex 7.974 17.949 0
      vertex 8.03999 18.014 0
    endloop
  endfacet
  facet normal 0 0 -1
    outer loop
      vertex 7.12 17.884 0
      vertex 10.534 16.374 0
      vertex 7.64499 9.35199 0
    endloop
  endfacet
  facet normal -0 0 -1
    outer loop
      vertex 7.77599 6.79199 0
      vertex 6.924 1.739 0
      vertex 7.64499 6.924 0
    endloop
  endfacet
  facet normal 0 0 -1
    outer loop
      vertex 6.66199 9.02399 0
      vertex 7.64499 6.924 0
      vertex 6.924 1.739 0
    endloop
  endfacet
  facet normal 0 0 -1
    outer loop
      vertex 10.534 16.374 0
      vertex 7.12 17.884 0
      vertex 7.974 17.949 0
    endloop
  endfacet
  facet normal -0 0 -1
    outer loop
      vertex 7.974 17.949 0
      vertex 7.12 17.884 0
      vertex 7.187 17.949 0
    endloop
  endfacet
  facet normal 0 0 -1
    outer loop
      vertex 7.64499 6.924 0
      vertex 6.66199 9.02399 0
      vertex 7.64499 9.35199 0
    endloop
  endfacet
  facet normal 0 0 -1
    outer loop
      vertex 18.276 20.771 0
      vertex 16.636 26.48 0
      vertex 16.702 26.546 0
    endloop
  endfacet
  facet normal 0 0 -1
    outer loop
      vertex 16.309 24.446 0
      vertex 16.898 20.574 0
      vertex 16.571 20.246 0
    endloop
  endfacet
  facet normal 0 0 -1
    outer loop
      vertex 17.556 20.836 0
      vertex 16.571 25.496 0
      vertex 16.636 26.48 0
    endloop
  endfacet
  facet normal 0 0 -1
    outer loop
      vertex 17.556 20.836 0
      vertex 16.309 24.446 0
      vertex 16.571 25.496 0
    endloop
  endfacet
  facet normal 0 0 -1
    outer loop
      vertex 16.309 24.446 0
      vertex 16.571 20.246 0
      vertex 16.309 19.656 0
    endloop
  endfacet
  facet normal 0 0 -1
    outer loop
      vertex 16.571 25.496 0
      vertex 16.309 24.446 0
      vertex 16.505 25.43 0
    endloop
  endfacet
  facet normal 0 0 -1
    outer loop
      vertex 23.79 8.23599 0
      vertex 16.571 6.79199 0
      vertex 16.702 6.924 0
    endloop
  endfacet
  facet normal 0 0 -1
    outer loop
      vertex 16.768 -6.39799 0
      vertex 16.374 -5.349 0
      vertex 16.571 6.79199 0
    endloop
  endfacet
  facet normal 0 0 -1
    outer loop
      vertex 16.768 -6.39799 0
      vertex 16.309 -5.41299 0
      vertex 16.374 -5.349 0
    endloop
  endfacet
  facet normal 0 0 -1
    outer loop
      vertex 15.126 -5.48 0
      vertex 16.309 -5.41299 0
      vertex 16.702 -6.463 0
    endloop
  endfacet
  facet normal -0 0 -1
    outer loop
      vertex 16.309 -5.41299 0
      vertex 15.126 -5.48 0
      vertex 15.193 -5.41299 0
    endloop
  endfacet
  facet normal 0 0 -1
    outer loop
      vertex 14.537 -6.52899 0
      vertex 15.126 -5.48 0
      vertex 16.702 -6.463 0
    endloop
  endfacet
  facet normal 0 -0 -1
    outer loop
      vertex 14.602 -5.54399 0
      vertex 15.126 -5.48 0
      vertex 14.537 -6.52899 0
    endloop
  endfacet
  facet normal -0 0 -1
    outer loop
      vertex 15.126 -5.48 0
      vertex 14.602 -5.54399 0
      vertex 14.668 -5.48 0
    endloop
  endfacet
  facet normal 0 0 -1
    outer loop
      vertex 13.88 -5.61099 0
      vertex 14.537 -6.52899 0
      vertex 14.471 -6.59399 0
    endloop
  endfacet
  facet normal 0 0 -1
    outer loop
      vertex 14.537 -6.52899 0
      vertex 13.88 -5.61099 0
      vertex 14.602 -5.54399 0
    endloop
  endfacet
  facet normal -0 0 -1
    outer loop
      vertex 14.602 -5.54399 0
      vertex 13.88 -5.61099 0
      vertex 13.946 -5.54399 0
    endloop
  endfacet
  facet normal 0 0 -1
    outer loop
      vertex 13.552 -6.65999 0
      vertex 13.88 -5.61099 0
      vertex 14.471 -6.59399 0
    endloop
  endfacet
  facet normal 0 0 -1
    outer loop
      vertex 13.159 -5.67599 0
      vertex 13.552 -6.65999 0
      vertex 13.224 -6.79099 0
    endloop
  endfacet
  facet normal 0 0 -1
    outer loop
      vertex 13.552 -6.65999 0
      vertex 13.159 -5.67599 0
      vertex 13.88 -5.61099 0
    endloop
  endfacet
  facet normal 0 0 -1
    outer loop
      vertex 12.83 -5.80699 0
      vertex 13.224 -6.79099 0
      vertex 12.895 -6.79099 0
    endloop
  endfacet
  facet normal 0 0 -1
    outer loop
      vertex 13.224 -6.79099 0
      vertex 12.83 -5.80699 0
      vertex 13.159 -5.67599 0
    endloop
  endfacet
  facet normal 0 0 -1
    outer loop
      vertex 12.37 -5.80699 0
      vertex 12.895 -6.79099 0
      vertex 12.633 -6.92299 0
    endloop
  endfacet
  facet normal 0 0 -1
    outer loop
      vertex 12.37 -5.80699 0
      vertex 12.633 -6.92299 0
      vertex 12.37 -6.92299 0
    endloop
  endfacet
  facet normal 0 0 -1
    outer loop
      vertex 12.895 -6.79099 0
      vertex 12.37 -5.80699 0
      vertex 12.83 -5.80699 0
    endloop
  endfacet
  facet normal 0 0 -1
    outer loop
      vertex 11.648 -7.185 0
      vertex 12.37 -5.80699 0
      vertex 12.37 -6.92299 0
    endloop
  endfacet
  facet normal 0 0 -1
    outer loop
      vertex 11.452 -7.185 0
      vertex 12.37 -5.80699 0
      vertex 11.648 -7.185 0
    endloop
  endfacet
  facet normal 0 0 -1
    outer loop
      vertex 11.059 -7.31599 0
      vertex 11.452 -7.185 0
      vertex 11.255 -7.31599 0
    endloop
  endfacet
  facet normal 0 -0 -1
    outer loop
      vertex 11.19 -4.364 0
      vertex 11.452 -7.185 0
      vertex 11.059 -7.31599 0
    endloop
  endfacet
  facet normal 0 0 -1
    outer loop
      vertex 11.452 -7.185 0
      vertex 11.19 -4.364 0
      vertex 12.37 -5.80699 0
    endloop
  endfacet
  facet normal 0 0 -1
    outer loop
      vertex 10.336 -7.57899 0
      vertex 11.059 -7.31599 0
      vertex 10.862 -7.448 0
    endloop
  endfacet
  facet normal -0 0 -1
    outer loop
      vertex 11.059 -7.31599 0
      vertex 10.336 -7.57899 0
      vertex 11.19 -4.364 0
    endloop
  endfacet
  facet normal 0 0 -1
    outer loop
      vertex 9.681 -7.84099 0
      vertex 10.336 -7.57899 0
      vertex 10.008 -7.77599 0
    endloop
  endfacet
  facet normal -0 0 -1
    outer loop
      vertex 10.336 -7.57899 0
      vertex 9.681 -7.84099 0
      vertex 11.19 -4.364 0
    endloop
  endfacet
  facet normal -0 0 -1
    outer loop
      vertex 11.19 -4.364 0
      vertex 9.681 -7.84099 0
      vertex 9.87599 -3.05099 0
    endloop
  endfacet
  facet normal 0 0 -1
    outer loop
      vertex 7.77599 -8.75999 0
      vertex 9.87599 -3.05099 0
      vertex 9.681 -7.84099 0
    endloop
  endfacet
  facet normal -0 0 -1
    outer loop
      vertex 9.87599 -3.05099 0
      vertex 7.77599 -8.75999 0
      vertex 8.23599 -1.739 0
    endloop
  endfacet
  facet normal 0 0 -1
    outer loop
      vertex 7.51399 -8.892 0
      vertex 7.77599 -8.75999 0
      vertex 7.64499 -8.892 0
    endloop
  endfacet
  facet normal -0 0 -1
    outer loop
      vertex 7.77599 -8.75999 0
      vertex 7.51399 -8.892 0
      vertex 8.23599 -1.739 0
    endloop
  endfacet
  facet normal 0 0 -1
    outer loop
      vertex 5.74199 -9.94099 0
      vertex 7.51399 -8.892 0
      vertex 7.383 -9.02299 0
    endloop
  endfacet
  facet normal 0 0 -1
    outer loop
      vertex 7.51399 -8.892 0
      vertex 6.98999 -0.950989 0
      vertex 8.23599 -1.739 0
    endloop
  endfacet
  facet normal 0 0 -1
    outer loop
      vertex 5.61099 -0.293991 0
      vertex 7.51399 -8.892 0
      vertex 5.74199 -9.94099 0
    endloop
  endfacet
  facet normal 0 0 -1
    outer loop
      vertex 7.51399 -8.892 0
      vertex 5.61099 -0.293991 0
      vertex 6.98999 -0.950989 0
    endloop
  endfacet
  facet normal 0 0 -1
    outer loop
      vertex 6.98999 -0.950989 0
      vertex 5.61099 -0.293991 0
      vertex 5.74199 -0.293991 0
    endloop
  endfacet
  facet normal 0 0 -1
    outer loop
      vertex 5.74199 -9.94099 0
      vertex 4.49599 0.229996 0
      vertex 5.61099 -0.293991 0
    endloop
  endfacet
  facet normal 0 0 -1
    outer loop
      vertex 3.05199 0.623993 0
      vertex 5.74199 -9.94099 0
      vertex 3.97099 -11.124 0
    endloop
  endfacet
  facet normal 0 0 -1
    outer loop
      vertex 5.74199 -9.94099 0
      vertex 3.51099 0.491989 0
      vertex 4.49599 0.229996 0
    endloop
  endfacet
  facet normal 0 0 -1
    outer loop
      vertex 4.49599 0.229996 0
      vertex 3.51099 0.491989 0
      vertex 3.709 0.491989 0
    endloop
  endfacet
  facet normal 0 0 -1
    outer loop
      vertex 5.74199 -9.94099 0
      vertex 3.05199 0.623993 0
      vertex 3.51099 0.491989 0
    endloop
  endfacet
  facet normal 0 0 -1
    outer loop
      vertex 3.51099 0.491989 0
      vertex 3.05199 0.623993 0
      vertex 3.24799 0.623993 0
    endloop
  endfacet
  facet normal 0 0 -1
    outer loop
      vertex 2.52599 0.75499 0
      vertex 3.05199 0.623993 0
      vertex 3.97099 -11.124 0
    endloop
  endfacet
  facet normal 0 0 -1
    outer loop
      vertex 3.05199 0.623993 0
      vertex 2.52599 0.75499 0
      vertex 2.78999 0.75499 0
    endloop
  endfacet
  facet normal 0 0 -1
    outer loop
      vertex 1.87 0.885986 0
      vertex 2.52599 0.75499 0
      vertex 3.97099 -11.124 0
    endloop
  endfacet
  facet normal 0 0 -1
    outer loop
      vertex 2.52599 0.75499 0
      vertex 1.87 0.885986 0
      vertex 2.19899 0.885986 0
    endloop
  endfacet
  facet normal 0 0 -1
    outer loop
      vertex 0.623993 1.084 0
      vertex 1.87 0.885986 0
      vertex 3.97099 -11.124 0
    endloop
  endfacet
  facet normal 0 0 -1
    outer loop
      vertex 1.87 0.885986 0
      vertex 0.623993 1.084 0
      vertex 1.543 1.017 0
    endloop
  endfacet
  facet normal 0 0 -1
    outer loop
      vertex -1.80399 1.14799 0
      vertex 0.623993 1.084 0
      vertex 3.97099 -11.124 0
    endloop
  endfacet
  facet normal 0 0 -1
    outer loop
      vertex 0.623993 1.084 0
      vertex -1.80399 1.14799 0
      vertex 0.55899 1.14799 0
    endloop
  endfacet
  facet normal 0 0 -1
    outer loop
      vertex -4.823 0.75499 0
      vertex 3.97099 -11.124 0
      vertex -1.80399 -15.454 0
    endloop
  endfacet
  facet normal 0 0 -1
    outer loop
      vertex 0.55899 1.14799 0
      vertex -1.80399 1.14799 0
      vertex -1.739 1.215 0
    endloop
  endfacet
  facet normal 0 0 -1
    outer loop
      vertex 3.97099 -11.124 0
      vertex -2.91899 1.084 0
      vertex -1.80399 1.14799 0
    endloop
  endfacet
  facet normal -0 0 -1
    outer loop
      vertex -1.80399 1.14799 0
      vertex -2.91899 1.084 0
      vertex -2.855 1.14799 0
    endloop
  endfacet
  facet normal 0 0 -1
    outer loop
      vertex 3.97099 -11.124 0
      vertex -3.37999 1.017 0
      vertex -2.91899 1.084 0
    endloop
  endfacet
  facet normal -0 0 -1
    outer loop
      vertex -2.91899 1.084 0
      vertex -3.37999 1.017 0
      vertex -3.31299 1.084 0
    endloop
  endfacet
  facet normal 0 0 -1
    outer loop
      vertex 3.97099 -11.124 0
      vertex -4.16599 0.885986 0
      vertex -3.37999 1.017 0
    endloop
  endfacet
  facet normal -0 0 -1
    outer loop
      vertex -3.37999 1.017 0
      vertex -4.16599 0.885986 0
      vertex -3.77299 1.017 0
    endloop
  endfacet
  facet normal 0 0 -1
    outer loop
      vertex 3.97099 -11.124 0
      vertex -4.823 0.75499 0
      vertex -4.16599 0.885986 0
    endloop
  endfacet
  facet normal 0 0 -1
    outer loop
      vertex -13.616 -4.823 0
      vertex -1.80399 -15.454 0
      vertex -4.56 -17.358 0
    endloop
  endfacet
  facet normal -0 0 -1
    outer loop
      vertex -4.16599 0.885986 0
      vertex -4.823 0.75499 0
      vertex -4.495 0.885986 0
    endloop
  endfacet
  facet normal 0 0 -1
    outer loop
      vertex -1.80399 -15.454 0
      vertex -6.59399 0.229996 0
      vertex -4.823 0.75499 0
    endloop
  endfacet
  facet normal -0 0 -1
    outer loop
      vertex -4.823 0.75499 0
      vertex -6.59399 0.229996 0
      vertex -5.08499 0.75499 0
    endloop
  endfacet
  facet normal 0 0 -1
    outer loop
      vertex -16.636 -9.745 0
      vertex -4.56 -17.358 0
      vertex -7.31599 -18.998 0
    endloop
  endfacet
  facet normal 0 0 -1
    outer loop
      vertex -9.02299 -19.786 0
      vertex -7.31599 -18.998 0
      vertex -8.892 -19.786 0
    endloop
  endfacet
  facet normal 0 0 -1
    outer loop
      vertex -1.80399 -15.454 0
      vertex -8.95699 -0.950989 0
      vertex -6.59399 0.229996 0
    endloop
  endfacet
  facet normal 0 0 -1
    outer loop
      vertex -17.03 -10.794 0
      vertex -7.31599 -18.998 0
      vertex -9.02299 -19.786 0
    endloop
  endfacet
  facet normal 0 0 -1
    outer loop
      vertex -10.598 -20.441 0
      vertex -9.02299 -19.786 0
      vertex -9.48299 -20.048 0
    endloop
  endfacet
  facet normal 0 0 -1
    outer loop
      vertex -1.80399 -15.454 0
      vertex -10.204 -1.739 0
      vertex -8.95699 -0.950989 0
    endloop
  endfacet
  facet normal 0 0 -1
    outer loop
      vertex -17.03 -10.794 0
      vertex -9.02299 -19.786 0
      vertex -10.598 -20.441 0
    endloop
  endfacet
  facet normal 0 0 -1
    outer loop
      vertex -10.991 -20.573 0
      vertex -10.598 -20.441 0
      vertex -10.794 -20.573 0
    endloop
  endfacet
  facet normal 0 0 -1
    outer loop
      vertex -17.03 -10.794 0
      vertex -10.598 -20.441 0
      vertex -10.991 -20.573 0
    endloop
  endfacet
  facet normal 0 0 -1
    outer loop
      vertex -11.779 -20.835 0
      vertex -10.991 -20.573 0
      vertex -11.188 -20.704 0
    endloop
  endfacet
  facet normal 0 0 -1
    outer loop
      vertex -1.80399 -15.454 0
      vertex -11.714 -2.92 0
      vertex -10.204 -1.739 0
    endloop
  endfacet
  facet normal 0 0 -1
    outer loop
      vertex -17.03 -10.794 0
      vertex -10.991 -20.573 0
      vertex -11.779 -20.835 0
    endloop
  endfacet
  facet normal 0 0 -1
    outer loop
      vertex -12.173 -20.966 0
      vertex -11.779 -20.835 0
      vertex -11.976 -20.966 0
    endloop
  endfacet
  facet normal 0 0 -1
    outer loop
      vertex -17.03 -10.794 0
      vertex -11.779 -20.835 0
      vertex -12.173 -20.966 0
    endloop
  endfacet
  facet normal 0 0 -1
    outer loop
      vertex -12.698 -21.098 0
      vertex -12.173 -20.966 0
      vertex -12.435 -21.098 0
    endloop
  endfacet
  facet normal 0 0 -1
    outer loop
      vertex -17.03 -10.794 0
      vertex -12.173 -20.966 0
      vertex -12.698 -21.098 0
    endloop
  endfacet
  facet normal 0 0 -1
    outer loop
      vertex -13.813 -21.36 0
      vertex -12.698 -21.098 0
      vertex -12.96 -21.23 0
    endloop
  endfacet
  facet normal 0 0 -1
    outer loop
      vertex -1.80399 -15.454 0
      vertex -13.616 -4.823 0
      vertex -11.714 -2.92 0
    endloop
  endfacet
  facet normal 0 0 -1
    outer loop
      vertex -17.03 -10.794 0
      vertex -12.698 -21.098 0
      vertex -13.813 -21.36 0
    endloop
  endfacet
  facet normal 0 0 -1
    outer loop
      vertex -14.535 -21.492 0
      vertex -13.813 -21.36 0
      vertex -14.142 -21.492 0
    endloop
  endfacet
  facet normal 0 0 -1
    outer loop
      vertex -4.56 -17.358 0
      vertex -14.404 -5.80699 0
      vertex -13.616 -4.823 0
    endloop
  endfacet
  facet normal 0 0 -1
    outer loop
      vertex -17.03 -10.794 0
      vertex -13.813 -21.36 0
      vertex -14.535 -21.492 0
    endloop
  endfacet
  facet normal 0 0 -1
    outer loop
      vertex -15.586 -21.624 0
      vertex -14.535 -21.492 0
      vertex -14.994 -21.624 0
    endloop
  endfacet
  facet normal 0 0 -1
    outer loop
      vertex -4.56 -17.358 0
      vertex -15.191 -6.92299 0
      vertex -14.404 -5.80699 0
    endloop
  endfacet
  facet normal 0 0 -1
    outer loop
      vertex -17.03 -10.794 0
      vertex -14.535 -21.492 0
      vertex -15.586 -21.624 0
    endloop
  endfacet
  facet normal 0 0 -1
    outer loop
      vertex -16.438 -21.688 0
      vertex -15.586 -21.624 0
      vertex -15.651 -21.688 0
    endloop
  endfacet
  facet normal 0 0 -1
    outer loop
      vertex -4.56 -17.358 0
      vertex -15.782 -7.907 0
      vertex -15.191 -6.92299 0
    endloop
  endfacet
  facet normal 0 0 -1
    outer loop
      vertex -17.03 -10.794 0
      vertex -15.586 -21.624 0
      vertex -16.438 -21.688 0
    endloop
  endfacet
  facet normal 0 0 -1
    outer loop
      vertex -17.226 -21.754 0
      vertex -16.438 -21.688 0
      vertex -16.504 -21.754 0
    endloop
  endfacet
  facet normal 0 0 -1
    outer loop
      vertex -4.56 -17.358 0
      vertex -16.636 -9.745 0
      vertex -15.782 -7.907 0
    endloop
  endfacet
  facet normal 0 0 -1
    outer loop
      vertex -15.782 -7.907 0
      vertex -16.636 -9.745 0
      vertex -16.636 -9.614 0
    endloop
  endfacet
  facet normal 0 0 -1
    outer loop
      vertex 18.08 19.59 0
      vertex 18.342 19.13 0
      vertex 18.08 19.458 0
    endloop
  endfacet
  facet normal 0 0 -1
    outer loop
      vertex 18.342 19.13 0
      vertex 18.08 19.59 0
      vertex 18.342 19.984 0
    endloop
  endfacet
  facet normal 0 0 -1
    outer loop
      vertex 21.952 17.226 0
      vertex 19.196 18.934 0
      vertex 19.261 19.458 0
    endloop
  endfacet
  facet normal 0 0 -1
    outer loop
      vertex 20.968 16.702 0
      vertex 18.868 18.342 0
      vertex 19.196 18.934 0
    endloop
  endfacet
  facet normal 0 0 -1
    outer loop
      vertex 18.54 18.08 0
      vertex 20.114 16.176 0
      vertex 18.736 15.456 0
    endloop
  endfacet
  facet normal 0 0 -1
    outer loop
      vertex 20.114 16.176 0
      vertex 18.54 18.08 0
      vertex 18.868 18.342 0
    endloop
  endfacet
  facet normal 0 0 -1
    outer loop
      vertex 31.796 16.242 0
      vertex 32.124 18.146 0
      vertex 32.124 17.03 0
    endloop
  endfacet
  facet normal 0 0 -1
    outer loop
      vertex 30.287 15.126 0
      vertex 32.124 18.146 0
      vertex 31.796 16.242 0
    endloop
  endfacet
  facet normal 0 0 -1
    outer loop
      vertex 30.287 15.126 0
      vertex 31.796 16.242 0
      vertex 31.14 15.521 0
    endloop
  endfacet
  facet normal -0 0 -1
    outer loop
      vertex 32.124 18.146 0
      vertex 30.287 15.126 0
      vertex 31.73 19.196 0
    endloop
  endfacet
  facet normal 0 0 -1
    outer loop
      vertex 30.287 15.126 0
      vertex 31.14 15.521 0
      vertex 30.746 15.259 0
    endloop
  endfacet
  facet normal 0 0 -1
    outer loop
      vertex 29.106 14.996 0
      vertex 31.73 19.196 0
      vertex 30.287 15.126 0
    endloop
  endfacet
  facet normal 0 0 -1
    outer loop
      vertex 27.136 16.046 0
      vertex 31.73 19.196 0
      vertex 29.106 14.996 0
    endloop
  endfacet
  facet normal 0 0 -1
    outer loop
      vertex 29.106 14.996 0
      vertex 30.287 15.126 0
      vertex 30.09 14.996 0
    endloop
  endfacet
  facet normal 0 0 -1
    outer loop
      vertex 29.106 14.996 0
      vertex 30.09 14.996 0
      vertex 29.171 14.93 0
    endloop
  endfacet
  facet normal 0 0 -1
    outer loop
      vertex 26.808 16.504 0
      vertex 31.73 19.196 0
      vertex 27.136 16.046 0
    endloop
  endfacet
  facet normal 0 0 -1
    outer loop
      vertex 28.317 15.126 0
      vertex 29.106 14.996 0
      vertex 28.712 14.996 0
    endloop
  endfacet
  facet normal 0 0 -1
    outer loop
      vertex 29.106 14.996 0
      vertex 28.317 15.126 0
      vertex 27.596 15.586 0
    endloop
  endfacet
  facet normal 0 0 -1
    outer loop
      vertex 27.136 16.046 0
      vertex 29.106 14.996 0
      vertex 27.596 15.586 0
    endloop
  endfacet
  facet normal -0 0 -1
    outer loop
      vertex 31.73 19.196 0
      vertex 26.808 16.504 0
      vertex 31.14 20.048 0
    endloop
  endfacet
  facet normal 0 0 -1
    outer loop
      vertex 26.48 17.162 0
      vertex 31.14 20.048 0
      vertex 26.808 16.504 0
    endloop
  endfacet
  facet normal 0 0 -1
    outer loop
      vertex 26.152 18.277 0
      vertex 31.14 20.048 0
      vertex 26.48 17.162 0
    endloop
  endfacet
  facet normal -0 0 -1
    outer loop
      vertex 31.14 20.048 0
      vertex 26.152 18.277 0
      vertex 30.484 20.836 0
    endloop
  endfacet
  facet normal 0 0 -1
    outer loop
      vertex 26.02 19.327 0
      vertex 30.484 20.836 0
      vertex 26.086 19.196 0
    endloop
  endfacet
  facet normal 0 0 -1
    outer loop
      vertex 30.484 20.836 0
      vertex 26.152 18.277 0
      vertex 26.086 19.196 0
    endloop
  endfacet
  facet normal -0 0 -1
    outer loop
      vertex 30.484 20.836 0
      vertex 26.02 19.327 0
      vertex 28.121 23.199 0
    endloop
  endfacet
  facet normal 0 0 -1
    outer loop
      vertex 25.89 19.327 0
      vertex 28.121 23.199 0
      vertex 26.02 19.327 0
    endloop
  endfacet
  facet normal -0 0 -1
    outer loop
      vertex 28.121 23.199 0
      vertex 25.89 19.327 0
      vertex 26.48 24.643 0
    endloop
  endfacet
  facet normal 0 0 -1
    outer loop
      vertex 25.365 19.065 0
      vertex 26.48 24.643 0
      vertex 25.89 19.327 0
    endloop
  endfacet
  facet normal 0 0 -1
    outer loop
      vertex 25.102 18.934 0
      vertex 25.365 19.065 0
      vertex 25.234 18.934 0
    endloop
  endfacet
  facet normal -0 0 -1
    outer loop
      vertex 25.365 19.065 0
      vertex 25.102 18.934 0
      vertex 26.48 24.643 0
    endloop
  endfacet
  facet normal 0 0 -1
    outer loop
      vertex 24.38 18.54 0
      vertex 25.102 18.934 0
      vertex 24.511 18.54 0
    endloop
  endfacet
  facet normal 0 0 -1
    outer loop
      vertex 24.052 26.612 0
      vertex 25.102 18.934 0
      vertex 24.38 18.54 0
    endloop
  endfacet
  facet normal 0 0 -1
    outer loop
      vertex 25.102 18.934 0
      vertex 24.052 26.612 0
      vertex 26.48 24.643 0
    endloop
  endfacet
  facet normal 0 0 -1
    outer loop
      vertex 23.396 18.014 0
      vertex 24.38 18.54 0
      vertex 23.526 18.014 0
    endloop
  endfacet
  facet normal 0 0 -1
    outer loop
      vertex 19.065 20.114 0
      vertex 24.38 18.54 0
      vertex 23.396 18.014 0
    endloop
  endfacet
  facet normal 0 0 -1
    outer loop
      vertex 19.261 19.458 0
      vertex 23.396 18.014 0
      vertex 22.543 17.49 0
    endloop
  endfacet
  facet normal 0 0 -1
    outer loop
      vertex 19.261 19.458 0
      vertex 22.543 17.49 0
      vertex 21.952 17.226 0
    endloop
  endfacet
  facet normal 0 0 -1
    outer loop
      vertex 24.38 18.54 0
      vertex 19.065 20.114 0
      vertex 24.052 26.612 0
    endloop
  endfacet
  facet normal 0 0 -1
    outer loop
      vertex 21.23 16.834 0
      vertex 21.952 17.226 0
      vertex 21.821 17.096 0
    endloop
  endfacet
  facet normal 0 0 -1
    outer loop
      vertex 19.196 18.934 0
      vertex 21.952 17.226 0
      vertex 21.23 16.834 0
    endloop
  endfacet
  facet normal 0 0 -1
    outer loop
      vertex 20.968 16.702 0
      vertex 21.23 16.834 0
      vertex 21.098 16.702 0
    endloop
  endfacet
  facet normal 0 0 -1
    outer loop
      vertex 19.196 18.934 0
      vertex 21.23 16.834 0
      vertex 20.968 16.702 0
    endloop
  endfacet
  facet normal 0 0 -1
    outer loop
      vertex 18.868 18.342 0
      vertex 20.968 16.702 0
      vertex 20.114 16.176 0
    endloop
  endfacet
  facet normal 0 0 -1
    outer loop
      vertex 23.396 18.014 0
      vertex 19.261 19.458 0
      vertex 19.065 20.114 0
    endloop
  endfacet
  facet normal 0 0 -1
    outer loop
      vertex 18.736 20.508 0
      vertex 24.052 26.612 0
      vertex 19.065 20.114 0
    endloop
  endfacet
  facet normal -0 0 -1
    outer loop
      vertex 24.052 26.612 0
      vertex 18.736 20.508 0
      vertex 21.886 28.252 0
    endloop
  endfacet
  facet normal 0 0 -1
    outer loop
      vertex 18.276 20.771 0
      vertex 21.886 28.252 0
      vertex 18.736 20.508 0
    endloop
  endfacet
  facet normal -0 0 -1
    outer loop
      vertex 21.886 28.252 0
      vertex 16.636 28.187 0
      vertex 18.998 30.22 0
    endloop
  endfacet
  facet normal 0 0 -1
    outer loop
      vertex 16.636 28.187 0
      vertex 21.886 28.252 0
      vertex 16.702 26.546 0
    endloop
  endfacet
  facet normal 0 0 -1
    outer loop
      vertex 50 -36 0
      vertex 41.18 15.652 0
      vertex 41.246 15.718 0
    endloop
  endfacet
  facet normal 0 0 -1
    outer loop
      vertex 50 -36 0
      vertex 41.115 14.864 0
      vertex 41.18 15.652 0
    endloop
  endfacet
  facet normal 0 0 -1
    outer loop
      vertex 50 -36 0
      vertex 40.852 13.815 0
      vertex 41.115 14.864 0
    endloop
  endfacet
  facet normal 0 0 -1
    outer loop
      vertex 41.115 14.864 0
      vertex 40.852 13.815 0
      vertex 41.049 14.798 0
    endloop
  endfacet
  facet normal 0 0 -1
    outer loop
      vertex 50 -36 0
      vertex 40.458 12.83 0
      vertex 40.852 13.815 0
    endloop
  endfacet
  facet normal 0 0 -1
    outer loop
      vertex 40.852 13.815 0
      vertex 40.458 12.83 0
      vertex 40.72 13.618 0
    endloop
  endfacet
  facet normal 0 0 -1
    outer loop
      vertex 50 -36 0
      vertex 40.326 12.568 0
      vertex 40.458 12.83 0
    endloop
  endfacet
  facet normal 0 0 -1
    outer loop
      vertex 50 -36 0
      vertex 39.802 11.649 0
      vertex 40.326 12.568 0
    endloop
  endfacet
  facet normal 0 0 -1
    outer loop
      vertex 36 -50 0
      vertex 41.3576 -48.9343 0
      vertex 39.6235 -49.523 0
    endloop
  endfacet
  facet normal 0 0 -1
    outer loop
      vertex 30.09 -15.126 0
      vertex 50 -36 0
      vertex 30.09 -15.914 0
    endloop
  endfacet
  facet normal 0 0 -1
    outer loop
      vertex 50 -36 0
      vertex 38.948 10.534 0
      vertex 39.802 11.649 0
    endloop
  endfacet
  facet normal 0 0 -1
    outer loop
      vertex 36 -50 0
      vertex 39.6235 -49.523 0
      vertex 37.8274 -49.8802 0
    endloop
  endfacet
  facet normal 0 0 -1
    outer loop
      vertex 29.958 -14.076 0
      vertex 50 -36 0
      vertex 30.09 -15.126 0
    endloop
  endfacet
  facet normal 0 0 -1
    outer loop
      vertex 50 -36 0
      vertex 37.964 9.54799 0
      vertex 38.948 10.534 0
    endloop
  endfacet
  facet normal -0 0 -1
    outer loop
      vertex 50 -36 0
      vertex 36 -50 0
      vertex 26.677 -21.951 0
    endloop
  endfacet
  facet normal 0 0 -1
    outer loop
      vertex 50 -36 0
      vertex 29.958 -14.076 0
      vertex 37.964 9.54799 0
    endloop
  endfacet
  facet normal 0 0 -1
    outer loop
      vertex 29.826 -13.551 0
      vertex 37.964 9.54799 0
      vertex 29.958 -14.076 0
    endloop
  endfacet
  facet normal 0 0 -1
    outer loop
      vertex 37.964 9.54799 0
      vertex 29.826 -13.551 0
      vertex 37.046 8.827 0
    endloop
  endfacet
  facet normal 0 0 -1
    outer loop
      vertex 29.695 -13.157 0
      vertex 37.046 8.827 0
      vertex 29.826 -13.551 0
    endloop
  endfacet
  facet normal 0 0 -1
    outer loop
      vertex 37.046 8.827 0
      vertex 29.695 -13.157 0
      vertex 36.127 8.23599 0
    endloop
  endfacet
  facet normal 0 0 -1
    outer loop
      vertex 36.127 8.23599 0
      vertex 29.171 -12.042 0
      vertex 34.421 7.44899 0
    endloop
  endfacet
  facet normal 0 0 -1
    outer loop
      vertex 28.383 -10.926 0
      vertex 34.421 7.44899 0
      vertex 29.171 -12.042 0
    endloop
  endfacet
  facet normal 0 0 -1
    outer loop
      vertex 34.421 7.44899 0
      vertex 28.383 -10.926 0
      vertex 33.634 7.187 0
    endloop
  endfacet
  facet normal 0 0 -1
    outer loop
      vertex 29.171 -12.042 0
      vertex 36.127 8.23599 0
      vertex 29.695 -13.157 0
    endloop
  endfacet
  facet normal 0 0 -1
    outer loop
      vertex 50 -36 0
      vertex 30.024 -16.438 0
      vertex 30.09 -15.914 0
    endloop
  endfacet
  facet normal 0 0 -1
    outer loop
      vertex 50 -36 0
      vertex 29.958 -16.898 0
      vertex 30.024 -16.438 0
    endloop
  endfacet
  facet normal 0 0 -1
    outer loop
      vertex 50 -36 0
      vertex 29.826 -17.489 0
      vertex 29.958 -16.898 0
    endloop
  endfacet
  facet normal 0 0 -1
    outer loop
      vertex 50 -36 0
      vertex 29.695 -17.882 0
      vertex 29.826 -17.489 0
    endloop
  endfacet
  facet normal 0 0 -1
    outer loop
      vertex 50 -36 0
      vertex 29.499 -18.408 0
      vertex 29.695 -17.882 0
    endloop
  endfacet
  facet normal 0 0 -1
    outer loop
      vertex 29.695 -17.882 0
      vertex 29.499 -18.408 0
      vertex 29.564 -18.079 0
    endloop
  endfacet
  facet normal 0 0 -1
    outer loop
      vertex 50 -36 0
      vertex 29.04 -19.326 0
      vertex 29.499 -18.408 0
    endloop
  endfacet
  facet normal 0 0 -1
    outer loop
      vertex 50 -36 0
      vertex 28.317 -20.376 0
      vertex 29.04 -19.326 0
    endloop
  endfacet
  facet normal 0 0 -1
    outer loop
      vertex 50 -36 0
      vertex 27.464 -21.294 0
      vertex 28.317 -20.376 0
    endloop
  endfacet
  facet normal 0 0 -1
    outer loop
      vertex 50 -36 0
      vertex 26.677 -21.951 0
      vertex 27.464 -21.294 0
    endloop
  endfacet
  facet normal 0 0 -1
    outer loop
      vertex 36 -50 0
      vertex 24.97 -23.132 0
      vertex 26.677 -21.951 0
    endloop
  endfacet
  facet normal 0 0 -1
    outer loop
      vertex 24.052 -23.658 0
      vertex 24.97 -23.132 0
      vertex 36 -50 0
    endloop
  endfacet
  facet normal 0 0 -1
    outer loop
      vertex 24.97 -23.132 0
      vertex 24.052 -23.658 0
      vertex 24.183 -23.526 0
    endloop
  endfacet
  facet normal 0 0 -1
    outer loop
      vertex 36 -50 0
      vertex 22.74 -24.313 0
      vertex 24.052 -23.658 0
    endloop
  endfacet
  facet normal 0 0 -1
    outer loop
      vertex 21.427 -24.838 0
      vertex 22.74 -24.313 0
      vertex 36 -50 0
    endloop
  endfacet
  facet normal -0 0 -1
    outer loop
      vertex 22.74 -24.313 0
      vertex 21.427 -24.838 0
      vertex 22.609 -24.313 0
    endloop
  endfacet
  facet normal 0 0 -1
    outer loop
      vertex 16.44 -28.382 0
      vertex 21.427 -24.838 0
      vertex 36 -50 0
    endloop
  endfacet
  facet normal 0 0 -1
    outer loop
      vertex 21.427 -24.838 0
      vertex 16.44 -28.382 0
      vertex 20.64 -25.102 0
    endloop
  endfacet
  facet normal -0 0 -1
    outer loop
      vertex 20.64 -25.102 0
      vertex 20.246 -25.232 0
      vertex 20.443 -25.102 0
    endloop
  endfacet
  facet normal 0 0 -1
    outer loop
      vertex 20.64 -25.102 0
      vertex 16.44 -28.382 0
      vertex 20.246 -25.232 0
    endloop
  endfacet
  facet normal 0 -0 -1
    outer loop
      vertex 17.226 -27.201 0
      vertex 20.246 -25.232 0
      vertex 16.44 -28.382 0
    endloop
  endfacet
  facet normal -0 0 -1
    outer loop
      vertex 20.246 -25.232 0
      vertex 19.787 -25.364 0
      vertex 20.049 -25.232 0
    endloop
  endfacet
  facet normal 0 0 -1
    outer loop
      vertex 20.246 -25.232 0
      vertex 17.226 -27.201 0
      vertex 19.787 -25.364 0
    endloop
  endfacet
  facet normal 0 -0 -1
    outer loop
      vertex 19.261 -25.496 0
      vertex 19.787 -25.364 0
      vertex 17.226 -27.201 0
    endloop
  endfacet
  facet normal -0 0 -1
    outer loop
      vertex 19.787 -25.364 0
      vertex 19.261 -25.496 0
      vertex 19.524 -25.364 0
    endloop
  endfacet
  facet normal -0 0 -1
    outer loop
      vertex 19.261 -25.496 0
      vertex 17.293 -27.004 0
      vertex 18.998 -25.496 0
    endloop
  endfacet
  facet normal -0 0 -1
    outer loop
      vertex 18.08 -25.758 0
      vertex 17.293 -27.004 0
      vertex 17.752 -25.758 0
    endloop
  endfacet
  facet normal 0 0 -1
    outer loop
      vertex 17.752 -25.758 0
      vertex 17.293 -27.004 0
      vertex 17.424 -25.888 0
    endloop
  endfacet
  facet normal 0 0 -1
    outer loop
      vertex 18.998 -25.496 0
      vertex 17.293 -27.004 0
      vertex 18.08 -25.758 0
    endloop
  endfacet
  facet normal 0 -0 -1
    outer loop
      vertex 17.293 -27.004 0
      vertex 19.261 -25.496 0
      vertex 17.226 -27.201 0
    endloop
  endfacet
  facet normal 0 0 -1
    outer loop
      vertex 36 -50 0
      vertex 15.193 -29.957 0
      vertex 16.44 -28.382 0
    endloop
  endfacet
  facet normal 0 0 -1
    outer loop
      vertex 36 -50 0
      vertex 12.962 -32.123 0
      vertex 15.193 -29.957 0
    endloop
  endfacet
  facet normal 0 0 -1
    outer loop
      vertex 36 -50 0
      vertex 12.043 -32.844 0
      vertex 12.962 -32.123 0
    endloop
  endfacet
  facet normal 0 0 -1
    outer loop
      vertex 36 -50 0
      vertex 10.468 -33.894 0
      vertex 12.043 -32.844 0
    endloop
  endfacet
  facet normal 0 0 -1
    outer loop
      vertex 36 -50 0
      vertex 7.84299 -35.207 0
      vertex 10.468 -33.894 0
    endloop
  endfacet
  facet normal 0 0 -1
    outer loop
      vertex 6.793 -35.602 0
      vertex 7.84299 -35.207 0
      vertex 36 -50 0
    endloop
  endfacet
  facet normal 0 0 -1
    outer loop
      vertex 7.84299 -35.207 0
      vertex 6.793 -35.602 0
      vertex 6.98999 -35.47 0
    endloop
  endfacet
  facet normal 0 0 -1
    outer loop
      vertex 6.39799 -35.732 0
      vertex 6.793 -35.602 0
      vertex 36 -50 0
    endloop
  endfacet
  facet normal -0 0 -1
    outer loop
      vertex 6.793 -35.602 0
      vertex 6.39799 -35.732 0
      vertex 6.59599 -35.602 0
    endloop
  endfacet
  facet normal 0 0 -1
    outer loop
      vertex 6.00499 -35.864 0
      vertex 6.39799 -35.732 0
      vertex 36 -50 0
    endloop
  endfacet
  facet normal -0 0 -1
    outer loop
      vertex 6.39799 -35.732 0
      vertex 6.00499 -35.864 0
      vertex 6.202 -35.732 0
    endloop
  endfacet
  facet normal 0 0 -1
    outer loop
      vertex 5.01999 -36.126 0
      vertex 6.00499 -35.864 0
      vertex 36 -50 0
    endloop
  endfacet
  facet normal -0 0 -1
    outer loop
      vertex 6.00499 -35.864 0
      vertex 5.48 -35.994 0
      vertex 5.74199 -35.864 0
    endloop
  endfacet
  facet normal 0 0 -1
    outer loop
      vertex 6.00499 -35.864 0
      vertex 5.01999 -36.126 0
      vertex 5.48 -35.994 0
    endloop
  endfacet
  facet normal -0 0 -1
    outer loop
      vertex 5.48 -35.994 0
      vertex 5.01999 -36.126 0
      vertex 5.284 -35.994 0
    endloop
  endfacet
  facet normal 0 0 -1
    outer loop
      vertex 4.42999 -36.257 0
      vertex 5.01999 -36.126 0
      vertex 36 -50 0
    endloop
  endfacet
  facet normal -0 0 -1
    outer loop
      vertex 5.01999 -36.126 0
      vertex 4.42999 -36.257 0
      vertex 4.758 -36.126 0
    endloop
  endfacet
  facet normal 0 0 -1
    outer loop
      vertex 4.03699 -36.323 0
      vertex 4.42999 -36.257 0
      vertex 36 -50 0
    endloop
  endfacet
  facet normal -0 0 -1
    outer loop
      vertex 4.42999 -36.257 0
      vertex 4.03699 -36.323 0
      vertex 4.10199 -36.257 0
    endloop
  endfacet
  facet normal 0 0 -1
    outer loop
      vertex 2.855 -36.52 0
      vertex 4.03699 -36.323 0
      vertex 36 -50 0
    endloop
  endfacet
  facet normal 0 0 -1
    outer loop
      vertex 4.03699 -36.323 0
      vertex 2.855 -36.52 0
      vertex 3.31499 -36.388 0
    endloop
  endfacet
  facet normal 0 0 -1
    outer loop
      vertex 2.002 -36.652 0
      vertex 2.855 -36.52 0
      vertex 36 -50 0
    endloop
  endfacet
  facet normal -0 0 -1
    outer loop
      vertex 2.855 -36.52 0
      vertex 2.002 -36.652 0
      vertex 2.33099 -36.52 0
    endloop
  endfacet
  facet normal 0 0 -1
    outer loop
      vertex 36 -50 0
      vertex -1.40999 -36.652 0
      vertex 2.002 -36.652 0
    endloop
  endfacet
  facet normal 0 0 -1
    outer loop
      vertex -1.40999 -36.652 0
      vertex -2.26399 -36.52 0
      vertex -1.67299 -36.52 0
    endloop
  endfacet
  facet normal 0 0 -1
    outer loop
      vertex -36 -50 0
      vertex -1.40999 -36.652 0
      vertex 36 -50 0
    endloop
  endfacet
  facet normal -0 0 -1
    outer loop
      vertex -1.40999 -36.652 0
      vertex -36 -50 0
      vertex -2.26399 -36.52 0
    endloop
  endfacet
  facet normal 0 -0 -1
    outer loop
      vertex -3.11699 -36.388 0
      vertex -2.26399 -36.52 0
      vertex -36 -50 0
    endloop
  endfacet
  facet normal 0 0 -1
    outer loop
      vertex -3.11699 -36.388 0
      vertex -3.77299 -36.257 0
      vertex -3.18199 -36.323 0
    endloop
  endfacet
  facet normal 0 0 -1
    outer loop
      vertex -2.26399 -36.52 0
      vertex -3.11699 -36.388 0
      vertex -2.657 -36.388 0
    endloop
  endfacet
  facet normal 0 0 -1
    outer loop
      vertex -3.77299 -36.257 0
      vertex -4.364 -36.126 0
      vertex -4.03499 -36.126 0
    endloop
  endfacet
  facet normal -0 0 -1
    outer loop
      vertex -3.11699 -36.388 0
      vertex -36 -50 0
      vertex -3.77299 -36.257 0
    endloop
  endfacet
  facet normal 0 0 -1
    outer loop
      vertex -4.364 -36.126 0
      vertex -5.74199 -35.732 0
      vertex -4.62599 -35.994 0
    endloop
  endfacet
  facet normal -0 0 -1
    outer loop
      vertex -3.77299 -36.257 0
      vertex -36 -50 0
      vertex -4.364 -36.126 0
    endloop
  endfacet
  facet normal 0 0 -1
    outer loop
      vertex -5.74199 -35.732 0
      vertex -6.13599 -35.602 0
      vertex -5.93799 -35.602 0
    endloop
  endfacet
  facet normal -0 0 -1
    outer loop
      vertex -4.364 -36.126 0
      vertex -36 -50 0
      vertex -5.74199 -35.732 0
    endloop
  endfacet
  facet normal 0 0 -1
    outer loop
      vertex -6.13599 -35.602 0
      vertex -7.185 -35.207 0
      vertex -6.33199 -35.47 0
    endloop
  endfacet
  facet normal 0 0 -1
    outer loop
      vertex -9.088 -34.288 0
      vertex -10.204 -33.632 0
      vertex -9.22099 -34.158 0
    endloop
  endfacet
  facet normal 0 0 -1
    outer loop
      vertex -17.882 -27.266 0
      vertex -16.307 -27.53 0
      vertex -15.388 -28.908 0
    endloop
  endfacet
  facet normal 0 0 -1
    outer loop
      vertex -16.307 -27.53 0
      vertex -17.882 -27.266 0
      vertex -16.569 -27.266 0
    endloop
  endfacet
  facet normal 0 0 -1
    outer loop
      vertex -18.932 -27.201 0
      vertex -15.388 -28.908 0
      vertex -14.47 -30.024 0
    endloop
  endfacet
  facet normal 0 0 -1
    outer loop
      vertex -36 -50 0
      vertex -14.47 -30.024 0
      vertex -12.37 -32.058 0
    endloop
  endfacet
  facet normal 0 0 -1
    outer loop
      vertex -17.882 -27.266 0
      vertex -18.932 -27.201 0
      vertex -17.948 -27.201 0
    endloop
  endfacet
  facet normal 0 0 -1
    outer loop
      vertex -15.388 -28.908 0
      vertex -18.932 -27.201 0
      vertex -17.882 -27.266 0
    endloop
  endfacet
  facet normal 0 0 -1
    outer loop
      vertex -36 -50 0
      vertex -12.37 -32.058 0
      vertex -11.188 -32.976 0
    endloop
  endfacet
  facet normal 0 0 -1
    outer loop
      vertex -18.932 -27.201 0
      vertex -19.392 -27.136 0
      vertex -18.998 -27.136 0
    endloop
  endfacet
  facet normal 0 0 -1
    outer loop
      vertex -14.47 -30.024 0
      vertex -19.392 -27.136 0
      vertex -18.932 -27.201 0
    endloop
  endfacet
  facet normal 0 0 -1
    outer loop
      vertex -19.392 -27.136 0
      vertex -19.916 -27.07 0
      vertex -19.458 -27.07 0
    endloop
  endfacet
  facet normal 0 0 -1
    outer loop
      vertex -14.47 -30.024 0
      vertex -19.916 -27.07 0
      vertex -19.392 -27.136 0
    endloop
  endfacet
  facet normal 0 0 -1
    outer loop
      vertex -19.916 -27.07 0
      vertex -21.229 -26.807 0
      vertex -19.982 -27.004 0
    endloop
  endfacet
  facet normal 0 0 -1
    outer loop
      vertex -14.47 -30.024 0
      vertex -21.229 -26.807 0
      vertex -19.916 -27.07 0
    endloop
  endfacet
  facet normal 0 0 -1
    outer loop
      vertex -36 -50 0
      vertex -11.188 -32.976 0
      vertex -10.204 -33.632 0
    endloop
  endfacet
  facet normal -0 0 -1
    outer loop
      vertex -14.47 -30.024 0
      vertex -36 -50 0
      vertex -21.229 -26.807 0
    endloop
  endfacet
  facet normal 0 0 -1
    outer loop
      vertex -21.229 -26.807 0
      vertex -21.754 -26.676 0
      vertex -21.492 -26.676 0
    endloop
  endfacet
  facet normal -0 0 -1
    outer loop
      vertex -21.229 -26.807 0
      vertex -36 -50 0
      vertex -21.754 -26.676 0
    endloop
  endfacet
  facet normal 0 0 -1
    outer loop
      vertex -36 -50 0
      vertex -10.204 -33.632 0
      vertex -9.088 -34.288 0
    endloop
  endfacet
  facet normal -0 0 -1
    outer loop
      vertex -21.754 -26.676 0
      vertex -36 -50 0
      vertex -23.33 -26.152 0
    endloop
  endfacet
  facet normal 0 0 -1
    outer loop
      vertex -29.826 -19.72 0
      vertex -29.958 -19.26 0
      vertex -29.826 -19.524 0
    endloop
  endfacet
  facet normal 0 0 -1
    outer loop
      vertex -29.958 -19.26 0
      vertex -30.088 -18.67 0
      vertex -29.958 -18.998 0
    endloop
  endfacet
  facet normal 0 0 -1
    outer loop
      vertex -30.088 -18.67 0
      vertex -30.22 -17.554 0
      vertex -30.154 -17.62 0
    endloop
  endfacet
  facet normal 0 0 -1
    outer loop
      vertex -26.61 -9.87599 0
      vertex -35.864 6.924 0
      vertex -31.598 6.79199 0
    endloop
  endfacet
  facet normal 0 0 -1
    outer loop
      vertex -32.713 10.862 0
      vertex -31.729 6.924 0
      vertex -32.713 9.67999 0
    endloop
  endfacet
  facet normal 0 -0 -1
    outer loop
      vertex -35.207 7.056 0
      vertex -31.598 6.79199 0
      vertex -35.864 6.924 0
    endloop
  endfacet
  facet normal 0 0 -1
    outer loop
      vertex -31.729 6.924 0
      vertex -32.78 9.35199 0
      vertex -32.713 9.67999 0
    endloop
  endfacet
  facet normal 0 0 -1
    outer loop
      vertex -31.729 6.924 0
      vertex -33.174 8.43399 0
      vertex -32.78 9.35199 0
    endloop
  endfacet
  facet normal 0 0 -1
    outer loop
      vertex -31.729 6.924 0
      vertex -33.764 7.77699 0
      vertex -33.174 8.43399 0
    endloop
  endfacet
  facet normal 0 0 -1
    outer loop
      vertex -50 -36 0
      vertex -30.22 -17.554 0
      vertex -30.088 -18.67 0
    endloop
  endfacet
  facet normal 0 0 -1
    outer loop
      vertex -31.729 6.924 0
      vertex -34.486 7.31799 0
      vertex -33.764 7.77699 0
    endloop
  endfacet
  facet normal 0 0 -1
    outer loop
      vertex -31.598 6.79199 0
      vertex -34.486 7.31799 0
      vertex -31.729 6.924 0
    endloop
  endfacet
  facet normal 0 -0 -1
    outer loop
      vertex -34.486 7.31799 0
      vertex -31.598 6.79199 0
      vertex -35.207 7.056 0
    endloop
  endfacet
  facet normal 0 0 -1
    outer loop
      vertex -50 -36 0
      vertex -30.088 -18.67 0
      vertex -29.958 -19.26 0
    endloop
  endfacet
  facet normal 0 0 -1
    outer loop
      vertex -35.864 6.924 0
      vertex -35.994 7.77699 0
      vertex -35.93 7.71199 0
    endloop
  endfacet
  facet normal -0 0 -1
    outer loop
      vertex -5.74199 -35.732 0
      vertex -36 -50 0
      vertex -6.13599 -35.602 0
    endloop
  endfacet
  facet normal 0 0 -1
    outer loop
      vertex -36 -50 0
      vertex -7.185 -35.207 0
      vertex -6.13599 -35.602 0
    endloop
  endfacet
  facet normal 0 0 -1
    outer loop
      vertex -36 -50 0
      vertex -9.088 -34.288 0
      vertex -7.185 -35.207 0
    endloop
  endfacet
  facet normal -0 0 -1
    outer loop
      vertex -23.33 -26.152 0
      vertex -36 -50 0
      vertex -25.036 -25.364 0
    endloop
  endfacet
  facet normal 0 0 -1
    outer loop
      vertex -36 -50 0
      vertex -25.888 -24.838 0
      vertex -25.036 -25.364 0
    endloop
  endfacet
  facet normal 0 0 -1
    outer loop
      vertex -36 -50 0
      vertex -27.202 -23.788 0
      vertex -25.888 -24.838 0
    endloop
  endfacet
  facet normal 0 0 -1
    outer loop
      vertex -50 -36 0
      vertex -27.202 -23.788 0
      vertex -36 -50 0
    endloop
  endfacet
  facet normal -0 0 -1
    outer loop
      vertex -27.202 -23.788 0
      vertex -50 -36 0
      vertex -28.12 -22.804 0
    endloop
  endfacet
  facet normal -0 0 -1
    outer loop
      vertex -28.12 -22.804 0
      vertex -50 -36 0
      vertex -29.104 -21.36 0
    endloop
  endfacet
  facet normal -0 0 -1
    outer loop
      vertex -29.104 -21.36 0
      vertex -50 -36 0
      vertex -29.826 -19.72 0
    endloop
  endfacet
  facet normal -0 0 -1
    outer loop
      vertex -29.826 -19.72 0
      vertex -50 -36 0
      vertex -29.958 -19.26 0
    endloop
  endfacet
  facet normal -0 0 -1
    outer loop
      vertex -30.154 -16.176 0
      vertex -50 -36 0
      vertex -41.376 6.85799 0
    endloop
  endfacet
  facet normal 0 0 -1
    outer loop
      vertex -27.857 -11.188 0
      vertex -37.963 6.79199 0
      vertex -35.864 6.924 0
    endloop
  endfacet
  facet normal 0 0 -1
    outer loop
      vertex -38.03 7.515 0
      vertex -35.994 7.77699 0
      vertex -37.963 6.79199 0
    endloop
  endfacet
  facet normal 0 0 -1
    outer loop
      vertex -35.994 7.77699 0
      vertex -38.094 8.10599 0
      vertex -36.06 8.368 0
    endloop
  endfacet
  facet normal 0 0 -1
    outer loop
      vertex -35.994 7.77699 0
      vertex -36.06 8.368 0
      vertex -35.994 8.30199 0
    endloop
  endfacet
  facet normal -0 0 -1
    outer loop
      vertex -36.06 8.827 0
      vertex -38.094 8.10599 0
      vertex -36.192 9.286 0
    endloop
  endfacet
  facet normal 0 0 -1
    outer loop
      vertex -38.094 8.10599 0
      vertex -35.994 7.77699 0
      vertex -38.03 7.515 0
    endloop
  endfacet
  facet normal -0 0 -1
    outer loop
      vertex -36.06 8.368 0
      vertex -38.094 8.10599 0
      vertex -36.06 8.827 0
    endloop
  endfacet
  facet normal 0 0 -1
    outer loop
      vertex -35.93 10.73 0
      vertex -37.11 11.452 0
      vertex -36.585 11.387 0
    endloop
  endfacet
  facet normal 0 0 -1
    outer loop
      vertex -50 -36 0
      vertex -36 -50 0
      vertex -37.8274 -49.8802 0
    endloop
  endfacet
  facet normal 0 0 -1
    outer loop
      vertex -36.192 9.48399 0
      vertex -37.898 11.518 0
      vertex -37.11 11.452 0
    endloop
  endfacet
  facet normal 0 0 -1
    outer loop
      vertex -37.11 11.452 0
      vertex -37.898 11.518 0
      vertex -37.176 11.518 0
    endloop
  endfacet
  facet normal 0 0 -1
    outer loop
      vertex -50 -36 0
      vertex -37.8274 -49.8802 0
      vertex -39.6235 -49.523 0
    endloop
  endfacet
  facet normal -0 0 -1
    outer loop
      vertex -35.864 6.924 0
      vertex -37.963 6.79199 0
      vertex -35.994 7.77699 0
    endloop
  endfacet
  facet normal 0 0 -1
    outer loop
      vertex -50 -36 0
      vertex -39.6235 -49.523 0
      vertex -41.3576 -48.9343 0
    endloop
  endfacet
  facet normal 0 0 -1
    outer loop
      vertex -29.038 -12.895 0
      vertex -41.244 6.79199 0
      vertex -37.963 6.79199 0
    endloop
  endfacet
  facet normal 0 0 -1
    outer loop
      vertex -50 36 0
      vertex -41.376 16.374 0
      vertex -41.376 6.85799 0
    endloop
  endfacet
  facet normal 0 0 -1
    outer loop
      vertex -41.376 16.374 0
      vertex -50 36 0
      vertex -41.376 18.54 0
    endloop
  endfacet
  facet normal 0 0 -1
    outer loop
      vertex -41.376 18.54 0
      vertex -50 36 0
      vertex -41.376 23.134 0
    endloop
  endfacet
  facet normal 0 0 -1
    outer loop
      vertex -30.088 -15.651 0
      vertex -41.376 6.85799 0
      vertex -41.244 6.79199 0
    endloop
  endfacet
  facet normal 0 0 -1
    outer loop
      vertex -50 36 0
      vertex -41.376 6.85799 0
      vertex -50 -36 0
    endloop
  endfacet
  facet normal 0 0 -1
    outer loop
      vertex -41.77 35.668 0
      vertex -41.902 35.93 0
      vertex -41.77 35.799 0
    endloop
  endfacet
  facet normal -0 -0 -1
    outer loop
      vertex -41.77 35.668 0
      vertex -40.72 33.634 0
      vertex -50 36 0
    endloop
  endfacet
  facet normal 0 0 -1
    outer loop
      vertex -40.72 33.634 0
      vertex -41.77 35.668 0
      vertex -41.638 35.537 0
    endloop
  endfacet
  facet normal 0 0 -1
    outer loop
      vertex -50 -36 0
      vertex -41.3576 -48.9343 0
      vertex -43 -48.1244 0
    endloop
  endfacet
  facet normal 0 0 -1
    outer loop
      vertex 41.3576 -48.9343 0
      vertex 50 -36 0
      vertex 49.8802 -37.8274 0
    endloop
  endfacet
  facet normal 0 0 -1
    outer loop
      vertex 50 -36 0
      vertex 41.246 15.718 0
      vertex 50 36 0
    endloop
  endfacet
  facet normal 0 0 -1
    outer loop
      vertex 41.3576 -48.9343 0
      vertex 49.8802 -37.8274 0
      vertex 49.523 -39.6235 0
    endloop
  endfacet
  facet normal 0 0 -1
    outer loop
      vertex 41.246 17.884 0
      vertex 50 36 0
      vertex 41.246 15.718 0
    endloop
  endfacet
  facet normal 0 0 -1
    outer loop
      vertex 41.3576 -48.9343 0
      vertex 49.523 -39.6235 0
      vertex 48.9343 -41.3576 0
    endloop
  endfacet
  facet normal 0 0 -1
    outer loop
      vertex 41.115 18.736 0
      vertex 50 36 0
      vertex 41.246 17.884 0
    endloop
  endfacet
  facet normal 0 0 -1
    outer loop
      vertex 41.3576 -48.9343 0
      vertex 48.9343 -41.3576 0
      vertex 48.1244 -43 0
    endloop
  endfacet
  facet normal 0 0 -1
    outer loop
      vertex 41.902 36.126 0
      vertex 50 36 0
      vertex 41.902 27.53 0
    endloop
  endfacet
  facet normal 0 0 -1
    outer loop
      vertex 41.3576 -48.9343 0
      vertex 48.1244 -43 0
      vertex 47.1069 -44.5227 0
    endloop
  endfacet
  facet normal 0 0 -1
    outer loop
      vertex 50 36 0
      vertex 41.902 36.126 0
      vertex 49.8802 37.8274 0
    endloop
  endfacet
  facet normal 0 0 -1
    outer loop
      vertex 41.3576 -48.9343 0
      vertex 47.1069 -44.5227 0
      vertex 45.8995 -45.8995 0
    endloop
  endfacet
  facet normal -0 0 -1
    outer loop
      vertex 49.8802 37.8274 0
      vertex 41.902 36.126 0
      vertex 49.523 39.6235 0
    endloop
  endfacet
  facet normal 0 0 -1
    outer loop
      vertex 41.3576 -48.9343 0
      vertex 45.8995 -45.8995 0
      vertex 44.5227 -47.1069 0
    endloop
  endfacet
  facet normal -0 0 -1
    outer loop
      vertex 49.523 39.6235 0
      vertex 41.902 36.126 0
      vertex 48.9343 41.3576 0
    endloop
  endfacet
  facet normal 0 0 -1
    outer loop
      vertex 41.3576 -48.9343 0
      vertex 44.5227 -47.1069 0
      vertex 43 -48.1244 0
    endloop
  endfacet
  facet normal -0 0 -1
    outer loop
      vertex 48.1244 43 0
      vertex 41.902 36.126 0
      vertex 47.1069 44.5227 0
    endloop
  endfacet
  facet normal -0 0 -1
    outer loop
      vertex 45.8995 45.8995 0
      vertex 41.902 36.126 0
      vertex 44.5227 47.1069 0
    endloop
  endfacet
  facet normal 0 0 -1
    outer loop
      vertex 36 -50 0
      vertex 50 -36 0
      vertex 41.3576 -48.9343 0
    endloop
  endfacet
  facet normal -0 0 -1
    outer loop
      vertex 47.1069 44.5227 0
      vertex 41.902 36.126 0
      vertex 45.8995 45.8995 0
    endloop
  endfacet
  facet normal -0 0 -1
    outer loop
      vertex 48.9343 41.3576 0
      vertex 41.902 36.126 0
      vertex 48.1244 43 0
    endloop
  endfacet
  facet normal 0 0 -1
    outer loop
      vertex 41.115 18.736 0
      vertex 41.246 17.884 0
      vertex 41.18 17.949 0
    endloop
  endfacet
  facet normal 0 0 -1
    outer loop
      vertex 50 36 0
      vertex 41.115 18.736 0
      vertex 41.902 27.53 0
    endloop
  endfacet
  facet normal 0 0 -1
    outer loop
      vertex 40.984 19.262 0
      vertex 41.115 18.736 0
      vertex 40.984 18.998 0
    endloop
  endfacet
  facet normal 0 0 -1
    outer loop
      vertex 41.115 18.736 0
      vertex 40.984 19.262 0
      vertex 41.902 27.53 0
    endloop
  endfacet
  facet normal 0 0 -1
    outer loop
      vertex 40.852 19.72 0
      vertex 40.984 19.262 0
      vertex 40.852 19.524 0
    endloop
  endfacet
  facet normal 0 0 -1
    outer loop
      vertex 40.984 19.262 0
      vertex 40.852 19.72 0
      vertex 41.902 27.53 0
    endloop
  endfacet
  facet normal 0 0 -1
    outer loop
      vertex 40.59 20.508 0
      vertex 41.902 27.53 0
      vertex 40.852 19.72 0
    endloop
  endfacet
  facet normal 0 0 -1
    outer loop
      vertex 39.802 22.084 0
      vertex 41.902 27.53 0
      vertex 40.59 20.508 0
    endloop
  endfacet
  facet normal 0 0 -1
    outer loop
      vertex 38.424 23.986 0
      vertex 41.902 27.53 0
      vertex 39.802 22.084 0
    endloop
  endfacet
  facet normal -0 0 -1
    outer loop
      vertex 41.902 27.53 0
      vertex 38.424 23.986 0
      vertex 40.392 27.662 0
    endloop
  endfacet
  facet normal 0 -0 -1
    outer loop
      vertex 39.933 27.726 0
      vertex 40.392 27.662 0
      vertex 38.424 23.986 0
    endloop
  endfacet
  facet normal 0 0 -1
    outer loop
      vertex 40.392 27.662 0
      vertex 39.933 27.726 0
      vertex 40.326 27.726 0
    endloop
  endfacet
  facet normal 0 -0 -1
    outer loop
      vertex 39.276 27.792 0
      vertex 39.933 27.726 0
      vertex 38.424 23.986 0
    endloop
  endfacet
  facet normal 0 0 -1
    outer loop
      vertex 39.933 27.726 0
      vertex 39.276 27.792 0
      vertex 39.868 27.792 0
    endloop
  endfacet
  facet normal 0 0 -1
    outer loop
      vertex 37.308 25.234 0
      vertex 39.276 27.792 0
      vertex 38.424 23.986 0
    endloop
  endfacet
  facet normal 0 -0 -1
    outer loop
      vertex 38.817 27.858 0
      vertex 39.276 27.792 0
      vertex 37.308 25.234 0
    endloop
  endfacet
  facet normal 0 0 -1
    outer loop
      vertex 39.276 27.792 0
      vertex 38.817 27.858 0
      vertex 39.212 27.858 0
    endloop
  endfacet
  facet normal 0 0 -1
    outer loop
      vertex 37.243 28.056 0
      vertex 38.817 27.858 0
      vertex 37.308 25.234 0
    endloop
  endfacet
  facet normal 0 0 -1
    outer loop
      vertex 38.817 27.858 0
      vertex 37.243 28.056 0
      vertex 38.752 27.924 0
    endloop
  endfacet
  facet normal 0 0 -1
    outer loop
      vertex 36.061 26.48 0
      vertex 37.243 28.056 0
      vertex 37.308 25.234 0
    endloop
  endfacet
  facet normal 0 -0 -1
    outer loop
      vertex 36.784 28.12 0
      vertex 37.243 28.056 0
      vertex 36.061 26.48 0
    endloop
  endfacet
  facet normal 0 0 -1
    outer loop
      vertex 37.243 28.056 0
      vertex 36.784 28.12 0
      vertex 37.177 28.12 0
    endloop
  endfacet
  facet normal 0 -0 -1
    outer loop
      vertex 36.192 28.187 0
      vertex 36.784 28.12 0
      vertex 36.061 26.48 0
    endloop
  endfacet
  facet normal 0 0 -1
    outer loop
      vertex 36.784 28.12 0
      vertex 36.192 28.187 0
      vertex 36.718 28.187 0
    endloop
  endfacet
  facet normal 0 0 -1
    outer loop
      vertex 35.734 28.252 0
      vertex 36.192 28.187 0
      vertex 36.061 26.48 0
    endloop
  endfacet
  facet normal 0 0 -1
    outer loop
      vertex 36.192 28.187 0
      vertex 35.734 28.252 0
      vertex 36.127 28.252 0
    endloop
  endfacet
  facet normal 0 0 -1
    outer loop
      vertex 34.618 27.792 0
      vertex 35.734 28.252 0
      vertex 36.061 26.48 0
    endloop
  endfacet
  facet normal 0 -0 -1
    outer loop
      vertex 35.142 28.318 0
      vertex 35.734 28.252 0
      vertex 34.618 27.792 0
    endloop
  endfacet
  facet normal 0 0 -1
    outer loop
      vertex 35.734 28.252 0
      vertex 35.142 28.318 0
      vertex 35.668 28.318 0
    endloop
  endfacet
  facet normal 0 -0 -1
    outer loop
      vertex 34.683 28.384 0
      vertex 35.142 28.318 0
      vertex 34.618 27.792 0
    endloop
  endfacet
  facet normal 0 0 -1
    outer loop
      vertex 35.142 28.318 0
      vertex 34.683 28.384 0
      vertex 35.076 28.384 0
    endloop
  endfacet
  facet normal 0 0 -1
    outer loop
      vertex 34.158 28.12 0
      vertex 34.683 28.384 0
      vertex 34.618 27.792 0
    endloop
  endfacet
  facet normal -0 0 -1
    outer loop
      vertex 34.683 28.384 0
      vertex 34.158 28.12 0
      vertex 34.618 28.449 0
    endloop
  endfacet
  facet normal 0 0 -1
    outer loop
      vertex 34.158 28.12 0
      vertex 34.026 28.449 0
      vertex 34.618 28.449 0
    endloop
  endfacet
  facet normal 0 -0 -1
    outer loop
      vertex 34.026 28.449 0
      vertex 34.158 28.12 0
      vertex 33.962 28.384 0
    endloop
  endfacet
  facet normal -0 0 -1
    outer loop
      vertex 44.5227 47.1069 0
      vertex 41.902 36.126 0
      vertex 43 48.1244 0
    endloop
  endfacet
  facet normal 0 0 -1
    outer loop
      vertex 41.902 36.126 0
      vertex 41.3576 48.9343 0
      vertex 43 48.1244 0
    endloop
  endfacet
  facet normal 0 0 -1
    outer loop
      vertex 41.902 36.126 0
      vertex 39.6235 49.523 0
      vertex 41.3576 48.9343 0
    endloop
  endfacet
  facet normal 0 0 -1
    outer loop
      vertex 41.902 36.126 0
      vertex 37.8274 49.8802 0
      vertex 39.6235 49.523 0
    endloop
  endfacet
  facet normal 0 0 -1
    outer loop
      vertex 41.902 36.126 0
      vertex 36 50 0
      vertex 37.8274 49.8802 0
    endloop
  endfacet
  facet normal 0 0 -1
    outer loop
      vertex 18.868 36.126 0
      vertex 36 50 0
      vertex 41.902 36.126 0
    endloop
  endfacet
  facet normal 0 0 -1
    outer loop
      vertex 21.886 28.252 0
      vertex 18.276 20.771 0
      vertex 16.702 26.546 0
    endloop
  endfacet
  facet normal 0 0 -1
    outer loop
      vertex 18.014 20.836 0
      vertex 18.276 20.771 0
      vertex 18.08 20.771 0
    endloop
  endfacet
  facet normal 0 0 -1
    outer loop
      vertex 16.636 26.48 0
      vertex 18.276 20.771 0
      vertex 18.014 20.836 0
    endloop
  endfacet
  facet normal 0 0 -1
    outer loop
      vertex 16.636 26.48 0
      vertex 18.014 20.836 0
      vertex 17.556 20.836 0
    endloop
  endfacet
  facet normal 0 0 -1
    outer loop
      vertex 16.309 24.446 0
      vertex 17.556 20.836 0
      vertex 16.898 20.574 0
    endloop
  endfacet
  facet normal 0 0 -1
    outer loop
      vertex 16.571 28.646 0
      vertex 18.998 30.22 0
      vertex 16.636 28.187 0
    endloop
  endfacet
  facet normal 0 0 -1
    outer loop
      vertex 16.44 29.236 0
      vertex 18.998 30.22 0
      vertex 16.571 28.646 0
    endloop
  endfacet
  facet normal 0 0 -1
    outer loop
      vertex 16.571 28.646 0
      vertex 16.636 28.187 0
      vertex 16.571 28.252 0
    endloop
  endfacet
  facet normal -0 0 -1
    outer loop
      vertex 18.998 30.22 0
      vertex 16.44 29.236 0
      vertex 18.802 30.418 0
    endloop
  endfacet
  facet normal 0 0 -1
    outer loop
      vertex 16.44 29.236 0
      vertex 16.571 28.646 0
      vertex 16.44 28.974 0
    endloop
  endfacet
  facet normal 0 0 -1
    outer loop
      vertex 16.309 29.696 0
      vertex 18.802 30.418 0
      vertex 16.44 29.236 0
    endloop
  endfacet
  facet normal 0 0 -1
    outer loop
      vertex 16.309 29.696 0
      vertex 16.44 29.236 0
      vertex 16.309 29.498 0
    endloop
  endfacet
  facet normal 0 0 -1
    outer loop
      vertex 16.112 30.286 0
      vertex 18.802 30.418 0
      vertex 16.309 29.696 0
    endloop
  endfacet
  facet normal 0 0 -1
    outer loop
      vertex 15.52 31.534 0
      vertex 18.802 30.418 0
      vertex 16.112 30.286 0
    endloop
  endfacet
  facet normal 0 0 -1
    outer loop
      vertex 18.802 30.418 0
      vertex 15.52 31.534 0
      vertex 18.802 36.062 0
    endloop
  endfacet
  facet normal 0 0 -1
    outer loop
      vertex 15.126 32.19 0
      vertex 18.802 36.062 0
      vertex 15.52 31.534 0
    endloop
  endfacet
  facet normal 0 0 -1
    outer loop
      vertex 13.946 33.634 0
      vertex 18.802 36.062 0
      vertex 15.126 32.19 0
    endloop
  endfacet
  facet normal 0 0 -1
    outer loop
      vertex 12.895 34.552 0
      vertex 18.802 36.062 0
      vertex 13.946 33.634 0
    endloop
  endfacet
  facet normal 0 0 -1
    outer loop
      vertex 11.715 35.34 0
      vertex 18.802 36.062 0
      vertex 12.895 34.552 0
    endloop
  endfacet
  facet normal -0 0 -1
    outer loop
      vertex 18.802 36.062 0
      vertex 11.715 35.34 0
      vertex 18.868 36.126 0
    endloop
  endfacet
  facet normal 0 0 -1
    outer loop
      vertex 10.927 35.734 0
      vertex 18.868 36.126 0
      vertex 11.715 35.34 0
    endloop
  endfacet
  facet normal 0 0 -1
    outer loop
      vertex 10.336 35.996 0
      vertex 18.868 36.126 0
      vertex 10.927 35.734 0
    endloop
  endfacet
  facet normal 0 0 -1
    outer loop
      vertex 10.336 35.996 0
      vertex 10.927 35.734 0
      vertex 10.796 35.734 0
    endloop
  endfacet
  facet normal 0 0 -1
    outer loop
      vertex 9.549 36.258 0
      vertex 18.868 36.126 0
      vertex 10.336 35.996 0
    endloop
  endfacet
  facet normal 0 0 -1
    outer loop
      vertex 9.09 36.39 0
      vertex 18.868 36.126 0
      vertex 9.549 36.258 0
    endloop
  endfacet
  facet normal 0 0 -1
    outer loop
      vertex 9.09 36.39 0
      vertex 9.549 36.258 0
      vertex 9.35199 36.258 0
    endloop
  endfacet
  facet normal 0 0 -1
    outer loop
      vertex 18.868 36.126 0
      vertex 9.09 36.39 0
      vertex 36 50 0
    endloop
  endfacet
  facet normal 0 0 -1
    outer loop
      vertex 8.49799 36.52 0
      vertex 9.09 36.39 0
      vertex 8.827 36.39 0
    endloop
  endfacet
  facet normal 0 0 -1
    outer loop
      vertex 9.09 36.39 0
      vertex 8.49799 36.52 0
      vertex 36 50 0
    endloop
  endfacet
  facet normal 0 0 -1
    outer loop
      vertex 7.84299 36.652 0
      vertex 8.49799 36.52 0
      vertex 8.105 36.52 0
    endloop
  endfacet
  facet normal 0 0 -1
    outer loop
      vertex 8.49799 36.52 0
      vertex 7.84299 36.652 0
      vertex 36 50 0
    endloop
  endfacet
  facet normal 0 0 -1
    outer loop
      vertex 5.48 36.652 0
      vertex 36 50 0
      vertex 7.84299 36.652 0
    endloop
  endfacet
  facet normal 0 0 -1
    outer loop
      vertex 4.82399 36.52 0
      vertex 5.48 36.652 0
      vertex 5.21799 36.52 0
    endloop
  endfacet
  facet normal 0 0 -1
    outer loop
      vertex -36 50 0
      vertex 5.48 36.652 0
      vertex 4.82399 36.52 0
    endloop
  endfacet
  facet normal 0 0 -1
    outer loop
      vertex 4.23299 36.39 0
      vertex 4.82399 36.52 0
      vertex 4.49599 36.39 0
    endloop
  endfacet
  facet normal 0 0 -1
    outer loop
      vertex -36 50 0
      vertex 4.82399 36.52 0
      vertex 4.23299 36.39 0
    endloop
  endfacet
  facet normal 0 0 -1
    outer loop
      vertex -12.304 36.258 0
      vertex 4.23299 36.39 0
      vertex 2.92099 35.996 0
    endloop
  endfacet
  facet normal 0 0 -1
    outer loop
      vertex -8.23599 16.374 0
      vertex -4.29799 14.996 0
      vertex -4.62599 14.734 0
    endloop
  endfacet
  facet normal 0 0 -1
    outer loop
      vertex -5.21599 28.056 0
      vertex -3.31299 26.284 0
      vertex -5.21599 26.086 0
    endloop
  endfacet
  facet normal 0 0 -1
    outer loop
      vertex -3.31299 26.284 0
      vertex -5.21599 28.056 0
      vertex -3.31299 28.252 0
    endloop
  endfacet
  facet normal 0 0 -1
    outer loop
      vertex -5.282 28.449 0
      vertex -3.31299 28.252 0
      vertex -5.21599 28.056 0
    endloop
  endfacet
  facet normal 0 0 -1
    outer loop
      vertex -3.31299 28.252 0
      vertex -5.282 28.449 0
      vertex -3.24799 28.646 0
    endloop
  endfacet
  facet normal 0 0 -1
    outer loop
      vertex -5.41299 29.104 0
      vertex -3.24799 28.646 0
      vertex -5.282 28.449 0
    endloop
  endfacet
  facet normal 0 0 -1
    outer loop
      vertex -3.24799 28.646 0
      vertex -5.41299 29.104 0
      vertex -3.18199 29.04 0
    endloop
  endfacet
  facet normal 0 0 -1
    outer loop
      vertex -5.48 29.434 0
      vertex -3.18199 29.04 0
      vertex -5.41299 29.104 0
    endloop
  endfacet
  facet normal 0 0 -1
    outer loop
      vertex -3.18199 29.04 0
      vertex -5.48 29.434 0
      vertex -3.05099 29.63 0
    endloop
  endfacet
  facet normal 0 0 -1
    outer loop
      vertex -5.282 28.449 0
      vertex -5.21599 28.056 0
      vertex -5.282 28.12 0
    endloop
  endfacet
  facet normal 0 0 -1
    outer loop
      vertex -5.74199 30.22 0
      vertex -3.05099 29.63 0
      vertex -5.48 29.434 0
    endloop
  endfacet
  facet normal 0 0 -1
    outer loop
      vertex -5.41299 29.104 0
      vertex -5.282 28.449 0
      vertex -5.349 28.514 0
    endloop
  endfacet
  facet normal 0 0 -1
    outer loop
      vertex -3.05099 29.63 0
      vertex -5.74199 30.22 0
      vertex -2.657 30.746 0
    endloop
  endfacet
  facet normal 0 0 -1
    outer loop
      vertex -5.48 29.434 0
      vertex -5.41299 29.104 0
      vertex -5.48 29.17 0
    endloop
  endfacet
  facet normal 0 0 -1
    outer loop
      vertex -6.13599 31.14 0
      vertex -2.657 30.746 0
      vertex -5.74199 30.22 0
    endloop
  endfacet
  facet normal 0 0 -1
    outer loop
      vertex -2.657 30.746 0
      vertex -6.13599 31.14 0
      vertex -2.133 31.796 0
    endloop
  endfacet
  facet normal 0 0 -1
    outer loop
      vertex -5.74199 30.22 0
      vertex -5.48 29.434 0
      vertex -5.61099 29.63 0
    endloop
  endfacet
  facet normal 0 0 -1
    outer loop
      vertex -7.185 32.78 0
      vertex -2.133 31.796 0
      vertex -6.13599 31.14 0
    endloop
  endfacet
  facet normal 0 0 -1
    outer loop
      vertex -6.13599 31.14 0
      vertex -5.74199 30.22 0
      vertex -6.13599 31.008 0
    endloop
  endfacet
  facet normal 0 0 -1
    outer loop
      vertex -2.133 31.796 0
      vertex -7.185 32.78 0
      vertex -1.08199 33.24 0
    endloop
  endfacet
  facet normal 0 0 -1
    outer loop
      vertex -8.49799 34.158 0
      vertex -1.08199 33.24 0
      vertex -7.185 32.78 0
    endloop
  endfacet
  facet normal 0 0 -1
    outer loop
      vertex -1.08199 33.24 0
      vertex -8.49799 34.158 0
      vertex 0.164993 34.421 0
    endloop
  endfacet
  facet normal 0 0 -1
    outer loop
      vertex -10.401 35.47 0
      vertex 0.164993 34.421 0
      vertex -8.49799 34.158 0
    endloop
  endfacet
  facet normal 0 0 -1
    outer loop
      vertex 0.164993 34.421 0
      vertex -10.401 35.47 0
      vertex 1.41199 35.274 0
    endloop
  endfacet
  facet normal 0 0 -1
    outer loop
      vertex -10.926 35.734 0
      vertex 1.41199 35.274 0
      vertex -10.401 35.47 0
    endloop
  endfacet
  facet normal 0 0 -1
    outer loop
      vertex 1.41199 35.274 0
      vertex -10.926 35.734 0
      vertex 2.92099 35.996 0
    endloop
  endfacet
  facet normal 0 0 -1
    outer loop
      vertex -10.926 35.734 0
      vertex -10.401 35.47 0
      vertex -10.532 35.47 0
    endloop
  endfacet
  facet normal 0 0 -1
    outer loop
      vertex -11.91 36.126 0
      vertex 2.92099 35.996 0
      vertex -10.926 35.734 0
    endloop
  endfacet
  facet normal 0 0 -1
    outer loop
      vertex -11.91 36.126 0
      vertex -10.926 35.734 0
      vertex -11.714 35.996 0
    endloop
  endfacet
  facet normal 0 0 -1
    outer loop
      vertex -12.304 36.258 0
      vertex 2.92099 35.996 0
      vertex -11.91 36.126 0
    endloop
  endfacet
  facet normal 0 0 -1
    outer loop
      vertex -12.304 36.258 0
      vertex -11.91 36.126 0
      vertex -12.107 36.126 0
    endloop
  endfacet
  facet normal -0 0 -1
    outer loop
      vertex 4.23299 36.39 0
      vertex -12.304 36.258 0
      vertex -12.83 36.39 0
    endloop
  endfacet
  facet normal 0 0 -1
    outer loop
      vertex -12.83 36.39 0
      vertex -12.304 36.258 0
      vertex -12.566 36.258 0
    endloop
  endfacet
  facet normal 0 0 -1
    outer loop
      vertex 4.23299 36.39 0
      vertex -12.83 36.39 0
      vertex -36 50 0
    endloop
  endfacet
  facet normal 0 0 -1
    outer loop
      vertex -13.42 36.52 0
      vertex -12.83 36.39 0
      vertex -13.092 36.39 0
    endloop
  endfacet
  facet normal 0 0 -1
    outer loop
      vertex -36 50 0
      vertex -12.83 36.39 0
      vertex -13.42 36.52 0
    endloop
  endfacet
  facet normal 0 0 -1
    outer loop
      vertex -14.01 36.652 0
      vertex -13.42 36.52 0
      vertex -13.813 36.52 0
    endloop
  endfacet
  facet normal 0 0 -1
    outer loop
      vertex -36 50 0
      vertex -13.42 36.52 0
      vertex -14.01 36.652 0
    endloop
  endfacet
  facet normal 0 0 -1
    outer loop
      vertex -36 50 0
      vertex -14.01 36.652 0
      vertex -16.438 36.652 0
    endloop
  endfacet
  facet normal 0 0 -1
    outer loop
      vertex -17.03 36.52 0
      vertex -16.438 36.652 0
      vertex -16.636 36.52 0
    endloop
  endfacet
  facet normal 0 0 -1
    outer loop
      vertex -36 50 0
      vertex -16.438 36.652 0
      vertex -17.03 36.52 0
    endloop
  endfacet
  facet normal 0 0 -1
    outer loop
      vertex -17.685 36.39 0
      vertex -17.03 36.52 0
      vertex -17.423 36.39 0
    endloop
  endfacet
  facet normal 0 0 -1
    outer loop
      vertex -36 50 0
      vertex -17.03 36.52 0
      vertex -17.685 36.39 0
    endloop
  endfacet
  facet normal 0 0 -1
    outer loop
      vertex -18.604 36.126 0
      vertex -17.685 36.39 0
      vertex -18.408 36.126 0
    endloop
  endfacet
  facet normal 0 0 -1
    outer loop
      vertex -25.101 28.842 0
      vertex -24.904 29.696 0
      vertex -25.036 28.908 0
    endloop
  endfacet
  facet normal 0 0 -1
    outer loop
      vertex -28.054 22.476 0
      vertex -24.642 24.052 0
      vertex -27.923 22.214 0
    endloop
  endfacet
  facet normal 0 0 -1
    outer loop
      vertex -26.348 19.13 0
      vertex -26.216 18.868 0
      vertex -26.348 18.998 0
    endloop
  endfacet
  facet normal -0 0 -1
    outer loop
      vertex -24.642 24.052 0
      vertex -28.054 22.476 0
      vertex -24.904 24.84 0
    endloop
  endfacet
  facet normal 0 0 -1
    outer loop
      vertex -28.185 22.608 0
      vertex -24.904 24.84 0
      vertex -28.054 22.476 0
    endloop
  endfacet
  facet normal 0 0 -1
    outer loop
      vertex -29.366 25.037 0
      vertex -24.904 24.84 0
      vertex -28.185 22.608 0
    endloop
  endfacet
  facet normal 0 0 -1
    outer loop
      vertex -26.544 31.534 0
      vertex -25.166 28.384 0
      vertex -25.232 27.792 0
    endloop
  endfacet
  facet normal 0 0 -1
    outer loop
      vertex -26.544 31.534 0
      vertex -25.101 28.842 0
      vertex -25.166 28.384 0
    endloop
  endfacet
  facet normal 0 0 -1
    outer loop
      vertex -26.544 31.534 0
      vertex -24.904 29.696 0
      vertex -25.101 28.842 0
    endloop
  endfacet
  facet normal 0 0 -1
    outer loop
      vertex -26.544 31.534 0
      vertex -24.642 30.484 0
      vertex -24.904 29.696 0
    endloop
  endfacet
  facet normal 0 0 -1
    outer loop
      vertex -26.479 31.598 0
      vertex -24.051 31.73 0
      vertex -24.642 30.484 0
    endloop
  endfacet
  facet normal 0 0 -1
    outer loop
      vertex -26.479 31.598 0
      vertex -23.132 33.043 0
      vertex -24.051 31.73 0
    endloop
  endfacet
  facet normal 0 0 -1
    outer loop
      vertex -26.479 36.126 0
      vertex -23.132 33.043 0
      vertex -26.479 31.598 0
    endloop
  endfacet
  facet normal 0 0 -1
    outer loop
      vertex -23.132 33.043 0
      vertex -26.479 36.126 0
      vertex -21.886 34.29 0
    endloop
  endfacet
  facet normal 0 0 -1
    outer loop
      vertex -21.886 34.29 0
      vertex -26.479 36.126 0
      vertex -21.098 34.88 0
    endloop
  endfacet
  facet normal 0 0 -1
    outer loop
      vertex -26.479 36.126 0
      vertex -20.114 35.47 0
      vertex -21.098 34.88 0
    endloop
  endfacet
  facet normal 0 0 -1
    outer loop
      vertex -26.479 36.126 0
      vertex -18.604 36.126 0
      vertex -20.114 35.47 0
    endloop
  endfacet
  facet normal 0 0 -1
    outer loop
      vertex -36 50 0
      vertex -18.604 36.126 0
      vertex -26.479 36.126 0
    endloop
  endfacet
  facet normal 0 0 -1
    outer loop
      vertex -18.604 36.126 0
      vertex -36 50 0
      vertex -17.685 36.39 0
    endloop
  endfacet
  facet normal 0 0 -1
    outer loop
      vertex 5.48 36.652 0
      vertex -36 50 0
      vertex 36 50 0
    endloop
  endfacet
  facet normal 0 0 -1
    outer loop
      vertex -41.902 36.126 0
      vertex -36 50 0
      vertex -26.479 36.126 0
    endloop
  endfacet
  facet normal 0 0 -1
    outer loop
      vertex -36 50 0
      vertex -41.902 36.126 0
      vertex -37.8274 49.8802 0
    endloop
  endfacet
  facet normal 0 0 -1
    outer loop
      vertex -37.8274 49.8802 0
      vertex -41.902 36.126 0
      vertex -39.6235 49.523 0
    endloop
  endfacet
  facet normal 0 0 -1
    outer loop
      vertex -39.6235 49.523 0
      vertex -41.902 36.126 0
      vertex -41.3576 48.9343 0
    endloop
  endfacet
  facet normal 0 0 -1
    outer loop
      vertex -41.902 36.126 0
      vertex -43 48.1244 0
      vertex -41.3576 48.9343 0
    endloop
  endfacet
  facet normal 0 0 -1
    outer loop
      vertex -41.77 35.668 0
      vertex -50 36 0
      vertex -41.902 35.93 0
    endloop
  endfacet
  facet normal 0 0 -1
    outer loop
      vertex -50 -36 0
      vertex -43 -48.1244 0
      vertex -44.5227 -47.1069 0
    endloop
  endfacet
  facet normal 0 0 -1
    outer loop
      vertex -41.902 35.93 0
      vertex -50 36 0
      vertex -41.902 36.126 0
    endloop
  endfacet
  facet normal 0 0 -1
    outer loop
      vertex -50 -36 0
      vertex -44.5227 -47.1069 0
      vertex -45.8995 -45.8995 0
    endloop
  endfacet
  facet normal 0 -0 -1
    outer loop
      vertex -49.8802 37.8274 0
      vertex -41.902 36.126 0
      vertex -50 36 0
    endloop
  endfacet
  facet normal 0 0 -1
    outer loop
      vertex -50 -36 0
      vertex -45.8995 -45.8995 0
      vertex -47.1069 -44.5227 0
    endloop
  endfacet
  facet normal 0 0 -1
    outer loop
      vertex -41.902 36.126 0
      vertex -44.5227 47.1069 0
      vertex -43 48.1244 0
    endloop
  endfacet
  facet normal 0 0 -1
    outer loop
      vertex -50 -36 0
      vertex -47.1069 -44.5227 0
      vertex -48.1244 -43 0
    endloop
  endfacet
  facet normal 0 0 -1
    outer loop
      vertex -41.902 36.126 0
      vertex -45.8995 45.8995 0
      vertex -44.5227 47.1069 0
    endloop
  endfacet
  facet normal 0 0 -1
    outer loop
      vertex -50 -36 0
      vertex -48.1244 -43 0
      vertex -48.9343 -41.3576 0
    endloop
  endfacet
  facet normal 0 0 -1
    outer loop
      vertex -41.902 36.126 0
      vertex -47.1069 44.5227 0
      vertex -45.8995 45.8995 0
    endloop
  endfacet
  facet normal 0 0 -1
    outer loop
      vertex -50 -36 0
      vertex -48.9343 -41.3576 0
      vertex -49.523 -39.6235 0
    endloop
  endfacet
  facet normal 0 0 -1
    outer loop
      vertex -41.902 36.126 0
      vertex -48.1244 43 0
      vertex -47.1069 44.5227 0
    endloop
  endfacet
  facet normal 0 0 -1
    outer loop
      vertex -50 -36 0
      vertex -49.523 -39.6235 0
      vertex -49.8802 -37.8274 0
    endloop
  endfacet
  facet normal 0 0 -1
    outer loop
      vertex -41.902 36.126 0
      vertex -48.9343 41.3576 0
      vertex -48.1244 43 0
    endloop
  endfacet
  facet normal 0 0 -1
    outer loop
      vertex -41.902 36.126 0
      vertex -49.523 39.6235 0
      vertex -48.9343 41.3576 0
    endloop
  endfacet
  facet normal 0 0 -1
    outer loop
      vertex -41.902 36.126 0
      vertex -49.8802 37.8274 0
      vertex -49.523 39.6235 0
    endloop
  endfacet
  facet normal 0 0 -1
    outer loop
      vertex 40.458 12.83 0
      vertex 40.326 12.568 0
      vertex 40.326 12.699 0
    endloop
  endfacet
  facet normal 0 -0 -1
    outer loop
      vertex 33.174 7.056 0
      vertex 33.634 7.187 0
      vertex 28.383 -10.926 0
    endloop
  endfacet
  facet normal 0 0 -1
    outer loop
      vertex 29.958 -14.076 0
      vertex 30.09 -15.126 0
      vertex 30.024 -15.06 0
    endloop
  endfacet
  facet normal -0 0 -1
    outer loop
      vertex 33.634 7.187 0
      vertex 33.174 7.056 0
      vertex 33.436 7.187 0
    endloop
  endfacet
  facet normal 0 0 -1
    outer loop
      vertex 29.826 -13.551 0
      vertex 29.958 -14.076 0
      vertex 29.826 -13.813 0
    endloop
  endfacet
  facet normal 0 0 -1
    outer loop
      vertex 33.174 7.056 0
      vertex 31.927 6.79199 0
      vertex 31.993 6.85799 0
    endloop
  endfacet
  facet normal 0 0 -1
    outer loop
      vertex 29.695 -13.157 0
      vertex 29.826 -13.551 0
      vertex 29.695 -13.355 0
    endloop
  endfacet
  facet normal 0 0 -1
    outer loop
      vertex 27.726 -10.27 0
      vertex 33.174 7.056 0
      vertex 28.383 -10.926 0
    endloop
  endfacet
  facet normal 0 0 -1
    outer loop
      vertex 31.927 6.79199 0
      vertex 30.615 6.66199 0
      vertex 30.68 6.72699 0
    endloop
  endfacet
  facet normal 0 0 -1
    outer loop
      vertex 33.174 7.056 0
      vertex 27.726 -10.27 0
      vertex 31.927 6.79199 0
    endloop
  endfacet
  facet normal 0 0 -1
    outer loop
      vertex 26.218 -9.088 0
      vertex 31.927 6.79199 0
      vertex 27.726 -10.27 0
    endloop
  endfacet
  facet normal 0 0 -1
    outer loop
      vertex 31.927 6.79199 0
      vertex 26.218 -9.088 0
      vertex 30.615 6.66199 0
    endloop
  endfacet
  facet normal -0 0 -1
    outer loop
      vertex 30.615 6.66199 0
      vertex 26.218 -9.088 0
      vertex 29.302 6.66199 0
    endloop
  endfacet
  facet normal 0 0 -1
    outer loop
      vertex 25.037 -8.36699 0
      vertex 29.302 6.66199 0
      vertex 26.218 -9.088 0
    endloop
  endfacet
  facet normal 0 0 -1
    outer loop
      vertex 24.249 -7.974 0
      vertex 29.302 6.66199 0
      vertex 25.037 -8.36699 0
    endloop
  endfacet
  facet normal 0 0 -1
    outer loop
      vertex 29.302 6.66199 0
      vertex 27.99 6.79199 0
      vertex 29.237 6.72699 0
    endloop
  endfacet
  facet normal -0 0 -1
    outer loop
      vertex 29.302 6.66199 0
      vertex 24.249 -7.974 0
      vertex 27.99 6.79199 0
    endloop
  endfacet
  facet normal 0 0 -1
    outer loop
      vertex 23.987 -7.84099 0
      vertex 27.99 6.79199 0
      vertex 24.249 -7.974 0
    endloop
  endfacet
  facet normal 0 -0 -1
    outer loop
      vertex 26.677 7.056 0
      vertex 27.99 6.79199 0
      vertex 23.987 -7.84099 0
    endloop
  endfacet
  facet normal 0 0 -1
    outer loop
      vertex 27.99 6.79199 0
      vertex 26.677 7.056 0
      vertex 27.924 6.85799 0
    endloop
  endfacet
  facet normal 0 0 -1
    outer loop
      vertex 23.987 -7.84099 0
      vertex 24.249 -7.974 0
      vertex 24.118 -7.974 0
    endloop
  endfacet
  facet normal 0 0 -1
    outer loop
      vertex 21.821 -7.05399 0
      vertex 26.677 7.056 0
      vertex 23.987 -7.84099 0
    endloop
  endfacet
  facet normal -0 0 -1
    outer loop
      vertex 26.677 7.056 0
      vertex 21.821 -7.05399 0
      vertex 25.102 7.57899 0
    endloop
  endfacet
  facet normal 0 0 -1
    outer loop
      vertex 20.77 -6.79099 0
      vertex 25.102 7.57899 0
      vertex 21.821 -7.05399 0
    endloop
  endfacet
  facet normal 0 0 -1
    outer loop
      vertex 20.049 -6.65999 0
      vertex 25.102 7.57899 0
      vertex 20.77 -6.79099 0
    endloop
  endfacet
  facet normal 0 0 -1
    outer loop
      vertex 16.571 6.79199 0
      vertex 25.102 7.57899 0
      vertex 20.049 -6.65999 0
    endloop
  endfacet
  facet normal 0 0 -1
    outer loop
      vertex 20.77 -6.79099 0
      vertex 21.821 -7.05399 0
      vertex 21.034 -6.92299 0
    endloop
  endfacet
  facet normal -0 0 -1
    outer loop
      vertex 23.79 8.23599 0
      vertex 16.702 6.924 0
      vertex 22.805 8.89299 0
    endloop
  endfacet
  facet normal -0 0 -1
    outer loop
      vertex 22.805 8.89299 0
      vertex 16.702 6.924 0
      vertex 21.362 10.204 0
    endloop
  endfacet
  facet normal 0 0 -1
    outer loop
      vertex 20.049 -6.65999 0
      vertex 20.77 -6.79099 0
      vertex 20.443 -6.79099 0
    endloop
  endfacet
  facet normal 0 0 -1
    outer loop
      vertex 16.571 6.79199 0
      vertex 23.79 8.23599 0
      vertex 25.102 7.57899 0
    endloop
  endfacet
  facet normal 0 0 -1
    outer loop
      vertex 16.702 9.286 0
      vertex 21.362 10.204 0
      vertex 16.702 6.924 0
    endloop
  endfacet
  facet normal -0 0 -1
    outer loop
      vertex 21.362 10.204 0
      vertex 16.702 9.286 0
      vertex 20.574 11.19 0
    endloop
  endfacet
  facet normal 0 0 -1
    outer loop
      vertex 19.59 -6.59399 0
      vertex 20.049 -6.65999 0
      vertex 19.656 -6.65999 0
    endloop
  endfacet
  facet normal 0 0 -1
    outer loop
      vertex 16.571 6.79199 0
      vertex 20.049 -6.65999 0
      vertex 19.59 -6.59399 0
    endloop
  endfacet
  facet normal -0 0 -1
    outer loop
      vertex 20.574 11.19 0
      vertex 16.702 9.286 0
      vertex 20.049 11.977 0
    endloop
  endfacet
  facet normal 0 0 -1
    outer loop
      vertex 16.571 9.418 0
      vertex 20.049 11.977 0
      vertex 16.702 9.286 0
    endloop
  endfacet
  facet normal 0 0 -1
    outer loop
      vertex 19.13 -6.52899 0
      vertex 19.59 -6.59399 0
      vertex 19.196 -6.59399 0
    endloop
  endfacet
  facet normal -0 0 -1
    outer loop
      vertex 20.049 11.977 0
      vertex 16.571 9.418 0
      vertex 19.787 12.568 0
    endloop
  endfacet
  facet normal 0 0 -1
    outer loop
      vertex 16.571 6.79199 0
      vertex 19.59 -6.59399 0
      vertex 19.13 -6.52899 0
    endloop
  endfacet
  facet normal -0 0 -1
    outer loop
      vertex 19.787 12.568 0
      vertex 16.571 9.418 0
      vertex 19.524 12.962 0
    endloop
  endfacet
  facet normal 0 0 -1
    outer loop
      vertex 16.636 18.736 0
      vertex 18.736 15.456 0
      vertex 18.736 15.193 0
    endloop
  endfacet
  facet normal 0 0 -1
    outer loop
      vertex 19.524 12.962 0
      vertex 19.196 13.748 0
      vertex 19.392 13.42 0
    endloop
  endfacet
  facet normal -0 0 -1
    outer loop
      vertex 19.524 12.962 0
      vertex 16.571 9.418 0
      vertex 19.196 13.748 0
    endloop
  endfacet
  facet normal 0 0 -1
    outer loop
      vertex 13.815 16.374 0
      vertex 19.196 13.748 0
      vertex 16.571 9.418 0
    endloop
  endfacet
  facet normal 0 0 -1
    outer loop
      vertex 18.342 19.13 0
      vertex 18.474 18.342 0
      vertex 18.342 18.868 0
    endloop
  endfacet
  facet normal 0 0 -1
    outer loop
      vertex 18.736 15.456 0
      vertex 16.636 18.736 0
      vertex 18.54 18.08 0
    endloop
  endfacet
  facet normal 0 -0 -1
    outer loop
      vertex 17.556 19.196 0
      vertex 18.474 18.342 0
      vertex 16.636 18.736 0
    endloop
  endfacet
  facet normal -0 -0 -1
    outer loop
      vertex 17.818 19.196 0
      vertex 18.474 18.342 0
      vertex 17.556 19.196 0
    endloop
  endfacet
  facet normal 0 0 -1
    outer loop
      vertex 18.474 18.342 0
      vertex 17.818 19.196 0
      vertex 18.342 18.868 0
    endloop
  endfacet
  facet normal 0 0 -1
    outer loop
      vertex 17.556 19.196 0
      vertex 17.424 19.196 0
      vertex 17.49 19.262 0
    endloop
  endfacet
  facet normal 0 0 -1
    outer loop
      vertex 16.571 19.72 0
      vertex 17.162 20.114 0
      vertex 17.162 19.196 0
    endloop
  endfacet
  facet normal -0 0 -1
    outer loop
      vertex 17.556 19.196 0
      vertex 16.636 18.736 0
      vertex 17.424 19.196 0
    endloop
  endfacet
  facet normal 0 0 -1
    outer loop
      vertex 16.571 6.79199 0
      vertex 19.13 -6.52899 0
      vertex 16.768 -6.39799 0
    endloop
  endfacet
  facet normal 0 0 -1
    outer loop
      vertex 18.54 18.08 0
      vertex 16.636 18.736 0
      vertex 18.474 18.342 0
    endloop
  endfacet
  facet normal 0 0 -1
    outer loop
      vertex 16.309 -5.41299 0
      vertex 16.768 -6.39799 0
      vertex 16.702 -6.463 0
    endloop
  endfacet
  facet normal -0 0 -1
    outer loop
      vertex 17.424 19.196 0
      vertex 16.636 18.736 0
      vertex 17.162 19.196 0
    endloop
  endfacet
  facet normal 0 0 -1
    outer loop
      vertex 16.636 18.934 0
      vertex 17.162 19.196 0
      vertex 16.636 18.736 0
    endloop
  endfacet
  facet normal 0 0 -1
    outer loop
      vertex 16.571 18.998 0
      vertex 17.162 19.196 0
      vertex 16.636 18.934 0
    endloop
  endfacet
  facet normal 0 0 -1
    outer loop
      vertex 17.162 20.114 0
      vertex 16.768 20.114 0
      vertex 16.964 20.312 0
    endloop
  endfacet
  facet normal -0 0 -1
    outer loop
      vertex 17.162 19.196 0
      vertex 16.571 18.998 0
      vertex 16.571 19.72 0
    endloop
  endfacet
  facet normal -0 0 -1
    outer loop
      vertex 17.162 20.114 0
      vertex 16.571 19.72 0
      vertex 16.768 20.114 0
    endloop
  endfacet
  facet normal 0 0 -1
    outer loop
      vertex 30.09 -15.914 0
      vertex 30.024 -16.438 0
      vertex 30.024 -15.98 0
    endloop
  endfacet
  facet normal 0 0 -1
    outer loop
      vertex 30.024 -16.438 0
      vertex 29.958 -16.898 0
      vertex 29.958 -16.504 0
    endloop
  endfacet
  facet normal 0 0 -1
    outer loop
      vertex 29.958 -16.898 0
      vertex 29.826 -17.489 0
      vertex 29.826 -17.226 0
    endloop
  endfacet
  facet normal 0 0 -1
    outer loop
      vertex 29.826 -17.489 0
      vertex 29.695 -17.882 0
      vertex 29.695 -17.685 0
    endloop
  endfacet
  facet normal 0 0 -1
    outer loop
      vertex 18.474 18.342 0
      vertex 18.868 18.868 0
      vertex 18.868 18.736 0
    endloop
  endfacet
  facet normal 0 0 -1
    outer loop
      vertex 18.409 20.443 0
      vertex 18.868 18.868 0
      vertex 18.474 18.342 0
    endloop
  endfacet
  facet normal 0 0 -1
    outer loop
      vertex 18.868 18.868 0
      vertex 18.409 20.443 0
      vertex 18.868 19.984 0
    endloop
  endfacet
  facet normal 0 0 -1
    outer loop
      vertex 18.868 18.868 0
      vertex 18.998 19.656 0
      vertex 18.998 19.065 0
    endloop
  endfacet
  facet normal -0 0 -1
    outer loop
      vertex 18.998 19.656 0
      vertex 18.868 18.868 0
      vertex 18.868 19.984 0
    endloop
  endfacet
  facet normal 0 0 -1
    outer loop
      vertex 18.474 18.342 0
      vertex 18.342 19.13 0
      vertex 18.409 20.443 0
    endloop
  endfacet
  facet normal 0 0 -1
    outer loop
      vertex 18.342 19.984 0
      vertex 18.409 20.443 0
      vertex 18.342 19.13 0
    endloop
  endfacet
  facet normal 0 0 -1
    outer loop
      vertex 18.342 20.114 0
      vertex 18.409 20.443 0
      vertex 18.342 19.984 0
    endloop
  endfacet
  facet normal 0 0 -1
    outer loop
      vertex 18.08 20.114 0
      vertex 18.409 20.443 0
      vertex 18.342 20.114 0
    endloop
  endfacet
  facet normal -0 0 -1
    outer loop
      vertex 18.409 20.443 0
      vertex 18.08 20.114 0
      vertex 18.146 20.574 0
    endloop
  endfacet
  facet normal 0 0 -1
    outer loop
      vertex 17.358 20.114 0
      vertex 18.08 20.114 0
      vertex 17.883 19.72 0
    endloop
  endfacet
  facet normal 0 0 -1
    outer loop
      vertex 17.358 19.656 0
      vertex 17.883 19.72 0
      vertex 17.687 19.524 0
    endloop
  endfacet
  facet normal 0 0 -1
    outer loop
      vertex 17.358 19.656 0
      vertex 17.687 19.524 0
      vertex 17.49 19.524 0
    endloop
  endfacet
  facet normal 0 -0 -1
    outer loop
      vertex 17.424 20.574 0
      vertex 18.08 20.114 0
      vertex 17.358 20.114 0
    endloop
  endfacet
  facet normal -0 0 -1
    outer loop
      vertex 17.883 19.72 0
      vertex 17.358 19.656 0
      vertex 17.358 20.114 0
    endloop
  endfacet
  facet normal 0 0 -1
    outer loop
      vertex 18.08 20.114 0
      vertex 17.424 20.574 0
      vertex 18.146 20.574 0
    endloop
  endfacet
  facet normal 0 0 -1
    outer loop
      vertex 17.162 20.114 0
      vertex 17.424 20.574 0
      vertex 17.358 20.114 0
    endloop
  endfacet
  facet normal 0 0 -1
    outer loop
      vertex 17.424 20.574 0
      vertex 17.162 20.114 0
      vertex 16.964 20.312 0
    endloop
  endfacet
  facet normal 0 0 -1
    outer loop
      vertex 17.226 -26.938 0
      vertex 17.424 -25.888 0
      vertex 17.293 -27.004 0
    endloop
  endfacet
  facet normal 0 0 -1
    outer loop
      vertex 16.44 -27.07 0
      vertex 17.226 -26.938 0
      vertex 17.162 -27.004 0
    endloop
  endfacet
  facet normal 0 0 -1
    outer loop
      vertex 17.226 -26.938 0
      vertex 17.03 -25.954 0
      vertex 17.424 -25.888 0
    endloop
  endfacet
  facet normal -0 0 -1
    outer loop
      vertex 17.424 -25.888 0
      vertex 17.03 -25.954 0
      vertex 17.096 -25.888 0
    endloop
  endfacet
  facet normal -0 0 -1
    outer loop
      vertex 17.226 -26.938 0
      vertex 16.44 -27.07 0
      vertex 17.03 -25.954 0
    endloop
  endfacet
  facet normal 0 0 -1
    outer loop
      vertex 15.98 -26.152 0
      vertex 16.44 -27.07 0
      vertex 16.374 -27.136 0
    endloop
  endfacet
  facet normal 0 0 -1
    outer loop
      vertex 16.44 -27.07 0
      vertex 16.374 -26.02 0
      vertex 17.03 -25.954 0
    endloop
  endfacet
  facet normal 0 0 -1
    outer loop
      vertex 16.44 -27.07 0
      vertex 15.98 -26.152 0
      vertex 16.374 -26.02 0
    endloop
  endfacet
  facet normal 0 0 -1
    outer loop
      vertex 15.52 -27.201 0
      vertex 15.98 -26.152 0
      vertex 16.374 -27.136 0
    endloop
  endfacet
  facet normal 0 0 -1
    outer loop
      vertex 14.799 -27.266 0
      vertex 15.52 -27.201 0
      vertex 15.456 -27.266 0
    endloop
  endfacet
  facet normal 0 0 -1
    outer loop
      vertex 15.52 -27.201 0
      vertex 15.324 -26.216 0
      vertex 15.98 -26.152 0
    endloop
  endfacet
  facet normal -0 0 -1
    outer loop
      vertex 15.98 -26.152 0
      vertex 15.324 -26.216 0
      vertex 15.389 -26.152 0
    endloop
  endfacet
  facet normal 0 0 -1
    outer loop
      vertex 15.52 -27.201 0
      vertex 14.864 -26.282 0
      vertex 15.324 -26.216 0
    endloop
  endfacet
  facet normal -0 0 -1
    outer loop
      vertex 15.324 -26.216 0
      vertex 14.864 -26.282 0
      vertex 14.931 -26.216 0
    endloop
  endfacet
  facet normal -0 0 -1
    outer loop
      vertex 15.52 -27.201 0
      vertex 14.799 -27.266 0
      vertex 14.864 -26.282 0
    endloop
  endfacet
  facet normal 0 0 -1
    outer loop
      vertex 14.406 -27.332 0
      vertex 14.799 -27.266 0
      vertex 14.734 -27.332 0
    endloop
  endfacet
  facet normal -0 0 -1
    outer loop
      vertex 14.799 -27.266 0
      vertex 14.406 -27.332 0
      vertex 14.864 -26.282 0
    endloop
  endfacet
  facet normal 0 0 -1
    outer loop
      vertex 13.748 -26.348 0
      vertex 14.406 -27.332 0
      vertex 14.273 -27.398 0
    endloop
  endfacet
  facet normal 0 0 -1
    outer loop
      vertex 13.421 -26.874 0
      vertex 14.273 -27.398 0
      vertex 13.88 -27.989 0
    endloop
  endfacet
  facet normal 0 -0 -1
    outer loop
      vertex 13.552 -26.544 0
      vertex 14.273 -27.398 0
      vertex 13.421 -26.874 0
    endloop
  endfacet
  facet normal 0 0 -1
    outer loop
      vertex 14.406 -27.332 0
      vertex 13.748 -26.348 0
      vertex 14.864 -26.282 0
    endloop
  endfacet
  facet normal 0 0 -1
    outer loop
      vertex 14.273 -27.398 0
      vertex 13.552 -26.544 0
      vertex 13.748 -26.348 0
    endloop
  endfacet
  facet normal 0 0 -1
    outer loop
      vertex 13.88 -27.989 0
      vertex 13.026 -27.398 0
      vertex 13.421 -26.874 0
    endloop
  endfacet
  facet normal 0 0 -1
    outer loop
      vertex 12.37 -27.989 0
      vertex 13.88 -27.989 0
      vertex 12.83 -28.908 0
    endloop
  endfacet
  facet normal 0 0 -1
    outer loop
      vertex 13.88 -27.989 0
      vertex 12.37 -27.989 0
      vertex 13.026 -27.398 0
    endloop
  endfacet
  facet normal 0 0 -1
    outer loop
      vertex 11.648 -28.382 0
      vertex 12.83 -28.908 0
      vertex 11.648 -29.498 0
    endloop
  endfacet
  facet normal 0 0 -1
    outer loop
      vertex 12.83 -28.908 0
      vertex 11.648 -28.382 0
      vertex 12.37 -27.989 0
    endloop
  endfacet
  facet normal 0 0 -1
    outer loop
      vertex 11.648 -29.498 0
      vertex 10.927 -28.644 0
      vertex 11.648 -28.382 0
    endloop
  endfacet
  facet normal 0 0 -1
    outer loop
      vertex 10.401 -28.776 0
      vertex 10.927 -28.644 0
      vertex 11.648 -29.498 0
    endloop
  endfacet
  facet normal -0 0 -1
    outer loop
      vertex 10.927 -28.644 0
      vertex 10.401 -28.776 0
      vertex 10.73 -28.644 0
    endloop
  endfacet
  facet normal 0 0 -1
    outer loop
      vertex 10.139 -29.891 0
      vertex 10.401 -28.776 0
      vertex 11.648 -29.498 0
    endloop
  endfacet
  facet normal 0 0 -1
    outer loop
      vertex 10.008 -28.841 0
      vertex 10.401 -28.776 0
      vertex 10.139 -29.891 0
    endloop
  endfacet
  facet normal -0 0 -1
    outer loop
      vertex 10.401 -28.776 0
      vertex 10.008 -28.841 0
      vertex 10.074 -28.776 0
    endloop
  endfacet
  facet normal 0 0 -1
    outer loop
      vertex 9.549 -28.908 0
      vertex 10.008 -28.841 0
      vertex 10.139 -29.891 0
    endloop
  endfacet
  facet normal -0 0 -1
    outer loop
      vertex 10.008 -28.841 0
      vertex 9.549 -28.908 0
      vertex 9.614 -28.841 0
    endloop
  endfacet
  facet normal 0 0 -1
    outer loop
      vertex 8.30199 -28.908 0
      vertex 10.139 -29.891 0
      vertex 8.43399 -31.335 0
    endloop
  endfacet
  facet normal 0 0 -1
    outer loop
      vertex 10.139 -29.891 0
      vertex 8.30199 -28.908 0
      vertex 9.549 -28.908 0
    endloop
  endfacet
  facet normal 0 0 -1
    outer loop
      vertex 7.31799 -28.776 0
      vertex 8.30199 -28.908 0
      vertex 8.43399 -31.335 0
    endloop
  endfacet
  facet normal 0 0 -1
    outer loop
      vertex 8.30199 -28.908 0
      vertex 7.31799 -28.776 0
      vertex 8.23599 -28.841 0
    endloop
  endfacet
  facet normal 0 0 -1
    outer loop
      vertex 7.12 -32.189 0
      vertex 7.31799 -28.776 0
      vertex 8.43399 -31.335 0
    endloop
  endfacet
  facet normal 0 0 -1
    outer loop
      vertex 6.59599 -28.644 0
      vertex 7.31799 -28.776 0
      vertex 7.12 -32.189 0
    endloop
  endfacet
  facet normal 0 0 -1
    outer loop
      vertex 7.31799 -28.776 0
      vertex 6.59599 -28.644 0
      vertex 6.98999 -28.644 0
    endloop
  endfacet
  facet normal 0 0 -1
    outer loop
      vertex 5.74199 -28.513 0
      vertex 6.59599 -28.644 0
      vertex 7.12 -32.189 0
    endloop
  endfacet
  facet normal 0 0 -1
    outer loop
      vertex 6.59599 -28.644 0
      vertex 5.74199 -28.513 0
      vertex 6.267 -28.513 0
    endloop
  endfacet
  facet normal 0 0 -1
    outer loop
      vertex 5.48 -33.042 0
      vertex 5.74199 -28.513 0
      vertex 7.12 -32.189 0
    endloop
  endfacet
  facet normal -0 0 -1
    outer loop
      vertex 5.74199 -28.513 0
      vertex 5.48 -33.042 0
      vertex 5.284 -28.448 0
    endloop
  endfacet
  facet normal 0 0 -1
    outer loop
      vertex 5.74199 -28.513 0
      vertex 5.284 -28.448 0
      vertex 5.67699 -28.448 0
    endloop
  endfacet
  facet normal 0 0 -1
    outer loop
      vertex 2.92099 -28.448 0
      vertex 5.284 -28.448 0
      vertex 5.48 -33.042 0
    endloop
  endfacet
  facet normal 0 0 -1
    outer loop
      vertex 2.92099 -28.448 0
      vertex 5.48 -33.042 0
      vertex 3.31499 -33.829 0
    endloop
  endfacet
  facet normal 0 0 -1
    outer loop
      vertex 5.284 -28.448 0
      vertex 2.92099 -28.448 0
      vertex 5.21799 -28.382 0
    endloop
  endfacet
  facet normal -0 0 -1
    outer loop
      vertex 5.21799 -28.382 0
      vertex 2.92099 -28.448 0
      vertex 2.98599 -28.382 0
    endloop
  endfacet
  facet normal 0 0 -1
    outer loop
      vertex 1.87 -28.644 0
      vertex 3.31499 -33.829 0
      vertex 2.52599 -33.96 0
    endloop
  endfacet
  facet normal 0 0 -1
    outer loop
      vertex 1.937 -34.092 0
      vertex 2.52599 -33.96 0
      vertex 2.26399 -34.092 0
    endloop
  endfacet
  facet normal 0 0 -1
    outer loop
      vertex 3.31499 -33.829 0
      vertex 1.87 -28.644 0
      vertex 2.92099 -28.448 0
    endloop
  endfacet
  facet normal -0 0 -1
    outer loop
      vertex 2.52599 -33.96 0
      vertex 1.937 -34.092 0
      vertex 0.55899 -29.171 0
    endloop
  endfacet
  facet normal 0 0 -1
    outer loop
      vertex 2.92099 -28.448 0
      vertex 1.87 -28.644 0
      vertex 2.133 -28.513 0
    endloop
  endfacet
  facet normal 0 0 -1
    outer loop
      vertex 2.52599 -33.96 0
      vertex 0.55899 -29.171 0
      vertex 1.87 -28.644 0
    endloop
  endfacet
  facet normal 0 0 -1
    outer loop
      vertex 1.14799 -34.224 0
      vertex 1.937 -34.092 0
      vertex 1.543 -34.224 0
    endloop
  endfacet
  facet normal -0 0 -1
    outer loop
      vertex 1.937 -34.092 0
      vertex 1.14799 -34.224 0
      vertex 0.55899 -29.171 0
    endloop
  endfacet
  facet normal 0 0 -1
    outer loop
      vertex 0.689987 -34.288 0
      vertex 1.14799 -34.224 0
      vertex 1.084 -34.288 0
    endloop
  endfacet
  facet normal 0 -0 -1
    outer loop
      vertex 0.951996 -28.908 0
      vertex 1.87 -28.644 0
      vertex 0.55899 -29.171 0
    endloop
  endfacet
  facet normal -0 0 -1
    outer loop
      vertex 1.14799 -34.224 0
      vertex 0.689987 -34.288 0
      vertex 0.55899 -29.171 0
    endloop
  endfacet
  facet normal 0 0 -1
    outer loop
      vertex -0.229996 -34.354 0
      vertex 0.689987 -34.288 0
      vertex 0.623993 -34.354 0
    endloop
  endfacet
  facet normal -0 0 -1
    outer loop
      vertex 1.87 -28.644 0
      vertex 0.951996 -28.908 0
      vertex 1.674 -28.644 0
    endloop
  endfacet
  facet normal 0 0 -1
    outer loop
      vertex 0.689987 -34.288 0
      vertex 0.426987 -29.171 0
      vertex 0.55899 -29.171 0
    endloop
  endfacet
  facet normal -0 0 -1
    outer loop
      vertex 0.689987 -34.288 0
      vertex -0.229996 -34.354 0
      vertex 0.426987 -29.171 0
    endloop
  endfacet
  facet normal 0 0 -1
    outer loop
      vertex 15.98 -4.758 0
      vertex 16.571 6.79199 0
      vertex 16.374 -5.349 0
    endloop
  endfacet
  facet normal 0 0 -1
    outer loop
      vertex 14.996 -3.57599 0
      vertex 16.571 6.79199 0
      vertex 15.98 -4.758 0
    endloop
  endfacet
  facet normal 0 0 -1
    outer loop
      vertex 13.618 -2.198 0
      vertex 16.571 6.79199 0
      vertex 14.996 -3.57599 0
    endloop
  endfacet
  facet normal 0 0 -1
    outer loop
      vertex 12.699 -1.40999 0
      vertex 16.571 6.79199 0
      vertex 13.618 -2.198 0
    endloop
  endfacet
  facet normal 0 0 -1
    outer loop
      vertex 11.452 -0.491989 0
      vertex 16.571 6.79199 0
      vertex 12.699 -1.40999 0
    endloop
  endfacet
  facet normal 0 0 -1
    outer loop
      vertex 10.206 0.29599 0
      vertex 16.571 6.79199 0
      vertex 11.452 -0.491989 0
    endloop
  endfacet
  facet normal 0 0 -1
    outer loop
      vertex 7.77599 6.79199 0
      vertex 10.206 0.29599 0
      vertex 8.105 1.34599 0
    endloop
  endfacet
  facet normal 0 0 -1
    outer loop
      vertex 10.206 0.29599 0
      vertex 7.77599 6.79199 0
      vertex 16.571 6.79199 0
    endloop
  endfacet
  facet normal 0 0 -1
    outer loop
      vertex 7.12 1.739 0
      vertex 8.105 1.34599 0
      vertex 7.31799 1.60799 0
    endloop
  endfacet
  facet normal 0 0 -1
    outer loop
      vertex 6.924 1.739 0
      vertex 7.77599 6.79199 0
      vertex 7.12 1.739 0
    endloop
  endfacet
  facet normal 0 0 -1
    outer loop
      vertex 8.105 1.34599 0
      vertex 7.12 1.739 0
      vertex 7.77599 6.79199 0
    endloop
  endfacet
  facet normal 0 0 -1
    outer loop
      vertex 16.309 24.446 0
      vertex 16.177 24.052 0
      vertex 16.177 24.248 0
    endloop
  endfacet
  facet normal 0 0 -1
    outer loop
      vertex 16.177 24.052 0
      vertex 16.046 23.724 0
      vertex 16.046 23.856 0
    endloop
  endfacet
  facet normal 0 0 -1
    outer loop
      vertex 13.356 -22.41 0
      vertex 15.062 -21.754 0
      vertex 15.062 -21.951 0
    endloop
  endfacet
  facet normal 0 0 -1
    outer loop
      vertex 15.062 -21.754 0
      vertex 14.931 -10.861 0
      vertex 14.996 -10.794 0
    endloop
  endfacet
  facet normal 0 0 -1
    outer loop
      vertex 13.356 -22.41 0
      vertex 15.062 -21.951 0
      vertex 14.799 -22.739 0
    endloop
  endfacet
  facet normal 0 0 -1
    outer loop
      vertex 13.748 -23.132 0
      vertex 14.799 -22.739 0
      vertex 14.471 -23.854 0
    endloop
  endfacet
  facet normal 0 0 -1
    outer loop
      vertex 14.011 -23.92 0
      vertex 14.471 -23.854 0
      vertex 14.406 -23.92 0
    endloop
  endfacet
  facet normal -0 0 -1
    outer loop
      vertex 14.471 -23.854 0
      vertex 14.011 -23.92 0
      vertex 13.748 -23.132 0
    endloop
  endfacet
  facet normal -0 0 -1
    outer loop
      vertex 14.799 -22.739 0
      vertex 13.748 -23.132 0
      vertex 13.356 -22.41 0
    endloop
  endfacet
  facet normal -0 0 -1
    outer loop
      vertex 15.062 -21.754 0
      vertex 13.356 -22.41 0
      vertex 12.568 -21.557 0
    endloop
  endfacet
  facet normal 0 0 -1
    outer loop
      vertex 15.062 -21.754 0
      vertex 12.568 -21.557 0
      vertex 12.108 -21.23 0
    endloop
  endfacet
  facet normal 0 0 -1
    outer loop
      vertex 15.062 -21.754 0
      vertex 13.684 -11.188 0
      vertex 14.931 -10.861 0
    endloop
  endfacet
  facet normal 0 0 -1
    outer loop
      vertex 14.931 -10.861 0
      vertex 13.684 -11.188 0
      vertex 13.946 -11.057 0
    endloop
  endfacet
  facet normal 0 0 -1
    outer loop
      vertex 15.062 -21.754 0
      vertex 12.108 -21.23 0
      vertex 13.29 -11.32 0
    endloop
  endfacet
  facet normal -0 0 -1
    outer loop
      vertex 13.684 -11.188 0
      vertex 13.29 -11.32 0
      vertex 13.486 -11.188 0
    endloop
  endfacet
  facet normal 0 0 -1
    outer loop
      vertex 15.062 -21.754 0
      vertex 13.29 -11.32 0
      vertex 13.684 -11.188 0
    endloop
  endfacet
  facet normal 0 0 -1
    outer loop
      vertex 11.517 -12.108 0
      vertex 13.29 -11.32 0
      vertex 12.108 -21.23 0
    endloop
  endfacet
  facet normal 0 0 -1
    outer loop
      vertex 11.517 -12.108 0
      vertex 12.108 -21.23 0
      vertex 11.584 -20.966 0
    endloop
  endfacet
  facet normal 0 0 -1
    outer loop
      vertex 13.29 -11.32 0
      vertex 11.517 -12.108 0
      vertex 12.174 -11.713 0
    endloop
  endfacet
  facet normal 0 0 -1
    outer loop
      vertex 9.02299 -13.551 0
      vertex 11.517 -12.108 0
      vertex 11.584 -20.966 0
    endloop
  endfacet
  facet normal 0 0 -1
    outer loop
      vertex 9.02299 -13.551 0
      vertex 11.584 -20.966 0
      vertex 10.665 -20.704 0
    endloop
  endfacet
  facet normal 0 0 -1
    outer loop
      vertex 9.02299 -13.551 0
      vertex 10.665 -20.704 0
      vertex 9.418 -20.704 0
    endloop
  endfacet
  facet normal 0 0 -1
    outer loop
      vertex 8.827 -20.835 0
      vertex 9.418 -20.704 0
      vertex 9.09 -20.835 0
    endloop
  endfacet
  facet normal -0 0 -1
    outer loop
      vertex 11.517 -12.108 0
      vertex 9.02299 -13.551 0
      vertex 11.386 -12.108 0
    endloop
  endfacet
  facet normal -0 0 -1
    outer loop
      vertex 9.418 -20.704 0
      vertex 8.827 -20.835 0
      vertex 6.59599 -15.388 0
    endloop
  endfacet
  facet normal 0 0 -1
    outer loop
      vertex 8.105 -21.098 0
      vertex 8.827 -20.835 0
      vertex 8.62999 -20.966 0
    endloop
  endfacet
  facet normal -0 0 -1
    outer loop
      vertex 8.827 -20.835 0
      vertex 8.105 -21.098 0
      vertex 6.59599 -15.388 0
    endloop
  endfacet
  facet normal 0 0 -1
    outer loop
      vertex 6.59599 -15.388 0
      vertex 8.105 -21.098 0
      vertex 6.924 -21.688 0
    endloop
  endfacet
  facet normal 0 0 -1
    outer loop
      vertex 6.59599 -15.388 0
      vertex 6.924 -21.688 0
      vertex 6.793 -21.82 0
    endloop
  endfacet
  facet normal 0 0 -1
    outer loop
      vertex 9.418 -20.704 0
      vertex 6.59599 -15.388 0
      vertex 9.02299 -13.551 0
    endloop
  endfacet
  facet normal -0 0 -1
    outer loop
      vertex 15.586 -19.72 0
      vertex 15.52 -19.786 0
      vertex 15.586 -19.326 0
    endloop
  endfacet
  facet normal -0 0 -1
    outer loop
      vertex 15.784 -18.079 0
      vertex 15.718 -18.146 0
      vertex 15.784 -16.898 0
    endloop
  endfacet
  facet normal 0 0 -1
    outer loop
      vertex 15.784 -16.898 0
      vertex 15.718 -14.404 0
      vertex 15.849 -16.832 0
    endloop
  endfacet
  facet normal 0 0 -1
    outer loop
      vertex 15.651 -14.338 0
      vertex 15.784 -16.898 0
      vertex 15.718 -18.146 0
    endloop
  endfacet
  facet normal 0 0 -1
    outer loop
      vertex 15.586 -19.326 0
      vertex 15.651 -18.867 0
      vertex 15.651 -19.26 0
    endloop
  endfacet
  facet normal -0 0 -1
    outer loop
      vertex 15.651 -18.867 0
      vertex 15.586 -19.326 0
      vertex 15.651 -14.338 0
    endloop
  endfacet
  facet normal 0 0 -1
    outer loop
      vertex 15.324 -20.704 0
      vertex 15.586 -19.326 0
      vertex 15.52 -19.786 0
    endloop
  endfacet
  facet normal 0 0 -1
    outer loop
      vertex 15.324 -20.704 0
      vertex 15.52 -19.786 0
      vertex 15.456 -20.441 0
    endloop
  endfacet
  facet normal -0 0 -1
    outer loop
      vertex 15.586 -19.326 0
      vertex 15.324 -20.704 0
      vertex 15.651 -14.338 0
    endloop
  endfacet
  facet normal 0 0 -1
    outer loop
      vertex 15.258 -12.173 0
      vertex 15.651 -14.338 0
      vertex 15.324 -20.704 0
    endloop
  endfacet
  facet normal 0 0 -1
    outer loop
      vertex 15.651 -14.338 0
      vertex 15.258 -12.173 0
      vertex 15.456 -12.829 0
    endloop
  endfacet
  facet normal -0 0 -1
    outer loop
      vertex 15.324 -20.704 0
      vertex 15.062 -21.754 0
      vertex 15.258 -12.173 0
    endloop
  endfacet
  facet normal 0 0 -1
    outer loop
      vertex 15.062 -21.754 0
      vertex 15.324 -20.704 0
      vertex 15.193 -21.492 0
    endloop
  endfacet
  facet normal 0 0 -1
    outer loop
      vertex 15.651 -18.867 0
      vertex 15.718 -18.146 0
      vertex 15.718 -18.801 0
    endloop
  endfacet
  facet normal 0 0 -1
    outer loop
      vertex 15.651 -14.338 0
      vertex 15.718 -18.146 0
      vertex 15.651 -18.867 0
    endloop
  endfacet
  facet normal 0 0 -1
    outer loop
      vertex 15.784 -16.898 0
      vertex 15.651 -14.338 0
      vertex 15.718 -14.404 0
    endloop
  endfacet
  facet normal 0 0 -1
    outer loop
      vertex 26.218 -17.948 0
      vertex 26.612 -16.832 0
      vertex 26.612 -17.03 0
    endloop
  endfacet
  facet normal 0 0 -1
    outer loop
      vertex 26.612 -16.832 0
      vertex 20.114 -16.111 0
      vertex 26.612 -14.733 0
    endloop
  endfacet
  facet normal -0 0 -1
    outer loop
      vertex 26.612 -16.832 0
      vertex 26.218 -17.948 0
      vertex 20.114 -16.111 0
    endloop
  endfacet
  facet normal 0 -0 -1
    outer loop
      vertex 25.299 -12.829 0
      vertex 26.612 -14.733 0
      vertex 20.114 -16.111 0
    endloop
  endfacet
  facet normal 0 0 -1
    outer loop
      vertex 20.114 -16.111 0
      vertex 26.218 -17.948 0
      vertex 25.496 -18.932 0
    endloop
  endfacet
  facet normal 0 0 -1
    outer loop
      vertex 26.612 -14.733 0
      vertex 26.152 -13.682 0
      vertex 26.612 -14.535 0
    endloop
  endfacet
  facet normal 0 0 -1
    outer loop
      vertex 20.114 -17.489 0
      vertex 25.496 -18.932 0
      vertex 24.118 -20.179 0
    endloop
  endfacet
  facet normal 0 0 -1
    outer loop
      vertex 26.612 -14.733 0
      vertex 25.299 -12.829 0
      vertex 26.152 -13.682 0
    endloop
  endfacet
  facet normal 0 0 -1
    outer loop
      vertex 20.049 -15.258 0
      vertex 25.299 -12.829 0
      vertex 20.114 -16.111 0
    endloop
  endfacet
  facet normal -0 0 -1
    outer loop
      vertex 25.299 -12.829 0
      vertex 20.049 -15.258 0
      vertex 24.052 -11.977 0
    endloop
  endfacet
  facet normal 0 0 -1
    outer loop
      vertex 19.984 -19.26 0
      vertex 24.118 -20.179 0
      vertex 22.805 -21.098 0
    endloop
  endfacet
  facet normal 0 0 -1
    outer loop
      vertex 19.984 -14.471 0
      vertex 24.052 -11.977 0
      vertex 20.049 -15.258 0
    endloop
  endfacet
  facet normal 0 -0 -1
    outer loop
      vertex 22.871 -11.451 0
      vertex 24.052 -11.977 0
      vertex 19.984 -14.471 0
    endloop
  endfacet
  facet normal 0 0 -1
    outer loop
      vertex 24.052 -11.977 0
      vertex 22.871 -11.451 0
      vertex 23.002 -11.451 0
    endloop
  endfacet
  facet normal 0 0 -1
    outer loop
      vertex 19.852 -13.551 0
      vertex 22.871 -11.451 0
      vertex 19.984 -14.471 0
    endloop
  endfacet
  facet normal 0 0 -1
    outer loop
      vertex 22.871 -11.451 0
      vertex 21.755 -11.057 0
      vertex 21.952 -11.057 0
    endloop
  endfacet
  facet normal 0 0 -1
    outer loop
      vertex 19.852 -20.179 0
      vertex 22.805 -21.098 0
      vertex 20.836 -22.148 0
    endloop
  endfacet
  facet normal 0 0 -1
    outer loop
      vertex 19.72 -20.835 0
      vertex 20.836 -22.148 0
      vertex 20.706 -22.148 0
    endloop
  endfacet
  facet normal 0 -0 -1
    outer loop
      vertex 21.755 -11.057 0
      vertex 22.871 -11.451 0
      vertex 19.852 -13.551 0
    endloop
  endfacet
  facet normal 0 0 -1
    outer loop
      vertex 19.72 -12.895 0
      vertex 21.755 -11.057 0
      vertex 19.852 -13.551 0
    endloop
  endfacet
  facet normal 0 0 -1
    outer loop
      vertex 25.496 -18.932 0
      vertex 20.114 -17.489 0
      vertex 20.114 -16.111 0
    endloop
  endfacet
  facet normal 0 0 -1
    outer loop
      vertex 24.118 -20.179 0
      vertex 19.984 -19.26 0
      vertex 20.114 -17.489 0
    endloop
  endfacet
  facet normal 0 0 -1
    outer loop
      vertex 20.114 -17.489 0
      vertex 19.984 -19.26 0
      vertex 20.049 -17.554 0
    endloop
  endfacet
  facet normal 0 0 -1
    outer loop
      vertex 19.59 -21.426 0
      vertex 20.706 -22.148 0
      vertex 19.918 -22.542 0
    endloop
  endfacet
  facet normal 0 0 -1
    outer loop
      vertex 22.805 -21.098 0
      vertex 19.852 -20.179 0
      vertex 19.984 -19.26 0
    endloop
  endfacet
  facet normal 0 0 -1
    outer loop
      vertex 19.984 -19.26 0
      vertex 19.852 -20.179 0
      vertex 19.918 -19.326 0
    endloop
  endfacet
  facet normal 0 0 -1
    outer loop
      vertex 20.836 -22.148 0
      vertex 19.72 -20.835 0
      vertex 19.852 -20.179 0
    endloop
  endfacet
  facet normal 0 0 -1
    outer loop
      vertex 19.59 -21.426 0
      vertex 19.918 -22.542 0
      vertex 19.72 -22.542 0
    endloop
  endfacet
  facet normal 0 0 -1
    outer loop
      vertex 19.852 -20.179 0
      vertex 19.72 -20.835 0
      vertex 19.787 -20.246 0
    endloop
  endfacet
  facet normal 0 0 -1
    outer loop
      vertex 20.706 -22.148 0
      vertex 19.59 -21.426 0
      vertex 19.72 -20.835 0
    endloop
  endfacet
  facet normal 0 0 -1
    outer loop
      vertex 19.196 -21.688 0
      vertex 19.72 -22.542 0
      vertex 19.524 -22.673 0
    endloop
  endfacet
  facet normal 0 0 -1
    outer loop
      vertex 19.72 -22.542 0
      vertex 19.196 -21.688 0
      vertex 19.59 -21.426 0
    endloop
  endfacet
  facet normal 0 0 -1
    outer loop
      vertex 18.606 -21.82 0
      vertex 19.524 -22.673 0
      vertex 18.736 -22.935 0
    endloop
  endfacet
  facet normal 0 0 -1
    outer loop
      vertex 19.524 -22.673 0
      vertex 18.606 -21.82 0
      vertex 19.196 -21.688 0
    endloop
  endfacet
  facet normal 0 0 -1
    outer loop
      vertex 18.409 -21.951 0
      vertex 18.736 -22.935 0
      vertex 18.54 -22.935 0
    endloop
  endfacet
  facet normal 0 0 -1
    outer loop
      vertex 18.736 -22.935 0
      vertex 18.409 -21.951 0
      vertex 18.606 -21.82 0
    endloop
  endfacet
  facet normal 0 0 -1
    outer loop
      vertex 18.146 -21.951 0
      vertex 18.54 -22.935 0
      vertex 18.276 -23.066 0
    endloop
  endfacet
  facet normal 0 0 -1
    outer loop
      vertex 18.54 -22.935 0
      vertex 18.146 -21.951 0
      vertex 18.409 -21.951 0
    endloop
  endfacet
  facet normal 0 0 -1
    outer loop
      vertex 18.014 -23.066 0
      vertex 18.146 -21.951 0
      vertex 18.276 -23.066 0
    endloop
  endfacet
  facet normal 0 0 -1
    outer loop
      vertex 17.424 -22.213 0
      vertex 18.014 -23.066 0
      vertex 17.752 -23.198 0
    endloop
  endfacet
  facet normal 0 0 -1
    outer loop
      vertex 17.424 -22.213 0
      vertex 17.752 -23.198 0
      vertex 17.49 -23.198 0
    endloop
  endfacet
  facet normal 0 0 -1
    outer loop
      vertex 18.014 -23.066 0
      vertex 17.424 -22.213 0
      vertex 18.146 -21.951 0
    endloop
  endfacet
  facet normal 0 0 -1
    outer loop
      vertex 17.49 -23.198 0
      vertex 17.162 -22.213 0
      vertex 17.424 -22.213 0
    endloop
  endfacet
  facet normal 0 0 -1
    outer loop
      vertex 17.49 -23.198 0
      vertex 16.898 -22.344 0
      vertex 17.162 -22.213 0
    endloop
  endfacet
  facet normal 0 0 -1
    outer loop
      vertex 16.702 -23.46 0
      vertex 16.898 -22.344 0
      vertex 17.49 -23.198 0
    endloop
  endfacet
  facet normal 0 0 -1
    outer loop
      vertex 16.571 -22.41 0
      vertex 16.898 -22.344 0
      vertex 16.702 -23.46 0
    endloop
  endfacet
  facet normal -0 0 -1
    outer loop
      vertex 16.898 -22.344 0
      vertex 16.571 -22.41 0
      vertex 16.636 -22.344 0
    endloop
  endfacet
  facet normal 0 0 -1
    outer loop
      vertex 15.849 -23.591 0
      vertex 16.571 -22.41 0
      vertex 16.702 -23.46 0
    endloop
  endfacet
  facet normal 0 0 -1
    outer loop
      vertex 15.456 -22.608 0
      vertex 15.849 -23.591 0
      vertex 15.52 -23.724 0
    endloop
  endfacet
  facet normal 0 0 -1
    outer loop
      vertex 15.849 -23.591 0
      vertex 15.456 -22.608 0
      vertex 16.571 -22.41 0
    endloop
  endfacet
  facet normal 0 0 -1
    outer loop
      vertex 15.126 -22.739 0
      vertex 15.52 -23.724 0
      vertex 15.193 -23.724 0
    endloop
  endfacet
  facet normal 0 0 -1
    outer loop
      vertex 15.52 -23.724 0
      vertex 15.126 -22.739 0
      vertex 15.456 -22.608 0
    endloop
  endfacet
  facet normal 0 0 -1
    outer loop
      vertex 14.799 -22.739 0
      vertex 15.193 -23.724 0
      vertex 14.864 -23.854 0
    endloop
  endfacet
  facet normal 0 0 -1
    outer loop
      vertex 15.193 -23.724 0
      vertex 14.799 -22.739 0
      vertex 15.126 -22.739 0
    endloop
  endfacet
  facet normal 0 -0 -1
    outer loop
      vertex 14.799 -22.739 0
      vertex 14.864 -23.854 0
      vertex 14.471 -23.854 0
    endloop
  endfacet
  facet normal 0 0 -1
    outer loop
      vertex 26.612 -16.832 0
      vertex 26.743 -15.98 0
      vertex 26.743 -16.57 0
    endloop
  endfacet
  facet normal 0 0 -1
    outer loop
      vertex 26.612 -14.733 0
      vertex 26.743 -15.98 0
      vertex 26.612 -16.832 0
    endloop
  endfacet
  facet normal 0 0 -1
    outer loop
      vertex 26.743 -15.98 0
      vertex 26.612 -14.733 0
      vertex 26.743 -14.996 0
    endloop
  endfacet
  facet normal -0 0 -1
    outer loop
      vertex 26.808 -15.914 0
      vertex 26.743 -15.98 0
      vertex 26.743 -14.996 0
    endloop
  endfacet
  facet normal 0 -0 -1
    outer loop
      vertex 21.23 -10.926 0
      vertex 21.755 -11.057 0
      vertex 19.72 -12.895 0
    endloop
  endfacet
  facet normal 0 0 -1
    outer loop
      vertex 20.049 -15.258 0
      vertex 20.114 -16.111 0
      vertex 20.049 -16.044 0
    endloop
  endfacet
  facet normal 0 0 -1
    outer loop
      vertex 21.755 -11.057 0
      vertex 21.23 -10.926 0
      vertex 21.492 -10.926 0
    endloop
  endfacet
  facet normal 0 0 -1
    outer loop
      vertex 19.984 -14.471 0
      vertex 20.049 -15.258 0
      vertex 19.984 -15.191 0
    endloop
  endfacet
  facet normal 0 0 -1
    outer loop
      vertex 19.59 -12.304 0
      vertex 21.23 -10.926 0
      vertex 19.72 -12.895 0
    endloop
  endfacet
  facet normal 0 0 -1
    outer loop
      vertex 19.852 -13.551 0
      vertex 19.984 -14.471 0
      vertex 19.852 -14.01 0
    endloop
  endfacet
  facet normal 0 -0 -1
    outer loop
      vertex 20.64 -10.794 0
      vertex 21.23 -10.926 0
      vertex 19.59 -12.304 0
    endloop
  endfacet
  facet normal 0 0 -1
    outer loop
      vertex 21.23 -10.926 0
      vertex 20.64 -10.794 0
      vertex 20.968 -10.794 0
    endloop
  endfacet
  facet normal 0 0 -1
    outer loop
      vertex 19.72 -12.895 0
      vertex 19.852 -13.551 0
      vertex 19.72 -13.224 0
    endloop
  endfacet
  facet normal 0 0 -1
    outer loop
      vertex 19.458 -12.042 0
      vertex 20.64 -10.794 0
      vertex 19.59 -12.304 0
    endloop
  endfacet
  facet normal 0 0 -1
    outer loop
      vertex 19.392 -11.648 0
      vertex 20.64 -10.794 0
      vertex 19.458 -12.042 0
    endloop
  endfacet
  facet normal 0 0 -1
    outer loop
      vertex 19.59 -12.304 0
      vertex 19.72 -12.895 0
      vertex 19.656 -12.829 0
    endloop
  endfacet
  facet normal -0 0 -1
    outer loop
      vertex 20.312 -10.664 0
      vertex 19.392 -11.648 0
      vertex 19.787 -10.664 0
    endloop
  endfacet
  facet normal -0 0 -1
    outer loop
      vertex 20.64 -10.794 0
      vertex 19.392 -11.648 0
      vertex 20.312 -10.664 0
    endloop
  endfacet
  facet normal 0 0 -1
    outer loop
      vertex 19.327 -10.599 0
      vertex 19.787 -10.664 0
      vertex 19.392 -11.648 0
    endloop
  endfacet
  facet normal 0 0 -1
    outer loop
      vertex 19.787 -10.664 0
      vertex 19.327 -10.599 0
      vertex 19.72 -10.599 0
    endloop
  endfacet
  facet normal 0 0 -1
    outer loop
      vertex 19.065 -11.582 0
      vertex 19.327 -10.599 0
      vertex 19.392 -11.648 0
    endloop
  endfacet
  facet normal 0 0 -1
    outer loop
      vertex 19.065 -11.582 0
      vertex 19.392 -11.648 0
      vertex 19.13 -11.648 0
    endloop
  endfacet
  facet normal -0 0 -1
    outer loop
      vertex 19.327 -10.599 0
      vertex 19.065 -11.582 0
      vertex 19.261 -10.532 0
    endloop
  endfacet
  facet normal 0 0 -1
    outer loop
      vertex 17.096 -11.582 0
      vertex 19.261 -10.532 0
      vertex 19.065 -11.582 0
    endloop
  endfacet
  facet normal 0 0 -1
    outer loop
      vertex 17.096 -11.582 0
      vertex 16.898 -10.532 0
      vertex 19.261 -10.532 0
    endloop
  endfacet
  facet normal 0 0 -1
    outer loop
      vertex 16.309 -11.648 0
      vertex 17.096 -11.582 0
      vertex 17.03 -11.648 0
    endloop
  endfacet
  facet normal 0 0 -1
    outer loop
      vertex 17.096 -11.582 0
      vertex 16.834 -10.599 0
      vertex 16.898 -10.532 0
    endloop
  endfacet
  facet normal -0 0 -1
    outer loop
      vertex 17.096 -11.582 0
      vertex 16.309 -11.648 0
      vertex 16.834 -10.599 0
    endloop
  endfacet
  facet normal 0 0 -1
    outer loop
      vertex 16.834 -10.599 0
      vertex 16.309 -11.648 0
      vertex 16.309 -10.664 0
    endloop
  endfacet
  facet normal -0 0 -1
    outer loop
      vertex 16.834 -10.599 0
      vertex 16.309 -10.664 0
      vertex 16.374 -10.599 0
    endloop
  endfacet
  facet normal 0 0 -1
    outer loop
      vertex 15.784 -10.664 0
      vertex 16.309 -11.648 0
      vertex 16.242 -11.713 0
    endloop
  endfacet
  facet normal 0 0 -1
    outer loop
      vertex 16.309 -11.648 0
      vertex 15.784 -10.664 0
      vertex 16.309 -10.664 0
    endloop
  endfacet
  facet normal 0 0 -1
    outer loop
      vertex 16.242 -11.713 0
      vertex 15.389 -10.794 0
      vertex 15.784 -10.664 0
    endloop
  endfacet
  facet normal 0 0 -1
    outer loop
      vertex 15.258 -11.844 0
      vertex 15.389 -10.794 0
      vertex 16.242 -11.713 0
    endloop
  endfacet
  facet normal 0 0 -1
    outer loop
      vertex 14.996 -10.794 0
      vertex 15.258 -12.173 0
      vertex 15.062 -21.754 0
    endloop
  endfacet
  facet normal 0 0 -1
    outer loop
      vertex 15.258 -11.844 0
      vertex 14.996 -10.794 0
      vertex 15.389 -10.794 0
    endloop
  endfacet
  facet normal 0 0 -1
    outer loop
      vertex 15.258 -12.173 0
      vertex 14.996 -10.794 0
      vertex 15.258 -11.844 0
    endloop
  endfacet
  facet normal 0 0 -1
    outer loop
      vertex 19.72 -20.835 0
      vertex 19.59 -21.426 0
      vertex 19.59 -21.164 0
    endloop
  endfacet
  facet normal 1 -0 0
    outer loop
      vertex 50 -36 3.2
      vertex 50 36 0
      vertex 50 36 3.2
    endloop
  endfacet
  facet normal 1 0 0
    outer loop
      vertex 50 36 0
      vertex 50 -36 3.2
      vertex 50 -36 0
    endloop
  endfacet
  facet normal 0.44227 0.896882 -0
    outer loop
      vertex 43 48.1244 0
      vertex 41.3576 48.9343 3.2
      vertex 43 48.1244 3.2
    endloop
  endfacet
  facet normal 0.44227 0.896882 0
    outer loop
      vertex 41.3576 48.9343 3.2
      vertex 43 48.1244 0
      vertex 41.3576 48.9343 0
    endloop
  endfacet
  facet normal 0.44227 -0.896882 0
    outer loop
      vertex 41.3576 -48.9343 0
      vertex 43 -48.1244 3.2
      vertex 41.3576 -48.9343 3.2
    endloop
  endfacet
  facet normal 0.44227 -0.896882 0
    outer loop
      vertex 43 -48.1244 3.2
      vertex 41.3576 -48.9343 0
      vertex 43 -48.1244 0
    endloop
  endfacet
  facet normal 0.831453 -0.555595 0
    outer loop
      vertex 47.1069 -44.5227 3.2
      vertex 48.1244 -43 0
      vertex 48.1244 -43 3.2
    endloop
  endfacet
  facet normal 0.831453 -0.555595 0
    outer loop
      vertex 48.1244 -43 0
      vertex 47.1069 -44.5227 3.2
      vertex 47.1069 -44.5227 0
    endloop
  endfacet
  facet normal -0 0 1
    outer loop
      vertex 48.6 36.2 3.2
      vertex 50 36 3.2
      vertex 49.8802 37.8274 3.2
    endloop
  endfacet
  facet normal 0 0 1
    outer loop
      vertex 50 36 3.2
      vertex 48.6 36.2 3.2
      vertex 50 -36 3.2
    endloop
  endfacet
  facet normal 0 0 1
    outer loop
      vertex 48.4939 37.8185 3.2
      vertex 49.8802 37.8274 3.2
      vertex 49.523 39.6235 3.2
    endloop
  endfacet
  facet normal 0 0 1
    outer loop
      vertex 48.6 -36.2 3.2
      vertex 50 -36 3.2
      vertex 48.6 36.2 3.2
    endloop
  endfacet
  facet normal 0 0 1
    outer loop
      vertex 48.1775 39.4093 3.2
      vertex 49.523 39.6235 3.2
      vertex 48.9343 41.3576 3.2
    endloop
  endfacet
  facet normal 0 0 1
    outer loop
      vertex 50 -36 3.2
      vertex 48.6 -36.2 3.2
      vertex 49.8802 -37.8274 3.2
    endloop
  endfacet
  facet normal -0 0 1
    outer loop
      vertex 48.4939 -37.8185 3.2
      vertex 49.8802 -37.8274 3.2
      vertex 48.6 -36.2 3.2
    endloop
  endfacet
  facet normal 0 0 1
    outer loop
      vertex 49.8802 37.8274 3.2
      vertex 48.4939 37.8185 3.2
      vertex 48.6 36.2 3.2
    endloop
  endfacet
  facet normal 0 0 1
    outer loop
      vertex 49.523 39.6235 3.2
      vertex 48.1775 39.4093 3.2
      vertex 48.4939 37.8185 3.2
    endloop
  endfacet
  facet normal 0 0 1
    outer loop
      vertex 47.6561 40.9453 3.2
      vertex 48.9343 41.3576 3.2
      vertex 48.1244 43 3.2
    endloop
  endfacet
  facet normal 0 0 1
    outer loop
      vertex 48.9343 41.3576 3.2
      vertex 47.6561 40.9453 3.2
      vertex 48.1775 39.4093 3.2
    endloop
  endfacet
  facet normal 0 0 1
    outer loop
      vertex 46.9387 42.4 3.2
      vertex 48.1244 43 3.2
      vertex 47.1069 44.5227 3.2
    endloop
  endfacet
  facet normal 0 0 1
    outer loop
      vertex 48.1244 43 3.2
      vertex 46.9387 42.4 3.2
      vertex 47.6561 40.9453 3.2
    endloop
  endfacet
  facet normal 0 0 1
    outer loop
      vertex 47.1069 44.5227 3.2
      vertex 46.0376 43.7486 3.2
      vertex 46.9387 42.4 3.2
    endloop
  endfacet
  facet normal 0 0 1
    outer loop
      vertex 45.8995 45.8995 3.2
      vertex 46.0376 43.7486 3.2
      vertex 47.1069 44.5227 3.2
    endloop
  endfacet
  facet normal 0 0 1
    outer loop
      vertex 45.8995 45.8995 3.2
      vertex 44.9681 44.9681 3.2
      vertex 46.0376 43.7486 3.2
    endloop
  endfacet
  facet normal -0 0 1
    outer loop
      vertex 43.7486 46.0376 3.2
      vertex 45.8995 45.8995 3.2
      vertex 44.5227 47.1069 3.2
    endloop
  endfacet
  facet normal 0 0 1
    outer loop
      vertex 45.8995 45.8995 3.2
      vertex 43.7486 46.0376 3.2
      vertex 44.9681 44.9681 3.2
    endloop
  endfacet
  facet normal 0 0 1
    outer loop
      vertex 42.4 46.9387 3.2
      vertex 44.5227 47.1069 3.2
      vertex 43 48.1244 3.2
    endloop
  endfacet
  facet normal 0 0 1
    outer loop
      vertex 44.5227 47.1069 3.2
      vertex 42.4 46.9387 3.2
      vertex 43.7486 46.0376 3.2
    endloop
  endfacet
  facet normal 0 0 1
    outer loop
      vertex 40.9453 47.6561 3.2
      vertex 43 48.1244 3.2
      vertex 41.3576 48.9343 3.2
    endloop
  endfacet
  facet normal 0 0 1
    outer loop
      vertex 43 48.1244 3.2
      vertex 40.9453 47.6561 3.2
      vertex 42.4 46.9387 3.2
    endloop
  endfacet
  facet normal 0 0 1
    outer loop
      vertex 39.4093 48.1775 3.2
      vertex 41.3576 48.9343 3.2
      vertex 39.6235 49.523 3.2
    endloop
  endfacet
  facet normal 0 0 1
    outer loop
      vertex 41.3576 48.9343 3.2
      vertex 39.4093 48.1775 3.2
      vertex 40.9453 47.6561 3.2
    endloop
  endfacet
  facet normal 0 0 1
    outer loop
      vertex 37.8185 48.4939 3.2
      vertex 39.6235 49.523 3.2
      vertex 37.8274 49.8802 3.2
    endloop
  endfacet
  facet normal 0 0 1
    outer loop
      vertex 39.6235 49.523 3.2
      vertex 37.8185 48.4939 3.2
      vertex 39.4093 48.1775 3.2
    endloop
  endfacet
  facet normal 0 0 1
    outer loop
      vertex 37.8274 49.8802 3.2
      vertex 36.2 48.6 3.2
      vertex 37.8185 48.4939 3.2
    endloop
  endfacet
  facet normal 0 0 1
    outer loop
      vertex 36 50 3.2
      vertex 36.2 48.6 3.2
      vertex 37.8274 49.8802 3.2
    endloop
  endfacet
  facet normal -0 0 1
    outer loop
      vertex -36 50 3.2
      vertex 36.2 48.6 3.2
      vertex 36 50 3.2
    endloop
  endfacet
  facet normal 0 0 1
    outer loop
      vertex -36 50 3.2
      vertex -36.2 48.6 3.2
      vertex 36.2 48.6 3.2
    endloop
  endfacet
  facet normal -0 0 1
    outer loop
      vertex -37.8274 49.8802 3.2
      vertex -36.2 48.6 3.2
      vertex -36 50 3.2
    endloop
  endfacet
  facet normal 0 0 1
    outer loop
      vertex -36.2 48.6 3.2
      vertex -37.8274 49.8802 3.2
      vertex -37.8185 48.4939 3.2
    endloop
  endfacet
  facet normal -0 0 1
    outer loop
      vertex -39.6235 49.523 3.2
      vertex -37.8185 48.4939 3.2
      vertex -37.8274 49.8802 3.2
    endloop
  endfacet
  facet normal 0 0 1
    outer loop
      vertex -37.8185 48.4939 3.2
      vertex -39.6235 49.523 3.2
      vertex -39.4093 48.1775 3.2
    endloop
  endfacet
  facet normal -0 0 1
    outer loop
      vertex -41.3576 48.9343 3.2
      vertex -39.4093 48.1775 3.2
      vertex -39.6235 49.523 3.2
    endloop
  endfacet
  facet normal 0 0 1
    outer loop
      vertex -39.4093 48.1775 3.2
      vertex -41.3576 48.9343 3.2
      vertex -40.9453 47.6561 3.2
    endloop
  endfacet
  facet normal -0 0 1
    outer loop
      vertex -43 48.1244 3.2
      vertex -40.9453 47.6561 3.2
      vertex -41.3576 48.9343 3.2
    endloop
  endfacet
  facet normal 0 0 1
    outer loop
      vertex -40.9453 47.6561 3.2
      vertex -43 48.1244 3.2
      vertex -42.4 46.9387 3.2
    endloop
  endfacet
  facet normal -0 0 1
    outer loop
      vertex -44.5227 47.1069 3.2
      vertex -42.4 46.9387 3.2
      vertex -43 48.1244 3.2
    endloop
  endfacet
  facet normal 0 0 1
    outer loop
      vertex -42.4 46.9387 3.2
      vertex -44.5227 47.1069 3.2
      vertex -43.7486 46.0376 3.2
    endloop
  endfacet
  facet normal 0 0 1
    outer loop
      vertex -45.8995 45.8995 3.2
      vertex -43.7486 46.0376 3.2
      vertex -44.5227 47.1069 3.2
    endloop
  endfacet
  facet normal 0 0 1
    outer loop
      vertex -43.7486 46.0376 3.2
      vertex -45.8995 45.8995 3.2
      vertex -44.9681 44.9681 3.2
    endloop
  endfacet
  facet normal 0 0 1
    outer loop
      vertex -45.8995 45.8995 3.2
      vertex -46.0376 43.7486 3.2
      vertex -44.9681 44.9681 3.2
    endloop
  endfacet
  facet normal -0 0 1
    outer loop
      vertex -47.1069 44.5227 3.2
      vertex -46.0376 43.7486 3.2
      vertex -45.8995 45.8995 3.2
    endloop
  endfacet
  facet normal 0 0 1
    outer loop
      vertex -46.0376 43.7486 3.2
      vertex -47.1069 44.5227 3.2
      vertex -46.9387 42.4 3.2
    endloop
  endfacet
  facet normal -0 0 1
    outer loop
      vertex -48.1244 43 3.2
      vertex -46.9387 42.4 3.2
      vertex -47.1069 44.5227 3.2
    endloop
  endfacet
  facet normal 0 0 1
    outer loop
      vertex -46.9387 42.4 3.2
      vertex -48.1244 43 3.2
      vertex -47.6561 40.9453 3.2
    endloop
  endfacet
  facet normal -0 0 1
    outer loop
      vertex -48.9343 41.3576 3.2
      vertex -47.6561 40.9453 3.2
      vertex -48.1244 43 3.2
    endloop
  endfacet
  facet normal 0 0 1
    outer loop
      vertex -47.6561 40.9453 3.2
      vertex -48.9343 41.3576 3.2
      vertex -48.1775 39.4093 3.2
    endloop
  endfacet
  facet normal -0 0 1
    outer loop
      vertex -49.8802 37.8274 3.2
      vertex -48.4939 37.8185 3.2
      vertex -49.523 39.6235 3.2
    endloop
  endfacet
  facet normal 0 0 1
    outer loop
      vertex -48.1775 39.4093 3.2
      vertex -49.523 39.6235 3.2
      vertex -48.4939 37.8185 3.2
    endloop
  endfacet
  facet normal -0 0 1
    outer loop
      vertex -49.523 39.6235 3.2
      vertex -48.1775 39.4093 3.2
      vertex -48.9343 41.3576 3.2
    endloop
  endfacet
  facet normal 0 0 1
    outer loop
      vertex 49.8802 -37.8274 3.2
      vertex 48.4939 -37.8185 3.2
      vertex 49.523 -39.6235 3.2
    endloop
  endfacet
  facet normal -0 0 1
    outer loop
      vertex 48.1775 -39.4093 3.2
      vertex 49.523 -39.6235 3.2
      vertex 48.4939 -37.8185 3.2
    endloop
  endfacet
  facet normal 0 0 1
    outer loop
      vertex 49.523 -39.6235 3.2
      vertex 48.1775 -39.4093 3.2
      vertex 48.9343 -41.3576 3.2
    endloop
  endfacet
  facet normal -0 0 1
    outer loop
      vertex 47.6561 -40.9453 3.2
      vertex 48.9343 -41.3576 3.2
      vertex 48.1775 -39.4093 3.2
    endloop
  endfacet
  facet normal 0 0 1
    outer loop
      vertex 48.9343 -41.3576 3.2
      vertex 47.6561 -40.9453 3.2
      vertex 48.1244 -43 3.2
    endloop
  endfacet
  facet normal -0 0 1
    outer loop
      vertex 46.9387 -42.4 3.2
      vertex 48.1244 -43 3.2
      vertex 47.6561 -40.9453 3.2
    endloop
  endfacet
  facet normal 0 0 1
    outer loop
      vertex 48.1244 -43 3.2
      vertex 46.9387 -42.4 3.2
      vertex 47.1069 -44.5227 3.2
    endloop
  endfacet
  facet normal -0 0 1
    outer loop
      vertex 46.0376 -43.7486 3.2
      vertex 47.1069 -44.5227 3.2
      vertex 46.9387 -42.4 3.2
    endloop
  endfacet
  facet normal 0 0 1
    outer loop
      vertex 46.0376 -43.7486 3.2
      vertex 45.8995 -45.8995 3.2
      vertex 47.1069 -44.5227 3.2
    endloop
  endfacet
  facet normal -0 0 1
    outer loop
      vertex 44.9681 -44.9681 3.2
      vertex 45.8995 -45.8995 3.2
      vertex 46.0376 -43.7486 3.2
    endloop
  endfacet
  facet normal 0 0 1
    outer loop
      vertex 43.7486 -46.0376 3.2
      vertex 45.8995 -45.8995 3.2
      vertex 44.9681 -44.9681 3.2
    endloop
  endfacet
  facet normal 0 0 1
    outer loop
      vertex 45.8995 -45.8995 3.2
      vertex 43.7486 -46.0376 3.2
      vertex 44.5227 -47.1069 3.2
    endloop
  endfacet
  facet normal -0 0 1
    outer loop
      vertex 42.4 -46.9387 3.2
      vertex 44.5227 -47.1069 3.2
      vertex 43.7486 -46.0376 3.2
    endloop
  endfacet
  facet normal 0 0 1
    outer loop
      vertex 44.5227 -47.1069 3.2
      vertex 42.4 -46.9387 3.2
      vertex 43 -48.1244 3.2
    endloop
  endfacet
  facet normal -0 0 1
    outer loop
      vertex 40.9453 -47.6561 3.2
      vertex 43 -48.1244 3.2
      vertex 42.4 -46.9387 3.2
    endloop
  endfacet
  facet normal 0 0 1
    outer loop
      vertex 43 -48.1244 3.2
      vertex 40.9453 -47.6561 3.2
      vertex 41.3576 -48.9343 3.2
    endloop
  endfacet
  facet normal -0 0 1
    outer loop
      vertex 39.4093 -48.1775 3.2
      vertex 41.3576 -48.9343 3.2
      vertex 40.9453 -47.6561 3.2
    endloop
  endfacet
  facet normal 0 0 1
    outer loop
      vertex 41.3576 -48.9343 3.2
      vertex 39.4093 -48.1775 3.2
      vertex 39.6235 -49.523 3.2
    endloop
  endfacet
  facet normal -0 0 1
    outer loop
      vertex 37.8185 -48.4939 3.2
      vertex 39.6235 -49.523 3.2
      vertex 39.4093 -48.1775 3.2
    endloop
  endfacet
  facet normal 0 0 1
    outer loop
      vertex 39.6235 -49.523 3.2
      vertex 37.8185 -48.4939 3.2
      vertex 37.8274 -49.8802 3.2
    endloop
  endfacet
  facet normal -0 0 1
    outer loop
      vertex 36.2 -48.6 3.2
      vertex 37.8274 -49.8802 3.2
      vertex 37.8185 -48.4939 3.2
    endloop
  endfacet
  facet normal 0 0 1
    outer loop
      vertex 36.2 -48.6 3.2
      vertex 36 -50 3.2
      vertex 37.8274 -49.8802 3.2
    endloop
  endfacet
  facet normal 0 0 1
    outer loop
      vertex 36.2 -48.6 3.2
      vertex -36 -50 3.2
      vertex 36 -50 3.2
    endloop
  endfacet
  facet normal -0 0 1
    outer loop
      vertex -36.2 -48.6 3.2
      vertex -36 -50 3.2
      vertex 36.2 -48.6 3.2
    endloop
  endfacet
  facet normal 0 0 1
    outer loop
      vertex -37.8274 -49.8802 3.2
      vertex -36.2 -48.6 3.2
      vertex -37.8185 -48.4939 3.2
    endloop
  endfacet
  facet normal 0 0 1
    outer loop
      vertex -36.2 -48.6 3.2
      vertex -37.8274 -49.8802 3.2
      vertex -36 -50 3.2
    endloop
  endfacet
  facet normal 0 0 1
    outer loop
      vertex -39.6235 -49.523 3.2
      vertex -37.8185 -48.4939 3.2
      vertex -39.4093 -48.1775 3.2
    endloop
  endfacet
  facet normal 0 0 1
    outer loop
      vertex -37.8185 -48.4939 3.2
      vertex -39.6235 -49.523 3.2
      vertex -37.8274 -49.8802 3.2
    endloop
  endfacet
  facet normal 0 0 1
    outer loop
      vertex -41.3576 -48.9343 3.2
      vertex -39.4093 -48.1775 3.2
      vertex -40.9453 -47.6561 3.2
    endloop
  endfacet
  facet normal 0 0 1
    outer loop
      vertex -39.4093 -48.1775 3.2
      vertex -41.3576 -48.9343 3.2
      vertex -39.6235 -49.523 3.2
    endloop
  endfacet
  facet normal 0 0 1
    outer loop
      vertex -43 -48.1244 3.2
      vertex -40.9453 -47.6561 3.2
      vertex -42.4 -46.9387 3.2
    endloop
  endfacet
  facet normal 0 0 1
    outer loop
      vertex -40.9453 -47.6561 3.2
      vertex -43 -48.1244 3.2
      vertex -41.3576 -48.9343 3.2
    endloop
  endfacet
  facet normal 0 0 1
    outer loop
      vertex -44.5227 -47.1069 3.2
      vertex -42.4 -46.9387 3.2
      vertex -43.7486 -46.0376 3.2
    endloop
  endfacet
  facet normal 0 0 1
    outer loop
      vertex -42.4 -46.9387 3.2
      vertex -44.5227 -47.1069 3.2
      vertex -43 -48.1244 3.2
    endloop
  endfacet
  facet normal -0 0 1
    outer loop
      vertex -45.8995 -45.8995 3.2
      vertex -43.7486 -46.0376 3.2
      vertex -44.9681 -44.9681 3.2
    endloop
  endfacet
  facet normal 0 0 1
    outer loop
      vertex -43.7486 -46.0376 3.2
      vertex -45.8995 -45.8995 3.2
      vertex -44.5227 -47.1069 3.2
    endloop
  endfacet
  facet normal 0 0 1
    outer loop
      vertex -46.0376 -43.7486 3.2
      vertex -45.8995 -45.8995 3.2
      vertex -44.9681 -44.9681 3.2
    endloop
  endfacet
  facet normal 0 0 1
    outer loop
      vertex -47.1069 -44.5227 3.2
      vertex -46.0376 -43.7486 3.2
      vertex -46.9387 -42.4 3.2
    endloop
  endfacet
  facet normal 0 0 1
    outer loop
      vertex -46.0376 -43.7486 3.2
      vertex -47.1069 -44.5227 3.2
      vertex -45.8995 -45.8995 3.2
    endloop
  endfacet
  facet normal 0 0 1
    outer loop
      vertex -48.1244 -43 3.2
      vertex -46.9387 -42.4 3.2
      vertex -47.6561 -40.9453 3.2
    endloop
  endfacet
  facet normal 0 0 1
    outer loop
      vertex -46.9387 -42.4 3.2
      vertex -48.1244 -43 3.2
      vertex -47.1069 -44.5227 3.2
    endloop
  endfacet
  facet normal 0 0 1
    outer loop
      vertex -48.9343 -41.3576 3.2
      vertex -47.6561 -40.9453 3.2
      vertex -48.1775 -39.4093 3.2
    endloop
  endfacet
  facet normal 0 0 1
    outer loop
      vertex -49.523 -39.6235 3.2
      vertex -48.1775 -39.4093 3.2
      vertex -48.4939 -37.8185 3.2
    endloop
  endfacet
  facet normal 0 0 1
    outer loop
      vertex -47.6561 -40.9453 3.2
      vertex -48.9343 -41.3576 3.2
      vertex -48.1244 -43 3.2
    endloop
  endfacet
  facet normal 0 0 1
    outer loop
      vertex -49.8802 -37.8274 3.2
      vertex -48.4939 -37.8185 3.2
      vertex -48.6 -36.2 3.2
    endloop
  endfacet
  facet normal 0 0 1
    outer loop
      vertex -48.6 36.2 3.2
      vertex -50 36 3.2
      vertex -48.6 -36.2 3.2
    endloop
  endfacet
  facet normal 0 0 1
    outer loop
      vertex -48.4939 37.8185 3.2
      vertex -49.8802 37.8274 3.2
      vertex -48.6 36.2 3.2
    endloop
  endfacet
  facet normal -0 0 1
    outer loop
      vertex -50 -36 3.2
      vertex -48.6 -36.2 3.2
      vertex -50 36 3.2
    endloop
  endfacet
  facet normal 0 0 1
    outer loop
      vertex -48.6 36.2 3.2
      vertex -49.8802 37.8274 3.2
      vertex -50 36 3.2
    endloop
  endfacet
  facet normal 0 -0 1
    outer loop
      vertex -49.8802 -37.8274 3.2
      vertex -48.6 -36.2 3.2
      vertex -50 -36 3.2
    endloop
  endfacet
  facet normal 0 0 1
    outer loop
      vertex -48.1775 -39.4093 3.2
      vertex -49.523 -39.6235 3.2
      vertex -48.9343 -41.3576 3.2
    endloop
  endfacet
  facet normal 0 0 1
    outer loop
      vertex -48.4939 -37.8185 3.2
      vertex -49.8802 -37.8274 3.2
      vertex -49.523 -39.6235 3.2
    endloop
  endfacet
  facet normal -0.555568 -0.831471 0
    outer loop
      vertex 42.4 46.9387 2.4
      vertex 43.7486 46.0376 3.2
      vertex 42.4 46.9387 3.2
    endloop
  endfacet
  facet normal -0.555568 -0.831471 -0
    outer loop
      vertex 43.7486 46.0376 3.2
      vertex 42.4 46.9387 2.4
      vertex 43.7486 46.0376 2.4
    endloop
  endfacet
  facet normal -0.0654141 -0.997858 0
    outer loop
      vertex 36.2 48.6 2.4
      vertex 37.8185 48.4939 3.2
      vertex 36.2 48.6 3.2
    endloop
  endfacet
  facet normal -0.0654141 -0.997858 -0
    outer loop
      vertex 37.8185 48.4939 3.2
      vertex 36.2 48.6 2.4
      vertex 37.8185 48.4939 2.4
    endloop
  endfacet
  facet normal -0.659355 -0.751831 0
    outer loop
      vertex 43.7486 46.0376 2.4
      vertex 44.9681 44.9681 3.2
      vertex 43.7486 46.0376 3.2
    endloop
  endfacet
  facet normal -0.659355 -0.751831 -0
    outer loop
      vertex 44.9681 44.9681 3.2
      vertex 43.7486 46.0376 2.4
      vertex 44.9681 44.9681 2.4
    endloop
  endfacet
  facet normal -0.94693 -0.321439 0
    outer loop
      vertex 48.1775 39.4093 2.4
      vertex 47.6561 40.9453 3.2
      vertex 47.6561 40.9453 2.4
    endloop
  endfacet
  facet normal -0.94693 -0.321439 0
    outer loop
      vertex 47.6561 40.9453 3.2
      vertex 48.1775 39.4093 2.4
      vertex 48.1775 39.4093 3.2
    endloop
  endfacet
  facet normal -0.980789 -0.195073 0
    outer loop
      vertex 48.4939 37.8185 2.4
      vertex 48.1775 39.4093 3.2
      vertex 48.1775 39.4093 2.4
    endloop
  endfacet
  facet normal -0.980789 -0.195073 0
    outer loop
      vertex 48.1775 39.4093 3.2
      vertex 48.4939 37.8185 2.4
      vertex 48.4939 37.8185 3.2
    endloop
  endfacet
  facet normal 0 1 -0
    outer loop
      vertex 36.2 -48.6 2.4
      vertex -36.2 -48.6 3.2
      vertex 36.2 -48.6 3.2
    endloop
  endfacet
  facet normal 0 1 0
    outer loop
      vertex -36.2 -48.6 3.2
      vertex 36.2 -48.6 2.4
      vertex -36.2 -48.6 2.4
    endloop
  endfacet
  facet normal 0.896868 0.442299 0
    outer loop
      vertex -46.9387 -42.4 3.2
      vertex -47.6561 -40.9453 2.4
      vertex -47.6561 -40.9453 3.2
    endloop
  endfacet
  facet normal 0.896868 0.442299 0
    outer loop
      vertex -47.6561 -40.9453 2.4
      vertex -46.9387 -42.4 3.2
      vertex -46.9387 -42.4 2.4
    endloop
  endfacet
  facet normal 0 -1 0
    outer loop
      vertex -36.2 48.6 2.4
      vertex 36.2 48.6 3.2
      vertex -36.2 48.6 3.2
    endloop
  endfacet
  facet normal 0 -1 -0
    outer loop
      vertex 36.2 48.6 3.2
      vertex -36.2 48.6 2.4
      vertex 36.2 48.6 2.4
    endloop
  endfacet
  facet normal 0.980789 0.195073 0
    outer loop
      vertex -48.1775 -39.4093 3.2
      vertex -48.4939 -37.8185 2.4
      vertex -48.4939 -37.8185 3.2
    endloop
  endfacet
  facet normal 0.980789 0.195073 0
    outer loop
      vertex -48.4939 -37.8185 2.4
      vertex -48.1775 -39.4093 3.2
      vertex -48.1775 -39.4093 2.4
    endloop
  endfacet
  facet normal -0.321439 0.94693 0
    outer loop
      vertex 40.9453 -47.6561 2.4
      vertex 39.4093 -48.1775 3.2
      vertex 40.9453 -47.6561 3.2
    endloop
  endfacet
  facet normal -0.321439 0.94693 0
    outer loop
      vertex 39.4093 -48.1775 3.2
      vertex 40.9453 -47.6561 2.4
      vertex 39.4093 -48.1775 2.4
    endloop
  endfacet
  facet normal -0.997858 0.0654141 0
    outer loop
      vertex 48.4939 -37.8185 2.4
      vertex 48.6 -36.2 3.2
      vertex 48.6 -36.2 2.4
    endloop
  endfacet
  facet normal -0.997858 0.0654141 0
    outer loop
      vertex 48.6 -36.2 3.2
      vertex 48.4939 -37.8185 2.4
      vertex 48.4939 -37.8185 3.2
    endloop
  endfacet
  facet normal -0.0654141 0.997858 0
    outer loop
      vertex 37.8185 -48.4939 2.4
      vertex 36.2 -48.6 3.2
      vertex 37.8185 -48.4939 3.2
    endloop
  endfacet
  facet normal -0.0654141 0.997858 0
    outer loop
      vertex 36.2 -48.6 3.2
      vertex 37.8185 -48.4939 2.4
      vertex 36.2 -48.6 2.4
    endloop
  endfacet
  facet normal 0.0654141 0.997858 -0
    outer loop
      vertex -36.2 -48.6 2.4
      vertex -37.8185 -48.4939 3.2
      vertex -36.2 -48.6 3.2
    endloop
  endfacet
  facet normal 0.0654141 0.997858 0
    outer loop
      vertex -37.8185 -48.4939 3.2
      vertex -36.2 -48.6 2.4
      vertex -37.8185 -48.4939 2.4
    endloop
  endfacet
  facet normal 0.0654141 -0.997858 0
    outer loop
      vertex -37.8185 48.4939 2.4
      vertex -36.2 48.6 3.2
      vertex -37.8185 48.4939 3.2
    endloop
  endfacet
  facet normal 0.0654141 -0.997858 0
    outer loop
      vertex -36.2 48.6 3.2
      vertex -37.8185 48.4939 2.4
      vertex -36.2 48.6 2.4
    endloop
  endfacet
  facet normal -0.896868 0.442299 0
    outer loop
      vertex 46.9387 -42.4 2.4
      vertex 47.6561 -40.9453 3.2
      vertex 47.6561 -40.9453 2.4
    endloop
  endfacet
  facet normal -0.896868 0.442299 0
    outer loop
      vertex 47.6561 -40.9453 3.2
      vertex 46.9387 -42.4 2.4
      vertex 46.9387 -42.4 3.2
    endloop
  endfacet
  facet normal 0.195073 -0.980789 0
    outer loop
      vertex -39.4093 48.1775 2.4
      vertex -37.8185 48.4939 3.2
      vertex -39.4093 48.1775 3.2
    endloop
  endfacet
  facet normal 0.195073 -0.980789 0
    outer loop
      vertex -37.8185 48.4939 3.2
      vertex -39.4093 48.1775 2.4
      vertex -37.8185 48.4939 2.4
    endloop
  endfacet
  facet normal -0.751831 0.659355 0
    outer loop
      vertex 44.9681 -44.9681 2.4
      vertex 46.0376 -43.7486 3.2
      vertex 46.0376 -43.7486 2.4
    endloop
  endfacet
  facet normal -0.751831 0.659355 0
    outer loop
      vertex 46.0376 -43.7486 3.2
      vertex 44.9681 -44.9681 2.4
      vertex 44.9681 -44.9681 3.2
    endloop
  endfacet
  facet normal 0.94693 0.321439 0
    outer loop
      vertex -47.6561 -40.9453 3.2
      vertex -48.1775 -39.4093 2.4
      vertex -48.1775 -39.4093 3.2
    endloop
  endfacet
  facet normal 0.94693 0.321439 0
    outer loop
      vertex -48.1775 -39.4093 2.4
      vertex -47.6561 -40.9453 3.2
      vertex -47.6561 -40.9453 2.4
    endloop
  endfacet
  facet normal 0.195073 0.980789 -0
    outer loop
      vertex -37.8185 -48.4939 2.4
      vertex -39.4093 -48.1775 3.2
      vertex -37.8185 -48.4939 3.2
    endloop
  endfacet
  facet normal 0.195073 0.980789 0
    outer loop
      vertex -39.4093 -48.1775 3.2
      vertex -37.8185 -48.4939 2.4
      vertex -39.4093 -48.1775 2.4
    endloop
  endfacet
  facet normal 0.997858 0.0654141 0
    outer loop
      vertex -48.4939 -37.8185 3.2
      vertex -48.6 -36.2 2.4
      vertex -48.6 -36.2 3.2
    endloop
  endfacet
  facet normal 0.997858 0.0654141 0
    outer loop
      vertex -48.6 -36.2 2.4
      vertex -48.4939 -37.8185 3.2
      vertex -48.4939 -37.8185 2.4
    endloop
  endfacet
  facet normal 0.751831 -0.659355 0
    outer loop
      vertex -46.0376 43.7486 3.2
      vertex -44.9681 44.9681 2.4
      vertex -44.9681 44.9681 3.2
    endloop
  endfacet
  facet normal 0.751831 -0.659355 0
    outer loop
      vertex -44.9681 44.9681 2.4
      vertex -46.0376 43.7486 3.2
      vertex -46.0376 43.7486 2.4
    endloop
  endfacet
  facet normal 1 -0 0
    outer loop
      vertex -48.6 -36.2 3.2
      vertex -48.6 36.2 2.4
      vertex -48.6 36.2 3.2
    endloop
  endfacet
  facet normal 1 0 0
    outer loop
      vertex -48.6 36.2 2.4
      vertex -48.6 -36.2 3.2
      vertex -48.6 -36.2 2.4
    endloop
  endfacet
  facet normal -0.896868 -0.442299 0
    outer loop
      vertex 47.6561 40.9453 2.4
      vertex 46.9387 42.4 3.2
      vertex 46.9387 42.4 2.4
    endloop
  endfacet
  facet normal -0.896868 -0.442299 0
    outer loop
      vertex 46.9387 42.4 3.2
      vertex 47.6561 40.9453 2.4
      vertex 47.6561 40.9453 3.2
    endloop
  endfacet
  facet normal 0.555568 -0.831471 0
    outer loop
      vertex -43.7486 46.0376 2.4
      vertex -42.4 46.9387 3.2
      vertex -43.7486 46.0376 3.2
    endloop
  endfacet
  facet normal 0.555568 -0.831471 0
    outer loop
      vertex -42.4 46.9387 3.2
      vertex -43.7486 46.0376 2.4
      vertex -42.4 46.9387 2.4
    endloop
  endfacet
  facet normal -0.659355 0.751831 0
    outer loop
      vertex 44.9681 -44.9681 2.4
      vertex 43.7486 -46.0376 3.2
      vertex 44.9681 -44.9681 3.2
    endloop
  endfacet
  facet normal -0.659355 0.751831 0
    outer loop
      vertex 43.7486 -46.0376 3.2
      vertex 44.9681 -44.9681 2.4
      vertex 43.7486 -46.0376 2.4
    endloop
  endfacet
  facet normal 0.659355 -0.751831 0
    outer loop
      vertex -44.9681 44.9681 2.4
      vertex -43.7486 46.0376 3.2
      vertex -44.9681 44.9681 3.2
    endloop
  endfacet
  facet normal 0.659355 -0.751831 0
    outer loop
      vertex -43.7486 46.0376 3.2
      vertex -44.9681 44.9681 2.4
      vertex -43.7486 46.0376 2.4
    endloop
  endfacet
  facet normal 0.321439 -0.94693 0
    outer loop
      vertex -40.9453 47.6561 2.4
      vertex -39.4093 48.1775 3.2
      vertex -40.9453 47.6561 3.2
    endloop
  endfacet
  facet normal 0.321439 -0.94693 0
    outer loop
      vertex -39.4093 48.1775 3.2
      vertex -40.9453 47.6561 2.4
      vertex -39.4093 48.1775 2.4
    endloop
  endfacet
  facet normal -0.442299 -0.896868 0
    outer loop
      vertex 40.9453 47.6561 2.4
      vertex 42.4 46.9387 3.2
      vertex 40.9453 47.6561 3.2
    endloop
  endfacet
  facet normal -0.442299 -0.896868 -0
    outer loop
      vertex 42.4 46.9387 3.2
      vertex 40.9453 47.6561 2.4
      vertex 42.4 46.9387 2.4
    endloop
  endfacet
  facet normal -1 0 0
    outer loop
      vertex 48.6 -36.2 2.4
      vertex 48.6 36.2 3.2
      vertex 48.6 36.2 2.4
    endloop
  endfacet
  facet normal -1 -0 0
    outer loop
      vertex 48.6 36.2 3.2
      vertex 48.6 -36.2 2.4
      vertex 48.6 -36.2 3.2
    endloop
  endfacet
  facet normal -0.195073 0.980789 0
    outer loop
      vertex 39.4093 -48.1775 2.4
      vertex 37.8185 -48.4939 3.2
      vertex 39.4093 -48.1775 3.2
    endloop
  endfacet
  facet normal -0.195073 0.980789 0
    outer loop
      vertex 37.8185 -48.4939 3.2
      vertex 39.4093 -48.1775 2.4
      vertex 37.8185 -48.4939 2.4
    endloop
  endfacet
  facet normal 0.94693 -0.321439 0
    outer loop
      vertex -48.1775 39.4093 3.2
      vertex -47.6561 40.9453 2.4
      vertex -47.6561 40.9453 3.2
    endloop
  endfacet
  facet normal 0.94693 -0.321439 0
    outer loop
      vertex -47.6561 40.9453 2.4
      vertex -48.1775 39.4093 3.2
      vertex -48.1775 39.4093 2.4
    endloop
  endfacet
  facet normal -0.94693 0.321439 0
    outer loop
      vertex 47.6561 -40.9453 2.4
      vertex 48.1775 -39.4093 3.2
      vertex 48.1775 -39.4093 2.4
    endloop
  endfacet
  facet normal -0.94693 0.321439 0
    outer loop
      vertex 48.1775 -39.4093 3.2
      vertex 47.6561 -40.9453 2.4
      vertex 47.6561 -40.9453 3.2
    endloop
  endfacet
  facet normal -0 0 1
    outer loop
      vertex -47.8 -30.6 2.4
      vertex -47.4 -34 2.4
      vertex -47.4 -30.6 2.4
    endloop
  endfacet
  facet normal 0 0 1
    outer loop
      vertex -47.4 -34 2.4
      vertex -47.8 -30.6 2.4
      vertex -48.1775 -39.4093 2.4
    endloop
  endfacet
  facet normal 0 0 1
    outer loop
      vertex -47.4 -34 2.4
      vertex -48.1775 -39.4093 2.4
      vertex -47.6561 -40.9453 2.4
    endloop
  endfacet
  facet normal 0 0 1
    outer loop
      vertex -47.8 -29.4 2.4
      vertex -48.1775 -39.4093 2.4
      vertex -47.8 -30.6 2.4
    endloop
  endfacet
  facet normal 0 0 1
    outer loop
      vertex -48.6 36.2 2.4
      vertex -48.1775 39.4093 2.4
      vertex -48.4939 37.8185 2.4
    endloop
  endfacet
  facet normal 0 0 1
    outer loop
      vertex -47.8 -13.4 2.4
      vertex -48.6 -36.2 2.4
      vertex -47.8 -14.6 2.4
    endloop
  endfacet
  facet normal 0 0 1
    outer loop
      vertex -47.8 -14.6 2.4
      vertex -48.6 -36.2 2.4
      vertex -48.1775 -39.4093 2.4
    endloop
  endfacet
  facet normal 0 0 1
    outer loop
      vertex -48.1775 -39.4093 2.4
      vertex -48.6 -36.2 2.4
      vertex -48.4939 -37.8185 2.4
    endloop
  endfacet
  facet normal -0 0 1
    outer loop
      vertex -47.8 13.4 2.4
      vertex -47.4 10 2.4
      vertex -47.4 13.4 2.4
    endloop
  endfacet
  facet normal 0 0 1
    outer loop
      vertex -47.4 10 2.4
      vertex -47.8 13.4 2.4
      vertex -47.4 -10 2.4
    endloop
  endfacet
  facet normal 0 0 1
    outer loop
      vertex -47.8 -13.4 2.4
      vertex -47.4 -10 2.4
      vertex -47.8 13.4 2.4
    endloop
  endfacet
  facet normal 0 0 1
    outer loop
      vertex -47.4 -10 2.4
      vertex -47.8 -13.4 2.4
      vertex -47.4 -13.4 2.4
    endloop
  endfacet
  facet normal 0 0 1
    outer loop
      vertex -47.4 -10 2.4
      vertex -41.376 6.85799 2.4
      vertex -47.4 10 2.4
    endloop
  endfacet
  facet normal 0 0 1
    outer loop
      vertex -41.376 6.85799 2.4
      vertex -47.4 -10 2.4
      vertex -45.4 -10 2.4
    endloop
  endfacet
  facet normal -0 0 1
    outer loop
      vertex -47.4 10 2.4
      vertex -41.376 6.85799 2.4
      vertex -45.4 10 2.4
    endloop
  endfacet
  facet normal 0 0 1
    outer loop
      vertex -45.4 -34 2.4
      vertex -41.376 6.85799 2.4
      vertex -45.4 -10 2.4
    endloop
  endfacet
  facet normal 0 0 1
    outer loop
      vertex -41.376 6.85799 2.4
      vertex -45.4 -34 2.4
      vertex -44.9681 -44.9681 2.4
    endloop
  endfacet
  facet normal 0 0 1
    outer loop
      vertex -45.4 -34 2.4
      vertex -46.0376 -43.7486 2.4
      vertex -44.9681 -44.9681 2.4
    endloop
  endfacet
  facet normal 0 0 1
    outer loop
      vertex -45.4 -34 2.4
      vertex -46.9387 -42.4 2.4
      vertex -46.0376 -43.7486 2.4
    endloop
  endfacet
  facet normal 0 0 1
    outer loop
      vertex -47.6561 -40.9453 2.4
      vertex -45.4 -34 2.4
      vertex -47.4 -34 2.4
    endloop
  endfacet
  facet normal 0 0 1
    outer loop
      vertex -45.4 -34 2.4
      vertex -47.6561 -40.9453 2.4
      vertex -46.9387 -42.4 2.4
    endloop
  endfacet
  facet normal -0 0 1
    outer loop
      vertex -47.8 29.4 2.4
      vertex -47.4 14.6 2.4
      vertex -47.4 29.4 2.4
    endloop
  endfacet
  facet normal 0 0 1
    outer loop
      vertex -47.4 14.6 2.4
      vertex -47.8 29.4 2.4
      vertex -47.8 14.6 2.4
    endloop
  endfacet
  facet normal -0 0 1
    outer loop
      vertex -47.8 -14.6 2.4
      vertex -47.4 -29.4 2.4
      vertex -47.4 -14.6 2.4
    endloop
  endfacet
  facet normal 0 0 1
    outer loop
      vertex -47.4 -29.4 2.4
      vertex -47.8 -14.6 2.4
      vertex -47.8 -29.4 2.4
    endloop
  endfacet
  facet normal 0 0 1
    outer loop
      vertex -41.77 35.799 2.4
      vertex -41.902 35.93 2.4
      vertex -41.77 35.668 2.4
    endloop
  endfacet
  facet normal 0 0 1
    outer loop
      vertex -40.588 33.502 2.4
      vertex -40.72 33.634 2.4
      vertex -40.588 33.37 2.4
    endloop
  endfacet
  facet normal 0 0 1
    outer loop
      vertex -40.457 33.24 2.4
      vertex -40.588 33.37 2.4
      vertex -40.457 33.108 2.4
    endloop
  endfacet
  facet normal 0 0 1
    outer loop
      vertex -39.276 30.943 2.4
      vertex -39.408 31.074 2.4
      vertex -39.276 30.812 2.4
    endloop
  endfacet
  facet normal 0 0 1
    outer loop
      vertex -39.144 30.68 2.4
      vertex -39.276 30.812 2.4
      vertex -39.144 30.548 2.4
    endloop
  endfacet
  facet normal 0 0 1
    outer loop
      vertex -35.47 23.526 2.4
      vertex -35.602 23.659 2.4
      vertex -35.47 23.396 2.4
    endloop
  endfacet
  facet normal 0 0 1
    outer loop
      vertex -32.713 10.862 2.4
      vertex -32.78 11.19 2.4
      vertex -32.78 10.926 2.4
    endloop
  endfacet
  facet normal 0 0 1
    outer loop
      vertex -35.274 23.134 2.4
      vertex -35.338 22.87 2.4
      vertex -35.274 22.937 2.4
    endloop
  endfacet
  facet normal 0 0 1
    outer loop
      vertex -35.798 22.87 2.4
      vertex -35.274 23.134 2.4
      vertex -35.47 23.396 2.4
    endloop
  endfacet
  facet normal 0 0 1
    outer loop
      vertex -35.864 22.937 2.4
      vertex -35.47 23.396 2.4
      vertex -35.602 23.659 2.4
    endloop
  endfacet
  facet normal 0 -0 1
    outer loop
      vertex -35.798 22.87 2.4
      vertex -35.47 23.396 2.4
      vertex -35.864 22.937 2.4
    endloop
  endfacet
  facet normal 0 0 1
    outer loop
      vertex -35.274 23.134 2.4
      vertex -35.798 22.87 2.4
      vertex -35.338 22.87 2.4
    endloop
  endfacet
  facet normal 0 0 1
    outer loop
      vertex -36.782 23.002 2.4
      vertex -35.602 23.659 2.4
      vertex -36.52 25.562 2.4
    endloop
  endfacet
  facet normal 0 0 1
    outer loop
      vertex -38.094 23.068 2.4
      vertex -36.52 25.562 2.4
      vertex -36.652 25.693 2.4
    endloop
  endfacet
  facet normal 0 0 1
    outer loop
      vertex -35.602 23.659 2.4
      vertex -36.782 23.002 2.4
      vertex -35.864 22.937 2.4
    endloop
  endfacet
  facet normal 0 0 1
    outer loop
      vertex -36.782 25.955 2.4
      vertex -36.652 25.693 2.4
      vertex -36.652 25.824 2.4
    endloop
  endfacet
  facet normal 0 0 1
    outer loop
      vertex -39.014 23.134 2.4
      vertex -36.652 25.693 2.4
      vertex -36.782 25.955 2.4
    endloop
  endfacet
  facet normal 0 0 1
    outer loop
      vertex -35.864 22.937 2.4
      vertex -36.782 23.002 2.4
      vertex -36.716 22.937 2.4
    endloop
  endfacet
  facet normal 0 0 1
    outer loop
      vertex -36.52 25.562 2.4
      vertex -38.094 23.068 2.4
      vertex -36.782 23.002 2.4
    endloop
  endfacet
  facet normal 0 0 1
    outer loop
      vertex -36.782 23.002 2.4
      vertex -38.094 23.068 2.4
      vertex -38.03 23.002 2.4
    endloop
  endfacet
  facet normal 0 0 1
    outer loop
      vertex -36.652 25.693 2.4
      vertex -39.014 23.134 2.4
      vertex -38.094 23.068 2.4
    endloop
  endfacet
  facet normal 0 0 1
    outer loop
      vertex -41.31 23.199 2.4
      vertex -36.782 25.955 2.4
      vertex -39.014 30.418 2.4
    endloop
  endfacet
  facet normal 0 0 1
    outer loop
      vertex -38.094 23.068 2.4
      vertex -39.014 23.134 2.4
      vertex -38.948 23.068 2.4
    endloop
  endfacet
  facet normal 0 0 1
    outer loop
      vertex -41.31 23.199 2.4
      vertex -39.014 30.418 2.4
      vertex -39.144 30.548 2.4
    endloop
  endfacet
  facet normal 0 0 1
    outer loop
      vertex -41.31 23.199 2.4
      vertex -39.144 30.548 2.4
      vertex -39.276 30.812 2.4
    endloop
  endfacet
  facet normal 0 0 1
    outer loop
      vertex -45.4 34 2.4
      vertex -39.276 30.812 2.4
      vertex -39.408 31.074 2.4
    endloop
  endfacet
  facet normal 0 0 1
    outer loop
      vertex -40.457 33.108 2.4
      vertex -39.408 31.074 2.4
      vertex -40.326 32.976 2.4
    endloop
  endfacet
  facet normal 0 0 1
    outer loop
      vertex -39.408 31.074 2.4
      vertex -40.457 33.108 2.4
      vertex -45.4 34 2.4
    endloop
  endfacet
  facet normal 0 0 1
    outer loop
      vertex -45.4 34 2.4
      vertex -40.457 33.108 2.4
      vertex -40.588 33.37 2.4
    endloop
  endfacet
  facet normal 0 0 1
    outer loop
      vertex -45.4 34 2.4
      vertex -40.588 33.37 2.4
      vertex -40.72 33.634 2.4
    endloop
  endfacet
  facet normal 0 0 1
    outer loop
      vertex -36.782 25.955 2.4
      vertex -41.31 23.199 2.4
      vertex -39.014 23.134 2.4
    endloop
  endfacet
  facet normal 0 0 1
    outer loop
      vertex -39.276 30.812 2.4
      vertex -45.4 34 2.4
      vertex -41.31 23.199 2.4
    endloop
  endfacet
  facet normal 0 0 1
    outer loop
      vertex -45.4 10 2.4
      vertex -41.376 23.134 2.4
      vertex -45.4 34 2.4
    endloop
  endfacet
  facet normal 0 0 1
    outer loop
      vertex -41.376 23.134 2.4
      vertex -45.4 10 2.4
      vertex -41.376 18.54 2.4
    endloop
  endfacet
  facet normal 0 0 1
    outer loop
      vertex -41.31 23.199 2.4
      vertex -45.4 34 2.4
      vertex -41.376 23.134 2.4
    endloop
  endfacet
  facet normal -0 0 1
    outer loop
      vertex -45.4 34 2.4
      vertex -40.72 33.634 2.4
      vertex -41.638 35.537 2.4
    endloop
  endfacet
  facet normal -0 0 1
    outer loop
      vertex -38.226 8.95799 2.4
      vertex -38.16 8.696 2.4
      vertex -38.16 9.02399 2.4
    endloop
  endfacet
  facet normal 0 0 1
    outer loop
      vertex -38.16 8.696 2.4
      vertex -38.226 8.95799 2.4
      vertex -38.226 8.76199 2.4
    endloop
  endfacet
  facet normal 0 0 1
    outer loop
      vertex -38.16 8.696 2.4
      vertex -36.192 9.48399 2.4
      vertex -38.16 9.02399 2.4
    endloop
  endfacet
  facet normal 0 -0 1
    outer loop
      vertex -38.16 9.02399 2.4
      vertex -38.094 9.48399 2.4
      vertex -38.226 9.09 2.4
    endloop
  endfacet
  facet normal 0 0 1
    outer loop
      vertex -36.192 9.286 2.4
      vertex -38.03 7.515 2.4
      vertex -37.963 6.79199 2.4
    endloop
  endfacet
  facet normal 0 0 1
    outer loop
      vertex -37.11 11.452 2.4
      vertex -38.094 9.48399 2.4
      vertex -36.192 9.48399 2.4
    endloop
  endfacet
  facet normal 0 0 1
    outer loop
      vertex -38.16 9.02399 2.4
      vertex -36.192 9.48399 2.4
      vertex -38.094 9.48399 2.4
    endloop
  endfacet
  facet normal 0 0 1
    outer loop
      vertex -36.192 9.48399 2.4
      vertex -38.094 8.10599 2.4
      vertex -38.03 7.515 2.4
    endloop
  endfacet
  facet normal 0 0 1
    outer loop
      vertex -38.03 7.515 2.4
      vertex -38.094 8.10599 2.4
      vertex -38.094 7.57899 2.4
    endloop
  endfacet
  facet normal 0 0 1
    outer loop
      vertex -36.585 11.387 2.4
      vertex -35.93 10.73 2.4
      vertex -36.06 10.992 2.4
    endloop
  endfacet
  facet normal 0 0 1
    outer loop
      vertex -35.93 10.73 2.4
      vertex -36.192 9.48399 2.4
      vertex -35.864 10.074 2.4
    endloop
  endfacet
  facet normal 0 0 1
    outer loop
      vertex -35.864 10.074 2.4
      vertex -36.192 9.48399 2.4
      vertex -36.06 9.614 2.4
    endloop
  endfacet
  facet normal 0 0 1
    outer loop
      vertex -38.094 9.48399 2.4
      vertex -37.11 11.452 2.4
      vertex -38.094 11.321 2.4
    endloop
  endfacet
  facet normal 0 0 1
    outer loop
      vertex -37.11 11.452 2.4
      vertex -35.93 10.73 2.4
      vertex -36.585 11.387 2.4
    endloop
  endfacet
  facet normal 0 0 1
    outer loop
      vertex -35.93 10.73 2.4
      vertex -37.11 11.452 2.4
      vertex -36.192 9.48399 2.4
    endloop
  endfacet
  facet normal 0 0 1
    outer loop
      vertex -38.094 11.321 2.4
      vertex -37.11 11.452 2.4
      vertex -37.898 11.518 2.4
    endloop
  endfacet
  facet normal -0 0 1
    outer loop
      vertex -37.898 11.518 2.4
      vertex -37.11 11.452 2.4
      vertex -37.176 11.518 2.4
    endloop
  endfacet
  facet normal 0 0 1
    outer loop
      vertex -36.192 9.286 2.4
      vertex -37.963 6.79199 2.4
      vertex -36.2 -48.6 2.4
    endloop
  endfacet
  facet normal 0 0 1
    outer loop
      vertex -36.192 9.48399 2.4
      vertex -38.03 7.515 2.4
      vertex -36.192 9.286 2.4
    endloop
  endfacet
  facet normal -0 0 1
    outer loop
      vertex -44.9681 -44.9681 2.4
      vertex -36.2 -48.6 2.4
      vertex -37.963 6.79199 2.4
    endloop
  endfacet
  facet normal 0 0 1
    outer loop
      vertex -36.2 -48.6 2.4
      vertex -44.9681 -44.9681 2.4
      vertex -37.8185 -48.4939 2.4
    endloop
  endfacet
  facet normal 0 0 1
    outer loop
      vertex -37.8185 -48.4939 2.4
      vertex -44.9681 -44.9681 2.4
      vertex -39.4093 -48.1775 2.4
    endloop
  endfacet
  facet normal 0 0 1
    outer loop
      vertex -44.9681 -44.9681 2.4
      vertex -37.963 6.79199 2.4
      vertex -41.244 6.79199 2.4
    endloop
  endfacet
  facet normal 0 0 1
    outer loop
      vertex -44.9681 -44.9681 2.4
      vertex -41.244 6.79199 2.4
      vertex -41.376 6.85799 2.4
    endloop
  endfacet
  facet normal 0 0 1
    outer loop
      vertex -41.376 18.54 2.4
      vertex -45.4 10 2.4
      vertex -41.376 16.374 2.4
    endloop
  endfacet
  facet normal 0 0 1
    outer loop
      vertex -45.4 34 2.4
      vertex -41.638 35.537 2.4
      vertex -41.77 35.668 2.4
    endloop
  endfacet
  facet normal 0 0 1
    outer loop
      vertex -45.4 34 2.4
      vertex -41.77 35.668 2.4
      vertex -41.902 35.93 2.4
    endloop
  endfacet
  facet normal -0 0 1
    outer loop
      vertex -44.9681 44.9681 2.4
      vertex -41.902 36.126 2.4
      vertex -43.7486 46.0376 2.4
    endloop
  endfacet
  facet normal 0 0 1
    outer loop
      vertex -41.376 16.374 2.4
      vertex -45.4 10 2.4
      vertex -41.376 6.85799 2.4
    endloop
  endfacet
  facet normal -0 0 1
    outer loop
      vertex -46.0376 43.7486 2.4
      vertex -41.902 36.126 2.4
      vertex -44.9681 44.9681 2.4
    endloop
  endfacet
  facet normal 0 0 1
    outer loop
      vertex -39.4093 -48.1775 2.4
      vertex -44.9681 -44.9681 2.4
      vertex -40.9453 -47.6561 2.4
    endloop
  endfacet
  facet normal -0 0 1
    outer loop
      vertex -46.9387 42.4 2.4
      vertex -41.902 36.126 2.4
      vertex -46.0376 43.7486 2.4
    endloop
  endfacet
  facet normal 0 0 1
    outer loop
      vertex -40.9453 -47.6561 2.4
      vertex -44.9681 -44.9681 2.4
      vertex -42.4 -46.9387 2.4
    endloop
  endfacet
  facet normal 0 0 1
    outer loop
      vertex -42.4 -46.9387 2.4
      vertex -44.9681 -44.9681 2.4
      vertex -43.7486 -46.0376 2.4
    endloop
  endfacet
  facet normal -0 0 1
    outer loop
      vertex -47.6561 40.9453 2.4
      vertex -41.902 36.126 2.4
      vertex -46.9387 42.4 2.4
    endloop
  endfacet
  facet normal -0 0 1
    outer loop
      vertex -48.1775 39.4093 2.4
      vertex -41.902 36.126 2.4
      vertex -47.6561 40.9453 2.4
    endloop
  endfacet
  facet normal 0 -0 1
    outer loop
      vertex -45.4 34 2.4
      vertex -41.902 36.126 2.4
      vertex -48.1775 39.4093 2.4
    endloop
  endfacet
  facet normal 0 0 1
    outer loop
      vertex -41.902 36.126 2.4
      vertex -45.4 34 2.4
      vertex -41.902 35.93 2.4
    endloop
  endfacet
  facet normal -0 0 1
    outer loop
      vertex -48.6 36.2 2.4
      vertex -45.4 34 2.4
      vertex -48.1775 39.4093 2.4
    endloop
  endfacet
  facet normal 0 0 1
    outer loop
      vertex -45.4 34 2.4
      vertex -48.6 36.2 2.4
      vertex -47.4 34 2.4
    endloop
  endfacet
  facet normal 0 0 1
    outer loop
      vertex -47.4 34 2.4
      vertex -48.6 36.2 2.4
      vertex -47.8 30.6 2.4
    endloop
  endfacet
  facet normal 0 0 1
    outer loop
      vertex -47.8 30.6 2.4
      vertex -48.6 36.2 2.4
      vertex -47.8 29.4 2.4
    endloop
  endfacet
  facet normal 0 0 1
    outer loop
      vertex -47.8 29.4 2.4
      vertex -48.6 36.2 2.4
      vertex -47.8 14.6 2.4
    endloop
  endfacet
  facet normal 0 0 1
    outer loop
      vertex -47.8 14.6 2.4
      vertex -48.6 36.2 2.4
      vertex -47.8 13.4 2.4
    endloop
  endfacet
  facet normal 0 0 1
    outer loop
      vertex -47.8 13.4 2.4
      vertex -48.6 36.2 2.4
      vertex -47.8 -13.4 2.4
    endloop
  endfacet
  facet normal 0 0 1
    outer loop
      vertex -48.6 -36.2 2.4
      vertex -47.8 -13.4 2.4
      vertex -48.6 36.2 2.4
    endloop
  endfacet
  facet normal 0 0 1
    outer loop
      vertex -47.8 -14.6 2.4
      vertex -48.1775 -39.4093 2.4
      vertex -47.8 -29.4 2.4
    endloop
  endfacet
  facet normal 0 0 1
    outer loop
      vertex -47.4 34 2.4
      vertex -47.8 30.6 2.4
      vertex -47.4 30.6 2.4
    endloop
  endfacet
  facet normal 0 0 1
    outer loop
      vertex -36.06 13.815 2.4
      vertex -38.094 14.012 2.4
      vertex -37.898 13.815 2.4
    endloop
  endfacet
  facet normal 0 0 1
    outer loop
      vertex -36.192 9.48399 2.4
      vertex -38.16 8.696 2.4
      vertex -38.094 8.10599 2.4
    endloop
  endfacet
  facet normal 0 0 1
    outer loop
      vertex -38.094 8.10599 2.4
      vertex -38.16 8.696 2.4
      vertex -38.16 8.17099 2.4
    endloop
  endfacet
  facet normal 0 0 1
    outer loop
      vertex -36.06 8.827 2.4
      vertex -36.192 9.286 2.4
      vertex -36.06 8.368 2.4
    endloop
  endfacet
  facet normal 0 0 1
    outer loop
      vertex -35.994 8.30199 2.4
      vertex -36.06 8.368 2.4
      vertex -35.994 7.77699 2.4
    endloop
  endfacet
  facet normal 0 0 1
    outer loop
      vertex -30.6 -47.4 2.4
      vertex -34 -47.4 2.4
      vertex -30.6 -47.8 2.4
    endloop
  endfacet
  facet normal 0 0 1
    outer loop
      vertex -14.6 -47.4 2.4
      vertex -29.4 -47.4 2.4
      vertex -14.6 -47.8 2.4
    endloop
  endfacet
  facet normal 0 0 1
    outer loop
      vertex -12.042 18.342 2.4
      vertex -12.502 18.212 2.4
      vertex -12.304 16.44 2.4
    endloop
  endfacet
  facet normal 0 0 1
    outer loop
      vertex -13.092 18.08 2.4
      vertex -12.502 18.212 2.4
      vertex -12.764 18.212 2.4
    endloop
  endfacet
  facet normal 0 0 1
    outer loop
      vertex -12.502 18.212 2.4
      vertex -13.092 18.08 2.4
      vertex -12.304 16.44 2.4
    endloop
  endfacet
  facet normal 0 0 1
    outer loop
      vertex -13.88 17.949 2.4
      vertex -13.092 18.08 2.4
      vertex -13.813 18.014 2.4
    endloop
  endfacet
  facet normal 0 0 1
    outer loop
      vertex -13.092 18.08 2.4
      vertex -13.88 17.949 2.4
      vertex -12.304 16.44 2.4
    endloop
  endfacet
  facet normal 0 0 1
    outer loop
      vertex -14.732 17.884 2.4
      vertex -13.88 17.949 2.4
      vertex -14.666 17.949 2.4
    endloop
  endfacet
  facet normal 0 0 1
    outer loop
      vertex -15.454 16.44 2.4
      vertex -13.88 17.949 2.4
      vertex -14.732 17.884 2.4
    endloop
  endfacet
  facet normal -0 0 1
    outer loop
      vertex -16.504 21.426 2.4
      vertex -14.47 21.296 2.4
      vertex -16.438 22.214 2.4
    endloop
  endfacet
  facet normal 0 0 1
    outer loop
      vertex -16.307 23.462 2.4
      vertex -15.324 31.074 2.4
      vertex -15.388 31.008 2.4
    endloop
  endfacet
  facet normal 0 0 1
    outer loop
      vertex -13.88 17.949 2.4
      vertex -15.454 16.44 2.4
      vertex -12.304 16.44 2.4
    endloop
  endfacet
  facet normal 0 0 1
    outer loop
      vertex -14.47 21.296 2.4
      vertex -16.504 21.426 2.4
      vertex -14.535 20.574 2.4
    endloop
  endfacet
  facet normal -0 0 1
    outer loop
      vertex -16.569 20.64 2.4
      vertex -14.535 20.574 2.4
      vertex -16.504 21.426 2.4
    endloop
  endfacet
  facet normal 0 0 1
    outer loop
      vertex -15.914 30.943 2.4
      vertex -15.388 31.008 2.4
      vertex -15.848 31.008 2.4
    endloop
  endfacet
  facet normal -0 0 1
    outer loop
      vertex -16.636 19.918 2.4
      vertex -14.601 19.786 2.4
      vertex -16.569 20.64 2.4
    endloop
  endfacet
  facet normal 0 0 1
    outer loop
      vertex -18.932 27.464 2.4
      vertex -15.388 31.008 2.4
      vertex -15.914 30.943 2.4
    endloop
  endfacet
  facet normal 0 0 1
    outer loop
      vertex -14.601 19.786 2.4
      vertex -16.636 19.918 2.4
      vertex -14.666 18.998 2.4
    endloop
  endfacet
  facet normal -0 0 1
    outer loop
      vertex -16.702 19.13 2.4
      vertex -14.666 18.998 2.4
      vertex -16.636 19.918 2.4
    endloop
  endfacet
  facet normal 0 0 1
    outer loop
      vertex -14.666 18.998 2.4
      vertex -16.702 19.13 2.4
      vertex -14.732 17.884 2.4
    endloop
  endfacet
  facet normal 0 0 1
    outer loop
      vertex -16.569 30.812 2.4
      vertex -15.914 30.943 2.4
      vertex -16.176 30.943 2.4
    endloop
  endfacet
  facet normal -0 0 1
    outer loop
      vertex -16.832 18.014 2.4
      vertex -14.732 17.884 2.4
      vertex -16.702 19.13 2.4
    endloop
  endfacet
  facet normal 0 0 1
    outer loop
      vertex -14.732 17.884 2.4
      vertex -16.832 18.014 2.4
      vertex -15.454 16.44 2.4
    endloop
  endfacet
  facet normal 0 0 1
    outer loop
      vertex -15.914 30.943 2.4
      vertex -16.569 30.812 2.4
      vertex -17.292 30.418 2.4
    endloop
  endfacet
  facet normal 0 0 1
    outer loop
      vertex -15.388 31.008 2.4
      vertex -18.736 25.955 2.4
      vertex -16.307 23.462 2.4
    endloop
  endfacet
  facet normal 0 0 1
    outer loop
      vertex -18.144 29.63 2.4
      vertex -15.914 30.943 2.4
      vertex -17.292 30.418 2.4
    endloop
  endfacet
  facet normal 0 0 1
    outer loop
      vertex -16.307 23.462 2.4
      vertex -18.736 25.955 2.4
      vertex -17.094 23.79 2.4
    endloop
  endfacet
  facet normal -0 -0 1
    outer loop
      vertex -18.08 24.643 2.4
      vertex -17.094 23.79 2.4
      vertex -18.736 25.955 2.4
    endloop
  endfacet
  facet normal 0 0 1
    outer loop
      vertex -15.914 30.943 2.4
      vertex -18.144 29.63 2.4
      vertex -18.932 27.464 2.4
    endloop
  endfacet
  facet normal 0 0 1
    outer loop
      vertex -17.094 23.79 2.4
      vertex -18.08 24.643 2.4
      vertex -17.488 24.052 2.4
    endloop
  endfacet
  facet normal 0 0 1
    outer loop
      vertex -18.932 27.464 2.4
      vertex -18.144 29.63 2.4
      vertex -18.538 29.04 2.4
    endloop
  endfacet
  facet normal 0 0 1
    outer loop
      vertex -18.08 24.643 2.4
      vertex -18.736 25.955 2.4
      vertex -18.408 25.102 2.4
    endloop
  endfacet
  facet normal 0 0 1
    outer loop
      vertex -18.408 25.102 2.4
      vertex -18.736 25.955 2.4
      vertex -18.736 25.758 2.4
    endloop
  endfacet
  facet normal 0 0 1
    outer loop
      vertex -10 47.4 2.4
      vertex -13.4 47.8 2.4
      vertex -13.4 47.4 2.4
    endloop
  endfacet
  facet normal 0 0 1
    outer loop
      vertex -29.958 -18.998 2.4
      vertex -30.088 -18.67 2.4
      vertex -29.958 -19.26 2.4
    endloop
  endfacet
  facet normal 0 0 1
    outer loop
      vertex -29.826 -19.524 2.4
      vertex -29.958 -19.26 2.4
      vertex -29.826 -19.72 2.4
    endloop
  endfacet
  facet normal 0 0 1
    outer loop
      vertex -20.441 -21.23 2.4
      vertex -19.194 -19.786 2.4
      vertex -19.326 -19.392 2.4
    endloop
  endfacet
  facet normal 0 0 1
    outer loop
      vertex 20.64 -10.794 2.4
      vertex 19.656 -12.829 2.4
      vertex 19.72 -12.895 2.4
    endloop
  endfacet
  facet normal 0 0 1
    outer loop
      vertex 19.787 -10.664 2.4
      vertex 19.59 -12.304 2.4
      vertex 19.656 -12.829 2.4
    endloop
  endfacet
  facet normal 0 0 1
    outer loop
      vertex 19.787 -10.664 2.4
      vertex 19.392 -11.648 2.4
      vertex 19.59 -12.304 2.4
    endloop
  endfacet
  facet normal 0 0 1
    outer loop
      vertex 19.59 -12.304 2.4
      vertex 19.392 -11.648 2.4
      vertex 19.458 -12.042 2.4
    endloop
  endfacet
  facet normal 0 0 1
    outer loop
      vertex 19.787 -10.664 2.4
      vertex 19.327 -10.599 2.4
      vertex 19.392 -11.648 2.4
    endloop
  endfacet
  facet normal 0 0 1
    outer loop
      vertex 19.065 -11.582 2.4
      vertex 19.327 -10.599 2.4
      vertex 19.261 -10.532 2.4
    endloop
  endfacet
  facet normal 0 0 1
    outer loop
      vertex 19.327 -10.599 2.4
      vertex 19.065 -11.582 2.4
      vertex 19.392 -11.648 2.4
    endloop
  endfacet
  facet normal 0 0 1
    outer loop
      vertex 19.392 -11.648 2.4
      vertex 19.065 -11.582 2.4
      vertex 19.13 -11.648 2.4
    endloop
  endfacet
  facet normal 0 0 1
    outer loop
      vertex 19.261 -10.532 2.4
      vertex 17.096 -11.582 2.4
      vertex 19.065 -11.582 2.4
    endloop
  endfacet
  facet normal -0 0 1
    outer loop
      vertex 16.898 -10.532 2.4
      vertex 17.096 -11.582 2.4
      vertex 19.261 -10.532 2.4
    endloop
  endfacet
  facet normal -0 0 1
    outer loop
      vertex 16.834 -10.599 2.4
      vertex 17.096 -11.582 2.4
      vertex 16.898 -10.532 2.4
    endloop
  endfacet
  facet normal 0 0 1
    outer loop
      vertex 16.309 -11.648 2.4
      vertex 17.096 -11.582 2.4
      vertex 16.834 -10.599 2.4
    endloop
  endfacet
  facet normal 0 0 1
    outer loop
      vertex 16.309 -10.664 2.4
      vertex 16.834 -10.599 2.4
      vertex 16.374 -10.599 2.4
    endloop
  endfacet
  facet normal 0 0 1
    outer loop
      vertex 16.309 -11.648 2.4
      vertex 16.834 -10.599 2.4
      vertex 16.309 -10.664 2.4
    endloop
  endfacet
  facet normal 0 0 1
    outer loop
      vertex 17.096 -11.582 2.4
      vertex 16.309 -11.648 2.4
      vertex 17.03 -11.648 2.4
    endloop
  endfacet
  facet normal -0 0 1
    outer loop
      vertex 15.784 -10.664 2.4
      vertex 16.309 -11.648 2.4
      vertex 16.309 -10.664 2.4
    endloop
  endfacet
  facet normal 0 0 1
    outer loop
      vertex 16.309 -11.648 2.4
      vertex 15.784 -10.664 2.4
      vertex 16.242 -11.713 2.4
    endloop
  endfacet
  facet normal -0 0 1
    outer loop
      vertex 15.389 -10.794 2.4
      vertex 16.242 -11.713 2.4
      vertex 15.784 -10.664 2.4
    endloop
  endfacet
  facet normal 0 0 1
    outer loop
      vertex 15.389 -10.794 2.4
      vertex 15.258 -11.844 2.4
      vertex 16.242 -11.713 2.4
    endloop
  endfacet
  facet normal 0 0 1
    outer loop
      vertex 13.684 -11.188 2.4
      vertex 15.258 -12.173 2.4
      vertex 15.258 -11.844 2.4
    endloop
  endfacet
  facet normal 0 0 1
    outer loop
      vertex 15.258 -12.173 2.4
      vertex 12.108 -21.23 2.4
      vertex 15.193 -21.492 2.4
    endloop
  endfacet
  facet normal 0 0 1
    outer loop
      vertex 14.931 -10.861 2.4
      vertex 15.389 -10.794 2.4
      vertex 14.996 -10.794 2.4
    endloop
  endfacet
  facet normal 0 0 1
    outer loop
      vertex 15.389 -10.794 2.4
      vertex 14.931 -10.861 2.4
      vertex 15.258 -11.844 2.4
    endloop
  endfacet
  facet normal -0 0 1
    outer loop
      vertex 13.946 -11.057 2.4
      vertex 15.258 -11.844 2.4
      vertex 14.931 -10.861 2.4
    endloop
  endfacet
  facet normal 0 0 1
    outer loop
      vertex 15.258 -12.173 2.4
      vertex 13.684 -11.188 2.4
      vertex 13.29 -11.32 2.4
    endloop
  endfacet
  facet normal 0 0 1
    outer loop
      vertex 15.258 -12.173 2.4
      vertex 13.29 -11.32 2.4
      vertex 12.174 -11.713 2.4
    endloop
  endfacet
  facet normal 0 0 1
    outer loop
      vertex 15.062 -21.754 2.4
      vertex 13.356 -22.41 2.4
      vertex 15.062 -21.951 2.4
    endloop
  endfacet
  facet normal 0 -0 1
    outer loop
      vertex 13.748 -23.132 2.4
      vertex 14.799 -22.739 2.4
      vertex 13.356 -22.41 2.4
    endloop
  endfacet
  facet normal 0 0 1
    outer loop
      vertex 14.799 -22.739 2.4
      vertex 13.748 -23.132 2.4
      vertex 14.471 -23.854 2.4
    endloop
  endfacet
  facet normal 0 0 1
    outer loop
      vertex 15.258 -11.844 2.4
      vertex 13.946 -11.057 2.4
      vertex 13.684 -11.188 2.4
    endloop
  endfacet
  facet normal 0 0 1
    outer loop
      vertex 14.471 -23.854 2.4
      vertex 14.011 -23.92 2.4
      vertex 14.406 -23.92 2.4
    endloop
  endfacet
  facet normal 0 -0 1
    outer loop
      vertex 12.568 -21.557 2.4
      vertex 15.193 -21.492 2.4
      vertex 12.108 -21.23 2.4
    endloop
  endfacet
  facet normal 0 0 1
    outer loop
      vertex 13.29 -11.32 2.4
      vertex 13.684 -11.188 2.4
      vertex 13.486 -11.188 2.4
    endloop
  endfacet
  facet normal 0 -0 1
    outer loop
      vertex 14.011 -23.92 2.4
      vertex 14.471 -23.854 2.4
      vertex 13.748 -23.132 2.4
    endloop
  endfacet
  facet normal 0 0 1
    outer loop
      vertex 15.193 -21.492 2.4
      vertex 12.568 -21.557 2.4
      vertex 15.062 -21.754 2.4
    endloop
  endfacet
  facet normal 0 0 1
    outer loop
      vertex 15.062 -21.951 2.4
      vertex 13.356 -22.41 2.4
      vertex 14.799 -22.739 2.4
    endloop
  endfacet
  facet normal 0 0 1
    outer loop
      vertex 15.258 -12.173 2.4
      vertex 12.174 -11.713 2.4
      vertex 11.517 -12.108 2.4
    endloop
  endfacet
  facet normal 0 -0 1
    outer loop
      vertex 13.356 -22.41 2.4
      vertex 15.062 -21.754 2.4
      vertex 12.568 -21.557 2.4
    endloop
  endfacet
  facet normal 0 0 1
    outer loop
      vertex 15.258 -12.173 2.4
      vertex 11.517 -12.108 2.4
      vertex 11.584 -20.966 2.4
    endloop
  endfacet
  facet normal 0 0 1
    outer loop
      vertex 15.258 -12.173 2.4
      vertex 11.584 -20.966 2.4
      vertex 12.108 -21.23 2.4
    endloop
  endfacet
  facet normal 0 0 1
    outer loop
      vertex 9.02299 -13.551 2.4
      vertex 11.517 -12.108 2.4
      vertex 11.386 -12.108 2.4
    endloop
  endfacet
  facet normal 0 0 1
    outer loop
      vertex 11.517 -12.108 2.4
      vertex 9.02299 -13.551 2.4
      vertex 11.584 -20.966 2.4
    endloop
  endfacet
  facet normal 0 0 1
    outer loop
      vertex 11.584 -20.966 2.4
      vertex 9.02299 -13.551 2.4
      vertex 10.665 -20.704 2.4
    endloop
  endfacet
  facet normal 0 0 1
    outer loop
      vertex 10.665 -20.704 2.4
      vertex 9.02299 -13.551 2.4
      vertex 9.418 -20.704 2.4
    endloop
  endfacet
  facet normal -0 0 1
    outer loop
      vertex 6.59599 -15.388 2.4
      vertex 9.418 -20.704 2.4
      vertex 9.02299 -13.551 2.4
    endloop
  endfacet
  facet normal 0 -0 1
    outer loop
      vertex 8.827 -20.835 2.4
      vertex 9.418 -20.704 2.4
      vertex 6.59599 -15.388 2.4
    endloop
  endfacet
  facet normal 0 0 1
    outer loop
      vertex 9.418 -20.704 2.4
      vertex 8.827 -20.835 2.4
      vertex 9.09 -20.835 2.4
    endloop
  endfacet
  facet normal 0 -0 1
    outer loop
      vertex 8.105 -21.098 2.4
      vertex 8.827 -20.835 2.4
      vertex 6.59599 -15.388 2.4
    endloop
  endfacet
  facet normal 0 0 1
    outer loop
      vertex 8.827 -20.835 2.4
      vertex 8.105 -21.098 2.4
      vertex 8.62999 -20.966 2.4
    endloop
  endfacet
  facet normal -0 0 1
    outer loop
      vertex 3.97099 -17.62 2.4
      vertex 8.105 -21.098 2.4
      vertex 6.59599 -15.388 2.4
    endloop
  endfacet
  facet normal 0 0 1
    outer loop
      vertex 6.924 -21.688 2.4
      vertex 3.97099 -17.62 2.4
      vertex 6.793 -21.82 2.4
    endloop
  endfacet
  facet normal 0 0 1
    outer loop
      vertex 8.105 -21.098 2.4
      vertex 3.97099 -17.62 2.4
      vertex 6.924 -21.688 2.4
    endloop
  endfacet
  facet normal 0 0 1
    outer loop
      vertex 25.299 -12.829 2.4
      vertex 20.049 -15.258 2.4
      vertex 20.114 -16.111 2.4
    endloop
  endfacet
  facet normal 0 0 1
    outer loop
      vertex 20.64 -10.794 2.4
      vertex 19.984 -14.471 2.4
      vertex 20.049 -15.258 2.4
    endloop
  endfacet
  facet normal 0 0 1
    outer loop
      vertex 20.64 -10.794 2.4
      vertex 19.852 -13.551 2.4
      vertex 19.984 -14.471 2.4
    endloop
  endfacet
  facet normal 0 0 1
    outer loop
      vertex 19.656 -12.829 2.4
      vertex 20.312 -10.664 2.4
      vertex 19.787 -10.664 2.4
    endloop
  endfacet
  facet normal -0 0 1
    outer loop
      vertex 19.327 -10.599 2.4
      vertex 19.787 -10.664 2.4
      vertex 19.72 -10.599 2.4
    endloop
  endfacet
  facet normal 0 0 1
    outer loop
      vertex 20.64 -10.794 2.4
      vertex 19.72 -12.895 2.4
      vertex 19.852 -13.551 2.4
    endloop
  endfacet
  facet normal 0 0 1
    outer loop
      vertex 19.852 -13.551 2.4
      vertex 19.72 -12.895 2.4
      vertex 19.72 -13.224 2.4
    endloop
  endfacet
  facet normal 0 0 1
    outer loop
      vertex 26.152 -13.682 2.4
      vertex 26.612 -14.733 2.4
      vertex 26.612 -14.535 2.4
    endloop
  endfacet
  facet normal 0 0 1
    outer loop
      vertex 26.612 -14.733 2.4
      vertex 20.114 -16.111 2.4
      vertex 26.612 -16.832 2.4
    endloop
  endfacet
  facet normal 0 -0 1
    outer loop
      vertex 26.218 -17.948 2.4
      vertex 26.612 -16.832 2.4
      vertex 20.114 -16.111 2.4
    endloop
  endfacet
  facet normal 0 0 1
    outer loop
      vertex 25.299 -12.829 2.4
      vertex 26.612 -14.733 2.4
      vertex 26.152 -13.682 2.4
    endloop
  endfacet
  facet normal 0 0 1
    outer loop
      vertex 26.612 -16.832 2.4
      vertex 26.218 -17.948 2.4
      vertex 26.612 -17.03 2.4
    endloop
  endfacet
  facet normal 0 0 1
    outer loop
      vertex 26.612 -14.733 2.4
      vertex 25.299 -12.829 2.4
      vertex 20.114 -16.111 2.4
    endloop
  endfacet
  facet normal 0 0 1
    outer loop
      vertex 26.218 -17.948 2.4
      vertex 20.114 -16.111 2.4
      vertex 25.496 -18.932 2.4
    endloop
  endfacet
  facet normal 0 0 1
    outer loop
      vertex 20.049 -15.258 2.4
      vertex 25.299 -12.829 2.4
      vertex 24.052 -11.977 2.4
    endloop
  endfacet
  facet normal -0 0 1
    outer loop
      vertex 22.871 -11.451 2.4
      vertex 24.052 -11.977 2.4
      vertex 23.002 -11.451 2.4
    endloop
  endfacet
  facet normal 0 0 1
    outer loop
      vertex 20.049 -15.258 2.4
      vertex 24.052 -11.977 2.4
      vertex 22.871 -11.451 2.4
    endloop
  endfacet
  facet normal -0 0 1
    outer loop
      vertex 20.114 -17.489 2.4
      vertex 25.496 -18.932 2.4
      vertex 20.114 -16.111 2.4
    endloop
  endfacet
  facet normal -0 0 1
    outer loop
      vertex 21.755 -11.057 2.4
      vertex 22.871 -11.451 2.4
      vertex 21.952 -11.057 2.4
    endloop
  endfacet
  facet normal 0 0 1
    outer loop
      vertex 20.049 -15.258 2.4
      vertex 22.871 -11.451 2.4
      vertex 21.755 -11.057 2.4
    endloop
  endfacet
  facet normal -0 0 1
    outer loop
      vertex 21.23 -10.926 2.4
      vertex 21.755 -11.057 2.4
      vertex 21.492 -10.926 2.4
    endloop
  endfacet
  facet normal 0 0 1
    outer loop
      vertex 20.049 -15.258 2.4
      vertex 21.755 -11.057 2.4
      vertex 21.23 -10.926 2.4
    endloop
  endfacet
  facet normal -0 0 1
    outer loop
      vertex 20.64 -10.794 2.4
      vertex 21.23 -10.926 2.4
      vertex 20.968 -10.794 2.4
    endloop
  endfacet
  facet normal 0 0 1
    outer loop
      vertex 25.496 -18.932 2.4
      vertex 20.114 -17.489 2.4
      vertex 24.118 -20.179 2.4
    endloop
  endfacet
  facet normal -0 0 1
    outer loop
      vertex 19.984 -19.26 2.4
      vertex 24.118 -20.179 2.4
      vertex 20.114 -17.489 2.4
    endloop
  endfacet
  facet normal 0 0 1
    outer loop
      vertex 20.049 -15.258 2.4
      vertex 21.23 -10.926 2.4
      vertex 20.64 -10.794 2.4
    endloop
  endfacet
  facet normal 0 0 1
    outer loop
      vertex 19.656 -12.829 2.4
      vertex 20.64 -10.794 2.4
      vertex 20.312 -10.664 2.4
    endloop
  endfacet
  facet normal 0 0 1
    outer loop
      vertex 24.118 -20.179 2.4
      vertex 19.984 -19.26 2.4
      vertex 22.805 -21.098 2.4
    endloop
  endfacet
  facet normal -0 0 1
    outer loop
      vertex 19.852 -20.179 2.4
      vertex 22.805 -21.098 2.4
      vertex 19.984 -19.26 2.4
    endloop
  endfacet
  facet normal 0 0 1
    outer loop
      vertex 19.984 -19.26 2.4
      vertex 20.114 -17.489 2.4
      vertex 20.049 -17.554 2.4
    endloop
  endfacet
  facet normal 0 0 1
    outer loop
      vertex 22.805 -21.098 2.4
      vertex 19.852 -20.179 2.4
      vertex 20.836 -22.148 2.4
    endloop
  endfacet
  facet normal 0 0 1
    outer loop
      vertex 19.852 -20.179 2.4
      vertex 19.984 -19.26 2.4
      vertex 19.918 -19.326 2.4
    endloop
  endfacet
  facet normal -0 0 1
    outer loop
      vertex 19.72 -20.835 2.4
      vertex 20.836 -22.148 2.4
      vertex 19.852 -20.179 2.4
    endloop
  endfacet
  facet normal 0 0 1
    outer loop
      vertex 20.836 -22.148 2.4
      vertex 19.72 -20.835 2.4
      vertex 20.706 -22.148 2.4
    endloop
  endfacet
  facet normal 0 0 1
    outer loop
      vertex 19.72 -20.835 2.4
      vertex 19.852 -20.179 2.4
      vertex 19.787 -20.246 2.4
    endloop
  endfacet
  facet normal -0 0 1
    outer loop
      vertex 19.59 -21.426 2.4
      vertex 20.706 -22.148 2.4
      vertex 19.72 -20.835 2.4
    endloop
  endfacet
  facet normal 0 0 1
    outer loop
      vertex 20.706 -22.148 2.4
      vertex 19.59 -21.426 2.4
      vertex 19.918 -22.542 2.4
    endloop
  endfacet
  facet normal 0 0 1
    outer loop
      vertex 19.59 -21.426 2.4
      vertex 19.72 -20.835 2.4
      vertex 19.59 -21.164 2.4
    endloop
  endfacet
  facet normal 0 0 1
    outer loop
      vertex 19.918 -22.542 2.4
      vertex 19.59 -21.426 2.4
      vertex 19.72 -22.542 2.4
    endloop
  endfacet
  facet normal -0 0 1
    outer loop
      vertex 19.196 -21.688 2.4
      vertex 19.72 -22.542 2.4
      vertex 19.59 -21.426 2.4
    endloop
  endfacet
  facet normal 0 0 1
    outer loop
      vertex 19.72 -22.542 2.4
      vertex 19.196 -21.688 2.4
      vertex 19.524 -22.673 2.4
    endloop
  endfacet
  facet normal -0 0 1
    outer loop
      vertex 18.606 -21.82 2.4
      vertex 19.524 -22.673 2.4
      vertex 19.196 -21.688 2.4
    endloop
  endfacet
  facet normal 0 0 1
    outer loop
      vertex 19.524 -22.673 2.4
      vertex 18.606 -21.82 2.4
      vertex 18.736 -22.935 2.4
    endloop
  endfacet
  facet normal -0 0 1
    outer loop
      vertex 18.409 -21.951 2.4
      vertex 18.736 -22.935 2.4
      vertex 18.606 -21.82 2.4
    endloop
  endfacet
  facet normal 0 0 1
    outer loop
      vertex 18.736 -22.935 2.4
      vertex 18.409 -21.951 2.4
      vertex 18.54 -22.935 2.4
    endloop
  endfacet
  facet normal -0 0 1
    outer loop
      vertex 18.146 -21.951 2.4
      vertex 18.54 -22.935 2.4
      vertex 18.409 -21.951 2.4
    endloop
  endfacet
  facet normal 0 0 1
    outer loop
      vertex 18.54 -22.935 2.4
      vertex 18.146 -21.951 2.4
      vertex 18.276 -23.066 2.4
    endloop
  endfacet
  facet normal 0 0 1
    outer loop
      vertex 18.146 -21.951 2.4
      vertex 18.014 -23.066 2.4
      vertex 18.276 -23.066 2.4
    endloop
  endfacet
  facet normal -0 0 1
    outer loop
      vertex 17.424 -22.213 2.4
      vertex 18.014 -23.066 2.4
      vertex 18.146 -21.951 2.4
    endloop
  endfacet
  facet normal 0 0 1
    outer loop
      vertex 18.014 -23.066 2.4
      vertex 17.424 -22.213 2.4
      vertex 17.752 -23.198 2.4
    endloop
  endfacet
  facet normal 0 0 1
    outer loop
      vertex 17.752 -23.198 2.4
      vertex 17.424 -22.213 2.4
      vertex 17.49 -23.198 2.4
    endloop
  endfacet
  facet normal -0 0 1
    outer loop
      vertex 17.162 -22.213 2.4
      vertex 17.49 -23.198 2.4
      vertex 17.424 -22.213 2.4
    endloop
  endfacet
  facet normal -0 0 1
    outer loop
      vertex 16.898 -22.344 2.4
      vertex 17.49 -23.198 2.4
      vertex 17.162 -22.213 2.4
    endloop
  endfacet
  facet normal 0 0 1
    outer loop
      vertex 16.898 -22.344 2.4
      vertex 16.702 -23.46 2.4
      vertex 17.49 -23.198 2.4
    endloop
  endfacet
  facet normal 0 0 1
    outer loop
      vertex 16.571 -22.41 2.4
      vertex 16.898 -22.344 2.4
      vertex 16.636 -22.344 2.4
    endloop
  endfacet
  facet normal 0 0 1
    outer loop
      vertex 16.898 -22.344 2.4
      vertex 16.571 -22.41 2.4
      vertex 16.702 -23.46 2.4
    endloop
  endfacet
  facet normal 0 0 1
    outer loop
      vertex 16.571 -22.41 2.4
      vertex 15.849 -23.591 2.4
      vertex 16.702 -23.46 2.4
    endloop
  endfacet
  facet normal -0 0 1
    outer loop
      vertex 15.456 -22.608 2.4
      vertex 15.849 -23.591 2.4
      vertex 16.571 -22.41 2.4
    endloop
  endfacet
  facet normal 0 0 1
    outer loop
      vertex 15.849 -23.591 2.4
      vertex 15.456 -22.608 2.4
      vertex 15.52 -23.724 2.4
    endloop
  endfacet
  facet normal -0 0 1
    outer loop
      vertex 15.126 -22.739 2.4
      vertex 15.52 -23.724 2.4
      vertex 15.456 -22.608 2.4
    endloop
  endfacet
  facet normal 0 0 1
    outer loop
      vertex 15.52 -23.724 2.4
      vertex 15.126 -22.739 2.4
      vertex 15.193 -23.724 2.4
    endloop
  endfacet
  facet normal -0 0 1
    outer loop
      vertex 14.799 -22.739 2.4
      vertex 15.193 -23.724 2.4
      vertex 15.126 -22.739 2.4
    endloop
  endfacet
  facet normal 0 0 1
    outer loop
      vertex 15.193 -23.724 2.4
      vertex 14.799 -22.739 2.4
      vertex 14.864 -23.854 2.4
    endloop
  endfacet
  facet normal 0 0 1
    outer loop
      vertex 14.864 -23.854 2.4
      vertex 14.799 -22.739 2.4
      vertex 14.471 -23.854 2.4
    endloop
  endfacet
  facet normal 0 0 1
    outer loop
      vertex 26.743 -14.996 2.4
      vertex 26.743 -15.98 2.4
      vertex 26.808 -15.914 2.4
    endloop
  endfacet
  facet normal 0 0 1
    outer loop
      vertex 26.612 -14.733 2.4
      vertex 26.743 -15.98 2.4
      vertex 26.743 -14.996 2.4
    endloop
  endfacet
  facet normal 0 0 1
    outer loop
      vertex 26.612 -16.832 2.4
      vertex 26.743 -15.98 2.4
      vertex 26.612 -14.733 2.4
    endloop
  endfacet
  facet normal 0 0 1
    outer loop
      vertex 26.743 -15.98 2.4
      vertex 26.612 -16.832 2.4
      vertex 26.743 -16.57 2.4
    endloop
  endfacet
  facet normal 0 0 1
    outer loop
      vertex 20.114 -16.111 2.4
      vertex 20.049 -15.258 2.4
      vertex 20.049 -16.044 2.4
    endloop
  endfacet
  facet normal 0 0 1
    outer loop
      vertex 20.049 -15.258 2.4
      vertex 19.984 -14.471 2.4
      vertex 19.984 -15.191 2.4
    endloop
  endfacet
  facet normal 0 0 1
    outer loop
      vertex 19.984 -14.471 2.4
      vertex 19.852 -13.551 2.4
      vertex 19.852 -14.01 2.4
    endloop
  endfacet
  facet normal 0 0 1
    outer loop
      vertex 15.718 -14.404 2.4
      vertex 15.784 -16.898 2.4
      vertex 15.849 -16.832 2.4
    endloop
  endfacet
  facet normal 0 0 1
    outer loop
      vertex 15.651 -14.338 2.4
      vertex 15.784 -16.898 2.4
      vertex 15.718 -14.404 2.4
    endloop
  endfacet
  facet normal 0 0 1
    outer loop
      vertex 15.784 -16.898 2.4
      vertex 15.718 -18.146 2.4
      vertex 15.784 -18.079 2.4
    endloop
  endfacet
  facet normal 0 0 1
    outer loop
      vertex 15.784 -16.898 2.4
      vertex 15.651 -14.338 2.4
      vertex 15.718 -18.146 2.4
    endloop
  endfacet
  facet normal 0 0 1
    outer loop
      vertex 15.586 -19.326 2.4
      vertex 15.718 -18.146 2.4
      vertex 15.651 -14.338 2.4
    endloop
  endfacet
  facet normal 0 0 1
    outer loop
      vertex 15.718 -18.146 2.4
      vertex 15.651 -18.867 2.4
      vertex 15.718 -18.801 2.4
    endloop
  endfacet
  facet normal 0 0 1
    outer loop
      vertex 15.718 -18.146 2.4
      vertex 15.586 -19.326 2.4
      vertex 15.651 -18.867 2.4
    endloop
  endfacet
  facet normal 0 0 1
    outer loop
      vertex 15.651 -18.867 2.4
      vertex 15.586 -19.326 2.4
      vertex 15.651 -19.26 2.4
    endloop
  endfacet
  facet normal 0 0 1
    outer loop
      vertex 15.586 -19.326 2.4
      vertex 15.52 -19.786 2.4
      vertex 15.586 -19.72 2.4
    endloop
  endfacet
  facet normal 0 0 1
    outer loop
      vertex 15.324 -20.704 2.4
      vertex 15.586 -19.326 2.4
      vertex 15.651 -14.338 2.4
    endloop
  endfacet
  facet normal 0 0 1
    outer loop
      vertex 15.258 -12.173 2.4
      vertex 15.651 -14.338 2.4
      vertex 15.456 -12.829 2.4
    endloop
  endfacet
  facet normal 0 -0 1
    outer loop
      vertex 15.324 -20.704 2.4
      vertex 15.651 -14.338 2.4
      vertex 15.258 -12.173 2.4
    endloop
  endfacet
  facet normal 0 0 1
    outer loop
      vertex 15.52 -19.786 2.4
      vertex 15.324 -20.704 2.4
      vertex 15.456 -20.441 2.4
    endloop
  endfacet
  facet normal 0 0 1
    outer loop
      vertex 15.586 -19.326 2.4
      vertex 15.324 -20.704 2.4
      vertex 15.52 -19.786 2.4
    endloop
  endfacet
  facet normal 0 0 1
    outer loop
      vertex 15.324 -20.704 2.4
      vertex 15.258 -12.173 2.4
      vertex 15.193 -21.492 2.4
    endloop
  endfacet
  facet normal 0 0 1
    outer loop
      vertex 8.03999 -22.082 2.4
      vertex 8.43399 -22.542 2.4
      vertex 8.49799 -22.41 2.4
    endloop
  endfacet
  facet normal 0 0 1
    outer loop
      vertex 7.252 -22.804 2.4
      vertex 8.03999 -22.082 2.4
      vertex 7.58099 -21.951 2.4
    endloop
  endfacet
  facet normal 0 0 1
    outer loop
      vertex 8.03999 -22.082 2.4
      vertex 7.252 -22.804 2.4
      vertex 8.43399 -22.542 2.4
    endloop
  endfacet
  facet normal 0 0 1
    outer loop
      vertex 6.793 -21.886 2.4
      vertex 7.252 -22.804 2.4
      vertex 7.58099 -21.951 2.4
    endloop
  endfacet
  facet normal 0 0 1
    outer loop
      vertex 6.793 -21.886 2.4
      vertex 6.334 -23.198 2.4
      vertex 7.252 -22.804 2.4
    endloop
  endfacet
  facet normal -0 0 1
    outer loop
      vertex 1.017 -19.982 2.4
      vertex 6.793 -21.82 2.4
      vertex 3.97099 -17.62 2.4
    endloop
  endfacet
  facet normal 0 -0 1
    outer loop
      vertex 4.69299 -23.986 2.4
      vertex 6.793 -21.82 2.4
      vertex 1.017 -19.982 2.4
    endloop
  endfacet
  facet normal 0 0 1
    outer loop
      vertex 6.793 -21.886 2.4
      vertex 6.202 -23.198 2.4
      vertex 6.334 -23.198 2.4
    endloop
  endfacet
  facet normal 0 -0 1
    outer loop
      vertex 6.202 -23.198 2.4
      vertex 6.793 -21.82 2.4
      vertex 4.69299 -23.986 2.4
    endloop
  endfacet
  facet normal 0 0 1
    outer loop
      vertex 6.793 -21.82 2.4
      vertex 6.202 -23.198 2.4
      vertex 6.793 -21.886 2.4
    endloop
  endfacet
  facet normal 0 0 1
    outer loop
      vertex 4.69299 -23.986 2.4
      vertex 1.017 -19.982 2.4
      vertex 3.77299 -24.642 2.4
    endloop
  endfacet
  facet normal -0 0 1
    outer loop
      vertex 0.75499 -20.114 2.4
      vertex 3.77299 -24.642 2.4
      vertex 1.017 -19.982 2.4
    endloop
  endfacet
  facet normal -0 0 1
    outer loop
      vertex -1.14799 -21.557 2.4
      vertex 3.77299 -24.642 2.4
      vertex 0.75499 -20.114 2.4
    endloop
  endfacet
  facet normal 0 0 1
    outer loop
      vertex 3.77299 -24.642 2.4
      vertex -1.14799 -21.557 2.4
      vertex 2.26399 -26.085 2.4
    endloop
  endfacet
  facet normal 0 0 1
    outer loop
      vertex 2.26399 -26.085 2.4
      vertex -1.14799 -21.557 2.4
      vertex 1.937 -26.48 2.4
    endloop
  endfacet
  facet normal -0 0 1
    outer loop
      vertex -2.91899 -22.739 2.4
      vertex 1.937 -26.48 2.4
      vertex -1.14799 -21.557 2.4
    endloop
  endfacet
  facet normal 0 0 1
    outer loop
      vertex 1.937 -26.48 2.4
      vertex -2.91899 -22.739 2.4
      vertex 1.017 -27.858 2.4
    endloop
  endfacet
  facet normal -0 0 1
    outer loop
      vertex -4.56 -23.724 2.4
      vertex 1.017 -27.858 2.4
      vertex -2.91899 -22.739 2.4
    endloop
  endfacet
  facet normal 0 0 1
    outer loop
      vertex 1.017 -27.858 2.4
      vertex -4.56 -23.724 2.4
      vertex 0.491989 -28.908 2.4
    endloop
  endfacet
  facet normal 0 0 1
    outer loop
      vertex 0.491989 -28.908 2.4
      vertex -4.56 -23.724 2.4
      vertex 0.426987 -29.171 2.4
    endloop
  endfacet
  facet normal -0 0 1
    outer loop
      vertex -6.72699 -24.838 2.4
      vertex 0.426987 -29.171 2.4
      vertex -4.56 -23.724 2.4
    endloop
  endfacet
  facet normal 0 0 1
    outer loop
      vertex 0.426987 -29.171 2.4
      vertex -2.91899 -34.354 2.4
      vertex -0.229996 -34.354 2.4
    endloop
  endfacet
  facet normal 0 0 1
    outer loop
      vertex -0.229996 -34.354 2.4
      vertex -2.91899 -34.354 2.4
      vertex -0.293991 -34.421 2.4
    endloop
  endfacet
  facet normal 0 0 1
    outer loop
      vertex 0.426987 -29.171 2.4
      vertex -3.37999 -34.224 2.4
      vertex -2.91899 -34.354 2.4
    endloop
  endfacet
  facet normal 0 0 1
    outer loop
      vertex 0.426987 -29.171 2.4
      vertex -4.23299 -34.092 2.4
      vertex -3.37999 -34.224 2.4
    endloop
  endfacet
  facet normal 0 0 1
    outer loop
      vertex -3.37999 -34.224 2.4
      vertex -4.23299 -34.092 2.4
      vertex -3.838 -34.224 2.4
    endloop
  endfacet
  facet normal 0 -0 1
    outer loop
      vertex -5.80699 -33.698 2.4
      vertex 0.426987 -29.171 2.4
      vertex -6.72699 -24.838 2.4
    endloop
  endfacet
  facet normal 0 0 1
    outer loop
      vertex -4.23299 -34.092 2.4
      vertex -4.823 -33.96 2.4
      vertex -4.56 -34.092 2.4
    endloop
  endfacet
  facet normal 0 0 1
    outer loop
      vertex 0.426987 -29.171 2.4
      vertex -4.823 -33.96 2.4
      vertex -4.23299 -34.092 2.4
    endloop
  endfacet
  facet normal 0 0 1
    outer loop
      vertex -4.823 -33.96 2.4
      vertex -5.349 -33.829 2.4
      vertex -5.08499 -33.96 2.4
    endloop
  endfacet
  facet normal 0 0 1
    outer loop
      vertex 0.426987 -29.171 2.4
      vertex -5.349 -33.829 2.4
      vertex -4.823 -33.96 2.4
    endloop
  endfacet
  facet normal 0 0 1
    outer loop
      vertex -5.349 -33.829 2.4
      vertex -5.80699 -33.698 2.4
      vertex -5.54399 -33.829 2.4
    endloop
  endfacet
  facet normal 0 0 1
    outer loop
      vertex 0.426987 -29.171 2.4
      vertex -5.80699 -33.698 2.4
      vertex -5.349 -33.829 2.4
    endloop
  endfacet
  facet normal -0 0 1
    outer loop
      vertex -6.989 -24.97 2.4
      vertex -5.80699 -33.698 2.4
      vertex -6.72699 -24.838 2.4
    endloop
  endfacet
  facet normal -0 -0 1
    outer loop
      vertex -6.79099 -33.436 2.4
      vertex -5.80699 -33.698 2.4
      vertex -6.989 -24.97 2.4
    endloop
  endfacet
  facet normal 0 0 1
    outer loop
      vertex -6.989 -24.97 2.4
      vertex -6.72699 -24.838 2.4
      vertex -6.85799 -24.838 2.4
    endloop
  endfacet
  facet normal 0 0 1
    outer loop
      vertex -5.80699 -33.698 2.4
      vertex -6.79099 -33.436 2.4
      vertex -6.004 -33.698 2.4
    endloop
  endfacet
  facet normal 0 0 1
    outer loop
      vertex -7.31599 -25.102 2.4
      vertex -6.989 -24.97 2.4
      vertex -7.12 -24.97 2.4
    endloop
  endfacet
  facet normal 0 0 1
    outer loop
      vertex -6.989 -24.97 2.4
      vertex -7.31599 -25.102 2.4
      vertex -6.79099 -33.436 2.4
    endloop
  endfacet
  facet normal 0 0 1
    outer loop
      vertex -7.57899 -25.232 2.4
      vertex -7.31599 -25.102 2.4
      vertex -7.448 -25.102 2.4
    endloop
  endfacet
  facet normal 0 0 1
    outer loop
      vertex -7.31599 -25.102 2.4
      vertex -7.57899 -25.232 2.4
      vertex -6.79099 -33.436 2.4
    endloop
  endfacet
  facet normal 0 0 1
    outer loop
      vertex -8.892 -25.758 2.4
      vertex -7.57899 -25.232 2.4
      vertex -7.70999 -25.232 2.4
    endloop
  endfacet
  facet normal 0 0 1
    outer loop
      vertex -7.57899 -25.232 2.4
      vertex -8.82599 -32.516 2.4
      vertex -6.79099 -33.436 2.4
    endloop
  endfacet
  facet normal 0 0 1
    outer loop
      vertex -7.57899 -25.232 2.4
      vertex -8.892 -25.758 2.4
      vertex -8.82599 -32.516 2.4
    endloop
  endfacet
  facet normal 0 0 1
    outer loop
      vertex -9.614 -26.02 2.4
      vertex -8.892 -25.758 2.4
      vertex -9.088 -25.758 2.4
    endloop
  endfacet
  facet normal 0 0 1
    outer loop
      vertex -10.532 -31.466 2.4
      vertex -8.892 -25.758 2.4
      vertex -9.614 -26.02 2.4
    endloop
  endfacet
  facet normal 0 0 1
    outer loop
      vertex -10.466 -26.282 2.4
      vertex -9.614 -26.02 2.4
      vertex -9.81 -26.02 2.4
    endloop
  endfacet
  facet normal 0 0 1
    outer loop
      vertex -9.614 -26.02 2.4
      vertex -10.466 -26.282 2.4
      vertex -10.532 -31.466 2.4
    endloop
  endfacet
  facet normal 0 0 1
    outer loop
      vertex -8.892 -25.758 2.4
      vertex -10.532 -31.466 2.4
      vertex -8.82599 -32.516 2.4
    endloop
  endfacet
  facet normal 0 0 1
    outer loop
      vertex -11.386 -26.544 2.4
      vertex -10.466 -26.282 2.4
      vertex -10.664 -26.282 2.4
    endloop
  endfacet
  facet normal 0 0 1
    outer loop
      vertex -10.466 -26.282 2.4
      vertex -11.386 -26.544 2.4
      vertex -12.238 -30.088 2.4
    endloop
  endfacet
  facet normal 0 0 1
    outer loop
      vertex -11.91 -26.676 2.4
      vertex -11.386 -26.544 2.4
      vertex -11.648 -26.544 2.4
    endloop
  endfacet
  facet normal 0 0 1
    outer loop
      vertex -11.386 -26.544 2.4
      vertex -11.91 -26.676 2.4
      vertex -12.238 -30.088 2.4
    endloop
  endfacet
  facet normal 0 0 1
    outer loop
      vertex -12.502 -26.807 2.4
      vertex -11.91 -26.676 2.4
      vertex -12.173 -26.676 2.4
    endloop
  endfacet
  facet normal 0 0 1
    outer loop
      vertex -10.466 -26.282 2.4
      vertex -12.238 -30.088 2.4
      vertex -10.532 -31.466 2.4
    endloop
  endfacet
  facet normal 0 0 1
    outer loop
      vertex -11.91 -26.676 2.4
      vertex -12.502 -26.807 2.4
      vertex -12.238 -30.088 2.4
    endloop
  endfacet
  facet normal 0 0 1
    outer loop
      vertex -13.157 -26.938 2.4
      vertex -12.502 -26.807 2.4
      vertex -12.83 -26.807 2.4
    endloop
  endfacet
  facet normal 0 0 1
    outer loop
      vertex -12.502 -26.807 2.4
      vertex -13.157 -26.938 2.4
      vertex -13.88 -28.382 2.4
    endloop
  endfacet
  facet normal 0 0 1
    outer loop
      vertex -13.88 -28.382 2.4
      vertex -13.157 -26.938 2.4
      vertex -13.551 -26.938 2.4
    endloop
  endfacet
  facet normal 0 0 1
    outer loop
      vertex -12.502 -26.807 2.4
      vertex -13.88 -28.382 2.4
      vertex -12.238 -30.088 2.4
    endloop
  endfacet
  facet normal -0 0 1
    outer loop
      vertex -13.944 -27.07 2.4
      vertex -13.88 -28.382 2.4
      vertex -13.551 -26.938 2.4
    endloop
  endfacet
  facet normal 0 0 1
    outer loop
      vertex -14.601 -27.463 2.4
      vertex -13.944 -27.07 2.4
      vertex -14.47 -27.07 2.4
    endloop
  endfacet
  facet normal 0 0 1
    outer loop
      vertex -13.944 -27.07 2.4
      vertex -14.601 -27.463 2.4
      vertex -13.88 -28.382 2.4
    endloop
  endfacet
  facet normal 0 -0 1
    outer loop
      vertex -14.601 -27.463 2.4
      vertex -14.47 -27.07 2.4
      vertex -14.666 -27.201 2.4
    endloop
  endfacet
  facet normal 0 0 1
    outer loop
      vertex -18.998 -21.164 2.4
      vertex -18.932 -21.492 2.4
      vertex -18.932 -21.23 2.4
    endloop
  endfacet
  facet normal 0 0 1
    outer loop
      vertex -18.998 -21.164 2.4
      vertex -18.998 -21.557 2.4
      vertex -18.932 -21.492 2.4
    endloop
  endfacet
  facet normal 0 0 1
    outer loop
      vertex -19.916 -21.36 2.4
      vertex -18.998 -21.164 2.4
      vertex -19.13 -20.31 2.4
    endloop
  endfacet
  facet normal 0 0 1
    outer loop
      vertex -19.916 -21.36 2.4
      vertex -19.13 -20.31 2.4
      vertex -19.194 -20.246 2.4
    endloop
  endfacet
  facet normal 0 0 1
    outer loop
      vertex -19.194 -19.786 2.4
      vertex -20.441 -21.23 2.4
      vertex -19.194 -20.246 2.4
    endloop
  endfacet
  facet normal 0 0 1
    outer loop
      vertex -19.458 -18.014 2.4
      vertex -19.326 -19.392 2.4
      vertex -19.392 -18.079 2.4
    endloop
  endfacet
  facet normal 0 0 1
    outer loop
      vertex -18.998 -21.164 2.4
      vertex -19.654 -21.492 2.4
      vertex -18.998 -21.557 2.4
    endloop
  endfacet
  facet normal 0 0 1
    outer loop
      vertex -22.476 -20.441 2.4
      vertex -19.326 -19.392 2.4
      vertex -19.458 -18.014 2.4
    endloop
  endfacet
  facet normal 0 0 1
    outer loop
      vertex -26.216 18.868 2.4
      vertex -26.348 19.13 2.4
      vertex -26.348 18.998 2.4
    endloop
  endfacet
  facet normal 0 0 1
    outer loop
      vertex -29.76 25.693 2.4
      vertex -25.166 28.384 2.4
      vertex -28.71 31.664 2.4
    endloop
  endfacet
  facet normal 0 -0 1
    outer loop
      vertex -26.479 19.262 2.4
      vertex -25.166 26.152 2.4
      vertex -27.792 21.952 2.4
    endloop
  endfacet
  facet normal 0 -0 1
    outer loop
      vertex -29.63 25.562 2.4
      vertex -25.232 27.792 2.4
      vertex -29.76 25.693 2.4
    endloop
  endfacet
  facet normal 0 0 1
    outer loop
      vertex -25.166 26.152 2.4
      vertex -26.479 19.262 2.4
      vertex -26.348 19.13 2.4
    endloop
  endfacet
  facet normal 0 0 1
    outer loop
      vertex -25.166 26.152 2.4
      vertex -27.923 22.214 2.4
      vertex -27.792 21.952 2.4
    endloop
  endfacet
  facet normal 0 0 1
    outer loop
      vertex -25.166 26.152 2.4
      vertex -28.054 22.476 2.4
      vertex -27.923 22.214 2.4
    endloop
  endfacet
  facet normal 0 -0 1
    outer loop
      vertex -28.185 22.608 2.4
      vertex -25.166 26.152 2.4
      vertex -29.366 25.037 2.4
    endloop
  endfacet
  facet normal 0 0 1
    outer loop
      vertex -25.166 28.384 2.4
      vertex -29.76 25.693 2.4
      vertex -25.232 27.792 2.4
    endloop
  endfacet
  facet normal -0 0 1
    outer loop
      vertex -29.76 31.73 2.4
      vertex -28.71 31.664 2.4
      vertex -28.776 31.73 2.4
    endloop
  endfacet
  facet normal 0 0 1
    outer loop
      vertex -25.166 26.152 2.4
      vertex -28.185 22.608 2.4
      vertex -28.054 22.476 2.4
    endloop
  endfacet
  facet normal 0 0 1
    outer loop
      vertex -25.166 26.152 2.4
      vertex -29.498 25.298 2.4
      vertex -29.366 25.037 2.4
    endloop
  endfacet
  facet normal 0 0 1
    outer loop
      vertex -25.166 26.152 2.4
      vertex -29.63 25.562 2.4
      vertex -29.498 25.298 2.4
    endloop
  endfacet
  facet normal 0 0 1
    outer loop
      vertex -28.71 31.664 2.4
      vertex -29.76 31.73 2.4
      vertex -29.76 25.693 2.4
    endloop
  endfacet
  facet normal 0 0 1
    outer loop
      vertex -25.232 27.792 2.4
      vertex -29.63 25.562 2.4
      vertex -25.166 26.152 2.4
    endloop
  endfacet
  facet normal -0 0 1
    outer loop
      vertex -30.548 31.796 2.4
      vertex -29.76 31.73 2.4
      vertex -29.826 31.796 2.4
    endloop
  endfacet
  facet normal 0 0 1
    outer loop
      vertex -29.76 31.73 2.4
      vertex -30.548 31.796 2.4
      vertex -29.76 25.693 2.4
    endloop
  endfacet
  facet normal -0 0 1
    outer loop
      vertex -31.664 31.862 2.4
      vertex -30.548 31.796 2.4
      vertex -30.614 31.862 2.4
    endloop
  endfacet
  facet normal 0 0 1
    outer loop
      vertex -30.548 31.796 2.4
      vertex -31.664 31.862 2.4
      vertex -29.76 25.693 2.4
    endloop
  endfacet
  facet normal -0 0 1
    outer loop
      vertex -32.386 31.926 2.4
      vertex -31.664 31.862 2.4
      vertex -31.729 31.926 2.4
    endloop
  endfacet
  facet normal 0 0 1
    outer loop
      vertex -31.664 31.862 2.4
      vertex -32.386 31.926 2.4
      vertex -32.844 31.796 2.4
    endloop
  endfacet
  facet normal 0 0 1
    outer loop
      vertex -32.844 31.796 2.4
      vertex -32.386 31.926 2.4
      vertex -32.451 31.992 2.4
    endloop
  endfacet
  facet normal 0 0 1
    outer loop
      vertex -32.844 31.796 2.4
      vertex -32.451 31.992 2.4
      vertex -32.78 31.992 2.4
    endloop
  endfacet
  facet normal 0 0 1
    outer loop
      vertex -31.664 31.862 2.4
      vertex -32.844 31.796 2.4
      vertex -29.76 25.693 2.4
    endloop
  endfacet
  facet normal 0 0 1
    outer loop
      vertex -27.792 21.952 2.4
      vertex -27.923 22.214 2.4
      vertex -27.923 22.084 2.4
    endloop
  endfacet
  facet normal 0 0 1
    outer loop
      vertex -27.923 22.214 2.4
      vertex -28.054 22.476 2.4
      vertex -28.054 22.346 2.4
    endloop
  endfacet
  facet normal 0 0 1
    outer loop
      vertex -14.6 47.4 2.4
      vertex -29.4 47.8 2.4
      vertex -29.4 47.4 2.4
    endloop
  endfacet
  facet normal 0 0 1
    outer loop
      vertex -29.366 25.037 2.4
      vertex -29.498 25.298 2.4
      vertex -29.498 25.168 2.4
    endloop
  endfacet
  facet normal 0 0 1
    outer loop
      vertex -29.498 25.298 2.4
      vertex -29.63 25.562 2.4
      vertex -29.63 25.43 2.4
    endloop
  endfacet
  facet normal 0 0 1
    outer loop
      vertex -25.101 26.086 2.4
      vertex -25.166 26.152 2.4
      vertex -25.101 25.693 2.4
    endloop
  endfacet
  facet normal 0 0 1
    outer loop
      vertex -11.452 27.726 2.4
      vertex -11.516 26.546 2.4
      vertex -11.452 26.612 2.4
    endloop
  endfacet
  facet normal 0 0 1
    outer loop
      vertex -11.516 26.546 2.4
      vertex -11.648 25.824 2.4
      vertex -11.516 26.284 2.4
    endloop
  endfacet
  facet normal 0 0 1
    outer loop
      vertex -11.714 28.646 2.4
      vertex -11.516 26.546 2.4
      vertex -11.452 27.726 2.4
    endloop
  endfacet
  facet normal 0 0 1
    outer loop
      vertex -14.535 30.943 2.4
      vertex -11.516 26.546 2.4
      vertex -11.714 28.646 2.4
    endloop
  endfacet
  facet normal 0 0 1
    outer loop
      vertex -11.516 26.546 2.4
      vertex -12.173 24.84 2.4
      vertex -11.648 25.824 2.4
    endloop
  endfacet
  facet normal 0 0 1
    outer loop
      vertex -14.535 30.943 2.4
      vertex -11.714 28.646 2.4
      vertex -12.238 29.565 2.4
    endloop
  endfacet
  facet normal 0 0 1
    outer loop
      vertex -14.535 30.943 2.4
      vertex -12.238 29.565 2.4
      vertex -12.96 30.286 2.4
    endloop
  endfacet
  facet normal 0 0 1
    outer loop
      vertex -15.126 31.008 2.4
      vertex -11.516 26.546 2.4
      vertex -14.535 30.943 2.4
    endloop
  endfacet
  facet normal 0 0 1
    outer loop
      vertex -14.535 30.943 2.4
      vertex -12.96 30.286 2.4
      vertex -13.88 30.812 2.4
    endloop
  endfacet
  facet normal 0 0 1
    outer loop
      vertex -11.516 26.546 2.4
      vertex -14.338 23.396 2.4
      vertex -12.173 24.84 2.4
    endloop
  endfacet
  facet normal -0 0 1
    outer loop
      vertex -14.535 30.943 2.4
      vertex -13.88 30.812 2.4
      vertex -14.273 30.943 2.4
    endloop
  endfacet
  facet normal 0 0 1
    outer loop
      vertex -12.173 24.84 2.4
      vertex -14.338 23.396 2.4
      vertex -13.223 23.856 2.4
    endloop
  endfacet
  facet normal 0 0 1
    outer loop
      vertex -16.307 23.462 2.4
      vertex -14.338 22.87 2.4
      vertex -14.338 23.396 2.4
    endloop
  endfacet
  facet normal 0 0 1
    outer loop
      vertex -14.338 22.87 2.4
      vertex -14.404 22.084 2.4
      vertex -14.338 22.148 2.4
    endloop
  endfacet
  facet normal 0 0 1
    outer loop
      vertex -13.223 23.856 2.4
      vertex -14.338 23.396 2.4
      vertex -13.88 23.526 2.4
    endloop
  endfacet
  facet normal 0 0 1
    outer loop
      vertex -14.404 22.084 2.4
      vertex -14.47 21.296 2.4
      vertex -14.404 21.362 2.4
    endloop
  endfacet
  facet normal 0 0 1
    outer loop
      vertex -16.307 23.462 2.4
      vertex -11.516 26.546 2.4
      vertex -15.126 31.008 2.4
    endloop
  endfacet
  facet normal 0 0 1
    outer loop
      vertex -16.307 23.462 2.4
      vertex -15.126 31.008 2.4
      vertex -15.324 31.074 2.4
    endloop
  endfacet
  facet normal 0 0 1
    outer loop
      vertex -11.516 26.546 2.4
      vertex -16.307 23.462 2.4
      vertex -14.338 23.396 2.4
    endloop
  endfacet
  facet normal -0 0 1
    outer loop
      vertex -16.374 23.002 2.4
      vertex -14.338 22.87 2.4
      vertex -16.307 23.462 2.4
    endloop
  endfacet
  facet normal 0 0 1
    outer loop
      vertex -14.47 21.296 2.4
      vertex -14.535 20.574 2.4
      vertex -14.47 20.64 2.4
    endloop
  endfacet
  facet normal -0 0 1
    outer loop
      vertex -15.126 31.008 2.4
      vertex -14.535 30.943 2.4
      vertex -14.601 31.008 2.4
    endloop
  endfacet
  facet normal 0 0 1
    outer loop
      vertex -14.338 22.87 2.4
      vertex -16.374 23.002 2.4
      vertex -14.404 22.084 2.4
    endloop
  endfacet
  facet normal 0 0 1
    outer loop
      vertex -14.535 20.574 2.4
      vertex -14.601 19.786 2.4
      vertex -14.535 19.852 2.4
    endloop
  endfacet
  facet normal -0 0 1
    outer loop
      vertex -16.438 22.214 2.4
      vertex -14.404 22.084 2.4
      vertex -16.374 23.002 2.4
    endloop
  endfacet
  facet normal 0 0 1
    outer loop
      vertex -14.601 19.786 2.4
      vertex -14.666 18.998 2.4
      vertex -14.601 19.065 2.4
    endloop
  endfacet
  facet normal 0 0 1
    outer loop
      vertex -14.404 22.084 2.4
      vertex -16.438 22.214 2.4
      vertex -14.47 21.296 2.4
    endloop
  endfacet
  facet normal 0 0 1
    outer loop
      vertex -14.338 23.396 2.4
      vertex -14.273 22.937 2.4
      vertex -14.273 23.33 2.4
    endloop
  endfacet
  facet normal 0 0 1
    outer loop
      vertex -14.273 22.937 2.4
      vertex -14.338 23.396 2.4
      vertex -14.338 22.87 2.4
    endloop
  endfacet
  facet normal 0 0 1
    outer loop
      vertex -19.194 -12.173 2.4
      vertex -18.998 -12.435 2.4
      vertex -18.998 -12.239 2.4
    endloop
  endfacet
  facet normal 0 0 1
    outer loop
      vertex -18.998 -12.435 2.4
      vertex -19.194 -12.173 2.4
      vertex -19.063 -12.502 2.4
    endloop
  endfacet
  facet normal 0 0 1
    outer loop
      vertex -20.179 -12.632 2.4
      vertex -19.063 -12.502 2.4
      vertex -19.194 -12.173 2.4
    endloop
  endfacet
  facet normal 0 -0 1
    outer loop
      vertex -19.194 -13.157 2.4
      vertex -19.063 -12.502 2.4
      vertex -20.179 -12.632 2.4
    endloop
  endfacet
  facet normal 0 0 1
    outer loop
      vertex -19.063 -12.502 2.4
      vertex -19.194 -13.157 2.4
      vertex -19.13 -13.091 2.4
    endloop
  endfacet
  facet normal -0 0 1
    outer loop
      vertex -20.31 -12.764 2.4
      vertex -19.194 -13.157 2.4
      vertex -20.179 -12.632 2.4
    endloop
  endfacet
  facet normal 0 0 1
    outer loop
      vertex -19.194 -13.157 2.4
      vertex -19.26 -13.682 2.4
      vertex -19.194 -13.617 2.4
    endloop
  endfacet
  facet normal 0 0 1
    outer loop
      vertex -19.194 -13.157 2.4
      vertex -20.31 -12.764 2.4
      vertex -19.26 -13.682 2.4
    endloop
  endfacet
  facet normal -0 0 1
    outer loop
      vertex -24.38 -16.504 2.4
      vertex -19.458 -18.014 2.4
      vertex -19.458 -16.438 2.4
    endloop
  endfacet
  facet normal 0 0 1
    outer loop
      vertex -18.998 -21.164 2.4
      vertex -19.916 -21.36 2.4
      vertex -19.654 -21.492 2.4
    endloop
  endfacet
  facet normal -0 0 1
    outer loop
      vertex -20.441 -12.764 2.4
      vertex -19.326 -14.338 2.4
      vertex -20.31 -12.764 2.4
    endloop
  endfacet
  facet normal 0 0 1
    outer loop
      vertex -19.26 -13.682 2.4
      vertex -20.31 -12.764 2.4
      vertex -19.326 -14.338 2.4
    endloop
  endfacet
  facet normal 0 0 1
    outer loop
      vertex -19.326 -14.338 2.4
      vertex -21.886 -13.682 2.4
      vertex -19.458 -16.438 2.4
    endloop
  endfacet
  facet normal -0 0 1
    outer loop
      vertex -23.002 -14.602 2.4
      vertex -19.458 -16.438 2.4
      vertex -21.886 -13.682 2.4
    endloop
  endfacet
  facet normal 0 0 1
    outer loop
      vertex -19.326 -14.338 2.4
      vertex -20.441 -12.764 2.4
      vertex -21.886 -13.682 2.4
    endloop
  endfacet
  facet normal 0 0 1
    outer loop
      vertex -19.916 -21.36 2.4
      vertex -20.441 -21.23 2.4
      vertex -20.179 -21.36 2.4
    endloop
  endfacet
  facet normal 0 0 1
    outer loop
      vertex -19.194 -20.246 2.4
      vertex -20.441 -21.23 2.4
      vertex -19.916 -21.36 2.4
    endloop
  endfacet
  facet normal 0 0 1
    outer loop
      vertex -19.326 -19.392 2.4
      vertex -21.032 -21.098 2.4
      vertex -20.441 -21.23 2.4
    endloop
  endfacet
  facet normal -0 0 1
    outer loop
      vertex -23.723 -15.388 2.4
      vertex -19.458 -16.438 2.4
      vertex -23.002 -14.602 2.4
    endloop
  endfacet
  facet normal 0 0 1
    outer loop
      vertex -19.326 -19.392 2.4
      vertex -22.476 -20.441 2.4
      vertex -21.032 -21.098 2.4
    endloop
  endfacet
  facet normal 0 0 1
    outer loop
      vertex -19.458 -18.014 2.4
      vertex -22.935 -20.114 2.4
      vertex -22.476 -20.441 2.4
    endloop
  endfacet
  facet normal 0 0 1
    outer loop
      vertex -24.38 -16.504 2.4
      vertex -19.458 -16.438 2.4
      vertex -23.723 -15.388 2.4
    endloop
  endfacet
  facet normal 0 0 1
    outer loop
      vertex -19.458 -18.014 2.4
      vertex -23.723 -19.326 2.4
      vertex -22.935 -20.114 2.4
    endloop
  endfacet
  facet normal 0 0 1
    outer loop
      vertex -19.458 -18.014 2.4
      vertex -24.051 -18.867 2.4
      vertex -23.723 -19.326 2.4
    endloop
  endfacet
  facet normal 0 0 1
    outer loop
      vertex -19.458 -18.014 2.4
      vertex -24.38 -16.504 2.4
      vertex -24.444 -17.752 2.4
    endloop
  endfacet
  facet normal 0 0 1
    outer loop
      vertex -19.458 -18.014 2.4
      vertex -24.444 -17.752 2.4
      vertex -24.051 -18.867 2.4
    endloop
  endfacet
  facet normal 0 0 1
    outer loop
      vertex -24.051 -18.867 2.4
      vertex -24.444 -17.752 2.4
      vertex -24.38 -18.21 2.4
    endloop
  endfacet
  facet normal -0 0 1
    outer loop
      vertex -24.51 -16.898 2.4
      vertex -24.444 -17.752 2.4
      vertex -24.38 -16.504 2.4
    endloop
  endfacet
  facet normal 0 0 1
    outer loop
      vertex -24.444 -17.752 2.4
      vertex -24.51 -16.898 2.4
      vertex -24.51 -17.685 2.4
    endloop
  endfacet
  facet normal 0 0 1
    outer loop
      vertex -15.388 31.008 2.4
      vertex -18.932 27.464 2.4
      vertex -18.866 26.48 2.4
    endloop
  endfacet
  facet normal 0 0 1
    outer loop
      vertex -18.932 27.464 2.4
      vertex -18.932 26.546 2.4
      vertex -18.866 26.48 2.4
    endloop
  endfacet
  facet normal 0 -0 1
    outer loop
      vertex -18.932 26.546 2.4
      vertex -18.932 27.464 2.4
      vertex -18.998 27.398 2.4
    endloop
  endfacet
  facet normal 0 0 1
    outer loop
      vertex -18.932 27.464 2.4
      vertex -18.538 29.04 2.4
      vertex -18.866 28.187 2.4
    endloop
  endfacet
  facet normal 0 0 1
    outer loop
      vertex -15.388 31.008 2.4
      vertex -18.866 26.48 2.4
      vertex -18.736 25.955 2.4
    endloop
  endfacet
  facet normal 0 0 1
    outer loop
      vertex -18.736 25.955 2.4
      vertex -18.866 26.48 2.4
      vertex -18.866 26.152 2.4
    endloop
  endfacet
  facet normal 0 0 1
    outer loop
      vertex -16.374 23.002 2.4
      vertex -16.307 23.462 2.4
      vertex -16.374 23.396 2.4
    endloop
  endfacet
  facet normal 0 0 1
    outer loop
      vertex -14.535 20.574 2.4
      vertex -16.569 20.64 2.4
      vertex -14.601 19.786 2.4
    endloop
  endfacet
  facet normal 0 0 1
    outer loop
      vertex -16.438 22.214 2.4
      vertex -16.374 23.002 2.4
      vertex -16.438 22.937 2.4
    endloop
  endfacet
  facet normal 0 0 1
    outer loop
      vertex -15.454 16.44 2.4
      vertex -16.832 18.014 2.4
      vertex -15.782 15.914 2.4
    endloop
  endfacet
  facet normal 0 0 1
    outer loop
      vertex -16.504 21.426 2.4
      vertex -16.438 22.214 2.4
      vertex -16.504 22.148 2.4
    endloop
  endfacet
  facet normal 0 -0 1
    outer loop
      vertex -15.914 15.652 2.4
      vertex -15.782 15.914 2.4
      vertex -16.832 18.014 2.4
    endloop
  endfacet
  facet normal 0 0 1
    outer loop
      vertex -16.569 20.64 2.4
      vertex -16.504 21.426 2.4
      vertex -16.569 21.362 2.4
    endloop
  endfacet
  facet normal 0 0 1
    outer loop
      vertex -15.782 15.914 2.4
      vertex -15.914 15.652 2.4
      vertex -15.782 15.784 2.4
    endloop
  endfacet
  facet normal 0 0 1
    outer loop
      vertex -16.636 19.918 2.4
      vertex -16.569 20.64 2.4
      vertex -16.636 20.574 2.4
    endloop
  endfacet
  facet normal 0 -0 1
    outer loop
      vertex -16.241 15.193 2.4
      vertex -15.914 15.652 2.4
      vertex -16.832 18.014 2.4
    endloop
  endfacet
  facet normal 0 0 1
    outer loop
      vertex -16.702 19.13 2.4
      vertex -16.636 19.918 2.4
      vertex -16.702 19.852 2.4
    endloop
  endfacet
  facet normal 0 -0 1
    outer loop
      vertex -16.11 15.259 2.4
      vertex -15.914 15.652 2.4
      vertex -16.241 15.193 2.4
    endloop
  endfacet
  facet normal 0 0 1
    outer loop
      vertex -16.832 18.014 2.4
      vertex -16.702 19.13 2.4
      vertex -16.766 19.065 2.4
    endloop
  endfacet
  facet normal 0 0 1
    outer loop
      vertex -15.914 15.652 2.4
      vertex -16.11 15.259 2.4
      vertex -15.914 15.521 2.4
    endloop
  endfacet
  facet normal 0 0 1
    outer loop
      vertex -17.948 18.212 2.4
      vertex -16.241 15.193 2.4
      vertex -16.832 18.014 2.4
    endloop
  endfacet
  facet normal 0 0 1
    outer loop
      vertex -20.31 16.309 2.4
      vertex -17.948 18.212 2.4
      vertex -19.458 18.736 2.4
    endloop
  endfacet
  facet normal 0 0 1
    outer loop
      vertex -17.948 18.212 2.4
      vertex -19.654 15.193 2.4
      vertex -16.241 15.193 2.4
    endloop
  endfacet
  facet normal 0 0 1
    outer loop
      vertex -17.948 18.212 2.4
      vertex -20.31 16.309 2.4
      vertex -19.654 15.193 2.4
    endloop
  endfacet
  facet normal 0 0 1
    outer loop
      vertex -19.654 15.193 2.4
      vertex -20.31 16.309 2.4
      vertex -19.851 15.324 2.4
    endloop
  endfacet
  facet normal 0 0 1
    outer loop
      vertex -19.458 18.736 2.4
      vertex -20.441 16.44 2.4
      vertex -20.31 16.309 2.4
    endloop
  endfacet
  facet normal 0 0 1
    outer loop
      vertex -20.704 19.393 2.4
      vertex -20.441 16.44 2.4
      vertex -19.458 18.736 2.4
    endloop
  endfacet
  facet normal 0 0 1
    outer loop
      vertex -23.592 16.44 2.4
      vertex -20.704 19.393 2.4
      vertex -21.819 20.18 2.4
    endloop
  endfacet
  facet normal 0 0 1
    outer loop
      vertex -23.592 16.44 2.4
      vertex -21.819 20.18 2.4
      vertex -22.344 20.64 2.4
    endloop
  endfacet
  facet normal 0 0 1
    outer loop
      vertex -26.216 18.868 2.4
      vertex -22.344 20.64 2.4
      vertex -23.198 21.559 2.4
    endloop
  endfacet
  facet normal 0 0 1
    outer loop
      vertex -20.704 19.393 2.4
      vertex -23.592 16.44 2.4
      vertex -20.441 16.44 2.4
    endloop
  endfacet
  facet normal -0 0 1
    outer loop
      vertex -24.444 16.374 2.4
      vertex -23.592 16.309 2.4
      vertex -23.592 16.44 2.4
    endloop
  endfacet
  facet normal 0 0 1
    outer loop
      vertex -26.348 19.13 2.4
      vertex -23.198 21.559 2.4
      vertex -24.051 22.804 2.4
    endloop
  endfacet
  facet normal 0 0 1
    outer loop
      vertex -22.344 20.64 2.4
      vertex -26.086 18.474 2.4
      vertex -23.592 16.44 2.4
    endloop
  endfacet
  facet normal 0 0 1
    outer loop
      vertex -23.592 16.309 2.4
      vertex -24.444 14.274 2.4
      vertex -23.92 -7.974 2.4
    endloop
  endfacet
  facet normal 0 0 1
    outer loop
      vertex -23.592 16.309 2.4
      vertex -24.444 16.374 2.4
      vertex -24.444 14.274 2.4
    endloop
  endfacet
  facet normal 0 0 1
    outer loop
      vertex -23.592 16.44 2.4
      vertex -24.51 16.44 2.4
      vertex -24.444 16.374 2.4
    endloop
  endfacet
  facet normal 0 0 1
    outer loop
      vertex -26.348 19.13 2.4
      vertex -24.051 22.804 2.4
      vertex -24.642 24.052 2.4
    endloop
  endfacet
  facet normal 0 0 1
    outer loop
      vertex -26.348 19.13 2.4
      vertex -24.642 24.052 2.4
      vertex -24.904 24.84 2.4
    endloop
  endfacet
  facet normal 0 0 1
    outer loop
      vertex -25.101 25.693 2.4
      vertex -24.904 24.84 2.4
      vertex -24.97 25.364 2.4
    endloop
  endfacet
  facet normal 0 0 1
    outer loop
      vertex -24.904 24.84 2.4
      vertex -25.101 25.693 2.4
      vertex -26.348 19.13 2.4
    endloop
  endfacet
  facet normal 0 0 1
    outer loop
      vertex -26.348 19.13 2.4
      vertex -25.101 25.693 2.4
      vertex -25.166 26.152 2.4
    endloop
  endfacet
  facet normal 0 0 1
    outer loop
      vertex -25.101 28.842 2.4
      vertex -28.71 31.664 2.4
      vertex -25.166 28.384 2.4
    endloop
  endfacet
  facet normal 0 0 1
    outer loop
      vertex -22.344 20.64 2.4
      vertex -26.216 18.868 2.4
      vertex -26.086 18.474 2.4
    endloop
  endfacet
  facet normal -0 0 1
    outer loop
      vertex -26.152 18.408 2.4
      vertex -24.51 16.44 2.4
      vertex -26.086 18.474 2.4
    endloop
  endfacet
  facet normal 0 0 1
    outer loop
      vertex -26.152 18.408 2.4
      vertex -31.664 16.44 2.4
      vertex -24.51 16.44 2.4
    endloop
  endfacet
  facet normal 0 0 1
    outer loop
      vertex -31.729 16.374 2.4
      vertex -32.713 10.862 2.4
      vertex -31.729 6.924 2.4
    endloop
  endfacet
  facet normal 0 0 1
    outer loop
      vertex -31.729 16.374 2.4
      vertex -32.78 11.19 2.4
      vertex -32.713 10.862 2.4
    endloop
  endfacet
  facet normal 0 0 1
    outer loop
      vertex -31.729 16.374 2.4
      vertex -32.91 11.584 2.4
      vertex -32.78 11.19 2.4
    endloop
  endfacet
  facet normal 0 0 1
    outer loop
      vertex -31.729 16.374 2.4
      vertex -33.238 12.174 2.4
      vertex -32.91 11.584 2.4
    endloop
  endfacet
  facet normal 0 0 1
    outer loop
      vertex -31.729 16.374 2.4
      vertex -33.894 12.896 2.4
      vertex -33.238 12.174 2.4
    endloop
  endfacet
  facet normal 0 0 1
    outer loop
      vertex -31.729 16.374 2.4
      vertex -34.748 13.42 2.4
      vertex -33.894 12.896 2.4
    endloop
  endfacet
  facet normal 0 0 1
    outer loop
      vertex -38.094 16.374 2.4
      vertex -31.729 16.374 2.4
      vertex -31.664 16.44 2.4
    endloop
  endfacet
  facet normal 0 0 1
    outer loop
      vertex -31.729 16.374 2.4
      vertex -35.47 13.684 2.4
      vertex -34.748 13.42 2.4
    endloop
  endfacet
  facet normal 0 0 1
    outer loop
      vertex -31.729 16.374 2.4
      vertex -38.094 16.374 2.4
      vertex -35.47 13.684 2.4
    endloop
  endfacet
  facet normal 0 0 1
    outer loop
      vertex -35.47 13.684 2.4
      vertex -36.06 13.815 2.4
      vertex -35.732 13.684 2.4
    endloop
  endfacet
  facet normal 0 0 1
    outer loop
      vertex -35.47 13.684 2.4
      vertex -38.094 16.374 2.4
      vertex -36.06 13.815 2.4
    endloop
  endfacet
  facet normal -0 0 1
    outer loop
      vertex -38.094 14.012 2.4
      vertex -36.06 13.815 2.4
      vertex -38.094 16.374 2.4
    endloop
  endfacet
  facet normal -0 0 1
    outer loop
      vertex -41.31 18.408 2.4
      vertex -31.664 16.44 2.4
      vertex -26.152 18.408 2.4
    endloop
  endfacet
  facet normal 0 0 1
    outer loop
      vertex -31.664 16.44 2.4
      vertex -38.16 16.44 2.4
      vertex -38.094 16.374 2.4
    endloop
  endfacet
  facet normal 0 0 1
    outer loop
      vertex -31.664 16.44 2.4
      vertex -41.31 18.408 2.4
      vertex -38.16 16.44 2.4
    endloop
  endfacet
  facet normal 0 0 1
    outer loop
      vertex -41.31 18.408 2.4
      vertex -41.31 16.44 2.4
      vertex -38.16 16.44 2.4
    endloop
  endfacet
  facet normal 0 0 1
    outer loop
      vertex -41.376 16.374 2.4
      vertex -41.31 18.408 2.4
      vertex -41.376 18.54 2.4
    endloop
  endfacet
  facet normal 0 0 1
    outer loop
      vertex -41.31 18.408 2.4
      vertex -41.376 16.374 2.4
      vertex -41.31 16.44 2.4
    endloop
  endfacet
  facet normal 0 0 1
    outer loop
      vertex -18.014 -18.079 2.4
      vertex -18.08 -16.438 2.4
      vertex -18.08 -18.014 2.4
    endloop
  endfacet
  facet normal -0 0 1
    outer loop
      vertex -28.448 6.85799 2.4
      vertex -23.92 -7.974 2.4
      vertex -24.444 14.274 2.4
    endloop
  endfacet
  facet normal 0 0 1
    outer loop
      vertex -28.448 6.85799 2.4
      vertex -24.444 14.274 2.4
      vertex -24.51 14.208 2.4
    endloop
  endfacet
  facet normal -0 0 1
    outer loop
      vertex -28.514 6.79199 2.4
      vertex -23.92 -7.974 2.4
      vertex -28.448 6.85799 2.4
    endloop
  endfacet
  facet normal 0 0 1
    outer loop
      vertex -23.92 -7.974 2.4
      vertex -28.514 6.79199 2.4
      vertex -24.248 -8.105 2.4
    endloop
  endfacet
  facet normal 0 0 1
    outer loop
      vertex -24.248 -8.105 2.4
      vertex -28.514 6.79199 2.4
      vertex -25.824 -9.22099 2.4
    endloop
  endfacet
  facet normal 0 0 1
    outer loop
      vertex -28.448 14.077 2.4
      vertex -24.51 14.208 2.4
      vertex -28.252 14.208 2.4
    endloop
  endfacet
  facet normal 0 0 1
    outer loop
      vertex -24.51 14.208 2.4
      vertex -28.448 14.077 2.4
      vertex -28.448 6.85799 2.4
    endloop
  endfacet
  facet normal -0 0 1
    outer loop
      vertex -31.598 6.79199 2.4
      vertex -25.824 -9.22099 2.4
      vertex -28.514 6.79199 2.4
    endloop
  endfacet
  facet normal 0 0 1
    outer loop
      vertex -25.824 -9.22099 2.4
      vertex -31.598 6.79199 2.4
      vertex -26.61 -9.87599 2.4
    endloop
  endfacet
  facet normal 0 0 1
    outer loop
      vertex -35.864 6.924 2.4
      vertex -26.61 -9.87599 2.4
      vertex -31.598 6.79199 2.4
    endloop
  endfacet
  facet normal 0 0 1
    outer loop
      vertex -26.61 -9.87599 2.4
      vertex -35.864 6.924 2.4
      vertex -27.857 -11.188 2.4
    endloop
  endfacet
  facet normal 0 0 1
    outer loop
      vertex -27.857 -11.188 2.4
      vertex -35.864 6.924 2.4
      vertex -28.514 -12.042 2.4
    endloop
  endfacet
  facet normal 0 0 1
    outer loop
      vertex -28.514 -12.042 2.4
      vertex -35.864 6.924 2.4
      vertex -29.038 -12.895 2.4
    endloop
  endfacet
  facet normal 0 0 1
    outer loop
      vertex -30.088 -15.651 2.4
      vertex -30.154 -16.176 2.4
      vertex -30.088 -16.111 2.4
    endloop
  endfacet
  facet normal 0 0 1
    outer loop
      vertex -29.038 -12.895 2.4
      vertex -35.864 6.924 2.4
      vertex -29.694 -14.273 2.4
    endloop
  endfacet
  facet normal 0 0 1
    outer loop
      vertex -30.088 -15.651 2.4
      vertex -35.864 6.924 2.4
      vertex -30.154 -16.176 2.4
    endloop
  endfacet
  facet normal 0 0 1
    outer loop
      vertex -29.694 -14.273 2.4
      vertex -35.864 6.924 2.4
      vertex -30.088 -15.651 2.4
    endloop
  endfacet
  facet normal 0 0 1
    outer loop
      vertex -9.088 -34.288 2.4
      vertex -10.204 -33.632 2.4
      vertex -10 -45.4 2.4
    endloop
  endfacet
  facet normal 0 0 1
    outer loop
      vertex -11.188 -32.976 2.4
      vertex -10 -45.4 2.4
      vertex -10.204 -33.632 2.4
    endloop
  endfacet
  facet normal 0 0 1
    outer loop
      vertex -12.37 -32.058 2.4
      vertex -10 -45.4 2.4
      vertex -11.188 -32.976 2.4
    endloop
  endfacet
  facet normal 0 0 1
    outer loop
      vertex -34 -45.4 2.4
      vertex -12.37 -32.058 2.4
      vertex -14.47 -30.024 2.4
    endloop
  endfacet
  facet normal 0 0 1
    outer loop
      vertex -18.932 -27.201 2.4
      vertex -14.47 -30.024 2.4
      vertex -15.388 -28.908 2.4
    endloop
  endfacet
  facet normal 0 0 1
    outer loop
      vertex -17.882 -27.266 2.4
      vertex -15.388 -28.908 2.4
      vertex -16.307 -27.53 2.4
    endloop
  endfacet
  facet normal -0 0 1
    outer loop
      vertex -17.882 -27.266 2.4
      vertex -16.307 -27.53 2.4
      vertex -16.569 -27.266 2.4
    endloop
  endfacet
  facet normal 0 0 1
    outer loop
      vertex -18.932 -27.201 2.4
      vertex -15.388 -28.908 2.4
      vertex -17.882 -27.266 2.4
    endloop
  endfacet
  facet normal -0 0 1
    outer loop
      vertex -18.932 -27.201 2.4
      vertex -17.882 -27.266 2.4
      vertex -17.948 -27.201 2.4
    endloop
  endfacet
  facet normal 0 0 1
    outer loop
      vertex -14.47 -30.024 2.4
      vertex -18.932 -27.201 2.4
      vertex -19.392 -27.136 2.4
    endloop
  endfacet
  facet normal -0 0 1
    outer loop
      vertex -19.392 -27.136 2.4
      vertex -18.932 -27.201 2.4
      vertex -18.998 -27.136 2.4
    endloop
  endfacet
  facet normal 0 0 1
    outer loop
      vertex -14.47 -30.024 2.4
      vertex -19.392 -27.136 2.4
      vertex -19.916 -27.07 2.4
    endloop
  endfacet
  facet normal -0 0 1
    outer loop
      vertex -19.916 -27.07 2.4
      vertex -19.392 -27.136 2.4
      vertex -19.458 -27.07 2.4
    endloop
  endfacet
  facet normal 0 0 1
    outer loop
      vertex -14.47 -30.024 2.4
      vertex -19.916 -27.07 2.4
      vertex -34 -45.4 2.4
    endloop
  endfacet
  facet normal 0 0 1
    outer loop
      vertex -21.229 -26.807 2.4
      vertex -19.916 -27.07 2.4
      vertex -19.982 -27.004 2.4
    endloop
  endfacet
  facet normal 0 0 1
    outer loop
      vertex -19.916 -27.07 2.4
      vertex -21.229 -26.807 2.4
      vertex -34 -45.4 2.4
    endloop
  endfacet
  facet normal -0 0 1
    outer loop
      vertex -21.754 -26.676 2.4
      vertex -21.229 -26.807 2.4
      vertex -21.492 -26.676 2.4
    endloop
  endfacet
  facet normal 0 0 1
    outer loop
      vertex -34 -45.4 2.4
      vertex -21.229 -26.807 2.4
      vertex -21.754 -26.676 2.4
    endloop
  endfacet
  facet normal 0 0 1
    outer loop
      vertex -34 -45.4 2.4
      vertex -21.754 -26.676 2.4
      vertex -23.33 -26.152 2.4
    endloop
  endfacet
  facet normal 0 0 1
    outer loop
      vertex -34 -45.4 2.4
      vertex -23.33 -26.152 2.4
      vertex -25.036 -25.364 2.4
    endloop
  endfacet
  facet normal 0 0 1
    outer loop
      vertex -34 -45.4 2.4
      vertex -25.036 -25.364 2.4
      vertex -25.888 -24.838 2.4
    endloop
  endfacet
  facet normal 0 0 1
    outer loop
      vertex -34 -45.4 2.4
      vertex -25.888 -24.838 2.4
      vertex -27.202 -23.788 2.4
    endloop
  endfacet
  facet normal 0 0 1
    outer loop
      vertex -34 -45.4 2.4
      vertex -27.202 -23.788 2.4
      vertex -28.12 -22.804 2.4
    endloop
  endfacet
  facet normal 0 0 1
    outer loop
      vertex -30.22 -17.554 2.4
      vertex -30.088 -18.67 2.4
      vertex -30.154 -17.62 2.4
    endloop
  endfacet
  facet normal 0 0 1
    outer loop
      vertex -34.486 7.31799 2.4
      vertex -31.598 6.79199 2.4
      vertex -31.729 6.924 2.4
    endloop
  endfacet
  facet normal -0 0 1
    outer loop
      vertex -32.713 9.67999 2.4
      vertex -31.729 6.924 2.4
      vertex -32.713 10.862 2.4
    endloop
  endfacet
  facet normal -0 0 1
    outer loop
      vertex -32.78 9.35199 2.4
      vertex -31.729 6.924 2.4
      vertex -32.713 9.67999 2.4
    endloop
  endfacet
  facet normal 0 0 1
    outer loop
      vertex -32.78 9.35199 2.4
      vertex -32.713 9.67999 2.4
      vertex -32.78 9.614 2.4
    endloop
  endfacet
  facet normal -0 0 1
    outer loop
      vertex -33.174 8.43399 2.4
      vertex -31.729 6.924 2.4
      vertex -32.78 9.35199 2.4
    endloop
  endfacet
  facet normal -0 0 1
    outer loop
      vertex -33.764 7.77699 2.4
      vertex -31.729 6.924 2.4
      vertex -33.174 8.43399 2.4
    endloop
  endfacet
  facet normal -0 0 1
    outer loop
      vertex -34.486 7.31799 2.4
      vertex -31.729 6.924 2.4
      vertex -33.764 7.77699 2.4
    endloop
  endfacet
  facet normal 0 0 1
    outer loop
      vertex -31.598 6.79199 2.4
      vertex -34.486 7.31799 2.4
      vertex -35.207 7.056 2.4
    endloop
  endfacet
  facet normal 0 0 1
    outer loop
      vertex -12.37 -32.058 2.4
      vertex -34 -45.4 2.4
      vertex -10 -45.4 2.4
    endloop
  endfacet
  facet normal 0 0 1
    outer loop
      vertex -29.104 -21.36 2.4
      vertex -34 -45.4 2.4
      vertex -28.12 -22.804 2.4
    endloop
  endfacet
  facet normal 0 0 1
    outer loop
      vertex -29.826 -19.72 2.4
      vertex -34 -45.4 2.4
      vertex -29.104 -21.36 2.4
    endloop
  endfacet
  facet normal 0 0 1
    outer loop
      vertex -29.958 -19.26 2.4
      vertex -34 -45.4 2.4
      vertex -29.826 -19.72 2.4
    endloop
  endfacet
  facet normal 0 0 1
    outer loop
      vertex -36.2 -48.6 2.4
      vertex -29.958 -19.26 2.4
      vertex -30.088 -18.67 2.4
    endloop
  endfacet
  facet normal 0 0 1
    outer loop
      vertex -31.598 6.79199 2.4
      vertex -35.207 7.056 2.4
      vertex -35.864 6.924 2.4
    endloop
  endfacet
  facet normal 0 0 1
    outer loop
      vertex -36.2 -48.6 2.4
      vertex -30.22 -17.554 2.4
      vertex -35.864 6.924 2.4
    endloop
  endfacet
  facet normal 0 0 1
    outer loop
      vertex -30.154 -16.176 2.4
      vertex -35.864 6.924 2.4
      vertex -30.22 -17.554 2.4
    endloop
  endfacet
  facet normal 0 0 1
    outer loop
      vertex -5.08499 10.534 2.4
      vertex -4.88899 6.85799 2.4
      vertex -4.88899 10.402 2.4
    endloop
  endfacet
  facet normal 0 0 1
    outer loop
      vertex -4.88899 6.85799 2.4
      vertex -5.08499 10.534 2.4
      vertex -10.926 7.056 2.4
    endloop
  endfacet
  facet normal 0 0 1
    outer loop
      vertex -4.88899 6.85799 2.4
      vertex -5.21599 2.133 2.4
      vertex -5.01999 2.133 2.4
    endloop
  endfacet
  facet normal 0 -0 1
    outer loop
      vertex -6.13599 1.87 2.4
      vertex -4.88899 6.85799 2.4
      vertex -10.926 7.056 2.4
    endloop
  endfacet
  facet normal 0 0 1
    outer loop
      vertex -5.21599 2.133 2.4
      vertex -5.67599 2.002 2.4
      vertex -5.48 2.002 2.4
    endloop
  endfacet
  facet normal 0 0 1
    outer loop
      vertex -4.88899 6.85799 2.4
      vertex -5.67599 2.002 2.4
      vertex -5.21599 2.133 2.4
    endloop
  endfacet
  facet normal 0 0 1
    outer loop
      vertex -5.67599 2.002 2.4
      vertex -6.13599 1.87 2.4
      vertex -5.93799 1.87 2.4
    endloop
  endfacet
  facet normal 0 0 1
    outer loop
      vertex -4.88899 6.85799 2.4
      vertex -6.13599 1.87 2.4
      vertex -5.67599 2.002 2.4
    endloop
  endfacet
  facet normal 0 0 1
    outer loop
      vertex -6.13599 1.87 2.4
      vertex -10.926 7.056 2.4
      vertex -8.30099 1.084 2.4
    endloop
  endfacet
  facet normal -0 0 1
    outer loop
      vertex -11.386 6.72699 2.4
      vertex -8.30099 1.084 2.4
      vertex -10.926 7.056 2.4
    endloop
  endfacet
  facet normal 0 0 1
    outer loop
      vertex -8.30099 1.084 2.4
      vertex -8.56299 0.951996 2.4
      vertex -8.43199 0.951996 2.4
    endloop
  endfacet
  facet normal 0 0 1
    outer loop
      vertex -8.30099 1.084 2.4
      vertex -11.386 6.72699 2.4
      vertex -8.56299 0.951996 2.4
    endloop
  endfacet
  facet normal 0 0 1
    outer loop
      vertex -8.56299 0.951996 2.4
      vertex -11.386 6.72699 2.4
      vertex -9.614 0.426987 2.4
    endloop
  endfacet
  facet normal 0 0 1
    outer loop
      vertex -9.614 0.426987 2.4
      vertex -11.386 6.72699 2.4
      vertex -11.124 -0.491989 2.4
    endloop
  endfacet
  facet normal 0 0 1
    outer loop
      vertex -11.516 6.79199 2.4
      vertex -11.124 -0.491989 2.4
      vertex -11.386 6.72699 2.4
    endloop
  endfacet
  facet normal 0 0 1
    outer loop
      vertex -12.304 16.44 2.4
      vertex -11.452 16.44 2.4
      vertex -12.042 18.342 2.4
    endloop
  endfacet
  facet normal 0 0 1
    outer loop
      vertex -11.452 16.44 2.4
      vertex -12.304 16.44 2.4
      vertex -11.516 16.374 2.4
    endloop
  endfacet
  facet normal 0 0 1
    outer loop
      vertex -12.502 18.212 2.4
      vertex -12.042 18.342 2.4
      vertex -12.238 18.342 2.4
    endloop
  endfacet
  facet normal 0 0 1
    outer loop
      vertex -12.698 15.586 2.4
      vertex -11.516 16.374 2.4
      vertex -12.304 16.309 2.4
    endloop
  endfacet
  facet normal 0 0 1
    outer loop
      vertex -11.516 16.374 2.4
      vertex -12.304 16.44 2.4
      vertex -12.304 16.309 2.4
    endloop
  endfacet
  facet normal 0 0 1
    outer loop
      vertex -13.223 14.798 2.4
      vertex -11.516 16.374 2.4
      vertex -12.698 15.586 2.4
    endloop
  endfacet
  facet normal 0 0 1
    outer loop
      vertex -13.616 14.012 2.4
      vertex -11.516 16.374 2.4
      vertex -13.223 14.798 2.4
    endloop
  endfacet
  facet normal -0 0 1
    outer loop
      vertex -14.273 12.896 2.4
      vertex -11.516 6.79199 2.4
      vertex -13.616 14.012 2.4
    endloop
  endfacet
  facet normal 0 0 1
    outer loop
      vertex -11.516 16.374 2.4
      vertex -13.616 14.012 2.4
      vertex -11.516 6.79199 2.4
    endloop
  endfacet
  facet normal -0 0 1
    outer loop
      vertex -14.798 12.108 2.4
      vertex -11.516 6.79199 2.4
      vertex -14.273 12.896 2.4
    endloop
  endfacet
  facet normal -0 0 1
    outer loop
      vertex -15.716 10.534 2.4
      vertex -11.516 6.79199 2.4
      vertex -15.191 11.321 2.4
    endloop
  endfacet
  facet normal 0 0 1
    outer loop
      vertex -14.273 12.896 2.4
      vertex -13.616 14.012 2.4
      vertex -14.142 13.224 2.4
    endloop
  endfacet
  facet normal -0 0 1
    outer loop
      vertex -16.374 9.418 2.4
      vertex -11.516 6.79199 2.4
      vertex -15.848 10.204 2.4
    endloop
  endfacet
  facet normal 0 0 1
    outer loop
      vertex -17.882 6.79199 2.4
      vertex -11.516 6.79199 2.4
      vertex -16.766 8.62999 2.4
    endloop
  endfacet
  facet normal 0 0 1
    outer loop
      vertex -11.516 6.79199 2.4
      vertex -14.798 12.108 2.4
      vertex -15.191 11.321 2.4
    endloop
  endfacet
  facet normal 0 0 1
    outer loop
      vertex -11.516 6.79199 2.4
      vertex -17.882 6.79199 2.4
      vertex -11.124 -0.491989 2.4
    endloop
  endfacet
  facet normal 0 0 1
    outer loop
      vertex -11.516 6.79199 2.4
      vertex -15.716 10.534 2.4
      vertex -15.848 10.204 2.4
    endloop
  endfacet
  facet normal 0 0 1
    outer loop
      vertex -11.124 -0.491989 2.4
      vertex -17.882 6.79199 2.4
      vertex -12.83 -1.80399 2.4
    endloop
  endfacet
  facet normal 0 0 1
    outer loop
      vertex -12.83 -1.80399 2.4
      vertex -17.882 6.79199 2.4
      vertex -13.748 -2.657 2.4
    endloop
  endfacet
  facet normal -0 0 1
    outer loop
      vertex -18.014 6.79199 2.4
      vertex -13.748 -2.657 2.4
      vertex -17.882 6.79199 2.4
    endloop
  endfacet
  facet normal 0 0 1
    outer loop
      vertex -11.516 6.79199 2.4
      vertex -16.374 9.418 2.4
      vertex -16.766 8.62999 2.4
    endloop
  endfacet
  facet normal 0 0 1
    outer loop
      vertex -13.748 -2.657 2.4
      vertex -18.014 6.79199 2.4
      vertex -14.666 -3.642 2.4
    endloop
  endfacet
  facet normal 0 -0 1
    outer loop
      vertex -17.752 -5.61099 2.4
      vertex -14.666 -3.642 2.4
      vertex -18.014 6.79199 2.4
    endloop
  endfacet
  facet normal 0 0 1
    outer loop
      vertex -15.716 -5.01999 2.4
      vertex -16.636 -5.41299 2.4
      vertex -16.044 -5.349 2.4
    endloop
  endfacet
  facet normal 0 0 1
    outer loop
      vertex -14.666 -3.642 2.4
      vertex -16.636 -5.41299 2.4
      vertex -15.716 -5.01999 2.4
    endloop
  endfacet
  facet normal 0 0 1
    outer loop
      vertex -16.636 -5.41299 2.4
      vertex -17.094 -5.48 2.4
      vertex -16.702 -5.48 2.4
    endloop
  endfacet
  facet normal 0 -0 1
    outer loop
      vertex -16.636 -5.41299 2.4
      vertex -14.666 -3.642 2.4
      vertex -17.094 -5.48 2.4
    endloop
  endfacet
  facet normal 0 0 1
    outer loop
      vertex -17.094 -5.48 2.4
      vertex -17.752 -5.61099 2.4
      vertex -17.423 -5.61099 2.4
    endloop
  endfacet
  facet normal 0 0 1
    outer loop
      vertex -14.666 -3.642 2.4
      vertex -17.752 -5.61099 2.4
      vertex -17.094 -5.48 2.4
    endloop
  endfacet
  facet normal 0 0 1
    outer loop
      vertex -18.866 -5.87399 2.4
      vertex -17.752 -5.61099 2.4
      vertex -18.014 6.79199 2.4
    endloop
  endfacet
  facet normal 0 0 1
    outer loop
      vertex -17.752 -5.61099 2.4
      vertex -18.866 -5.87399 2.4
      vertex -18.08 -5.74199 2.4
    endloop
  endfacet
  facet normal 0 0 1
    outer loop
      vertex -23.066 -7.448 2.4
      vertex -18.014 6.79199 2.4
      vertex -18.932 8.43399 2.4
    endloop
  endfacet
  facet normal 0 0 1
    outer loop
      vertex -18.014 6.79199 2.4
      vertex -19.786 -6.13599 2.4
      vertex -18.866 -5.87399 2.4
    endloop
  endfacet
  facet normal 0 0 1
    outer loop
      vertex -23.33 -7.57899 2.4
      vertex -18.932 8.43399 2.4
      vertex -19.458 9.22099 2.4
    endloop
  endfacet
  facet normal 0 0 1
    outer loop
      vertex -20.114 10.336 2.4
      vertex -19.458 9.22099 2.4
      vertex -19.588 9.54799 2.4
    endloop
  endfacet
  facet normal 0 0 1
    outer loop
      vertex -18.866 -5.87399 2.4
      vertex -19.786 -6.13599 2.4
      vertex -19.13 -6.004 2.4
    endloop
  endfacet
  facet normal 0 0 1
    outer loop
      vertex -23.92 -7.974 2.4
      vertex -19.458 9.22099 2.4
      vertex -20.114 10.336 2.4
    endloop
  endfacet
  facet normal 0 0 1
    outer loop
      vertex -21.032 11.912 2.4
      vertex -20.114 10.336 2.4
      vertex -20.508 11.124 2.4
    endloop
  endfacet
  facet normal 0 0 1
    outer loop
      vertex -18.014 6.79199 2.4
      vertex -20.966 -6.52899 2.4
      vertex -19.786 -6.13599 2.4
    endloop
  endfacet
  facet normal 0 0 1
    outer loop
      vertex -20.114 10.336 2.4
      vertex -21.032 11.912 2.4
      vertex -23.92 -7.974 2.4
    endloop
  endfacet
  facet normal 0 0 1
    outer loop
      vertex -21.688 13.027 2.4
      vertex -21.032 11.912 2.4
      vertex -21.164 12.24 2.4
    endloop
  endfacet
  facet normal 0 0 1
    outer loop
      vertex -21.032 11.912 2.4
      vertex -21.688 13.027 2.4
      vertex -23.92 -7.974 2.4
    endloop
  endfacet
  facet normal 0 0 1
    outer loop
      vertex -18.014 6.79199 2.4
      vertex -21.952 -6.92299 2.4
      vertex -20.966 -6.52899 2.4
    endloop
  endfacet
  facet normal 0 0 1
    outer loop
      vertex -20.966 -6.52899 2.4
      vertex -21.952 -6.92299 2.4
      vertex -21.819 -6.92299 2.4
    endloop
  endfacet
  facet normal 0 0 1
    outer loop
      vertex -23.92 -7.974 2.4
      vertex -21.688 13.027 2.4
      vertex -22.082 13.815 2.4
    endloop
  endfacet
  facet normal 0 0 1
    outer loop
      vertex -18.014 6.79199 2.4
      vertex -23.066 -7.448 2.4
      vertex -21.952 -6.92299 2.4
    endloop
  endfacet
  facet normal 0 0 1
    outer loop
      vertex -18.932 8.43399 2.4
      vertex -23.33 -7.57899 2.4
      vertex -23.066 -7.448 2.4
    endloop
  endfacet
  facet normal 0 0 1
    outer loop
      vertex -23.066 -7.448 2.4
      vertex -23.33 -7.57899 2.4
      vertex -23.198 -7.57899 2.4
    endloop
  endfacet
  facet normal 0 0 1
    outer loop
      vertex -23.92 -7.974 2.4
      vertex -22.082 13.815 2.4
      vertex -23.592 16.309 2.4
    endloop
  endfacet
  facet normal 0 0 1
    outer loop
      vertex -19.458 9.22099 2.4
      vertex -23.92 -7.974 2.4
      vertex -23.33 -7.57899 2.4
    endloop
  endfacet
  facet normal 0 0 1
    outer loop
      vertex -5.87399 23.659 2.4
      vertex -2.78799 24.118 2.4
      vertex -5.61099 24.315 2.4
    endloop
  endfacet
  facet normal 0 0 1
    outer loop
      vertex -5.349 25.298 2.4
      vertex -5.21599 26.086 2.4
      vertex -5.282 26.021 2.4
    endloop
  endfacet
  facet normal 0 0 1
    outer loop
      vertex -2.78799 24.118 2.4
      vertex -5.87399 23.659 2.4
      vertex -2.133 22.74 2.4
    endloop
  endfacet
  facet normal 0 0 1
    outer loop
      vertex -5.61099 24.315 2.4
      vertex -5.349 25.298 2.4
      vertex -5.61099 24.512 2.4
    endloop
  endfacet
  facet normal 0 0 1
    outer loop
      vertex -6.52899 22.412 2.4
      vertex -2.133 22.74 2.4
      vertex -5.87399 23.659 2.4
    endloop
  endfacet
  facet normal 0 0 1
    outer loop
      vertex -5.87399 23.659 2.4
      vertex -5.61099 24.315 2.4
      vertex -5.74199 24.118 2.4
    endloop
  endfacet
  facet normal 0 0 1
    outer loop
      vertex -7.38199 21.296 2.4
      vertex -2.133 22.74 2.4
      vertex -6.52899 22.412 2.4
    endloop
  endfacet
  facet normal 0 0 1
    outer loop
      vertex -2.133 22.74 2.4
      vertex -7.38199 21.296 2.4
      vertex -4.29799 14.996 2.4
    endloop
  endfacet
  facet normal -0 0 1
    outer loop
      vertex -8.23599 16.374 2.4
      vertex -4.29799 14.996 2.4
      vertex -7.38199 21.296 2.4
    endloop
  endfacet
  facet normal 0 0 1
    outer loop
      vertex -4.29799 14.996 2.4
      vertex -8.23599 16.374 2.4
      vertex -4.62599 14.734 2.4
    endloop
  endfacet
  facet normal 0 0 1
    outer loop
      vertex -8.23599 12.83 2.4
      vertex -4.62599 14.734 2.4
      vertex -8.23599 16.374 2.4
    endloop
  endfacet
  facet normal -0 0 1
    outer loop
      vertex -8.62999 20.114 2.4
      vertex -8.23599 16.374 2.4
      vertex -7.38199 21.296 2.4
    endloop
  endfacet
  facet normal 0 0 1
    outer loop
      vertex -8.23599 16.374 2.4
      vertex -8.62999 20.114 2.4
      vertex -8.30099 16.44 2.4
    endloop
  endfacet
  facet normal -0 0 1
    outer loop
      vertex -10.138 19.13 2.4
      vertex -8.30099 16.44 2.4
      vertex -8.62999 20.114 2.4
    endloop
  endfacet
  facet normal 0 0 1
    outer loop
      vertex -10.664 18.868 2.4
      vertex -10.138 19.13 2.4
      vertex -10.269 19.13 2.4
    endloop
  endfacet
  facet normal 0 0 1
    outer loop
      vertex -10.138 19.13 2.4
      vertex -10.664 18.868 2.4
      vertex -8.30099 16.44 2.4
    endloop
  endfacet
  facet normal 0 0 1
    outer loop
      vertex -11.648 18.474 2.4
      vertex -10.664 18.868 2.4
      vertex -10.794 18.868 2.4
    endloop
  endfacet
  facet normal 0 0 1
    outer loop
      vertex -10.664 18.868 2.4
      vertex -11.452 16.44 2.4
      vertex -8.30099 16.44 2.4
    endloop
  endfacet
  facet normal 0 0 1
    outer loop
      vertex -10.664 18.868 2.4
      vertex -11.648 18.474 2.4
      vertex -11.452 16.44 2.4
    endloop
  endfacet
  facet normal 0 0 1
    outer loop
      vertex -11.648 18.474 2.4
      vertex -12.042 18.342 2.4
      vertex -11.452 16.44 2.4
    endloop
  endfacet
  facet normal 0 0 1
    outer loop
      vertex -12.042 18.342 2.4
      vertex -11.648 18.474 2.4
      vertex -11.844 18.474 2.4
    endloop
  endfacet
  facet normal 0 0 1
    outer loop
      vertex -5.21599 28.056 2.4
      vertex -5.282 28.449 2.4
      vertex -5.282 28.12 2.4
    endloop
  endfacet
  facet normal 0 0 1
    outer loop
      vertex -5.41299 29.104 2.4
      vertex -5.48 29.434 2.4
      vertex -5.48 29.17 2.4
    endloop
  endfacet
  facet normal 0 0 1
    outer loop
      vertex -5.74199 30.22 2.4
      vertex -6.13599 31.14 2.4
      vertex -6.13599 31.008 2.4
    endloop
  endfacet
  facet normal 0 0 1
    outer loop
      vertex -4.62599 14.734 2.4
      vertex -8.23599 12.83 2.4
      vertex -8.105 12.699 2.4
    endloop
  endfacet
  facet normal 0 0 1
    outer loop
      vertex 0.164993 34.421 2.4
      vertex -10 45.4 2.4
      vertex -8.49799 34.158 2.4
    endloop
  endfacet
  facet normal 0 0 1
    outer loop
      vertex -10 45.4 2.4
      vertex -10.401 35.47 2.4
      vertex -8.49799 34.158 2.4
    endloop
  endfacet
  facet normal -0 0 1
    outer loop
      vertex -10.926 35.734 2.4
      vertex -10.401 35.47 2.4
      vertex -10 45.4 2.4
    endloop
  endfacet
  facet normal 0 0 1
    outer loop
      vertex -10.401 35.47 2.4
      vertex -10.926 35.734 2.4
      vertex -10.532 35.47 2.4
    endloop
  endfacet
  facet normal -0 0 1
    outer loop
      vertex -11.91 36.126 2.4
      vertex -10.926 35.734 2.4
      vertex -10 45.4 2.4
    endloop
  endfacet
  facet normal 0 0 1
    outer loop
      vertex -10.926 35.734 2.4
      vertex -11.91 36.126 2.4
      vertex -11.714 35.996 2.4
    endloop
  endfacet
  facet normal -0 0 1
    outer loop
      vertex -12.304 36.258 2.4
      vertex -11.91 36.126 2.4
      vertex -10 45.4 2.4
    endloop
  endfacet
  facet normal 0 0 1
    outer loop
      vertex -11.91 36.126 2.4
      vertex -12.304 36.258 2.4
      vertex -12.107 36.126 2.4
    endloop
  endfacet
  facet normal -0 0 1
    outer loop
      vertex -12.83 36.39 2.4
      vertex -12.304 36.258 2.4
      vertex -10 45.4 2.4
    endloop
  endfacet
  facet normal 0 0 1
    outer loop
      vertex -12.304 36.258 2.4
      vertex -12.83 36.39 2.4
      vertex -12.566 36.258 2.4
    endloop
  endfacet
  facet normal -0 0 1
    outer loop
      vertex -13.42 36.52 2.4
      vertex -12.83 36.39 2.4
      vertex -10 45.4 2.4
    endloop
  endfacet
  facet normal 0 0 1
    outer loop
      vertex -12.83 36.39 2.4
      vertex -13.42 36.52 2.4
      vertex -13.092 36.39 2.4
    endloop
  endfacet
  facet normal -0 0 1
    outer loop
      vertex -14.01 36.652 2.4
      vertex -13.42 36.52 2.4
      vertex -10 45.4 2.4
    endloop
  endfacet
  facet normal 0 0 1
    outer loop
      vertex -13.42 36.52 2.4
      vertex -14.01 36.652 2.4
      vertex -13.813 36.52 2.4
    endloop
  endfacet
  facet normal 0 0 1
    outer loop
      vertex -10 45.4 2.4
      vertex -16.438 36.652 2.4
      vertex -14.01 36.652 2.4
    endloop
  endfacet
  facet normal 0 0 1
    outer loop
      vertex -17.03 36.52 2.4
      vertex -16.438 36.652 2.4
      vertex -10 45.4 2.4
    endloop
  endfacet
  facet normal 0 0 1
    outer loop
      vertex -16.438 36.652 2.4
      vertex -17.03 36.52 2.4
      vertex -16.636 36.52 2.4
    endloop
  endfacet
  facet normal 0 0 1
    outer loop
      vertex -17.685 36.39 2.4
      vertex -17.03 36.52 2.4
      vertex -10 45.4 2.4
    endloop
  endfacet
  facet normal 0 0 1
    outer loop
      vertex -17.03 36.52 2.4
      vertex -17.685 36.39 2.4
      vertex -17.423 36.39 2.4
    endloop
  endfacet
  facet normal 0 0 1
    outer loop
      vertex -18.604 36.126 2.4
      vertex -17.685 36.39 2.4
      vertex -10 45.4 2.4
    endloop
  endfacet
  facet normal 0 0 1
    outer loop
      vertex -17.685 36.39 2.4
      vertex -18.604 36.126 2.4
      vertex -18.408 36.126 2.4
    endloop
  endfacet
  facet normal -0 0 1
    outer loop
      vertex -34 45.4 2.4
      vertex -18.604 36.126 2.4
      vertex -10 45.4 2.4
    endloop
  endfacet
  facet normal 0 -0 1
    outer loop
      vertex -26.479 36.126 2.4
      vertex -18.604 36.126 2.4
      vertex -34 45.4 2.4
    endloop
  endfacet
  facet normal 0 0 1
    outer loop
      vertex -20.114 35.47 2.4
      vertex -26.479 36.126 2.4
      vertex -21.098 34.88 2.4
    endloop
  endfacet
  facet normal 0 0 1
    outer loop
      vertex -24.904 29.696 2.4
      vertex -25.101 28.842 2.4
      vertex -25.036 28.908 2.4
    endloop
  endfacet
  facet normal 0 0 1
    outer loop
      vertex -25.101 28.842 2.4
      vertex -25.166 28.384 2.4
      vertex -25.101 28.449 2.4
    endloop
  endfacet
  facet normal 0 0 1
    outer loop
      vertex -25.166 28.384 2.4
      vertex -25.232 27.792 2.4
      vertex -25.166 27.858 2.4
    endloop
  endfacet
  facet normal 0 0 1
    outer loop
      vertex -23.592 16.44 2.4
      vertex -26.086 18.474 2.4
      vertex -24.51 16.44 2.4
    endloop
  endfacet
  facet normal 0 0 1
    outer loop
      vertex -23.198 21.559 2.4
      vertex -26.348 19.13 2.4
      vertex -26.216 18.868 2.4
    endloop
  endfacet
  facet normal 0 0 1
    outer loop
      vertex -24.904 29.696 2.4
      vertex -26.544 31.534 2.4
      vertex -25.101 28.842 2.4
    endloop
  endfacet
  facet normal 0 0 1
    outer loop
      vertex -28.71 31.664 2.4
      vertex -25.101 28.842 2.4
      vertex -26.544 31.534 2.4
    endloop
  endfacet
  facet normal 0 0 1
    outer loop
      vertex -24.642 30.484 2.4
      vertex -26.544 31.534 2.4
      vertex -24.904 29.696 2.4
    endloop
  endfacet
  facet normal -0 0 1
    outer loop
      vertex -26.544 31.534 2.4
      vertex -24.642 30.484 2.4
      vertex -26.479 31.598 2.4
    endloop
  endfacet
  facet normal 0 0 1
    outer loop
      vertex -24.051 31.73 2.4
      vertex -26.479 31.598 2.4
      vertex -24.642 30.484 2.4
    endloop
  endfacet
  facet normal 0 0 1
    outer loop
      vertex -23.132 33.043 2.4
      vertex -26.479 31.598 2.4
      vertex -24.051 31.73 2.4
    endloop
  endfacet
  facet normal 0 0 1
    outer loop
      vertex -26.479 31.598 2.4
      vertex -23.132 33.043 2.4
      vertex -26.479 36.126 2.4
    endloop
  endfacet
  facet normal 0 0 1
    outer loop
      vertex -21.886 34.29 2.4
      vertex -26.479 36.126 2.4
      vertex -23.132 33.043 2.4
    endloop
  endfacet
  facet normal 0 0 1
    outer loop
      vertex -21.098 34.88 2.4
      vertex -26.479 36.126 2.4
      vertex -21.886 34.29 2.4
    endloop
  endfacet
  facet normal 0 0 1
    outer loop
      vertex -18.604 36.126 2.4
      vertex -26.479 36.126 2.4
      vertex -20.114 35.47 2.4
    endloop
  endfacet
  facet normal -0 0 1
    outer loop
      vertex -37.8185 48.4939 2.4
      vertex -34 45.4 2.4
      vertex -36.2 48.6 2.4
    endloop
  endfacet
  facet normal -0 0 1
    outer loop
      vertex -39.4093 48.1775 2.4
      vertex -34 45.4 2.4
      vertex -37.8185 48.4939 2.4
    endloop
  endfacet
  facet normal -0 0 1
    outer loop
      vertex -40.9453 47.6561 2.4
      vertex -34 45.4 2.4
      vertex -39.4093 48.1775 2.4
    endloop
  endfacet
  facet normal -0 0 1
    outer loop
      vertex -42.4 46.9387 2.4
      vertex -34 45.4 2.4
      vertex -40.9453 47.6561 2.4
    endloop
  endfacet
  facet normal 0 0 1
    outer loop
      vertex -34 45.4 2.4
      vertex -41.902 36.126 2.4
      vertex -26.479 36.126 2.4
    endloop
  endfacet
  facet normal -0 0 1
    outer loop
      vertex -43.7486 46.0376 2.4
      vertex -41.902 36.126 2.4
      vertex -42.4 46.9387 2.4
    endloop
  endfacet
  facet normal 0 0 1
    outer loop
      vertex -34 45.4 2.4
      vertex -42.4 46.9387 2.4
      vertex -41.902 36.126 2.4
    endloop
  endfacet
  facet normal 0 0 1
    outer loop
      vertex -3.24799 26.218 2.4
      vertex -3.31299 26.284 2.4
      vertex -3.24799 25.89 2.4
    endloop
  endfacet
  facet normal 0 0 1
    outer loop
      vertex -3.05099 25.168 2.4
      vertex -3.11699 25.234 2.4
      vertex -3.05099 24.906 2.4
    endloop
  endfacet
  facet normal 0 0 1
    outer loop
      vertex -0.556992 16.44 2.4
      vertex -1.739 16.504 2.4
      vertex -1.60799 16.44 2.4
    endloop
  endfacet
  facet normal 0 0 1
    outer loop
      vertex -4.29799 14.996 2.4
      vertex -1.14799 21.362 2.4
      vertex -2.133 22.74 2.4
    endloop
  endfacet
  facet normal 0 0 1
    outer loop
      vertex -5.61099 24.315 2.4
      vertex -3.05099 24.906 2.4
      vertex -5.349 25.298 2.4
    endloop
  endfacet
  facet normal 0 0 1
    outer loop
      vertex -3.24799 25.89 2.4
      vertex -5.349 25.298 2.4
      vertex -3.11699 25.234 2.4
    endloop
  endfacet
  facet normal 0 0 1
    outer loop
      vertex -5.349 25.298 2.4
      vertex -3.24799 25.89 2.4
      vertex -5.21599 26.086 2.4
    endloop
  endfacet
  facet normal 0 0 1
    outer loop
      vertex -3.24799 25.89 2.4
      vertex -3.11699 25.234 2.4
      vertex -3.18199 25.824 2.4
    endloop
  endfacet
  facet normal 0 0 1
    outer loop
      vertex -3.31299 26.284 2.4
      vertex -5.21599 26.086 2.4
      vertex -3.24799 25.89 2.4
    endloop
  endfacet
  facet normal 0 0 1
    outer loop
      vertex -5.21599 26.086 2.4
      vertex -3.31299 26.284 2.4
      vertex -5.21599 28.056 2.4
    endloop
  endfacet
  facet normal 0 0 1
    outer loop
      vertex -1.14799 21.362 2.4
      vertex -4.29799 14.996 2.4
      vertex -1.739 16.504 2.4
    endloop
  endfacet
  facet normal -0 0 1
    outer loop
      vertex 2.92099 27.792 2.4
      vertex 3.05199 26.284 2.4
      vertex 3.05199 28.12 2.4
    endloop
  endfacet
  facet normal 0 0 1
    outer loop
      vertex 3.05199 26.284 2.4
      vertex 2.92099 27.792 2.4
      vertex 2.92099 26.612 2.4
    endloop
  endfacet
  facet normal 0 0 1
    outer loop
      vertex 4.49599 30.352 2.4
      vertex 6.00499 30.943 2.4
      vertex 5.349 30.812 2.4
    endloop
  endfacet
  facet normal 0 0 1
    outer loop
      vertex 6.00499 30.943 2.4
      vertex 3.05199 26.284 2.4
      vertex 5.61099 23.462 2.4
    endloop
  endfacet
  facet normal -0 -0 1
    outer loop
      vertex 4.23299 24.184 2.4
      vertex 5.61099 23.462 2.4
      vertex 3.18399 25.824 2.4
    endloop
  endfacet
  facet normal 0 0 1
    outer loop
      vertex 6.00499 30.943 2.4
      vertex 4.49599 30.352 2.4
      vertex 3.05199 28.12 2.4
    endloop
  endfacet
  facet normal 0 0 1
    outer loop
      vertex 5.61099 23.462 2.4
      vertex 4.758 23.79 2.4
      vertex 5.284 23.526 2.4
    endloop
  endfacet
  facet normal 0 0 1
    outer loop
      vertex 3.05199 28.12 2.4
      vertex 4.49599 30.352 2.4
      vertex 3.90599 29.827 2.4
    endloop
  endfacet
  facet normal 0 0 1
    outer loop
      vertex 5.61099 23.462 2.4
      vertex 4.23299 24.184 2.4
      vertex 4.758 23.79 2.4
    endloop
  endfacet
  facet normal 0 0 1
    outer loop
      vertex 3.05199 28.12 2.4
      vertex 3.90599 29.827 2.4
      vertex 3.37999 29.104 2.4
    endloop
  endfacet
  facet normal 0 0 1
    outer loop
      vertex 4.23299 24.184 2.4
      vertex 3.18399 25.824 2.4
      vertex 3.642 24.84 2.4
    endloop
  endfacet
  facet normal 0 0 1
    outer loop
      vertex 3.642 24.84 2.4
      vertex 3.18399 25.824 2.4
      vertex 3.31499 25.364 2.4
    endloop
  endfacet
  facet normal 0 0 1
    outer loop
      vertex 3.05199 28.12 2.4
      vertex 3.37999 29.104 2.4
      vertex 3.05199 28.318 2.4
    endloop
  endfacet
  facet normal 0 0 1
    outer loop
      vertex 6.00499 30.943 2.4
      vertex 3.05199 28.12 2.4
      vertex 3.05199 26.284 2.4
    endloop
  endfacet
  facet normal 0 0 1
    outer loop
      vertex 5.61099 23.462 2.4
      vertex 3.05199 26.284 2.4
      vertex 3.18399 25.824 2.4
    endloop
  endfacet
  facet normal 0 0 1
    outer loop
      vertex 3.18399 25.824 2.4
      vertex 3.05199 26.284 2.4
      vertex 3.05199 26.021 2.4
    endloop
  endfacet
  facet normal 0 0 1
    outer loop
      vertex 6.59599 9.09 2.4
      vertex 7.64499 9.35199 2.4
      vertex 6.59599 10.534 2.4
    endloop
  endfacet
  facet normal 0 0 1
    outer loop
      vertex 7.64499 9.35199 2.4
      vertex 6.59599 9.09 2.4
      vertex 6.66199 9.02399 2.4
    endloop
  endfacet
  facet normal -0 0 1
    outer loop
      vertex 2.855 10.534 2.4
      vertex 6.59599 9.09 2.4
      vertex 6.59599 10.534 2.4
    endloop
  endfacet
  facet normal 0 0 1
    outer loop
      vertex 2.855 10.534 2.4
      vertex 2.78999 9.09 2.4
      vertex 6.59599 9.09 2.4
    endloop
  endfacet
  facet normal 0 0 1
    outer loop
      vertex 2.659 9.22099 2.4
      vertex 2.855 10.534 2.4
      vertex 2.659 10.402 2.4
    endloop
  endfacet
  facet normal 0 0 1
    outer loop
      vertex 2.855 10.534 2.4
      vertex 2.659 9.22099 2.4
      vertex 2.78999 9.09 2.4
    endloop
  endfacet
  facet normal -0 0 1
    outer loop
      vertex 6.59599 14.208 2.4
      vertex 6.66199 12.699 2.4
      vertex 6.66199 14.274 2.4
    endloop
  endfacet
  facet normal 0 0 1
    outer loop
      vertex 6.59599 14.208 2.4
      vertex 6.59599 12.765 2.4
      vertex 6.66199 12.699 2.4
    endloop
  endfacet
  facet normal -0 0 1
    outer loop
      vertex 2.855 14.208 2.4
      vertex 6.59599 12.765 2.4
      vertex 6.59599 14.208 2.4
    endloop
  endfacet
  facet normal 0 0 1
    outer loop
      vertex 2.855 14.208 2.4
      vertex 2.78999 12.765 2.4
      vertex 6.59599 12.765 2.4
    endloop
  endfacet
  facet normal 0 0 1
    outer loop
      vertex 2.659 12.896 2.4
      vertex 2.855 14.208 2.4
      vertex 2.659 14.077 2.4
    endloop
  endfacet
  facet normal 0 0 1
    outer loop
      vertex 2.855 14.208 2.4
      vertex 2.659 12.896 2.4
      vertex 2.78999 12.765 2.4
    endloop
  endfacet
  facet normal 0 0 1
    outer loop
      vertex 10.206 28.58 2.4
      vertex 10.336 27.924 2.4
      vertex 10.336 28.187 2.4
    endloop
  endfacet
  facet normal 0 0 1
    outer loop
      vertex 9.681 29.498 2.4
      vertex 10.336 27.924 2.4
      vertex 10.206 28.58 2.4
    endloop
  endfacet
  facet normal 0 0 1
    outer loop
      vertex 6.00499 30.943 2.4
      vertex 10.336 27.924 2.4
      vertex 9.681 29.498 2.4
    endloop
  endfacet
  facet normal 0 0 1
    outer loop
      vertex 10.336 27.924 2.4
      vertex 9.549 24.643 2.4
      vertex 10.336 26.152 2.4
    endloop
  endfacet
  facet normal 0 0 1
    outer loop
      vertex 10.336 26.152 2.4
      vertex 9.549 24.643 2.4
      vertex 10.074 25.43 2.4
    endloop
  endfacet
  facet normal 0 0 1
    outer loop
      vertex 6.00499 30.943 2.4
      vertex 9.681 29.498 2.4
      vertex 9.418 29.827 2.4
    endloop
  endfacet
  facet normal 0 0 1
    outer loop
      vertex 5.61099 23.462 2.4
      vertex 10.336 27.924 2.4
      vertex 6.00499 30.943 2.4
    endloop
  endfacet
  facet normal 0 0 1
    outer loop
      vertex 6.00499 30.943 2.4
      vertex 9.418 29.827 2.4
      vertex 8.827 30.352 2.4
    endloop
  endfacet
  facet normal 0 0 1
    outer loop
      vertex 6.52899 31.008 2.4
      vertex 8.827 30.352 2.4
      vertex 8.30199 30.68 2.4
    endloop
  endfacet
  facet normal -0 0 1
    outer loop
      vertex 6.00499 30.943 2.4
      vertex 8.827 30.352 2.4
      vertex 6.52899 31.008 2.4
    endloop
  endfacet
  facet normal 0 0 1
    outer loop
      vertex 10.336 27.924 2.4
      vertex 5.61099 23.462 2.4
      vertex 9.549 24.643 2.4
    endloop
  endfacet
  facet normal 0 0 1
    outer loop
      vertex 5.61099 23.462 2.4
      vertex 7.58099 22.937 2.4
      vertex 7.58099 23.396 2.4
    endloop
  endfacet
  facet normal 0 -0 1
    outer loop
      vertex 7.44899 21.559 2.4
      vertex 7.58099 22.937 2.4
      vertex 5.48 22.346 2.4
    endloop
  endfacet
  facet normal 0 0 1
    outer loop
      vertex 7.44899 21.559 2.4
      vertex 7.383 20.902 2.4
      vertex 7.44899 20.968 2.4
    endloop
  endfacet
  facet normal 0 0 1
    outer loop
      vertex 7.58099 22.937 2.4
      vertex 7.44899 21.559 2.4
      vertex 7.51399 21.624 2.4
    endloop
  endfacet
  facet normal 0 0 1
    outer loop
      vertex 7.383 20.902 2.4
      vertex 7.31799 20.246 2.4
      vertex 7.383 20.312 2.4
    endloop
  endfacet
  facet normal 0 0 1
    outer loop
      vertex 5.349 20.968 2.4
      vertex 7.44899 21.559 2.4
      vertex 5.48 22.346 2.4
    endloop
  endfacet
  facet normal -0 0 1
    outer loop
      vertex 6.52899 31.008 2.4
      vertex 8.30199 30.68 2.4
      vertex 7.252 31.008 2.4
    endloop
  endfacet
  facet normal 0 0 1
    outer loop
      vertex 9.549 24.643 2.4
      vertex 5.61099 23.462 2.4
      vertex 9.09 24.184 2.4
    endloop
  endfacet
  facet normal 0 0 1
    outer loop
      vertex 7.58099 22.937 2.4
      vertex 5.61099 23.462 2.4
      vertex 5.48 23.002 2.4
    endloop
  endfacet
  facet normal 0 0 1
    outer loop
      vertex 7.44899 21.559 2.4
      vertex 5.349 20.968 2.4
      vertex 7.383 20.902 2.4
    endloop
  endfacet
  facet normal 0 0 1
    outer loop
      vertex 7.383 20.902 2.4
      vertex 5.349 20.968 2.4
      vertex 7.31799 20.246 2.4
    endloop
  endfacet
  facet normal -0 0 1
    outer loop
      vertex 5.284 20.312 2.4
      vertex 7.31799 20.246 2.4
      vertex 5.349 20.968 2.4
    endloop
  endfacet
  facet normal 0 -0 1
    outer loop
      vertex 7.252 19.524 2.4
      vertex 7.31799 20.246 2.4
      vertex 5.284 20.312 2.4
    endloop
  endfacet
  facet normal 0 0 1
    outer loop
      vertex 7.77599 6.79199 2.4
      vertex 6.924 1.739 2.4
      vertex 7.12 1.739 2.4
    endloop
  endfacet
  facet normal 0 0 1
    outer loop
      vertex 7.31799 20.246 2.4
      vertex 7.252 19.524 2.4
      vertex 7.31799 19.59 2.4
    endloop
  endfacet
  facet normal 0 0 1
    outer loop
      vertex 8.368 9.35199 2.4
      vertex 6.66199 10.599 2.4
      vertex 7.64499 9.35199 2.4
    endloop
  endfacet
  facet normal 0 0 1
    outer loop
      vertex 7.12 17.884 2.4
      vertex 6.66199 16.374 2.4
      vertex 6.66199 14.274 2.4
    endloop
  endfacet
  facet normal 0 0 1
    outer loop
      vertex 6.52899 31.008 2.4
      vertex 7.252 31.008 2.4
      vertex 6.59599 31.074 2.4
    endloop
  endfacet
  facet normal -0 0 1
    outer loop
      vertex 5.21799 19.656 2.4
      vertex 7.252 19.524 2.4
      vertex 5.284 20.312 2.4
    endloop
  endfacet
  facet normal 0 0 1
    outer loop
      vertex 8.30199 23.659 2.4
      vertex 5.61099 23.462 2.4
      vertex 7.58099 23.396 2.4
    endloop
  endfacet
  facet normal 0 0 1
    outer loop
      vertex 6.00499 30.943 2.4
      vertex 6.52899 31.008 2.4
      vertex 6.071 31.008 2.4
    endloop
  endfacet
  facet normal 0 0 1
    outer loop
      vertex 9.09 24.184 2.4
      vertex 5.61099 23.462 2.4
      vertex 8.30199 23.659 2.4
    endloop
  endfacet
  facet normal 0 0 1
    outer loop
      vertex 5.349 30.812 2.4
      vertex 6.00499 30.943 2.4
      vertex 5.74199 30.943 2.4
    endloop
  endfacet
  facet normal 0 -0 1
    outer loop
      vertex 7.187 18.868 2.4
      vertex 7.252 19.524 2.4
      vertex 5.21799 19.656 2.4
    endloop
  endfacet
  facet normal 0 0 1
    outer loop
      vertex 7.58099 22.937 2.4
      vertex 5.48 23.002 2.4
      vertex 5.48 22.346 2.4
    endloop
  endfacet
  facet normal 0 0 1
    outer loop
      vertex 7.252 19.524 2.4
      vertex 7.187 18.868 2.4
      vertex 7.252 18.934 2.4
    endloop
  endfacet
  facet normal 0 0 1
    outer loop
      vertex 5.349 20.968 2.4
      vertex 5.48 22.346 2.4
      vertex 5.41499 22.28 2.4
    endloop
  endfacet
  facet normal -0 0 1
    outer loop
      vertex 5.15099 18.934 2.4
      vertex 7.187 18.868 2.4
      vertex 5.21799 19.656 2.4
    endloop
  endfacet
  facet normal 0 0 1
    outer loop
      vertex 5.284 20.312 2.4
      vertex 5.349 20.968 2.4
      vertex 5.284 20.902 2.4
    endloop
  endfacet
  facet normal 0 0 1
    outer loop
      vertex 7.12 17.884 2.4
      vertex 6.59599 16.44 2.4
      vertex 6.66199 16.374 2.4
    endloop
  endfacet
  facet normal 0 0 1
    outer loop
      vertex 5.21799 19.656 2.4
      vertex 5.284 20.312 2.4
      vertex 5.21799 20.246 2.4
    endloop
  endfacet
  facet normal 0 0 1
    outer loop
      vertex 7.187 18.868 2.4
      vertex 5.15099 18.934 2.4
      vertex 7.12 17.884 2.4
    endloop
  endfacet
  facet normal 0 0 1
    outer loop
      vertex 5.15099 18.934 2.4
      vertex 5.21799 19.656 2.4
      vertex 5.15099 19.59 2.4
    endloop
  endfacet
  facet normal -0 0 1
    outer loop
      vertex 5.01999 18.014 2.4
      vertex 7.12 17.884 2.4
      vertex 5.15099 18.934 2.4
    endloop
  endfacet
  facet normal 0 0 1
    outer loop
      vertex 5.01999 18.014 2.4
      vertex 5.15099 18.934 2.4
      vertex 5.08699 18.868 2.4
    endloop
  endfacet
  facet normal 0 0 1
    outer loop
      vertex 7.12 17.884 2.4
      vertex 5.01999 18.014 2.4
      vertex 6.59599 16.44 2.4
    endloop
  endfacet
  facet normal -0 0 1
    outer loop
      vertex 4.49599 18.08 2.4
      vertex 5.01999 18.014 2.4
      vertex 4.88899 18.08 2.4
    endloop
  endfacet
  facet normal 0 0 1
    outer loop
      vertex 5.01999 18.014 2.4
      vertex 4.49599 18.08 2.4
      vertex 6.59599 16.44 2.4
    endloop
  endfacet
  facet normal -0 0 1
    outer loop
      vertex 3.51099 18.342 2.4
      vertex 4.49599 18.08 2.4
      vertex 3.709 18.342 2.4
    endloop
  endfacet
  facet normal 0 0 1
    outer loop
      vertex -0.556992 16.44 2.4
      vertex 4.49599 18.08 2.4
      vertex 3.51099 18.342 2.4
    endloop
  endfacet
  facet normal -0 0 1
    outer loop
      vertex 2.133 18.868 2.4
      vertex 3.51099 18.342 2.4
      vertex 2.26399 18.868 2.4
    endloop
  endfacet
  facet normal 0 0 1
    outer loop
      vertex 3.51099 18.342 2.4
      vertex 2.133 18.868 2.4
      vertex -0.556992 16.44 2.4
    endloop
  endfacet
  facet normal -0 0 1
    outer loop
      vertex 1.87 18.998 2.4
      vertex 2.133 18.868 2.4
      vertex 2.002 18.998 2.4
    endloop
  endfacet
  facet normal 0 0 1
    outer loop
      vertex -0.556992 16.44 2.4
      vertex 2.133 18.868 2.4
      vertex 1.87 18.998 2.4
    endloop
  endfacet
  facet normal 0 0 1
    outer loop
      vertex 1.084 19.458 2.4
      vertex 1.87 18.998 2.4
      vertex 1.739 19.13 2.4
    endloop
  endfacet
  facet normal 0 0 1
    outer loop
      vertex 4.49599 18.08 2.4
      vertex -0.556992 16.44 2.4
      vertex 6.59599 16.44 2.4
    endloop
  endfacet
  facet normal 0 0 1
    outer loop
      vertex 1.084 19.458 2.4
      vertex -0.556992 16.44 2.4
      vertex 1.87 18.998 2.4
    endloop
  endfacet
  facet normal 0 0 1
    outer loop
      vertex -0.162994 20.376 2.4
      vertex -0.556992 16.44 2.4
      vertex 1.084 19.458 2.4
    endloop
  endfacet
  facet normal -0 0 1
    outer loop
      vertex -1.739 16.504 2.4
      vertex -0.556992 16.44 2.4
      vertex -0.162994 20.376 2.4
    endloop
  endfacet
  facet normal 0 0 1
    outer loop
      vertex -0.556992 16.44 2.4
      vertex -1.60799 16.44 2.4
      vertex -0.623993 16.374 2.4
    endloop
  endfacet
  facet normal 0 0 1
    outer loop
      vertex -1.739 16.504 2.4
      vertex -0.162994 20.376 2.4
      vertex -1.14799 21.362 2.4
    endloop
  endfacet
  facet normal 0 0 1
    outer loop
      vertex 10.401 27.858 2.4
      vertex 10.401 26.874 2.4
      vertex 10.468 26.94 2.4
    endloop
  endfacet
  facet normal 0 0 1
    outer loop
      vertex 10.336 27.924 2.4
      vertex 10.401 26.874 2.4
      vertex 10.401 27.858 2.4
    endloop
  endfacet
  facet normal 0 0 1
    outer loop
      vertex 10.401 26.874 2.4
      vertex 10.336 27.924 2.4
      vertex 10.336 26.152 2.4
    endloop
  endfacet
  facet normal 0 0 1
    outer loop
      vertex 7.58099 23.396 2.4
      vertex 7.64499 23.002 2.4
      vertex 7.64499 23.33 2.4
    endloop
  endfacet
  facet normal 0 0 1
    outer loop
      vertex 7.64499 23.002 2.4
      vertex 7.58099 23.396 2.4
      vertex 7.58099 22.937 2.4
    endloop
  endfacet
  facet normal -0 0 1
    outer loop
      vertex 6.66199 10.599 2.4
      vertex 8.368 9.35199 2.4
      vertex 6.66199 12.699 2.4
    endloop
  endfacet
  facet normal -0 0 1
    outer loop
      vertex 6.59599 10.534 2.4
      vertex 7.64499 9.35199 2.4
      vertex 6.66199 10.599 2.4
    endloop
  endfacet
  facet normal 0 0 1
    outer loop
      vertex 6.66199 6.924 2.4
      vertex 7.64499 9.35199 2.4
      vertex 6.66199 9.02399 2.4
    endloop
  endfacet
  facet normal 0 0 1
    outer loop
      vertex 7.64499 9.35199 2.4
      vertex 6.66199 6.924 2.4
      vertex 6.924 1.739 2.4
    endloop
  endfacet
  facet normal -0 0 1
    outer loop
      vertex 6.52899 6.79199 2.4
      vertex 6.924 1.739 2.4
      vertex 6.66199 6.924 2.4
    endloop
  endfacet
  facet normal 0 0 1
    outer loop
      vertex 6.924 1.739 2.4
      vertex 6.52899 6.79199 2.4
      vertex 6.72699 1.87 2.4
    endloop
  endfacet
  facet normal -0 0 1
    outer loop
      vertex 6.334 2.002 2.4
      vertex 6.72699 1.87 2.4
      vertex 6.52899 6.79199 2.4
    endloop
  endfacet
  facet normal 0 0 1
    outer loop
      vertex 6.72699 1.87 2.4
      vertex 6.334 2.002 2.4
      vertex 6.52899 1.87 2.4
    endloop
  endfacet
  facet normal -0 0 1
    outer loop
      vertex 5.41499 2.26399 2.4
      vertex 6.334 2.002 2.4
      vertex 6.52899 6.79199 2.4
    endloop
  endfacet
  facet normal 0 0 1
    outer loop
      vertex 6.334 2.002 2.4
      vertex 5.41499 2.26399 2.4
      vertex 5.67699 2.133 2.4
    endloop
  endfacet
  facet normal 0 0 1
    outer loop
      vertex 6.52899 6.79199 2.4
      vertex 4.62599 2.39499 2.4
      vertex 5.41499 2.26399 2.4
    endloop
  endfacet
  facet normal 0 0 1
    outer loop
      vertex 6.52899 6.79199 2.4
      vertex 4.299 2.52599 2.4
      vertex 4.62599 2.39499 2.4
    endloop
  endfacet
  facet normal -0 0 1
    outer loop
      vertex 3.97099 2.59299 2.4
      vertex 4.299 2.52599 2.4
      vertex 6.52899 6.79199 2.4
    endloop
  endfacet
  facet normal 0 0 1
    outer loop
      vertex 4.299 2.52599 2.4
      vertex 3.97099 2.59299 2.4
      vertex 4.03699 2.52599 2.4
    endloop
  endfacet
  facet normal -0 0 1
    outer loop
      vertex 3.642 2.659 2.4
      vertex 3.97099 2.59299 2.4
      vertex 6.52899 6.79199 2.4
    endloop
  endfacet
  facet normal 0 0 1
    outer loop
      vertex 3.97099 2.59299 2.4
      vertex 3.642 2.659 2.4
      vertex 3.709 2.59299 2.4
    endloop
  endfacet
  facet normal -0 0 1
    outer loop
      vertex 2.724 2.78999 2.4
      vertex 3.642 2.659 2.4
      vertex 6.52899 6.79199 2.4
    endloop
  endfacet
  facet normal 0 0 1
    outer loop
      vertex 3.642 2.659 2.4
      vertex 2.724 2.78999 2.4
      vertex 2.78999 2.724 2.4
    endloop
  endfacet
  facet normal -0 0 1
    outer loop
      vertex -0.491989 6.79199 2.4
      vertex 2.724 2.78999 2.4
      vertex 6.52899 6.79199 2.4
    endloop
  endfacet
  facet normal 0 0 1
    outer loop
      vertex 2.724 2.78999 2.4
      vertex 1.017 2.92099 2.4
      vertex 1.084 2.855 2.4
    endloop
  endfacet
  facet normal 0 0 1
    outer loop
      vertex 2.724 2.78999 2.4
      vertex -0.491989 6.79199 2.4
      vertex 1.017 2.92099 2.4
    endloop
  endfacet
  facet normal 0 0 1
    outer loop
      vertex -0.491989 6.79199 2.4
      vertex -0.491989 2.92099 2.4
      vertex 1.017 2.92099 2.4
    endloop
  endfacet
  facet normal -0 0 1
    outer loop
      vertex -1.80399 6.79199 2.4
      vertex -0.491989 2.92099 2.4
      vertex -0.491989 6.79199 2.4
    endloop
  endfacet
  facet normal 0 0 1
    outer loop
      vertex -1.80399 6.79199 2.4
      vertex -0.491989 6.79199 2.4
      vertex -0.623993 6.85799 2.4
    endloop
  endfacet
  facet normal 0 0 1
    outer loop
      vertex -1.60799 6.924 2.4
      vertex -0.623993 16.374 2.4
      vertex -1.60799 16.44 2.4
    endloop
  endfacet
  facet normal 0 0 1
    outer loop
      vertex -0.623993 16.374 2.4
      vertex -1.60799 6.924 2.4
      vertex -0.623993 6.85799 2.4
    endloop
  endfacet
  facet normal 0 0 1
    outer loop
      vertex -1.80399 6.79199 2.4
      vertex -0.623993 6.85799 2.4
      vertex -1.60799 6.924 2.4
    endloop
  endfacet
  facet normal 0 0 1
    outer loop
      vertex -2.06599 2.78999 2.4
      vertex -0.491989 2.92099 2.4
      vertex -1.80399 6.79199 2.4
    endloop
  endfacet
  facet normal 0 0 1
    outer loop
      vertex -0.491989 2.92099 2.4
      vertex -2.06599 2.78999 2.4
      vertex -0.556992 2.855 2.4
    endloop
  endfacet
  facet normal 0 0 1
    outer loop
      vertex -2.91899 2.659 2.4
      vertex -2.06599 2.78999 2.4
      vertex -1.80399 6.79199 2.4
    endloop
  endfacet
  facet normal 0 0 1
    outer loop
      vertex -2.06599 2.78999 2.4
      vertex -2.91899 2.659 2.4
      vertex -2.133 2.724 2.4
    endloop
  endfacet
  facet normal -0 0 1
    outer loop
      vertex -4.758 6.79199 2.4
      vertex -2.91899 2.659 2.4
      vertex -1.80399 6.79199 2.4
    endloop
  endfacet
  facet normal 0 0 1
    outer loop
      vertex -2.91899 2.659 2.4
      vertex -4.758 6.79199 2.4
      vertex -3.31299 2.52599 2.4
    endloop
  endfacet
  facet normal 0 0 1
    outer loop
      vertex -3.31299 2.52599 2.4
      vertex -4.758 6.79199 2.4
      vertex -3.90399 2.46199 2.4
    endloop
  endfacet
  facet normal 0 -0 1
    outer loop
      vertex -4.23299 2.39499 2.4
      vertex -3.90399 2.46199 2.4
      vertex -4.758 6.79199 2.4
    endloop
  endfacet
  facet normal 0 0 1
    outer loop
      vertex -3.90399 2.46199 2.4
      vertex -4.23299 2.39499 2.4
      vertex -3.97099 2.39499 2.4
    endloop
  endfacet
  facet normal 0 0 1
    outer loop
      vertex -5.01999 2.133 2.4
      vertex -4.758 6.79199 2.4
      vertex -4.88899 6.85799 2.4
    endloop
  endfacet
  facet normal 0 0 1
    outer loop
      vertex -4.758 6.79199 2.4
      vertex -5.01999 2.133 2.4
      vertex -4.23299 2.39499 2.4
    endloop
  endfacet
  facet normal 0 0 1
    outer loop
      vertex 13.4 -47.4 2.4
      vertex 10 -47.4 2.4
      vertex 13.4 -47.8 2.4
    endloop
  endfacet
  facet normal 0 0 1
    outer loop
      vertex 29.4 -47.4 2.4
      vertex 14.6 -47.4 2.4
      vertex 29.4 -47.8 2.4
    endloop
  endfacet
  facet normal 0 0 1
    outer loop
      vertex 45.4 -10 2.4
      vertex 30.024 -15.06 2.4
      vertex 30.09 -15.126 2.4
    endloop
  endfacet
  facet normal 0 0 1
    outer loop
      vertex 31.927 6.79199 2.4
      vertex 29.958 -14.076 2.4
      vertex 30.024 -15.06 2.4
    endloop
  endfacet
  facet normal 0 0 1
    outer loop
      vertex 31.927 6.79199 2.4
      vertex 29.826 -13.551 2.4
      vertex 29.958 -14.076 2.4
    endloop
  endfacet
  facet normal 0 0 1
    outer loop
      vertex 31.927 6.79199 2.4
      vertex 29.695 -13.157 2.4
      vertex 29.826 -13.551 2.4
    endloop
  endfacet
  facet normal 0 0 1
    outer loop
      vertex 26.218 -9.088 2.4
      vertex 30.615 6.66199 2.4
      vertex 29.302 6.66199 2.4
    endloop
  endfacet
  facet normal 0 0 1
    outer loop
      vertex 27.99 6.79199 2.4
      vertex 29.302 6.66199 2.4
      vertex 29.237 6.72699 2.4
    endloop
  endfacet
  facet normal 0 0 1
    outer loop
      vertex 31.927 6.79199 2.4
      vertex 29.171 -12.042 2.4
      vertex 29.695 -13.157 2.4
    endloop
  endfacet
  facet normal 0 0 1
    outer loop
      vertex 31.927 6.79199 2.4
      vertex 28.383 -10.926 2.4
      vertex 29.171 -12.042 2.4
    endloop
  endfacet
  facet normal 0 0 1
    outer loop
      vertex 24.249 -7.974 2.4
      vertex 29.302 6.66199 2.4
      vertex 27.99 6.79199 2.4
    endloop
  endfacet
  facet normal 0 0 1
    outer loop
      vertex 26.677 7.056 2.4
      vertex 27.99 6.79199 2.4
      vertex 27.924 6.85799 2.4
    endloop
  endfacet
  facet normal 0 0 1
    outer loop
      vertex 31.927 6.79199 2.4
      vertex 27.726 -10.27 2.4
      vertex 28.383 -10.926 2.4
    endloop
  endfacet
  facet normal 0 0 1
    outer loop
      vertex 27.99 6.79199 2.4
      vertex 26.677 7.056 2.4
      vertex 23.987 -7.84099 2.4
    endloop
  endfacet
  facet normal 0 0 1
    outer loop
      vertex 31.927 6.79199 2.4
      vertex 26.218 -9.088 2.4
      vertex 27.726 -10.27 2.4
    endloop
  endfacet
  facet normal 0 0 1
    outer loop
      vertex 21.821 -7.05399 2.4
      vertex 26.677 7.056 2.4
      vertex 25.102 7.57899 2.4
    endloop
  endfacet
  facet normal 0 0 1
    outer loop
      vertex 29.302 6.66199 2.4
      vertex 25.037 -8.36699 2.4
      vertex 26.218 -9.088 2.4
    endloop
  endfacet
  facet normal 0 0 1
    outer loop
      vertex 29.302 6.66199 2.4
      vertex 24.249 -7.974 2.4
      vertex 25.037 -8.36699 2.4
    endloop
  endfacet
  facet normal 0 0 1
    outer loop
      vertex 27.99 6.79199 2.4
      vertex 23.987 -7.84099 2.4
      vertex 24.249 -7.974 2.4
    endloop
  endfacet
  facet normal 0 0 1
    outer loop
      vertex 24.249 -7.974 2.4
      vertex 23.987 -7.84099 2.4
      vertex 24.118 -7.974 2.4
    endloop
  endfacet
  facet normal 0 0 1
    outer loop
      vertex 16.571 6.79199 2.4
      vertex 25.102 7.57899 2.4
      vertex 23.79 8.23599 2.4
    endloop
  endfacet
  facet normal 0 0 1
    outer loop
      vertex 16.702 6.924 2.4
      vertex 23.79 8.23599 2.4
      vertex 22.805 8.89299 2.4
    endloop
  endfacet
  facet normal 0 0 1
    outer loop
      vertex 26.677 7.056 2.4
      vertex 21.821 -7.05399 2.4
      vertex 23.987 -7.84099 2.4
    endloop
  endfacet
  facet normal 0 0 1
    outer loop
      vertex 16.702 6.924 2.4
      vertex 22.805 8.89299 2.4
      vertex 21.362 10.204 2.4
    endloop
  endfacet
  facet normal 0 0 1
    outer loop
      vertex 23.79 8.23599 2.4
      vertex 16.702 6.924 2.4
      vertex 16.571 6.79199 2.4
    endloop
  endfacet
  facet normal 0 0 1
    outer loop
      vertex 21.821 -7.05399 2.4
      vertex 20.77 -6.79099 2.4
      vertex 21.034 -6.92299 2.4
    endloop
  endfacet
  facet normal 0 0 1
    outer loop
      vertex 16.702 9.286 2.4
      vertex 21.362 10.204 2.4
      vertex 20.574 11.19 2.4
    endloop
  endfacet
  facet normal 0 0 1
    outer loop
      vertex 25.102 7.57899 2.4
      vertex 20.77 -6.79099 2.4
      vertex 21.821 -7.05399 2.4
    endloop
  endfacet
  facet normal 0 0 1
    outer loop
      vertex 16.702 9.286 2.4
      vertex 20.574 11.19 2.4
      vertex 20.049 11.977 2.4
    endloop
  endfacet
  facet normal 0 0 1
    outer loop
      vertex 25.102 7.57899 2.4
      vertex 16.571 6.79199 2.4
      vertex 20.049 -6.65999 2.4
    endloop
  endfacet
  facet normal 0 0 1
    outer loop
      vertex 16.571 9.418 2.4
      vertex 20.049 11.977 2.4
      vertex 19.787 12.568 2.4
    endloop
  endfacet
  facet normal 0 0 1
    outer loop
      vertex 20.77 -6.79099 2.4
      vertex 20.049 -6.65999 2.4
      vertex 20.443 -6.79099 2.4
    endloop
  endfacet
  facet normal 0 0 1
    outer loop
      vertex 25.102 7.57899 2.4
      vertex 20.049 -6.65999 2.4
      vertex 20.77 -6.79099 2.4
    endloop
  endfacet
  facet normal 0 0 1
    outer loop
      vertex 16.571 9.418 2.4
      vertex 19.787 12.568 2.4
      vertex 19.524 12.962 2.4
    endloop
  endfacet
  facet normal 0 0 1
    outer loop
      vertex 19.196 13.748 2.4
      vertex 19.524 12.962 2.4
      vertex 19.392 13.42 2.4
    endloop
  endfacet
  facet normal 0 0 1
    outer loop
      vertex 19.524 12.962 2.4
      vertex 19.196 13.748 2.4
      vertex 16.571 9.418 2.4
    endloop
  endfacet
  facet normal 0 0 1
    outer loop
      vertex 20.049 -6.65999 2.4
      vertex 19.59 -6.59399 2.4
      vertex 19.656 -6.65999 2.4
    endloop
  endfacet
  facet normal -0 0 1
    outer loop
      vertex 14.996 -3.57599 2.4
      vertex 20.049 -6.65999 2.4
      vertex 16.571 6.79199 2.4
    endloop
  endfacet
  facet normal 0 0 1
    outer loop
      vertex 13.815 16.374 2.4
      vertex 19.196 13.748 2.4
      vertex 18.736 15.193 2.4
    endloop
  endfacet
  facet normal -0 0 1
    outer loop
      vertex 16.505 18.606 2.4
      vertex 18.736 15.456 2.4
      vertex 16.571 18.606 2.4
    endloop
  endfacet
  facet normal 0 0 1
    outer loop
      vertex 16.571 18.606 2.4
      vertex 18.54 18.08 2.4
      vertex 18.474 18.342 2.4
    endloop
  endfacet
  facet normal 0 0 1
    outer loop
      vertex 18.868 18.868 2.4
      vertex 18.342 18.868 2.4
      vertex 18.868 18.736 2.4
    endloop
  endfacet
  facet normal 0 0 1
    outer loop
      vertex 18.342 19.984 2.4
      vertex 18.409 20.443 2.4
      vertex 18.342 20.114 2.4
    endloop
  endfacet
  facet normal 0 0 1
    outer loop
      vertex 18.342 19.13 2.4
      vertex 18.409 20.443 2.4
      vertex 18.342 19.984 2.4
    endloop
  endfacet
  facet normal 0 0 1
    outer loop
      vertex 18.868 18.736 2.4
      vertex 18.342 18.868 2.4
      vertex 18.474 18.342 2.4
    endloop
  endfacet
  facet normal 0 0 1
    outer loop
      vertex 17.818 19.196 2.4
      vertex 18.474 18.342 2.4
      vertex 18.342 18.868 2.4
    endloop
  endfacet
  facet normal 0 0 1
    outer loop
      vertex 18.474 18.342 2.4
      vertex 17.818 19.196 2.4
      vertex 17.556 19.196 2.4
    endloop
  endfacet
  facet normal 0 0 1
    outer loop
      vertex 18.474 18.342 2.4
      vertex 17.556 19.196 2.4
      vertex 16.571 18.606 2.4
    endloop
  endfacet
  facet normal 0 0 1
    outer loop
      vertex 17.424 19.196 2.4
      vertex 17.556 19.196 2.4
      vertex 17.49 19.262 2.4
    endloop
  endfacet
  facet normal 0 0 1
    outer loop
      vertex 16.571 18.606 2.4
      vertex 17.556 19.196 2.4
      vertex 17.424 19.196 2.4
    endloop
  endfacet
  facet normal 0 0 1
    outer loop
      vertex 16.636 18.736 2.4
      vertex 17.424 19.196 2.4
      vertex 17.162 19.196 2.4
    endloop
  endfacet
  facet normal 0 0 1
    outer loop
      vertex 16.571 19.72 2.4
      vertex 17.162 20.114 2.4
      vertex 16.768 20.114 2.4
    endloop
  endfacet
  facet normal 0 0 1
    outer loop
      vertex 17.162 20.114 2.4
      vertex 16.571 19.72 2.4
      vertex 17.162 19.196 2.4
    endloop
  endfacet
  facet normal 0 0 1
    outer loop
      vertex 21.362 10.204 2.4
      vertex 16.702 9.286 2.4
      vertex 16.702 6.924 2.4
    endloop
  endfacet
  facet normal 0 0 1
    outer loop
      vertex 19.59 -6.59399 2.4
      vertex 19.13 -6.52899 2.4
      vertex 19.196 -6.59399 2.4
    endloop
  endfacet
  facet normal 0 0 1
    outer loop
      vertex 17.162 19.196 2.4
      vertex 16.636 18.934 2.4
      vertex 16.636 18.736 2.4
    endloop
  endfacet
  facet normal 0 0 1
    outer loop
      vertex 16.571 18.998 2.4
      vertex 17.162 19.196 2.4
      vertex 16.571 19.72 2.4
    endloop
  endfacet
  facet normal 0 0 1
    outer loop
      vertex 17.162 19.196 2.4
      vertex 16.571 18.998 2.4
      vertex 16.636 18.934 2.4
    endloop
  endfacet
  facet normal -0 0 1
    outer loop
      vertex 33.174 7.056 2.4
      vertex 45.4 -10 2.4
      vertex 33.634 7.187 2.4
    endloop
  endfacet
  facet normal 0 0 1
    outer loop
      vertex 33.174 7.056 2.4
      vertex 33.634 7.187 2.4
      vertex 33.436 7.187 2.4
    endloop
  endfacet
  facet normal 0 0 1
    outer loop
      vertex 30.024 -15.06 2.4
      vertex 45.4 -10 2.4
      vertex 33.174 7.056 2.4
    endloop
  endfacet
  facet normal 0 0 1
    outer loop
      vertex 31.927 6.79199 2.4
      vertex 33.174 7.056 2.4
      vertex 31.993 6.85799 2.4
    endloop
  endfacet
  facet normal 0 0 1
    outer loop
      vertex 30.024 -15.06 2.4
      vertex 33.174 7.056 2.4
      vertex 31.927 6.79199 2.4
    endloop
  endfacet
  facet normal 0 0 1
    outer loop
      vertex 30.615 6.66199 2.4
      vertex 31.927 6.79199 2.4
      vertex 30.68 6.72699 2.4
    endloop
  endfacet
  facet normal 0 0 1
    outer loop
      vertex 26.218 -9.088 2.4
      vertex 31.927 6.79199 2.4
      vertex 30.615 6.66199 2.4
    endloop
  endfacet
  facet normal 0 0 1
    outer loop
      vertex 45.4 -10 2.4
      vertex 30.09 -15.126 2.4
      vertex 30.09 -15.914 2.4
    endloop
  endfacet
  facet normal 0 0 1
    outer loop
      vertex 30.024 -16.438 2.4
      vertex 45.4 -10 2.4
      vertex 30.09 -15.914 2.4
    endloop
  endfacet
  facet normal 0 0 1
    outer loop
      vertex 30.024 -16.438 2.4
      vertex 30.09 -15.914 2.4
      vertex 30.024 -15.98 2.4
    endloop
  endfacet
  facet normal 0 0 1
    outer loop
      vertex 29.958 -16.898 2.4
      vertex 45.4 -10 2.4
      vertex 30.024 -16.438 2.4
    endloop
  endfacet
  facet normal 0 0 1
    outer loop
      vertex 29.958 -16.898 2.4
      vertex 30.024 -16.438 2.4
      vertex 29.958 -16.504 2.4
    endloop
  endfacet
  facet normal 0 0 1
    outer loop
      vertex 29.826 -17.489 2.4
      vertex 45.4 -10 2.4
      vertex 29.958 -16.898 2.4
    endloop
  endfacet
  facet normal 0 0 1
    outer loop
      vertex 29.826 -17.489 2.4
      vertex 29.958 -16.898 2.4
      vertex 29.826 -17.226 2.4
    endloop
  endfacet
  facet normal 0 0 1
    outer loop
      vertex 29.695 -17.882 2.4
      vertex 45.4 -10 2.4
      vertex 29.826 -17.489 2.4
    endloop
  endfacet
  facet normal 0 0 1
    outer loop
      vertex 29.695 -17.882 2.4
      vertex 29.826 -17.489 2.4
      vertex 29.695 -17.685 2.4
    endloop
  endfacet
  facet normal 0 0 1
    outer loop
      vertex 29.499 -18.408 2.4
      vertex 45.4 -10 2.4
      vertex 29.695 -17.882 2.4
    endloop
  endfacet
  facet normal 0 0 1
    outer loop
      vertex 29.499 -18.408 2.4
      vertex 29.695 -17.882 2.4
      vertex 29.564 -18.079 2.4
    endloop
  endfacet
  facet normal 0 0 1
    outer loop
      vertex 29.04 -19.326 2.4
      vertex 45.4 -10 2.4
      vertex 29.499 -18.408 2.4
    endloop
  endfacet
  facet normal 0 0 1
    outer loop
      vertex 45.4 -10 2.4
      vertex 29.04 -19.326 2.4
      vertex 34 -45.4 2.4
    endloop
  endfacet
  facet normal -0 0 1
    outer loop
      vertex 28.317 -20.376 2.4
      vertex 34 -45.4 2.4
      vertex 29.04 -19.326 2.4
    endloop
  endfacet
  facet normal -0 0 1
    outer loop
      vertex 27.464 -21.294 2.4
      vertex 34 -45.4 2.4
      vertex 28.317 -20.376 2.4
    endloop
  endfacet
  facet normal -0 0 1
    outer loop
      vertex 26.677 -21.951 2.4
      vertex 34 -45.4 2.4
      vertex 27.464 -21.294 2.4
    endloop
  endfacet
  facet normal -0 0 1
    outer loop
      vertex 24.97 -23.132 2.4
      vertex 34 -45.4 2.4
      vertex 26.677 -21.951 2.4
    endloop
  endfacet
  facet normal 0 0 1
    outer loop
      vertex 24.052 -23.658 2.4
      vertex 24.97 -23.132 2.4
      vertex 24.183 -23.526 2.4
    endloop
  endfacet
  facet normal 0 0 1
    outer loop
      vertex 24.97 -23.132 2.4
      vertex 24.052 -23.658 2.4
      vertex 34 -45.4 2.4
    endloop
  endfacet
  facet normal -0 0 1
    outer loop
      vertex 22.74 -24.313 2.4
      vertex 34 -45.4 2.4
      vertex 24.052 -23.658 2.4
    endloop
  endfacet
  facet normal 0 0 1
    outer loop
      vertex 21.427 -24.838 2.4
      vertex 22.74 -24.313 2.4
      vertex 22.609 -24.313 2.4
    endloop
  endfacet
  facet normal 0 0 1
    outer loop
      vertex 22.74 -24.313 2.4
      vertex 21.427 -24.838 2.4
      vertex 34 -45.4 2.4
    endloop
  endfacet
  facet normal 0 0 1
    outer loop
      vertex 16.44 -28.382 2.4
      vertex 21.427 -24.838 2.4
      vertex 20.64 -25.102 2.4
    endloop
  endfacet
  facet normal 0 0 1
    outer loop
      vertex 20.246 -25.232 2.4
      vertex 20.64 -25.102 2.4
      vertex 20.443 -25.102 2.4
    endloop
  endfacet
  facet normal 0 0 1
    outer loop
      vertex 16.44 -28.382 2.4
      vertex 20.64 -25.102 2.4
      vertex 20.246 -25.232 2.4
    endloop
  endfacet
  facet normal 0 0 1
    outer loop
      vertex 19.787 -25.364 2.4
      vertex 20.246 -25.232 2.4
      vertex 20.049 -25.232 2.4
    endloop
  endfacet
  facet normal 0 0 1
    outer loop
      vertex 17.226 -27.201 2.4
      vertex 20.246 -25.232 2.4
      vertex 19.787 -25.364 2.4
    endloop
  endfacet
  facet normal 0 0 1
    outer loop
      vertex 19.261 -25.496 2.4
      vertex 19.787 -25.364 2.4
      vertex 19.524 -25.364 2.4
    endloop
  endfacet
  facet normal 0 0 1
    outer loop
      vertex 19.787 -25.364 2.4
      vertex 19.261 -25.496 2.4
      vertex 17.226 -27.201 2.4
    endloop
  endfacet
  facet normal 0 0 1
    outer loop
      vertex 17.293 -27.004 2.4
      vertex 19.261 -25.496 2.4
      vertex 18.998 -25.496 2.4
    endloop
  endfacet
  facet normal 0 0 1
    outer loop
      vertex 17.293 -27.004 2.4
      vertex 18.998 -25.496 2.4
      vertex 18.08 -25.758 2.4
    endloop
  endfacet
  facet normal 0 0 1
    outer loop
      vertex 17.293 -27.004 2.4
      vertex 18.08 -25.758 2.4
      vertex 17.752 -25.758 2.4
    endloop
  endfacet
  facet normal 0 0 1
    outer loop
      vertex 17.293 -27.004 2.4
      vertex 17.752 -25.758 2.4
      vertex 17.424 -25.888 2.4
    endloop
  endfacet
  facet normal 0 0 1
    outer loop
      vertex 19.261 -25.496 2.4
      vertex 17.293 -27.004 2.4
      vertex 17.226 -27.201 2.4
    endloop
  endfacet
  facet normal 0 0 1
    outer loop
      vertex 20.246 -25.232 2.4
      vertex 17.226 -27.201 2.4
      vertex 16.44 -28.382 2.4
    endloop
  endfacet
  facet normal 0 0 1
    outer loop
      vertex 21.427 -24.838 2.4
      vertex 16.44 -28.382 2.4
      vertex 34 -45.4 2.4
    endloop
  endfacet
  facet normal -0 0 1
    outer loop
      vertex 15.193 -29.957 2.4
      vertex 34 -45.4 2.4
      vertex 16.44 -28.382 2.4
    endloop
  endfacet
  facet normal -0 0 1
    outer loop
      vertex 12.962 -32.123 2.4
      vertex 34 -45.4 2.4
      vertex 15.193 -29.957 2.4
    endloop
  endfacet
  facet normal 0 0 1
    outer loop
      vertex 10 -45.4 2.4
      vertex 12.962 -32.123 2.4
      vertex 12.043 -32.844 2.4
    endloop
  endfacet
  facet normal 0 0 1
    outer loop
      vertex 10 -45.4 2.4
      vertex 12.043 -32.844 2.4
      vertex 10.468 -33.894 2.4
    endloop
  endfacet
  facet normal 0 0 1
    outer loop
      vertex 12.962 -32.123 2.4
      vertex 10 -45.4 2.4
      vertex 34 -45.4 2.4
    endloop
  endfacet
  facet normal -0 0 1
    outer loop
      vertex 6.793 -35.602 2.4
      vertex 10 -45.4 2.4
      vertex 7.84299 -35.207 2.4
    endloop
  endfacet
  facet normal -0 0 1
    outer loop
      vertex 7.84299 -35.207 2.4
      vertex 10 -45.4 2.4
      vertex 10.468 -33.894 2.4
    endloop
  endfacet
  facet normal 0 0 1
    outer loop
      vertex 36.2 48.6 2.4
      vertex 30.6 47.8 2.4
      vertex 34 47.4 2.4
    endloop
  endfacet
  facet normal 0 0 1
    outer loop
      vertex 36.2 48.6 2.4
      vertex 29.4 47.8 2.4
      vertex 30.6 47.8 2.4
    endloop
  endfacet
  facet normal 0 0 1
    outer loop
      vertex 29.4 47.8 2.4
      vertex 14.6 47.8 2.4
      vertex 29.4 47.4 2.4
    endloop
  endfacet
  facet normal 0 0 1
    outer loop
      vertex 36.2 48.6 2.4
      vertex 14.6 47.8 2.4
      vertex 29.4 47.8 2.4
    endloop
  endfacet
  facet normal 0 0 1
    outer loop
      vertex 36.2 48.6 2.4
      vertex 13.4 47.8 2.4
      vertex 14.6 47.8 2.4
    endloop
  endfacet
  facet normal 0 0 1
    outer loop
      vertex 13.4 47.8 2.4
      vertex 10 47.4 2.4
      vertex 13.4 47.4 2.4
    endloop
  endfacet
  facet normal -0 0 1
    outer loop
      vertex -10 47.4 2.4
      vertex 10 45.4 2.4
      vertex 10 47.4 2.4
    endloop
  endfacet
  facet normal 0 0 1
    outer loop
      vertex 10 45.4 2.4
      vertex 9.09 36.39 2.4
      vertex 9.549 36.258 2.4
    endloop
  endfacet
  facet normal 0 0 1
    outer loop
      vertex 9.549 36.258 2.4
      vertex 9.09 36.39 2.4
      vertex 9.35199 36.258 2.4
    endloop
  endfacet
  facet normal 0 0 1
    outer loop
      vertex 10 45.4 2.4
      vertex 8.49799 36.52 2.4
      vertex 9.09 36.39 2.4
    endloop
  endfacet
  facet normal 0 0 1
    outer loop
      vertex 9.09 36.39 2.4
      vertex 8.49799 36.52 2.4
      vertex 8.827 36.39 2.4
    endloop
  endfacet
  facet normal 0 0 1
    outer loop
      vertex 10 45.4 2.4
      vertex 7.84299 36.652 2.4
      vertex 8.49799 36.52 2.4
    endloop
  endfacet
  facet normal 0 0 1
    outer loop
      vertex 8.49799 36.52 2.4
      vertex 7.84299 36.652 2.4
      vertex 8.105 36.52 2.4
    endloop
  endfacet
  facet normal 0 0 1
    outer loop
      vertex 10 45.4 2.4
      vertex 5.48 36.652 2.4
      vertex 7.84299 36.652 2.4
    endloop
  endfacet
  facet normal 0 0 1
    outer loop
      vertex 10 45.4 2.4
      vertex 4.82399 36.52 2.4
      vertex 5.48 36.652 2.4
    endloop
  endfacet
  facet normal 0 0 1
    outer loop
      vertex 5.48 36.652 2.4
      vertex 4.82399 36.52 2.4
      vertex 5.21799 36.52 2.4
    endloop
  endfacet
  facet normal 0 0 1
    outer loop
      vertex 10 45.4 2.4
      vertex 4.23299 36.39 2.4
      vertex 4.82399 36.52 2.4
    endloop
  endfacet
  facet normal 0 0 1
    outer loop
      vertex 4.82399 36.52 2.4
      vertex 4.23299 36.39 2.4
      vertex 4.49599 36.39 2.4
    endloop
  endfacet
  facet normal 0 0 1
    outer loop
      vertex 10 45.4 2.4
      vertex 2.92099 35.996 2.4
      vertex 4.23299 36.39 2.4
    endloop
  endfacet
  facet normal 0 0 1
    outer loop
      vertex -10 45.4 2.4
      vertex 10 45.4 2.4
      vertex -10 47.4 2.4
    endloop
  endfacet
  facet normal 0 0 1
    outer loop
      vertex 10 45.4 2.4
      vertex -10 45.4 2.4
      vertex 2.92099 35.996 2.4
    endloop
  endfacet
  facet normal 0 0 1
    outer loop
      vertex 2.92099 35.996 2.4
      vertex -10 45.4 2.4
      vertex 1.41199 35.274 2.4
    endloop
  endfacet
  facet normal 0 0 1
    outer loop
      vertex -3.05099 29.63 2.4
      vertex -3.18199 29.04 2.4
      vertex -3.05099 29.368 2.4
    endloop
  endfacet
  facet normal 0 0 1
    outer loop
      vertex -3.18199 29.04 2.4
      vertex -3.24799 28.646 2.4
      vertex -3.18199 28.712 2.4
    endloop
  endfacet
  facet normal 0 0 1
    outer loop
      vertex -3.24799 28.646 2.4
      vertex -3.31299 28.252 2.4
      vertex -3.24799 28.318 2.4
    endloop
  endfacet
  facet normal -0 0 1
    outer loop
      vertex -5.21599 28.056 2.4
      vertex -3.31299 26.284 2.4
      vertex -3.31299 28.252 2.4
    endloop
  endfacet
  facet normal 0 0 1
    outer loop
      vertex -3.11699 25.234 2.4
      vertex -5.349 25.298 2.4
      vertex -3.05099 24.906 2.4
    endloop
  endfacet
  facet normal 0 0 1
    outer loop
      vertex -3.05099 24.906 2.4
      vertex -5.61099 24.315 2.4
      vertex -2.78799 24.118 2.4
    endloop
  endfacet
  facet normal -0 0 1
    outer loop
      vertex -5.282 28.449 2.4
      vertex -3.31299 28.252 2.4
      vertex -3.24799 28.646 2.4
    endloop
  endfacet
  facet normal 0 0 1
    outer loop
      vertex -5.41299 29.104 2.4
      vertex -3.24799 28.646 2.4
      vertex -3.18199 29.04 2.4
    endloop
  endfacet
  facet normal -0 0 1
    outer loop
      vertex -5.48 29.434 2.4
      vertex -3.18199 29.04 2.4
      vertex -3.05099 29.63 2.4
    endloop
  endfacet
  facet normal -0 0 1
    outer loop
      vertex -5.74199 30.22 2.4
      vertex -3.05099 29.63 2.4
      vertex -2.657 30.746 2.4
    endloop
  endfacet
  facet normal -0 0 1
    outer loop
      vertex -6.13599 31.14 2.4
      vertex -2.657 30.746 2.4
      vertex -2.133 31.796 2.4
    endloop
  endfacet
  facet normal -0 0 1
    outer loop
      vertex -7.185 32.78 2.4
      vertex -2.133 31.796 2.4
      vertex -1.08199 33.24 2.4
    endloop
  endfacet
  facet normal 0 0 1
    outer loop
      vertex 1.41199 35.274 2.4
      vertex -10 45.4 2.4
      vertex 0.164993 34.421 2.4
    endloop
  endfacet
  facet normal 0 0 1
    outer loop
      vertex -3.31299 28.252 2.4
      vertex -5.282 28.449 2.4
      vertex -5.21599 28.056 2.4
    endloop
  endfacet
  facet normal 0 0 1
    outer loop
      vertex -3.24799 28.646 2.4
      vertex -5.41299 29.104 2.4
      vertex -5.282 28.449 2.4
    endloop
  endfacet
  facet normal 0 0 1
    outer loop
      vertex -5.282 28.449 2.4
      vertex -5.41299 29.104 2.4
      vertex -5.349 28.514 2.4
    endloop
  endfacet
  facet normal 0 0 1
    outer loop
      vertex -3.18199 29.04 2.4
      vertex -5.48 29.434 2.4
      vertex -5.41299 29.104 2.4
    endloop
  endfacet
  facet normal 0 0 1
    outer loop
      vertex -3.05099 29.63 2.4
      vertex -5.74199 30.22 2.4
      vertex -5.48 29.434 2.4
    endloop
  endfacet
  facet normal 0 0 1
    outer loop
      vertex -5.48 29.434 2.4
      vertex -5.74199 30.22 2.4
      vertex -5.61099 29.63 2.4
    endloop
  endfacet
  facet normal 0 0 1
    outer loop
      vertex -2.657 30.746 2.4
      vertex -6.13599 31.14 2.4
      vertex -5.74199 30.22 2.4
    endloop
  endfacet
  facet normal 0 0 1
    outer loop
      vertex -2.133 31.796 2.4
      vertex -7.185 32.78 2.4
      vertex -6.13599 31.14 2.4
    endloop
  endfacet
  facet normal 0 0 1
    outer loop
      vertex -1.08199 33.24 2.4
      vertex -8.49799 34.158 2.4
      vertex -7.185 32.78 2.4
    endloop
  endfacet
  facet normal 0 0 1
    outer loop
      vertex 0.164993 34.421 2.4
      vertex -8.49799 34.158 2.4
      vertex -1.08199 33.24 2.4
    endloop
  endfacet
  facet normal 0 0 1
    outer loop
      vertex 13.4 47.8 2.4
      vertex -10 47.4 2.4
      vertex 10 47.4 2.4
    endloop
  endfacet
  facet normal 0 0 1
    outer loop
      vertex -13.4 47.8 2.4
      vertex 13.4 47.8 2.4
      vertex 36.2 48.6 2.4
    endloop
  endfacet
  facet normal 0 0 1
    outer loop
      vertex 13.4 47.8 2.4
      vertex -13.4 47.8 2.4
      vertex -10 47.4 2.4
    endloop
  endfacet
  facet normal -0 0 1
    outer loop
      vertex -36.2 48.6 2.4
      vertex -13.4 47.8 2.4
      vertex 36.2 48.6 2.4
    endloop
  endfacet
  facet normal 0 0 1
    outer loop
      vertex -14.6 47.8 2.4
      vertex -29.4 47.8 2.4
      vertex -14.6 47.4 2.4
    endloop
  endfacet
  facet normal 0 0 1
    outer loop
      vertex -13.4 47.8 2.4
      vertex -36.2 48.6 2.4
      vertex -14.6 47.8 2.4
    endloop
  endfacet
  facet normal 0 0 1
    outer loop
      vertex -14.6 47.8 2.4
      vertex -36.2 48.6 2.4
      vertex -29.4 47.8 2.4
    endloop
  endfacet
  facet normal 0 0 1
    outer loop
      vertex -30.6 47.8 2.4
      vertex -34 47.4 2.4
      vertex -30.6 47.4 2.4
    endloop
  endfacet
  facet normal 0 0 1
    outer loop
      vertex -34 47.4 2.4
      vertex -36.2 48.6 2.4
      vertex -34 45.4 2.4
    endloop
  endfacet
  facet normal 0 0 1
    outer loop
      vertex -30.6 47.8 2.4
      vertex -36.2 48.6 2.4
      vertex -34 47.4 2.4
    endloop
  endfacet
  facet normal 0 0 1
    outer loop
      vertex -29.4 47.8 2.4
      vertex -36.2 48.6 2.4
      vertex -30.6 47.8 2.4
    endloop
  endfacet
  facet normal -0 0 1
    outer loop
      vertex 41.115 18.736 2.4
      vertex 41.246 17.884 2.4
      vertex 41.902 27.53 2.4
    endloop
  endfacet
  facet normal 0 0 1
    outer loop
      vertex 41.246 17.884 2.4
      vertex 41.115 18.736 2.4
      vertex 41.18 17.949 2.4
    endloop
  endfacet
  facet normal 0 0 1
    outer loop
      vertex 41.902 27.53 2.4
      vertex 40.984 19.262 2.4
      vertex 41.115 18.736 2.4
    endloop
  endfacet
  facet normal 0 0 1
    outer loop
      vertex 41.902 27.53 2.4
      vertex 40.852 19.72 2.4
      vertex 40.984 19.262 2.4
    endloop
  endfacet
  facet normal 0 0 1
    outer loop
      vertex 41.902 27.53 2.4
      vertex 40.59 20.508 2.4
      vertex 40.852 19.72 2.4
    endloop
  endfacet
  facet normal 0 0 1
    outer loop
      vertex 38.424 23.986 2.4
      vertex 41.902 27.53 2.4
      vertex 40.392 27.662 2.4
    endloop
  endfacet
  facet normal -0 0 1
    outer loop
      vertex 39.933 27.726 2.4
      vertex 40.392 27.662 2.4
      vertex 40.326 27.726 2.4
    endloop
  endfacet
  facet normal 0 0 1
    outer loop
      vertex 40.392 27.662 2.4
      vertex 39.933 27.726 2.4
      vertex 38.424 23.986 2.4
    endloop
  endfacet
  facet normal -0 0 1
    outer loop
      vertex 39.276 27.792 2.4
      vertex 39.933 27.726 2.4
      vertex 39.868 27.792 2.4
    endloop
  endfacet
  facet normal 0 0 1
    outer loop
      vertex 41.902 27.53 2.4
      vertex 39.802 22.084 2.4
      vertex 40.59 20.508 2.4
    endloop
  endfacet
  facet normal 0 0 1
    outer loop
      vertex 39.933 27.726 2.4
      vertex 39.276 27.792 2.4
      vertex 38.424 23.986 2.4
    endloop
  endfacet
  facet normal -0 0 1
    outer loop
      vertex 38.817 27.858 2.4
      vertex 39.276 27.792 2.4
      vertex 39.212 27.858 2.4
    endloop
  endfacet
  facet normal 0 0 1
    outer loop
      vertex 39.276 27.792 2.4
      vertex 38.817 27.858 2.4
      vertex 37.308 25.234 2.4
    endloop
  endfacet
  facet normal 0 0 1
    outer loop
      vertex 37.243 28.056 2.4
      vertex 38.817 27.858 2.4
      vertex 38.752 27.924 2.4
    endloop
  endfacet
  facet normal 0 0 1
    outer loop
      vertex 41.902 27.53 2.4
      vertex 38.424 23.986 2.4
      vertex 39.802 22.084 2.4
    endloop
  endfacet
  facet normal 0 0 1
    outer loop
      vertex 39.276 27.792 2.4
      vertex 37.308 25.234 2.4
      vertex 38.424 23.986 2.4
    endloop
  endfacet
  facet normal 0 0 1
    outer loop
      vertex 38.817 27.858 2.4
      vertex 37.243 28.056 2.4
      vertex 37.308 25.234 2.4
    endloop
  endfacet
  facet normal -0 0 1
    outer loop
      vertex 36.784 28.12 2.4
      vertex 37.243 28.056 2.4
      vertex 37.177 28.12 2.4
    endloop
  endfacet
  facet normal 0 0 1
    outer loop
      vertex 37.243 28.056 2.4
      vertex 36.784 28.12 2.4
      vertex 36.061 26.48 2.4
    endloop
  endfacet
  facet normal -0 0 1
    outer loop
      vertex 36.192 28.187 2.4
      vertex 36.784 28.12 2.4
      vertex 36.718 28.187 2.4
    endloop
  endfacet
  facet normal 0 0 1
    outer loop
      vertex 36.784 28.12 2.4
      vertex 36.192 28.187 2.4
      vertex 36.061 26.48 2.4
    endloop
  endfacet
  facet normal -0 0 1
    outer loop
      vertex 35.734 28.252 2.4
      vertex 36.192 28.187 2.4
      vertex 36.127 28.252 2.4
    endloop
  endfacet
  facet normal 0 0 1
    outer loop
      vertex 37.243 28.056 2.4
      vertex 36.061 26.48 2.4
      vertex 37.308 25.234 2.4
    endloop
  endfacet
  facet normal 0 0 1
    outer loop
      vertex 36.192 28.187 2.4
      vertex 35.734 28.252 2.4
      vertex 36.061 26.48 2.4
    endloop
  endfacet
  facet normal -0 0 1
    outer loop
      vertex 35.142 28.318 2.4
      vertex 35.734 28.252 2.4
      vertex 35.668 28.318 2.4
    endloop
  endfacet
  facet normal 0 0 1
    outer loop
      vertex 35.734 28.252 2.4
      vertex 35.142 28.318 2.4
      vertex 34.618 27.792 2.4
    endloop
  endfacet
  facet normal -0 0 1
    outer loop
      vertex 34.683 28.384 2.4
      vertex 35.142 28.318 2.4
      vertex 35.076 28.384 2.4
    endloop
  endfacet
  facet normal 0 0 1
    outer loop
      vertex 35.142 28.318 2.4
      vertex 34.683 28.384 2.4
      vertex 34.618 27.792 2.4
    endloop
  endfacet
  facet normal 0 0 1
    outer loop
      vertex 34.158 28.12 2.4
      vertex 34.683 28.384 2.4
      vertex 34.618 28.449 2.4
    endloop
  endfacet
  facet normal 0 0 1
    outer loop
      vertex 35.734 28.252 2.4
      vertex 34.618 27.792 2.4
      vertex 36.061 26.48 2.4
    endloop
  endfacet
  facet normal 0 0 1
    outer loop
      vertex 34.683 28.384 2.4
      vertex 34.158 28.12 2.4
      vertex 34.618 27.792 2.4
    endloop
  endfacet
  facet normal -0 0 1
    outer loop
      vertex 34.026 28.449 2.4
      vertex 34.158 28.12 2.4
      vertex 34.618 28.449 2.4
    endloop
  endfacet
  facet normal 0 0 1
    outer loop
      vertex 34.158 28.12 2.4
      vertex 34.026 28.449 2.4
      vertex 33.962 28.384 2.4
    endloop
  endfacet
  facet normal -0 0 1
    outer loop
      vertex 41.115 14.864 2.4
      vertex 45.4 10 2.4
      vertex 41.246 15.718 2.4
    endloop
  endfacet
  facet normal 0 0 1
    outer loop
      vertex 41.246 15.718 2.4
      vertex 41.902 27.53 2.4
      vertex 41.246 17.884 2.4
    endloop
  endfacet
  facet normal -0 0 1
    outer loop
      vertex 40.852 13.815 2.4
      vertex 45.4 10 2.4
      vertex 41.115 14.864 2.4
    endloop
  endfacet
  facet normal 0 0 1
    outer loop
      vertex 41.115 14.864 2.4
      vertex 41.246 15.718 2.4
      vertex 41.18 15.652 2.4
    endloop
  endfacet
  facet normal -0 0 1
    outer loop
      vertex 40.458 12.83 2.4
      vertex 45.4 10 2.4
      vertex 40.852 13.815 2.4
    endloop
  endfacet
  facet normal 0 0 1
    outer loop
      vertex 40.852 13.815 2.4
      vertex 41.115 14.864 2.4
      vertex 41.049 14.798 2.4
    endloop
  endfacet
  facet normal -0 0 1
    outer loop
      vertex 40.326 12.568 2.4
      vertex 45.4 10 2.4
      vertex 40.458 12.83 2.4
    endloop
  endfacet
  facet normal -0 0 1
    outer loop
      vertex 39.802 11.649 2.4
      vertex 45.4 10 2.4
      vertex 40.326 12.568 2.4
    endloop
  endfacet
  facet normal 0 0 1
    outer loop
      vertex 40.458 12.83 2.4
      vertex 40.852 13.815 2.4
      vertex 40.72 13.618 2.4
    endloop
  endfacet
  facet normal -0 0 1
    outer loop
      vertex 38.948 10.534 2.4
      vertex 45.4 10 2.4
      vertex 39.802 11.649 2.4
    endloop
  endfacet
  facet normal 0 0 1
    outer loop
      vertex 40.326 12.568 2.4
      vertex 40.458 12.83 2.4
      vertex 40.326 12.699 2.4
    endloop
  endfacet
  facet normal 0 0 1
    outer loop
      vertex 37.964 9.54799 2.4
      vertex 45.4 10 2.4
      vertex 38.948 10.534 2.4
    endloop
  endfacet
  facet normal 0 0 1
    outer loop
      vertex 37.046 8.827 2.4
      vertex 45.4 10 2.4
      vertex 37.964 9.54799 2.4
    endloop
  endfacet
  facet normal 0 0 1
    outer loop
      vertex 45.4 10 2.4
      vertex 37.046 8.827 2.4
      vertex 45.4 -10 2.4
    endloop
  endfacet
  facet normal -0 0 1
    outer loop
      vertex 36.127 8.23599 2.4
      vertex 45.4 -10 2.4
      vertex 37.046 8.827 2.4
    endloop
  endfacet
  facet normal -0 0 1
    outer loop
      vertex 34.421 7.44899 2.4
      vertex 45.4 -10 2.4
      vertex 36.127 8.23599 2.4
    endloop
  endfacet
  facet normal -0 0 1
    outer loop
      vertex 33.634 7.187 2.4
      vertex 45.4 -10 2.4
      vertex 34.421 7.44899 2.4
    endloop
  endfacet
  facet normal 0 0 1
    outer loop
      vertex 45.4 -10 2.4
      vertex 34 -45.4 2.4
      vertex 42.4 -46.9387 2.4
    endloop
  endfacet
  facet normal 0 0 1
    outer loop
      vertex 39.4093 -48.1775 2.4
      vertex 34 -45.4 2.4
      vertex 37.8185 -48.4939 2.4
    endloop
  endfacet
  facet normal 0 0 1
    outer loop
      vertex 40.9453 -47.6561 2.4
      vertex 34 -45.4 2.4
      vertex 39.4093 -48.1775 2.4
    endloop
  endfacet
  facet normal 0 0 1
    outer loop
      vertex 42.4 -46.9387 2.4
      vertex 34 -45.4 2.4
      vertex 40.9453 -47.6561 2.4
    endloop
  endfacet
  facet normal 0 0 1
    outer loop
      vertex 37.8185 -48.4939 2.4
      vertex 34 -45.4 2.4
      vertex 36.2 -48.6 2.4
    endloop
  endfacet
  facet normal -0 0 1
    outer loop
      vertex 34 -47.4 2.4
      vertex 36.2 -48.6 2.4
      vertex 34 -45.4 2.4
    endloop
  endfacet
  facet normal 0 0 1
    outer loop
      vertex 30.6 -47.8 2.4
      vertex 34 -47.4 2.4
      vertex 30.6 -47.4 2.4
    endloop
  endfacet
  facet normal 0 0 1
    outer loop
      vertex 34 -47.4 2.4
      vertex 30.6 -47.8 2.4
      vertex 36.2 -48.6 2.4
    endloop
  endfacet
  facet normal -0 0 1
    outer loop
      vertex 29.4 -47.8 2.4
      vertex 36.2 -48.6 2.4
      vertex 30.6 -47.8 2.4
    endloop
  endfacet
  facet normal 0 0 1
    outer loop
      vertex 14.6 -47.8 2.4
      vertex 29.4 -47.8 2.4
      vertex 14.6 -47.4 2.4
    endloop
  endfacet
  facet normal 0 0 1
    outer loop
      vertex 29.4 -47.8 2.4
      vertex 14.6 -47.8 2.4
      vertex 36.2 -48.6 2.4
    endloop
  endfacet
  facet normal -0 0 1
    outer loop
      vertex 13.4 -47.8 2.4
      vertex 36.2 -48.6 2.4
      vertex 14.6 -47.8 2.4
    endloop
  endfacet
  facet normal 0 0 1
    outer loop
      vertex 6.793 -35.602 2.4
      vertex 7.84299 -35.207 2.4
      vertex 6.98999 -35.47 2.4
    endloop
  endfacet
  facet normal -0 0 1
    outer loop
      vertex 6.39799 -35.732 2.4
      vertex 10 -45.4 2.4
      vertex 6.793 -35.602 2.4
    endloop
  endfacet
  facet normal 0 0 1
    outer loop
      vertex 6.39799 -35.732 2.4
      vertex 6.793 -35.602 2.4
      vertex 6.59599 -35.602 2.4
    endloop
  endfacet
  facet normal -0 0 1
    outer loop
      vertex 6.00499 -35.864 2.4
      vertex 10 -45.4 2.4
      vertex 6.39799 -35.732 2.4
    endloop
  endfacet
  facet normal 0 0 1
    outer loop
      vertex 6.00499 -35.864 2.4
      vertex 6.39799 -35.732 2.4
      vertex 6.202 -35.732 2.4
    endloop
  endfacet
  facet normal -0 0 1
    outer loop
      vertex 5.48 -35.994 2.4
      vertex 10 -45.4 2.4
      vertex 6.00499 -35.864 2.4
    endloop
  endfacet
  facet normal 0 0 1
    outer loop
      vertex 5.48 -35.994 2.4
      vertex 6.00499 -35.864 2.4
      vertex 5.74199 -35.864 2.4
    endloop
  endfacet
  facet normal -0 0 1
    outer loop
      vertex 5.01999 -36.126 2.4
      vertex 10 -45.4 2.4
      vertex 5.48 -35.994 2.4
    endloop
  endfacet
  facet normal 0 0 1
    outer loop
      vertex 5.01999 -36.126 2.4
      vertex 5.48 -35.994 2.4
      vertex 5.284 -35.994 2.4
    endloop
  endfacet
  facet normal -0 0 1
    outer loop
      vertex 4.42999 -36.257 2.4
      vertex 10 -45.4 2.4
      vertex 5.01999 -36.126 2.4
    endloop
  endfacet
  facet normal 0 0 1
    outer loop
      vertex 4.42999 -36.257 2.4
      vertex 5.01999 -36.126 2.4
      vertex 4.758 -36.126 2.4
    endloop
  endfacet
  facet normal -0 0 1
    outer loop
      vertex 4.03699 -36.323 2.4
      vertex 10 -45.4 2.4
      vertex 4.42999 -36.257 2.4
    endloop
  endfacet
  facet normal 0 0 1
    outer loop
      vertex 4.03699 -36.323 2.4
      vertex 4.42999 -36.257 2.4
      vertex 4.10199 -36.257 2.4
    endloop
  endfacet
  facet normal -0 0 1
    outer loop
      vertex 2.855 -36.52 2.4
      vertex 10 -45.4 2.4
      vertex 4.03699 -36.323 2.4
    endloop
  endfacet
  facet normal 0 0 1
    outer loop
      vertex 2.855 -36.52 2.4
      vertex 4.03699 -36.323 2.4
      vertex 3.31499 -36.388 2.4
    endloop
  endfacet
  facet normal -0 0 1
    outer loop
      vertex 2.002 -36.652 2.4
      vertex 10 -45.4 2.4
      vertex 2.855 -36.52 2.4
    endloop
  endfacet
  facet normal 0 0 1
    outer loop
      vertex 2.002 -36.652 2.4
      vertex 2.855 -36.52 2.4
      vertex 2.33099 -36.52 2.4
    endloop
  endfacet
  facet normal -0 0 1
    outer loop
      vertex -1.40999 -36.652 2.4
      vertex 10 -45.4 2.4
      vertex 2.002 -36.652 2.4
    endloop
  endfacet
  facet normal 0 0 1
    outer loop
      vertex 10 -45.4 2.4
      vertex -1.40999 -36.652 2.4
      vertex 10 -47.4 2.4
    endloop
  endfacet
  facet normal -0 0 1
    outer loop
      vertex -2.26399 -36.52 2.4
      vertex -1.40999 -36.652 2.4
      vertex -1.67299 -36.52 2.4
    endloop
  endfacet
  facet normal 0 0 1
    outer loop
      vertex -1.40999 -36.652 2.4
      vertex -2.26399 -36.52 2.4
      vertex -10 -45.4 2.4
    endloop
  endfacet
  facet normal -0 0 1
    outer loop
      vertex -3.11699 -36.388 2.4
      vertex -2.26399 -36.52 2.4
      vertex -2.657 -36.388 2.4
    endloop
  endfacet
  facet normal 0 0 1
    outer loop
      vertex -2.26399 -36.52 2.4
      vertex -3.11699 -36.388 2.4
      vertex -10 -45.4 2.4
    endloop
  endfacet
  facet normal 0 0 1
    outer loop
      vertex -3.77299 -36.257 2.4
      vertex -3.11699 -36.388 2.4
      vertex -3.18199 -36.323 2.4
    endloop
  endfacet
  facet normal 0 0 1
    outer loop
      vertex -10 -45.4 2.4
      vertex -3.11699 -36.388 2.4
      vertex -3.77299 -36.257 2.4
    endloop
  endfacet
  facet normal -0 0 1
    outer loop
      vertex -4.364 -36.126 2.4
      vertex -3.77299 -36.257 2.4
      vertex -4.03499 -36.126 2.4
    endloop
  endfacet
  facet normal 0 0 1
    outer loop
      vertex -3.77299 -36.257 2.4
      vertex -4.364 -36.126 2.4
      vertex -10 -45.4 2.4
    endloop
  endfacet
  facet normal 0 0 1
    outer loop
      vertex -5.74199 -35.732 2.4
      vertex -4.364 -36.126 2.4
      vertex -4.62599 -35.994 2.4
    endloop
  endfacet
  facet normal 0 0 1
    outer loop
      vertex -4.364 -36.126 2.4
      vertex -5.74199 -35.732 2.4
      vertex -10 -45.4 2.4
    endloop
  endfacet
  facet normal -0 0 1
    outer loop
      vertex -6.13599 -35.602 2.4
      vertex -5.74199 -35.732 2.4
      vertex -5.93799 -35.602 2.4
    endloop
  endfacet
  facet normal 0 0 1
    outer loop
      vertex -5.74199 -35.732 2.4
      vertex -6.13599 -35.602 2.4
      vertex -10 -45.4 2.4
    endloop
  endfacet
  facet normal 0 0 1
    outer loop
      vertex -7.185 -35.207 2.4
      vertex -6.13599 -35.602 2.4
      vertex -6.33199 -35.47 2.4
    endloop
  endfacet
  facet normal 0 0 1
    outer loop
      vertex -6.13599 -35.602 2.4
      vertex -7.185 -35.207 2.4
      vertex -10 -45.4 2.4
    endloop
  endfacet
  facet normal 0 0 1
    outer loop
      vertex -10 -45.4 2.4
      vertex -7.185 -35.207 2.4
      vertex -9.088 -34.288 2.4
    endloop
  endfacet
  facet normal 0 0 1
    outer loop
      vertex -10.204 -33.632 2.4
      vertex -9.088 -34.288 2.4
      vertex -9.22099 -34.158 2.4
    endloop
  endfacet
  facet normal 0 0 1
    outer loop
      vertex -10 -47.4 2.4
      vertex -1.40999 -36.652 2.4
      vertex -10 -45.4 2.4
    endloop
  endfacet
  facet normal 0 0 1
    outer loop
      vertex -1.40999 -36.652 2.4
      vertex -10 -47.4 2.4
      vertex 10 -47.4 2.4
    endloop
  endfacet
  facet normal 0 0 1
    outer loop
      vertex 10 -47.4 2.4
      vertex -10 -47.4 2.4
      vertex 13.4 -47.8 2.4
    endloop
  endfacet
  facet normal 0 0 1
    outer loop
      vertex -13.4 -47.8 2.4
      vertex 13.4 -47.8 2.4
      vertex -10 -47.4 2.4
    endloop
  endfacet
  facet normal 0 0 1
    outer loop
      vertex -13.4 -47.8 2.4
      vertex -10 -47.4 2.4
      vertex -13.4 -47.4 2.4
    endloop
  endfacet
  facet normal 0 0 1
    outer loop
      vertex 13.4 -47.8 2.4
      vertex -13.4 -47.8 2.4
      vertex 36.2 -48.6 2.4
    endloop
  endfacet
  facet normal 0 0 1
    outer loop
      vertex -36.2 -48.6 2.4
      vertex -13.4 -47.8 2.4
      vertex -14.6 -47.8 2.4
    endloop
  endfacet
  facet normal 0 0 1
    outer loop
      vertex -29.4 -47.8 2.4
      vertex -14.6 -47.8 2.4
      vertex -29.4 -47.4 2.4
    endloop
  endfacet
  facet normal 0 0 1
    outer loop
      vertex -36.2 -48.6 2.4
      vertex -14.6 -47.8 2.4
      vertex -29.4 -47.8 2.4
    endloop
  endfacet
  facet normal 0 0 1
    outer loop
      vertex -36.2 -48.6 2.4
      vertex -29.4 -47.8 2.4
      vertex -30.6 -47.8 2.4
    endloop
  endfacet
  facet normal 0 0 1
    outer loop
      vertex -30.22 -17.554 2.4
      vertex -36.2 -48.6 2.4
      vertex -30.088 -18.67 2.4
    endloop
  endfacet
  facet normal 0 0 1
    outer loop
      vertex -29.958 -19.26 2.4
      vertex -36.2 -48.6 2.4
      vertex -34 -45.4 2.4
    endloop
  endfacet
  facet normal 0 0 1
    outer loop
      vertex -35.994 7.77699 2.4
      vertex -35.864 6.924 2.4
      vertex -35.93 7.71199 2.4
    endloop
  endfacet
  facet normal 0 0 1
    outer loop
      vertex -35.864 6.924 2.4
      vertex -35.994 7.77699 2.4
      vertex -36.2 -48.6 2.4
    endloop
  endfacet
  facet normal 0 0 1
    outer loop
      vertex -36.192 9.286 2.4
      vertex -35.994 7.77699 2.4
      vertex -36.06 8.368 2.4
    endloop
  endfacet
  facet normal 0 0 1
    outer loop
      vertex -35.994 7.77699 2.4
      vertex -36.192 9.286 2.4
      vertex -36.2 -48.6 2.4
    endloop
  endfacet
  facet normal 0 0 1
    outer loop
      vertex -13.4 -47.8 2.4
      vertex -36.2 -48.6 2.4
      vertex 36.2 -48.6 2.4
    endloop
  endfacet
  facet normal 0 0 1
    outer loop
      vertex -34 -47.4 2.4
      vertex -36.2 -48.6 2.4
      vertex -30.6 -47.8 2.4
    endloop
  endfacet
  facet normal 0 0 1
    outer loop
      vertex -34 -45.4 2.4
      vertex -36.2 -48.6 2.4
      vertex -34 -47.4 2.4
    endloop
  endfacet
  facet normal 0 0 1
    outer loop
      vertex 41.115 18.736 2.4
      vertex 40.984 19.262 2.4
      vertex 40.984 18.998 2.4
    endloop
  endfacet
  facet normal 0 0 1
    outer loop
      vertex 40.984 19.262 2.4
      vertex 40.852 19.72 2.4
      vertex 40.852 19.524 2.4
    endloop
  endfacet
  facet normal 0 0 1
    outer loop
      vertex 34 47.4 2.4
      vertex 30.6 47.8 2.4
      vertex 30.6 47.4 2.4
    endloop
  endfacet
  facet normal 0 0 1
    outer loop
      vertex 29.958 -14.076 2.4
      vertex 29.826 -13.551 2.4
      vertex 29.826 -13.813 2.4
    endloop
  endfacet
  facet normal 0 0 1
    outer loop
      vertex 29.826 -13.551 2.4
      vertex 29.695 -13.157 2.4
      vertex 29.695 -13.355 2.4
    endloop
  endfacet
  facet normal 0 0 1
    outer loop
      vertex 29.4 47.4 2.4
      vertex 14.6 47.8 2.4
      vertex 14.6 47.4 2.4
    endloop
  endfacet
  facet normal 0 0 1
    outer loop
      vertex 14.34 9.15599 2.4
      vertex 13.815 9.22099 2.4
      vertex 13.946 9.09 2.4
    endloop
  endfacet
  facet normal 0 0 1
    outer loop
      vertex 19.13 -6.52899 2.4
      vertex 15.98 -4.758 2.4
      vertex 16.374 -5.349 2.4
    endloop
  endfacet
  facet normal 0 0 1
    outer loop
      vertex 19.59 -6.59399 2.4
      vertex 15.98 -4.758 2.4
      vertex 19.13 -6.52899 2.4
    endloop
  endfacet
  facet normal 0 0 1
    outer loop
      vertex 16.571 6.79199 2.4
      vertex 13.618 -2.198 2.4
      vertex 14.996 -3.57599 2.4
    endloop
  endfacet
  facet normal 0 0 1
    outer loop
      vertex 16.571 6.79199 2.4
      vertex 12.699 -1.40999 2.4
      vertex 13.618 -2.198 2.4
    endloop
  endfacet
  facet normal 0 0 1
    outer loop
      vertex 16.571 6.79199 2.4
      vertex 11.452 -0.491989 2.4
      vertex 12.699 -1.40999 2.4
    endloop
  endfacet
  facet normal 0 0 1
    outer loop
      vertex 16.571 6.79199 2.4
      vertex 10.206 0.29599 2.4
      vertex 11.452 -0.491989 2.4
    endloop
  endfacet
  facet normal -0 0 1
    outer loop
      vertex 7.77599 6.79199 2.4
      vertex 10.206 0.29599 2.4
      vertex 16.571 6.79199 2.4
    endloop
  endfacet
  facet normal 0 0 1
    outer loop
      vertex 10.206 0.29599 2.4
      vertex 7.77599 6.79199 2.4
      vertex 8.105 1.34599 2.4
    endloop
  endfacet
  facet normal 0 0 1
    outer loop
      vertex 6.924 1.739 2.4
      vertex 7.77599 6.79199 2.4
      vertex 7.64499 6.924 2.4
    endloop
  endfacet
  facet normal 0 0 1
    outer loop
      vertex 7.77599 6.79199 2.4
      vertex 7.12 1.739 2.4
      vertex 8.105 1.34599 2.4
    endloop
  endfacet
  facet normal 0 0 1
    outer loop
      vertex 18.276 20.771 2.4
      vertex 16.309 24.446 2.4
      vertex 18.014 20.836 2.4
    endloop
  endfacet
  facet normal -0 0 1
    outer loop
      vertex 16.177 24.052 2.4
      vertex 18.014 20.836 2.4
      vertex 16.309 24.446 2.4
    endloop
  endfacet
  facet normal -0 0 1
    outer loop
      vertex 16.046 23.724 2.4
      vertex 18.014 20.836 2.4
      vertex 16.177 24.052 2.4
    endloop
  endfacet
  facet normal 0 0 1
    outer loop
      vertex 16.309 24.446 2.4
      vertex 16.571 25.496 2.4
      vertex 16.505 25.43 2.4
    endloop
  endfacet
  facet normal 0 0 1
    outer loop
      vertex 18.014 20.836 2.4
      vertex 16.046 23.724 2.4
      vertex 17.556 20.836 2.4
    endloop
  endfacet
  facet normal -0 0 1
    outer loop
      vertex 15.651 22.937 2.4
      vertex 17.556 20.836 2.4
      vertex 16.046 23.724 2.4
    endloop
  endfacet
  facet normal 0 0 1
    outer loop
      vertex 17.556 20.836 2.4
      vertex 15.651 22.937 2.4
      vertex 16.898 20.574 2.4
    endloop
  endfacet
  facet normal 0 0 1
    outer loop
      vertex 16.177 24.052 2.4
      vertex 16.309 24.446 2.4
      vertex 16.177 24.248 2.4
    endloop
  endfacet
  facet normal 0 0 1
    outer loop
      vertex 20.049 -6.65999 2.4
      vertex 14.996 -3.57599 2.4
      vertex 19.59 -6.59399 2.4
    endloop
  endfacet
  facet normal 0 0 1
    outer loop
      vertex 19.13 -6.52899 2.4
      vertex 16.374 -5.349 2.4
      vertex 16.768 -6.39799 2.4
    endloop
  endfacet
  facet normal -0 -0 1
    outer loop
      vertex 15.98 -4.758 2.4
      vertex 19.59 -6.59399 2.4
      vertex 14.996 -3.57599 2.4
    endloop
  endfacet
  facet normal -0 0 1
    outer loop
      vertex 16.309 -5.41299 2.4
      vertex 16.768 -6.39799 2.4
      vertex 16.374 -5.349 2.4
    endloop
  endfacet
  facet normal 0 0 1
    outer loop
      vertex 16.768 -6.39799 2.4
      vertex 16.309 -5.41299 2.4
      vertex 16.702 -6.463 2.4
    endloop
  endfacet
  facet normal 0 0 1
    outer loop
      vertex 15.126 -5.48 2.4
      vertex 16.309 -5.41299 2.4
      vertex 15.193 -5.41299 2.4
    endloop
  endfacet
  facet normal 0 0 1
    outer loop
      vertex 16.309 -5.41299 2.4
      vertex 15.126 -5.48 2.4
      vertex 16.702 -6.463 2.4
    endloop
  endfacet
  facet normal 0 0 1
    outer loop
      vertex 14.602 -5.54399 2.4
      vertex 15.126 -5.48 2.4
      vertex 14.668 -5.48 2.4
    endloop
  endfacet
  facet normal 0 0 1
    outer loop
      vertex 15.126 -5.48 2.4
      vertex 14.602 -5.54399 2.4
      vertex 14.537 -6.52899 2.4
    endloop
  endfacet
  facet normal 0 0 1
    outer loop
      vertex 15.126 -5.48 2.4
      vertex 14.537 -6.52899 2.4
      vertex 16.702 -6.463 2.4
    endloop
  endfacet
  facet normal -0 0 1
    outer loop
      vertex 13.88 -5.61099 2.4
      vertex 14.537 -6.52899 2.4
      vertex 14.602 -5.54399 2.4
    endloop
  endfacet
  facet normal 0 0 1
    outer loop
      vertex 13.88 -5.61099 2.4
      vertex 14.602 -5.54399 2.4
      vertex 13.946 -5.54399 2.4
    endloop
  endfacet
  facet normal 0 0 1
    outer loop
      vertex 14.537 -6.52899 2.4
      vertex 13.88 -5.61099 2.4
      vertex 14.471 -6.59399 2.4
    endloop
  endfacet
  facet normal 0 0 1
    outer loop
      vertex 13.88 -5.61099 2.4
      vertex 13.552 -6.65999 2.4
      vertex 14.471 -6.59399 2.4
    endloop
  endfacet
  facet normal -0 0 1
    outer loop
      vertex 13.159 -5.67599 2.4
      vertex 13.552 -6.65999 2.4
      vertex 13.88 -5.61099 2.4
    endloop
  endfacet
  facet normal 0 0 1
    outer loop
      vertex 13.552 -6.65999 2.4
      vertex 13.159 -5.67599 2.4
      vertex 13.224 -6.79099 2.4
    endloop
  endfacet
  facet normal -0 0 1
    outer loop
      vertex 12.83 -5.80699 2.4
      vertex 13.224 -6.79099 2.4
      vertex 13.159 -5.67599 2.4
    endloop
  endfacet
  facet normal 0 0 1
    outer loop
      vertex 13.224 -6.79099 2.4
      vertex 12.83 -5.80699 2.4
      vertex 12.895 -6.79099 2.4
    endloop
  endfacet
  facet normal -0 0 1
    outer loop
      vertex 12.37 -5.80699 2.4
      vertex 12.895 -6.79099 2.4
      vertex 12.83 -5.80699 2.4
    endloop
  endfacet
  facet normal 0 0 1
    outer loop
      vertex 12.895 -6.79099 2.4
      vertex 12.37 -5.80699 2.4
      vertex 12.633 -6.92299 2.4
    endloop
  endfacet
  facet normal 0 0 1
    outer loop
      vertex 12.37 -5.80699 2.4
      vertex 12.37 -6.92299 2.4
      vertex 12.633 -6.92299 2.4
    endloop
  endfacet
  facet normal 0 0 1
    outer loop
      vertex 12.37 -5.80699 2.4
      vertex 11.648 -7.185 2.4
      vertex 12.37 -6.92299 2.4
    endloop
  endfacet
  facet normal 0 0 1
    outer loop
      vertex 12.37 -5.80699 2.4
      vertex 11.452 -7.185 2.4
      vertex 11.648 -7.185 2.4
    endloop
  endfacet
  facet normal 0 0 1
    outer loop
      vertex 11.19 -4.364 2.4
      vertex 11.452 -7.185 2.4
      vertex 12.37 -5.80699 2.4
    endloop
  endfacet
  facet normal 0 0 1
    outer loop
      vertex 11.452 -7.185 2.4
      vertex 11.19 -4.364 2.4
      vertex 11.059 -7.31599 2.4
    endloop
  endfacet
  facet normal 0 0 1
    outer loop
      vertex 11.452 -7.185 2.4
      vertex 11.059 -7.31599 2.4
      vertex 11.255 -7.31599 2.4
    endloop
  endfacet
  facet normal 0 0 1
    outer loop
      vertex 10.336 -7.57899 2.4
      vertex 11.059 -7.31599 2.4
      vertex 11.19 -4.364 2.4
    endloop
  endfacet
  facet normal 0 0 1
    outer loop
      vertex 11.059 -7.31599 2.4
      vertex 10.336 -7.57899 2.4
      vertex 10.862 -7.448 2.4
    endloop
  endfacet
  facet normal 0 0 1
    outer loop
      vertex 9.681 -7.84099 2.4
      vertex 10.336 -7.57899 2.4
      vertex 11.19 -4.364 2.4
    endloop
  endfacet
  facet normal 0 0 1
    outer loop
      vertex 9.681 -7.84099 2.4
      vertex 11.19 -4.364 2.4
      vertex 9.87599 -3.05099 2.4
    endloop
  endfacet
  facet normal 0 0 1
    outer loop
      vertex 10.336 -7.57899 2.4
      vertex 9.681 -7.84099 2.4
      vertex 10.008 -7.77599 2.4
    endloop
  endfacet
  facet normal 0 0 1
    outer loop
      vertex 7.77599 -8.75999 2.4
      vertex 9.87599 -3.05099 2.4
      vertex 8.23599 -1.739 2.4
    endloop
  endfacet
  facet normal 0 0 1
    outer loop
      vertex 9.87599 -3.05099 2.4
      vertex 7.77599 -8.75999 2.4
      vertex 9.681 -7.84099 2.4
    endloop
  endfacet
  facet normal 0 0 1
    outer loop
      vertex 7.51399 -8.892 2.4
      vertex 7.77599 -8.75999 2.4
      vertex 8.23599 -1.739 2.4
    endloop
  endfacet
  facet normal 0 0 1
    outer loop
      vertex 7.77599 -8.75999 2.4
      vertex 7.51399 -8.892 2.4
      vertex 7.64499 -8.892 2.4
    endloop
  endfacet
  facet normal 0 0 1
    outer loop
      vertex 6.98999 -0.950989 2.4
      vertex 7.51399 -8.892 2.4
      vertex 8.23599 -1.739 2.4
    endloop
  endfacet
  facet normal 0 0 1
    outer loop
      vertex 5.61099 -0.293991 2.4
      vertex 7.51399 -8.892 2.4
      vertex 6.98999 -0.950989 2.4
    endloop
  endfacet
  facet normal -0 0 1
    outer loop
      vertex 5.61099 -0.293991 2.4
      vertex 6.98999 -0.950989 2.4
      vertex 5.74199 -0.293991 2.4
    endloop
  endfacet
  facet normal 0 -0 1
    outer loop
      vertex 5.74199 -9.94099 2.4
      vertex 7.51399 -8.892 2.4
      vertex 5.61099 -0.293991 2.4
    endloop
  endfacet
  facet normal 0 0 1
    outer loop
      vertex 7.51399 -8.892 2.4
      vertex 5.74199 -9.94099 2.4
      vertex 7.383 -9.02299 2.4
    endloop
  endfacet
  facet normal 0 0 1
    outer loop
      vertex 4.49599 0.229996 2.4
      vertex 5.74199 -9.94099 2.4
      vertex 5.61099 -0.293991 2.4
    endloop
  endfacet
  facet normal 0 0 1
    outer loop
      vertex 3.51099 0.491989 2.4
      vertex 5.74199 -9.94099 2.4
      vertex 4.49599 0.229996 2.4
    endloop
  endfacet
  facet normal -0 0 1
    outer loop
      vertex 3.51099 0.491989 2.4
      vertex 4.49599 0.229996 2.4
      vertex 3.709 0.491989 2.4
    endloop
  endfacet
  facet normal 0 0 1
    outer loop
      vertex 3.05199 0.623993 2.4
      vertex 5.74199 -9.94099 2.4
      vertex 3.51099 0.491989 2.4
    endloop
  endfacet
  facet normal -0 0 1
    outer loop
      vertex 3.05199 0.623993 2.4
      vertex 3.51099 0.491989 2.4
      vertex 3.24799 0.623993 2.4
    endloop
  endfacet
  facet normal 0 0 1
    outer loop
      vertex 5.74199 -9.94099 2.4
      vertex 3.05199 0.623993 2.4
      vertex 3.97099 -11.124 2.4
    endloop
  endfacet
  facet normal -0 0 1
    outer loop
      vertex 2.52599 0.75499 2.4
      vertex 3.05199 0.623993 2.4
      vertex 2.78999 0.75499 2.4
    endloop
  endfacet
  facet normal 0 0 1
    outer loop
      vertex 3.05199 0.623993 2.4
      vertex 2.52599 0.75499 2.4
      vertex 3.97099 -11.124 2.4
    endloop
  endfacet
  facet normal -0 0 1
    outer loop
      vertex 1.87 0.885986 2.4
      vertex 2.52599 0.75499 2.4
      vertex 2.19899 0.885986 2.4
    endloop
  endfacet
  facet normal 0 0 1
    outer loop
      vertex 2.52599 0.75499 2.4
      vertex 1.87 0.885986 2.4
      vertex 3.97099 -11.124 2.4
    endloop
  endfacet
  facet normal 0 0 1
    outer loop
      vertex 0.623993 1.084 2.4
      vertex 1.87 0.885986 2.4
      vertex 1.543 1.017 2.4
    endloop
  endfacet
  facet normal 0 0 1
    outer loop
      vertex 1.87 0.885986 2.4
      vertex 0.623993 1.084 2.4
      vertex 3.97099 -11.124 2.4
    endloop
  endfacet
  facet normal -0 0 1
    outer loop
      vertex -1.80399 1.14799 2.4
      vertex 0.623993 1.084 2.4
      vertex 0.55899 1.14799 2.4
    endloop
  endfacet
  facet normal 0 0 1
    outer loop
      vertex -1.80399 1.14799 2.4
      vertex 0.55899 1.14799 2.4
      vertex -1.739 1.215 2.4
    endloop
  endfacet
  facet normal 0 0 1
    outer loop
      vertex 0.623993 1.084 2.4
      vertex -1.80399 1.14799 2.4
      vertex 3.97099 -11.124 2.4
    endloop
  endfacet
  facet normal -0 0 1
    outer loop
      vertex -2.91899 1.084 2.4
      vertex 3.97099 -11.124 2.4
      vertex -1.80399 1.14799 2.4
    endloop
  endfacet
  facet normal 0 0 1
    outer loop
      vertex -2.91899 1.084 2.4
      vertex -1.80399 1.14799 2.4
      vertex -2.855 1.14799 2.4
    endloop
  endfacet
  facet normal -0 0 1
    outer loop
      vertex -3.37999 1.017 2.4
      vertex 3.97099 -11.124 2.4
      vertex -2.91899 1.084 2.4
    endloop
  endfacet
  facet normal 0 0 1
    outer loop
      vertex -3.37999 1.017 2.4
      vertex -2.91899 1.084 2.4
      vertex -3.31299 1.084 2.4
    endloop
  endfacet
  facet normal -0 0 1
    outer loop
      vertex -4.16599 0.885986 2.4
      vertex 3.97099 -11.124 2.4
      vertex -3.37999 1.017 2.4
    endloop
  endfacet
  facet normal 0 0 1
    outer loop
      vertex -4.16599 0.885986 2.4
      vertex -3.37999 1.017 2.4
      vertex -3.77299 1.017 2.4
    endloop
  endfacet
  facet normal -0 0 1
    outer loop
      vertex -4.823 0.75499 2.4
      vertex 3.97099 -11.124 2.4
      vertex -4.16599 0.885986 2.4
    endloop
  endfacet
  facet normal 0 0 1
    outer loop
      vertex -4.823 0.75499 2.4
      vertex -4.16599 0.885986 2.4
      vertex -4.495 0.885986 2.4
    endloop
  endfacet
  facet normal 0 0 1
    outer loop
      vertex 3.97099 -11.124 2.4
      vertex -4.823 0.75499 2.4
      vertex -1.80399 -15.454 2.4
    endloop
  endfacet
  facet normal -0 0 1
    outer loop
      vertex -6.59399 0.229996 2.4
      vertex -1.80399 -15.454 2.4
      vertex -4.823 0.75499 2.4
    endloop
  endfacet
  facet normal 0 0 1
    outer loop
      vertex -6.59399 0.229996 2.4
      vertex -4.823 0.75499 2.4
      vertex -5.08499 0.75499 2.4
    endloop
  endfacet
  facet normal -0 0 1
    outer loop
      vertex -8.95699 -0.950989 2.4
      vertex -1.80399 -15.454 2.4
      vertex -6.59399 0.229996 2.4
    endloop
  endfacet
  facet normal -0 0 1
    outer loop
      vertex -10.204 -1.739 2.4
      vertex -1.80399 -15.454 2.4
      vertex -8.95699 -0.950989 2.4
    endloop
  endfacet
  facet normal -0 0 1
    outer loop
      vertex -11.714 -2.92 2.4
      vertex -1.80399 -15.454 2.4
      vertex -10.204 -1.739 2.4
    endloop
  endfacet
  facet normal -0 0 1
    outer loop
      vertex -13.616 -4.823 2.4
      vertex -1.80399 -15.454 2.4
      vertex -11.714 -2.92 2.4
    endloop
  endfacet
  facet normal 0 0 1
    outer loop
      vertex -1.80399 -15.454 2.4
      vertex -13.616 -4.823 2.4
      vertex -4.56 -17.358 2.4
    endloop
  endfacet
  facet normal -0 0 1
    outer loop
      vertex -14.404 -5.80699 2.4
      vertex -4.56 -17.358 2.4
      vertex -13.616 -4.823 2.4
    endloop
  endfacet
  facet normal -0 0 1
    outer loop
      vertex -15.191 -6.92299 2.4
      vertex -4.56 -17.358 2.4
      vertex -14.404 -5.80699 2.4
    endloop
  endfacet
  facet normal -0 0 1
    outer loop
      vertex -15.782 -7.907 2.4
      vertex -4.56 -17.358 2.4
      vertex -15.191 -6.92299 2.4
    endloop
  endfacet
  facet normal -0 0 1
    outer loop
      vertex -16.636 -9.745 2.4
      vertex -4.56 -17.358 2.4
      vertex -15.782 -7.907 2.4
    endloop
  endfacet
  facet normal 0 0 1
    outer loop
      vertex -4.56 -17.358 2.4
      vertex -16.636 -9.745 2.4
      vertex -7.31599 -18.998 2.4
    endloop
  endfacet
  facet normal 0 0 1
    outer loop
      vertex -7.31599 -18.998 2.4
      vertex -9.02299 -19.786 2.4
      vertex -8.892 -19.786 2.4
    endloop
  endfacet
  facet normal -0 0 1
    outer loop
      vertex -17.03 -10.794 2.4
      vertex -7.31599 -18.998 2.4
      vertex -16.636 -9.745 2.4
    endloop
  endfacet
  facet normal -0 0 1
    outer loop
      vertex -17.16 -11.188 2.4
      vertex -7.31599 -18.998 2.4
      vertex -17.03 -10.794 2.4
    endloop
  endfacet
  facet normal 0 0 1
    outer loop
      vertex -7.31599 -18.998 2.4
      vertex -17.16 -11.188 2.4
      vertex -9.02299 -19.786 2.4
    endloop
  endfacet
  facet normal -0 0 1
    outer loop
      vertex -17.292 -11.582 2.4
      vertex -9.02299 -19.786 2.4
      vertex -17.16 -11.188 2.4
    endloop
  endfacet
  facet normal -0 0 1
    outer loop
      vertex -17.554 -12.566 2.4
      vertex -9.02299 -19.786 2.4
      vertex -17.292 -11.582 2.4
    endloop
  endfacet
  facet normal 0 -0 1
    outer loop
      vertex -10.598 -20.441 2.4
      vertex -9.02299 -19.786 2.4
      vertex -17.554 -12.566 2.4
    endloop
  endfacet
  facet normal 0 0 1
    outer loop
      vertex -9.02299 -19.786 2.4
      vertex -10.598 -20.441 2.4
      vertex -9.48299 -20.048 2.4
    endloop
  endfacet
  facet normal 0 0 1
    outer loop
      vertex -10.598 -20.441 2.4
      vertex -10.991 -20.573 2.4
      vertex -10.794 -20.573 2.4
    endloop
  endfacet
  facet normal -0 0 1
    outer loop
      vertex -17.948 -14.404 2.4
      vertex -10.598 -20.441 2.4
      vertex -17.554 -12.566 2.4
    endloop
  endfacet
  facet normal 0 0 1
    outer loop
      vertex -10.598 -20.441 2.4
      vertex -17.948 -14.404 2.4
      vertex -10.991 -20.573 2.4
    endloop
  endfacet
  facet normal -0 0 1
    outer loop
      vertex -18.08 -16.438 2.4
      vertex -10.991 -20.573 2.4
      vertex -17.948 -14.404 2.4
    endloop
  endfacet
  facet normal 0 0 1
    outer loop
      vertex -10.991 -20.573 2.4
      vertex -11.779 -20.835 2.4
      vertex -11.188 -20.704 2.4
    endloop
  endfacet
  facet normal 0 0 1
    outer loop
      vertex -10.991 -20.573 2.4
      vertex -18.08 -16.438 2.4
      vertex -11.779 -20.835 2.4
    endloop
  endfacet
  facet normal 0 0 1
    outer loop
      vertex -11.779 -20.835 2.4
      vertex -12.173 -20.966 2.4
      vertex -11.976 -20.966 2.4
    endloop
  endfacet
  facet normal 0 0 1
    outer loop
      vertex -11.779 -20.835 2.4
      vertex -18.08 -16.438 2.4
      vertex -12.173 -20.966 2.4
    endloop
  endfacet
  facet normal 0 0 1
    outer loop
      vertex -12.173 -20.966 2.4
      vertex -12.698 -21.098 2.4
      vertex -12.435 -21.098 2.4
    endloop
  endfacet
  facet normal 0 0 1
    outer loop
      vertex -12.173 -20.966 2.4
      vertex -18.08 -16.438 2.4
      vertex -12.698 -21.098 2.4
    endloop
  endfacet
  facet normal -0 -0 1
    outer loop
      vertex -18.014 -18.079 2.4
      vertex -12.698 -21.098 2.4
      vertex -18.08 -16.438 2.4
    endloop
  endfacet
  facet normal 0 0 1
    outer loop
      vertex -12.698 -21.098 2.4
      vertex -13.813 -21.36 2.4
      vertex -12.96 -21.23 2.4
    endloop
  endfacet
  facet normal 0 0 1
    outer loop
      vertex -16.636 -9.745 2.4
      vertex -15.782 -7.907 2.4
      vertex -16.636 -9.614 2.4
    endloop
  endfacet
  facet normal 0 -0 1
    outer loop
      vertex -14.535 -21.492 2.4
      vertex -13.813 -21.36 2.4
      vertex -18.014 -18.079 2.4
    endloop
  endfacet
  facet normal 0 0 1
    outer loop
      vertex -17.03 -10.794 2.4
      vertex -16.636 -9.745 2.4
      vertex -17.03 -10.599 2.4
    endloop
  endfacet
  facet normal 0 0 1
    outer loop
      vertex -13.813 -21.36 2.4
      vertex -14.535 -21.492 2.4
      vertex -14.142 -21.492 2.4
    endloop
  endfacet
  facet normal 0 0 1
    outer loop
      vertex -17.16 -11.188 2.4
      vertex -17.03 -10.794 2.4
      vertex -17.16 -10.992 2.4
    endloop
  endfacet
  facet normal -0 -0 1
    outer loop
      vertex -17.816 -19.654 2.4
      vertex -14.535 -21.492 2.4
      vertex -18.014 -18.079 2.4
    endloop
  endfacet
  facet normal 0 -0 1
    outer loop
      vertex -15.586 -21.624 2.4
      vertex -14.535 -21.492 2.4
      vertex -17.816 -19.654 2.4
    endloop
  endfacet
  facet normal 0 0 1
    outer loop
      vertex -17.292 -11.582 2.4
      vertex -17.16 -11.188 2.4
      vertex -17.292 -11.386 2.4
    endloop
  endfacet
  facet normal 0 -0 1
    outer loop
      vertex -13.813 -21.36 2.4
      vertex -12.698 -21.098 2.4
      vertex -18.014 -18.079 2.4
    endloop
  endfacet
  facet normal 0 0 1
    outer loop
      vertex -14.535 -21.492 2.4
      vertex -15.586 -21.624 2.4
      vertex -14.994 -21.624 2.4
    endloop
  endfacet
  facet normal 0 0 1
    outer loop
      vertex -17.554 -12.566 2.4
      vertex -17.292 -11.582 2.4
      vertex -17.554 -12.304 2.4
    endloop
  endfacet
  facet normal 0 0 1
    outer loop
      vertex -15.586 -21.624 2.4
      vertex -17.685 -20.704 2.4
      vertex -16.438 -21.688 2.4
    endloop
  endfacet
  facet normal 0 0 1
    outer loop
      vertex -17.948 -14.404 2.4
      vertex -17.554 -12.566 2.4
      vertex -17.685 -12.829 2.4
    endloop
  endfacet
  facet normal 0 0 1
    outer loop
      vertex -16.438 -21.688 2.4
      vertex -17.226 -21.754 2.4
      vertex -16.504 -21.754 2.4
    endloop
  endfacet
  facet normal 0 0 1
    outer loop
      vertex -17.226 -21.754 2.4
      vertex -17.685 -20.704 2.4
      vertex -17.357 -21.688 2.4
    endloop
  endfacet
  facet normal -0 -0 1
    outer loop
      vertex -17.685 -20.704 2.4
      vertex -15.586 -21.624 2.4
      vertex -17.816 -19.654 2.4
    endloop
  endfacet
  facet normal 0 -0 1
    outer loop
      vertex -17.226 -21.754 2.4
      vertex -16.438 -21.688 2.4
      vertex -17.685 -20.704 2.4
    endloop
  endfacet
  facet normal -0 0 1
    outer loop
      vertex -19.326 -14.338 2.4
      vertex -17.948 -14.404 2.4
      vertex -18.014 -14.338 2.4
    endloop
  endfacet
  facet normal 0 0 1
    outer loop
      vertex -17.816 -19.654 2.4
      vertex -18.014 -18.079 2.4
      vertex -17.948 -19.26 2.4
    endloop
  endfacet
  facet normal 0 0 1
    outer loop
      vertex -15.586 -21.624 2.4
      vertex -16.438 -21.688 2.4
      vertex -15.651 -21.688 2.4
    endloop
  endfacet
  facet normal 0 0 1
    outer loop
      vertex -17.948 -14.404 2.4
      vertex -19.326 -14.338 2.4
      vertex -18.08 -16.438 2.4
    endloop
  endfacet
  facet normal 0 0 1
    outer loop
      vertex -18.08 -16.438 2.4
      vertex -19.326 -14.338 2.4
      vertex -19.458 -16.438 2.4
    endloop
  endfacet
  facet normal 0 0 1
    outer loop
      vertex 17.424 19.196 2.4
      vertex 16.636 18.736 2.4
      vertex 16.571 18.606 2.4
    endloop
  endfacet
  facet normal -0 0 1
    outer loop
      vertex 13.815 16.374 2.4
      vertex 18.736 15.456 2.4
      vertex 16.505 18.606 2.4
    endloop
  endfacet
  facet normal 0 0 1
    outer loop
      vertex 20.049 11.977 2.4
      vertex 16.571 9.418 2.4
      vertex 16.702 9.286 2.4
    endloop
  endfacet
  facet normal 0 0 1
    outer loop
      vertex 18.736 15.456 2.4
      vertex 13.815 16.374 2.4
      vertex 18.736 15.193 2.4
    endloop
  endfacet
  facet normal 0 -0 1
    outer loop
      vertex 15.456 9.286 2.4
      vertex 19.196 13.748 2.4
      vertex 13.815 16.374 2.4
    endloop
  endfacet
  facet normal 0 0 1
    outer loop
      vertex 13.748 16.44 2.4
      vertex 16.505 18.606 2.4
      vertex 16.309 19.13 2.4
    endloop
  endfacet
  facet normal -0 0 1
    outer loop
      vertex 15.126 22.084 2.4
      vertex 16.898 20.574 2.4
      vertex 15.651 22.937 2.4
    endloop
  endfacet
  facet normal 0 0 1
    outer loop
      vertex 16.898 20.574 2.4
      vertex 15.126 22.084 2.4
      vertex 16.571 20.246 2.4
    endloop
  endfacet
  facet normal 0 0 1
    outer loop
      vertex 16.046 23.724 2.4
      vertex 16.177 24.052 2.4
      vertex 16.046 23.856 2.4
    endloop
  endfacet
  facet normal -0 0 1
    outer loop
      vertex 14.668 21.492 2.4
      vertex 16.571 20.246 2.4
      vertex 15.126 22.084 2.4
    endloop
  endfacet
  facet normal 0 0 1
    outer loop
      vertex 16.571 20.246 2.4
      vertex 14.668 21.492 2.4
      vertex 16.309 19.656 2.4
    endloop
  endfacet
  facet normal 0 0 1
    outer loop
      vertex 19.196 13.748 2.4
      vertex 15.456 9.286 2.4
      vertex 16.571 9.418 2.4
    endloop
  endfacet
  facet normal 0 0 1
    outer loop
      vertex 16.571 9.418 2.4
      vertex 15.456 9.286 2.4
      vertex 16.505 9.35199 2.4
    endloop
  endfacet
  facet normal -0 0 1
    outer loop
      vertex 13.486 20.312 2.4
      vertex 16.309 19.656 2.4
      vertex 14.668 21.492 2.4
    endloop
  endfacet
  facet normal 0 0 1
    outer loop
      vertex 16.309 19.656 2.4
      vertex 13.486 20.312 2.4
      vertex 16.309 19.13 2.4
    endloop
  endfacet
  facet normal 0 0 1
    outer loop
      vertex 13.815 9.22099 2.4
      vertex 15.456 9.286 2.4
      vertex 13.815 16.374 2.4
    endloop
  endfacet
  facet normal 0 0 1
    outer loop
      vertex 15.456 9.286 2.4
      vertex 14.34 9.15599 2.4
      vertex 15.389 9.22099 2.4
    endloop
  endfacet
  facet normal 0 0 1
    outer loop
      vertex 15.456 9.286 2.4
      vertex 13.815 9.22099 2.4
      vertex 14.34 9.15599 2.4
    endloop
  endfacet
  facet normal 0 0 1
    outer loop
      vertex 14.34 9.15599 2.4
      vertex 13.946 9.09 2.4
      vertex 14.273 9.09 2.4
    endloop
  endfacet
  facet normal 0 -0 1
    outer loop
      vertex 13.748 16.44 2.4
      vertex 16.309 19.13 2.4
      vertex 13.486 20.312 2.4
    endloop
  endfacet
  facet normal 0 0 1
    outer loop
      vertex 16.505 18.606 2.4
      vertex 13.748 16.44 2.4
      vertex 13.815 16.374 2.4
    endloop
  endfacet
  facet normal -0 0 1
    outer loop
      vertex 11.977 19.262 2.4
      vertex 13.748 16.44 2.4
      vertex 13.486 20.312 2.4
    endloop
  endfacet
  facet normal 0 0 1
    outer loop
      vertex 10.599 16.44 2.4
      vertex 11.977 19.262 2.4
      vertex 10.599 18.606 2.4
    endloop
  endfacet
  facet normal 0 0 1
    outer loop
      vertex 11.977 19.262 2.4
      vertex 10.599 16.44 2.4
      vertex 13.748 16.44 2.4
    endloop
  endfacet
  facet normal -0 0 1
    outer loop
      vertex 9.812 18.342 2.4
      vertex 10.599 16.44 2.4
      vertex 10.599 18.606 2.4
    endloop
  endfacet
  facet normal -0 0 1
    outer loop
      vertex 6.66199 12.699 2.4
      vertex 10.534 9.15599 2.4
      vertex 10.534 16.374 2.4
    endloop
  endfacet
  facet normal 0 0 1
    outer loop
      vertex 10.534 9.15599 2.4
      vertex 9.87599 9.15599 2.4
      vertex 10.468 9.09 2.4
    endloop
  endfacet
  facet normal -0 0 1
    outer loop
      vertex 9.35199 18.212 2.4
      vertex 10.599 16.44 2.4
      vertex 9.812 18.342 2.4
    endloop
  endfacet
  facet normal 0 0 1
    outer loop
      vertex 10.468 9.09 2.4
      vertex 9.87599 9.15599 2.4
      vertex 9.94299 9.09 2.4
    endloop
  endfacet
  facet normal 0 0 1
    outer loop
      vertex 10.599 16.44 2.4
      vertex 9.35199 18.212 2.4
      vertex 10.534 16.374 2.4
    endloop
  endfacet
  facet normal 0 0 1
    outer loop
      vertex 9.35199 18.212 2.4
      vertex 9.812 18.342 2.4
      vertex 9.614 18.342 2.4
    endloop
  endfacet
  facet normal -0 0 1
    outer loop
      vertex 8.76099 18.08 2.4
      vertex 10.534 16.374 2.4
      vertex 9.35199 18.212 2.4
    endloop
  endfacet
  facet normal 0 0 1
    outer loop
      vertex 9.87599 9.15599 2.4
      vertex 9.418 9.22099 2.4
      vertex 9.48399 9.15599 2.4
    endloop
  endfacet
  facet normal 0 0 1
    outer loop
      vertex 10.534 9.15599 2.4
      vertex 6.66199 12.699 2.4
      vertex 9.87599 9.15599 2.4
    endloop
  endfacet
  facet normal 0 0 1
    outer loop
      vertex 8.76099 18.08 2.4
      vertex 9.35199 18.212 2.4
      vertex 9.09 18.212 2.4
    endloop
  endfacet
  facet normal -0 0 1
    outer loop
      vertex 7.974 17.949 2.4
      vertex 10.534 16.374 2.4
      vertex 8.76099 18.08 2.4
    endloop
  endfacet
  facet normal 0 0 1
    outer loop
      vertex 6.66199 12.699 2.4
      vertex 10.534 16.374 2.4
      vertex 6.66199 14.274 2.4
    endloop
  endfacet
  facet normal 0 0 1
    outer loop
      vertex 9.418 9.22099 2.4
      vertex 8.368 9.35199 2.4
      vertex 8.43399 9.286 2.4
    endloop
  endfacet
  facet normal 0 0 1
    outer loop
      vertex 7.974 17.949 2.4
      vertex 8.76099 18.08 2.4
      vertex 8.03999 18.014 2.4
    endloop
  endfacet
  facet normal 0 0 1
    outer loop
      vertex 6.66199 14.274 2.4
      vertex 7.974 17.949 2.4
      vertex 7.12 17.884 2.4
    endloop
  endfacet
  facet normal 0 0 1
    outer loop
      vertex 9.87599 9.15599 2.4
      vertex 6.66199 12.699 2.4
      vertex 9.418 9.22099 2.4
    endloop
  endfacet
  facet normal 0 0 1
    outer loop
      vertex 6.924 1.739 2.4
      vertex 7.64499 6.924 2.4
      vertex 7.64499 9.35199 2.4
    endloop
  endfacet
  facet normal 0 0 1
    outer loop
      vertex 7.974 17.949 2.4
      vertex 6.66199 14.274 2.4
      vertex 10.534 16.374 2.4
    endloop
  endfacet
  facet normal 0 0 1
    outer loop
      vertex 7.12 17.884 2.4
      vertex 7.974 17.949 2.4
      vertex 7.187 17.949 2.4
    endloop
  endfacet
  facet normal 0 0 1
    outer loop
      vertex 9.418 9.22099 2.4
      vertex 6.66199 12.699 2.4
      vertex 8.368 9.35199 2.4
    endloop
  endfacet
  facet normal 0 0 1
    outer loop
      vertex 8.105 1.34599 2.4
      vertex 7.12 1.739 2.4
      vertex 7.31799 1.60799 2.4
    endloop
  endfacet
  facet normal 0 0 1
    outer loop
      vertex 16.636 28.187 2.4
      vertex 16.571 28.646 2.4
      vertex 16.571 28.252 2.4
    endloop
  endfacet
  facet normal 0 0 1
    outer loop
      vertex 16.571 28.646 2.4
      vertex 16.44 29.236 2.4
      vertex 16.44 28.974 2.4
    endloop
  endfacet
  facet normal 0 0 1
    outer loop
      vertex 16.44 29.236 2.4
      vertex 16.309 29.696 2.4
      vertex 16.309 29.498 2.4
    endloop
  endfacet
  facet normal 0 0 1
    outer loop
      vertex 18.342 19.13 2.4
      vertex 18.998 19.656 2.4
      vertex 18.868 19.984 2.4
    endloop
  endfacet
  facet normal -0 0 1
    outer loop
      vertex 18.342 19.13 2.4
      vertex 18.998 19.065 2.4
      vertex 18.998 19.656 2.4
    endloop
  endfacet
  facet normal 0 0 1
    outer loop
      vertex 18.342 19.13 2.4
      vertex 18.868 19.984 2.4
      vertex 18.409 20.443 2.4
    endloop
  endfacet
  facet normal 0 0 1
    outer loop
      vertex 18.342 18.868 2.4
      vertex 18.868 18.868 2.4
      vertex 18.342 19.13 2.4
    endloop
  endfacet
  facet normal 0 0 1
    outer loop
      vertex 18.998 19.065 2.4
      vertex 18.342 19.13 2.4
      vertex 18.868 18.868 2.4
    endloop
  endfacet
  facet normal 0 0 1
    outer loop
      vertex 17.424 -25.888 2.4
      vertex 17.226 -26.938 2.4
      vertex 17.293 -27.004 2.4
    endloop
  endfacet
  facet normal -0 0 1
    outer loop
      vertex 17.03 -25.954 2.4
      vertex 17.226 -26.938 2.4
      vertex 17.424 -25.888 2.4
    endloop
  endfacet
  facet normal 0 0 1
    outer loop
      vertex 17.03 -25.954 2.4
      vertex 17.424 -25.888 2.4
      vertex 17.096 -25.888 2.4
    endloop
  endfacet
  facet normal 0 0 1
    outer loop
      vertex 16.44 -27.07 2.4
      vertex 17.226 -26.938 2.4
      vertex 17.03 -25.954 2.4
    endloop
  endfacet
  facet normal 0 0 1
    outer loop
      vertex 17.226 -26.938 2.4
      vertex 16.44 -27.07 2.4
      vertex 17.162 -27.004 2.4
    endloop
  endfacet
  facet normal -0 0 1
    outer loop
      vertex 16.374 -26.02 2.4
      vertex 16.44 -27.07 2.4
      vertex 17.03 -25.954 2.4
    endloop
  endfacet
  facet normal -0 0 1
    outer loop
      vertex 15.98 -26.152 2.4
      vertex 16.44 -27.07 2.4
      vertex 16.374 -26.02 2.4
    endloop
  endfacet
  facet normal 0 0 1
    outer loop
      vertex 16.44 -27.07 2.4
      vertex 15.98 -26.152 2.4
      vertex 16.374 -27.136 2.4
    endloop
  endfacet
  facet normal 0 0 1
    outer loop
      vertex 15.98 -26.152 2.4
      vertex 15.52 -27.201 2.4
      vertex 16.374 -27.136 2.4
    endloop
  endfacet
  facet normal -0 0 1
    outer loop
      vertex 15.324 -26.216 2.4
      vertex 15.52 -27.201 2.4
      vertex 15.98 -26.152 2.4
    endloop
  endfacet
  facet normal 0 0 1
    outer loop
      vertex 15.324 -26.216 2.4
      vertex 15.98 -26.152 2.4
      vertex 15.389 -26.152 2.4
    endloop
  endfacet
  facet normal -0 0 1
    outer loop
      vertex 14.864 -26.282 2.4
      vertex 15.52 -27.201 2.4
      vertex 15.324 -26.216 2.4
    endloop
  endfacet
  facet normal 0 0 1
    outer loop
      vertex 14.864 -26.282 2.4
      vertex 15.324 -26.216 2.4
      vertex 14.931 -26.216 2.4
    endloop
  endfacet
  facet normal 0 0 1
    outer loop
      vertex 14.799 -27.266 2.4
      vertex 15.52 -27.201 2.4
      vertex 14.864 -26.282 2.4
    endloop
  endfacet
  facet normal 0 0 1
    outer loop
      vertex 15.52 -27.201 2.4
      vertex 14.799 -27.266 2.4
      vertex 15.456 -27.266 2.4
    endloop
  endfacet
  facet normal 0 0 1
    outer loop
      vertex 14.406 -27.332 2.4
      vertex 14.799 -27.266 2.4
      vertex 14.864 -26.282 2.4
    endloop
  endfacet
  facet normal 0 0 1
    outer loop
      vertex 14.799 -27.266 2.4
      vertex 14.406 -27.332 2.4
      vertex 14.734 -27.332 2.4
    endloop
  endfacet
  facet normal -0 0 1
    outer loop
      vertex 13.748 -26.348 2.4
      vertex 14.406 -27.332 2.4
      vertex 14.864 -26.282 2.4
    endloop
  endfacet
  facet normal 0 0 1
    outer loop
      vertex 14.406 -27.332 2.4
      vertex 13.748 -26.348 2.4
      vertex 14.273 -27.398 2.4
    endloop
  endfacet
  facet normal -0 0 1
    outer loop
      vertex 13.552 -26.544 2.4
      vertex 14.273 -27.398 2.4
      vertex 13.748 -26.348 2.4
    endloop
  endfacet
  facet normal 0 0 1
    outer loop
      vertex 14.273 -27.398 2.4
      vertex 13.552 -26.544 2.4
      vertex 13.421 -26.874 2.4
    endloop
  endfacet
  facet normal 0 0 1
    outer loop
      vertex 14.273 -27.398 2.4
      vertex 13.421 -26.874 2.4
      vertex 13.88 -27.989 2.4
    endloop
  endfacet
  facet normal -0 0 1
    outer loop
      vertex 13.026 -27.398 2.4
      vertex 13.88 -27.989 2.4
      vertex 13.421 -26.874 2.4
    endloop
  endfacet
  facet normal 0 0 1
    outer loop
      vertex 12.37 -27.989 2.4
      vertex 13.88 -27.989 2.4
      vertex 13.026 -27.398 2.4
    endloop
  endfacet
  facet normal 0 0 1
    outer loop
      vertex 13.88 -27.989 2.4
      vertex 12.37 -27.989 2.4
      vertex 12.83 -28.908 2.4
    endloop
  endfacet
  facet normal -0 0 1
    outer loop
      vertex 11.648 -28.382 2.4
      vertex 12.83 -28.908 2.4
      vertex 12.37 -27.989 2.4
    endloop
  endfacet
  facet normal 0 0 1
    outer loop
      vertex 11.648 -28.382 2.4
      vertex 11.648 -29.498 2.4
      vertex 12.83 -28.908 2.4
    endloop
  endfacet
  facet normal -0 0 1
    outer loop
      vertex 10.927 -28.644 2.4
      vertex 11.648 -29.498 2.4
      vertex 11.648 -28.382 2.4
    endloop
  endfacet
  facet normal 0 0 1
    outer loop
      vertex 10.401 -28.776 2.4
      vertex 10.927 -28.644 2.4
      vertex 10.73 -28.644 2.4
    endloop
  endfacet
  facet normal 0 0 1
    outer loop
      vertex 10.927 -28.644 2.4
      vertex 10.401 -28.776 2.4
      vertex 11.648 -29.498 2.4
    endloop
  endfacet
  facet normal 0 0 1
    outer loop
      vertex 10.401 -28.776 2.4
      vertex 10.139 -29.891 2.4
      vertex 11.648 -29.498 2.4
    endloop
  endfacet
  facet normal 0 0 1
    outer loop
      vertex 10.008 -28.841 2.4
      vertex 10.401 -28.776 2.4
      vertex 10.074 -28.776 2.4
    endloop
  endfacet
  facet normal 0 0 1
    outer loop
      vertex 10.401 -28.776 2.4
      vertex 10.008 -28.841 2.4
      vertex 10.139 -29.891 2.4
    endloop
  endfacet
  facet normal 0 0 1
    outer loop
      vertex 9.549 -28.908 2.4
      vertex 10.008 -28.841 2.4
      vertex 9.614 -28.841 2.4
    endloop
  endfacet
  facet normal 0 0 1
    outer loop
      vertex 10.008 -28.841 2.4
      vertex 9.549 -28.908 2.4
      vertex 10.139 -29.891 2.4
    endloop
  endfacet
  facet normal -0 0 1
    outer loop
      vertex 8.30199 -28.908 2.4
      vertex 10.139 -29.891 2.4
      vertex 9.549 -28.908 2.4
    endloop
  endfacet
  facet normal 0 0 1
    outer loop
      vertex 10.139 -29.891 2.4
      vertex 8.30199 -28.908 2.4
      vertex 8.43399 -31.335 2.4
    endloop
  endfacet
  facet normal 0 0 1
    outer loop
      vertex 7.31799 -28.776 2.4
      vertex 8.30199 -28.908 2.4
      vertex 8.23599 -28.841 2.4
    endloop
  endfacet
  facet normal 0 0 1
    outer loop
      vertex 8.30199 -28.908 2.4
      vertex 7.31799 -28.776 2.4
      vertex 8.43399 -31.335 2.4
    endloop
  endfacet
  facet normal 0 0 1
    outer loop
      vertex 7.31799 -28.776 2.4
      vertex 7.12 -32.189 2.4
      vertex 8.43399 -31.335 2.4
    endloop
  endfacet
  facet normal -0 0 1
    outer loop
      vertex 6.59599 -28.644 2.4
      vertex 7.31799 -28.776 2.4
      vertex 6.98999 -28.644 2.4
    endloop
  endfacet
  facet normal 0 0 1
    outer loop
      vertex 7.31799 -28.776 2.4
      vertex 6.59599 -28.644 2.4
      vertex 7.12 -32.189 2.4
    endloop
  endfacet
  facet normal -0 0 1
    outer loop
      vertex 5.74199 -28.513 2.4
      vertex 6.59599 -28.644 2.4
      vertex 6.267 -28.513 2.4
    endloop
  endfacet
  facet normal 0 0 1
    outer loop
      vertex 6.59599 -28.644 2.4
      vertex 5.74199 -28.513 2.4
      vertex 7.12 -32.189 2.4
    endloop
  endfacet
  facet normal -0 0 1
    outer loop
      vertex 5.284 -28.448 2.4
      vertex 5.74199 -28.513 2.4
      vertex 5.67699 -28.448 2.4
    endloop
  endfacet
  facet normal 0 -0 1
    outer loop
      vertex 5.48 -33.042 2.4
      vertex 5.74199 -28.513 2.4
      vertex 5.284 -28.448 2.4
    endloop
  endfacet
  facet normal 0 0 1
    outer loop
      vertex 5.74199 -28.513 2.4
      vertex 5.48 -33.042 2.4
      vertex 7.12 -32.189 2.4
    endloop
  endfacet
  facet normal 0 0 1
    outer loop
      vertex 2.92099 -28.448 2.4
      vertex 5.284 -28.448 2.4
      vertex 5.21799 -28.382 2.4
    endloop
  endfacet
  facet normal 0 0 1
    outer loop
      vertex 5.284 -28.448 2.4
      vertex 2.92099 -28.448 2.4
      vertex 5.48 -33.042 2.4
    endloop
  endfacet
  facet normal 0 0 1
    outer loop
      vertex 2.92099 -28.448 2.4
      vertex 5.21799 -28.382 2.4
      vertex 2.98599 -28.382 2.4
    endloop
  endfacet
  facet normal 0 0 1
    outer loop
      vertex 5.48 -33.042 2.4
      vertex 2.92099 -28.448 2.4
      vertex 3.31499 -33.829 2.4
    endloop
  endfacet
  facet normal -0 0 1
    outer loop
      vertex 1.87 -28.644 2.4
      vertex 3.31499 -33.829 2.4
      vertex 2.92099 -28.448 2.4
    endloop
  endfacet
  facet normal 0 0 1
    outer loop
      vertex 3.31499 -33.829 2.4
      vertex 1.87 -28.644 2.4
      vertex 2.52599 -33.96 2.4
    endloop
  endfacet
  facet normal 0 0 1
    outer loop
      vertex 1.87 -28.644 2.4
      vertex 2.92099 -28.448 2.4
      vertex 2.133 -28.513 2.4
    endloop
  endfacet
  facet normal -0 0 1
    outer loop
      vertex 0.55899 -29.171 2.4
      vertex 2.52599 -33.96 2.4
      vertex 1.87 -28.644 2.4
    endloop
  endfacet
  facet normal 0 -0 1
    outer loop
      vertex 1.937 -34.092 2.4
      vertex 2.52599 -33.96 2.4
      vertex 0.55899 -29.171 2.4
    endloop
  endfacet
  facet normal 0 0 1
    outer loop
      vertex 0.951996 -28.908 2.4
      vertex 1.87 -28.644 2.4
      vertex 1.674 -28.644 2.4
    endloop
  endfacet
  facet normal 0 0 1
    outer loop
      vertex 2.52599 -33.96 2.4
      vertex 1.937 -34.092 2.4
      vertex 2.26399 -34.092 2.4
    endloop
  endfacet
  facet normal 0 -0 1
    outer loop
      vertex 1.14799 -34.224 2.4
      vertex 1.937 -34.092 2.4
      vertex 0.55899 -29.171 2.4
    endloop
  endfacet
  facet normal 0 0 1
    outer loop
      vertex 1.937 -34.092 2.4
      vertex 1.14799 -34.224 2.4
      vertex 1.543 -34.224 2.4
    endloop
  endfacet
  facet normal 0 0 1
    outer loop
      vertex 1.87 -28.644 2.4
      vertex 0.951996 -28.908 2.4
      vertex 0.55899 -29.171 2.4
    endloop
  endfacet
  facet normal 0 -0 1
    outer loop
      vertex 0.689987 -34.288 2.4
      vertex 1.14799 -34.224 2.4
      vertex 0.55899 -29.171 2.4
    endloop
  endfacet
  facet normal 0 0 1
    outer loop
      vertex 1.14799 -34.224 2.4
      vertex 0.689987 -34.288 2.4
      vertex 1.084 -34.288 2.4
    endloop
  endfacet
  facet normal -0 0 1
    outer loop
      vertex 0.426987 -29.171 2.4
      vertex 0.689987 -34.288 2.4
      vertex 0.55899 -29.171 2.4
    endloop
  endfacet
  facet normal 0 0 1
    outer loop
      vertex -0.229996 -34.354 2.4
      vertex 0.689987 -34.288 2.4
      vertex 0.426987 -29.171 2.4
    endloop
  endfacet
  facet normal 0 0 1
    outer loop
      vertex 0.689987 -34.288 2.4
      vertex -0.229996 -34.354 2.4
      vertex 0.623993 -34.354 2.4
    endloop
  endfacet
  facet normal 0 0 1
    outer loop
      vertex 17.424 20.574 2.4
      vertex 17.162 20.114 2.4
      vertex 17.358 20.114 2.4
    endloop
  endfacet
  facet normal 0 0 1
    outer loop
      vertex 16.768 20.114 2.4
      vertex 17.162 20.114 2.4
      vertex 16.964 20.312 2.4
    endloop
  endfacet
  facet normal -0 0 1
    outer loop
      vertex 16.964 20.312 2.4
      vertex 17.162 20.114 2.4
      vertex 17.424 20.574 2.4
    endloop
  endfacet
  facet normal -0 0 1
    outer loop
      vertex 18.08 19.59 2.4
      vertex 18.342 19.13 2.4
      vertex 18.342 19.984 2.4
    endloop
  endfacet
  facet normal 0 0 1
    outer loop
      vertex 18.342 19.13 2.4
      vertex 18.08 19.59 2.4
      vertex 18.08 19.458 2.4
    endloop
  endfacet
  facet normal 0 0 1
    outer loop
      vertex 18.08 20.114 2.4
      vertex 18.409 20.443 2.4
      vertex 18.146 20.574 2.4
    endloop
  endfacet
  facet normal 0 0 1
    outer loop
      vertex 18.409 20.443 2.4
      vertex 18.08 20.114 2.4
      vertex 18.342 20.114 2.4
    endloop
  endfacet
  facet normal -0 0 1
    outer loop
      vertex 17.424 20.574 2.4
      vertex 18.08 20.114 2.4
      vertex 18.146 20.574 2.4
    endloop
  endfacet
  facet normal 0 0 1
    outer loop
      vertex 18.08 20.114 2.4
      vertex 17.358 20.114 2.4
      vertex 17.883 19.72 2.4
    endloop
  endfacet
  facet normal 0 0 1
    outer loop
      vertex 17.358 19.656 2.4
      vertex 17.883 19.72 2.4
      vertex 17.358 20.114 2.4
    endloop
  endfacet
  facet normal 0 0 1
    outer loop
      vertex 18.08 20.114 2.4
      vertex 17.424 20.574 2.4
      vertex 17.358 20.114 2.4
    endloop
  endfacet
  facet normal 0 0 1
    outer loop
      vertex 17.883 19.72 2.4
      vertex 17.358 19.656 2.4
      vertex 17.687 19.524 2.4
    endloop
  endfacet
  facet normal 0 0 1
    outer loop
      vertex 17.687 19.524 2.4
      vertex 17.358 19.656 2.4
      vertex 17.49 19.524 2.4
    endloop
  endfacet
  facet normal 0 0 1
    outer loop
      vertex 32.124 18.146 2.4
      vertex 31.796 16.242 2.4
      vertex 32.124 17.03 2.4
    endloop
  endfacet
  facet normal 0 0 1
    outer loop
      vertex 30.287 15.126 2.4
      vertex 32.124 18.146 2.4
      vertex 31.73 19.196 2.4
    endloop
  endfacet
  facet normal 0 0 1
    outer loop
      vertex 26.808 16.504 2.4
      vertex 31.73 19.196 2.4
      vertex 31.14 20.048 2.4
    endloop
  endfacet
  facet normal 0 0 1
    outer loop
      vertex 32.124 18.146 2.4
      vertex 30.287 15.126 2.4
      vertex 31.796 16.242 2.4
    endloop
  endfacet
  facet normal 0 0 1
    outer loop
      vertex 31.796 16.242 2.4
      vertex 30.287 15.126 2.4
      vertex 31.14 15.521 2.4
    endloop
  endfacet
  facet normal 0 0 1
    outer loop
      vertex 26.152 18.277 2.4
      vertex 31.14 20.048 2.4
      vertex 30.484 20.836 2.4
    endloop
  endfacet
  facet normal 0 0 1
    outer loop
      vertex 31.14 15.521 2.4
      vertex 30.287 15.126 2.4
      vertex 30.746 15.259 2.4
    endloop
  endfacet
  facet normal 0 0 1
    outer loop
      vertex 31.73 19.196 2.4
      vertex 27.136 16.046 2.4
      vertex 29.106 14.996 2.4
    endloop
  endfacet
  facet normal 0 0 1
    outer loop
      vertex 30.287 15.126 2.4
      vertex 29.106 14.996 2.4
      vertex 30.09 14.996 2.4
    endloop
  endfacet
  facet normal 0 0 1
    outer loop
      vertex 30.09 14.996 2.4
      vertex 29.106 14.996 2.4
      vertex 29.171 14.93 2.4
    endloop
  endfacet
  facet normal 0 0 1
    outer loop
      vertex 31.73 19.196 2.4
      vertex 29.106 14.996 2.4
      vertex 30.287 15.126 2.4
    endloop
  endfacet
  facet normal -0 -0 1
    outer loop
      vertex 28.317 15.126 2.4
      vertex 29.106 14.996 2.4
      vertex 27.596 15.586 2.4
    endloop
  endfacet
  facet normal 0 0 1
    outer loop
      vertex 26.02 19.327 2.4
      vertex 30.484 20.836 2.4
      vertex 28.121 23.199 2.4
    endloop
  endfacet
  facet normal 0 -0 1
    outer loop
      vertex 26.152 18.277 2.4
      vertex 30.484 20.836 2.4
      vertex 26.086 19.196 2.4
    endloop
  endfacet
  facet normal 0 0 1
    outer loop
      vertex 31.14 20.048 2.4
      vertex 26.152 18.277 2.4
      vertex 26.48 17.162 2.4
    endloop
  endfacet
  facet normal 0 0 1
    outer loop
      vertex 31.73 19.196 2.4
      vertex 26.808 16.504 2.4
      vertex 27.136 16.046 2.4
    endloop
  endfacet
  facet normal 0 0 1
    outer loop
      vertex 25.89 19.327 2.4
      vertex 28.121 23.199 2.4
      vertex 26.48 24.643 2.4
    endloop
  endfacet
  facet normal 0 0 1
    outer loop
      vertex 29.106 14.996 2.4
      vertex 28.317 15.126 2.4
      vertex 28.712 14.996 2.4
    endloop
  endfacet
  facet normal 0 0 1
    outer loop
      vertex 29.106 14.996 2.4
      vertex 27.136 16.046 2.4
      vertex 27.596 15.586 2.4
    endloop
  endfacet
  facet normal 0 0 1
    outer loop
      vertex 31.14 20.048 2.4
      vertex 26.48 17.162 2.4
      vertex 26.808 16.504 2.4
    endloop
  endfacet
  facet normal 0 0 1
    outer loop
      vertex 30.484 20.836 2.4
      vertex 26.02 19.327 2.4
      vertex 26.086 19.196 2.4
    endloop
  endfacet
  facet normal 0 0 1
    outer loop
      vertex 28.121 23.199 2.4
      vertex 25.89 19.327 2.4
      vertex 26.02 19.327 2.4
    endloop
  endfacet
  facet normal 0 0 1
    outer loop
      vertex 26.48 24.643 2.4
      vertex 25.365 19.065 2.4
      vertex 25.89 19.327 2.4
    endloop
  endfacet
  facet normal 0 0 1
    outer loop
      vertex 25.102 18.934 2.4
      vertex 25.365 19.065 2.4
      vertex 26.48 24.643 2.4
    endloop
  endfacet
  facet normal 0 0 1
    outer loop
      vertex 25.365 19.065 2.4
      vertex 25.102 18.934 2.4
      vertex 25.234 18.934 2.4
    endloop
  endfacet
  facet normal 0 0 1
    outer loop
      vertex 24.052 26.612 2.4
      vertex 25.102 18.934 2.4
      vertex 26.48 24.643 2.4
    endloop
  endfacet
  facet normal 0 0 1
    outer loop
      vertex 25.102 18.934 2.4
      vertex 24.38 18.54 2.4
      vertex 24.511 18.54 2.4
    endloop
  endfacet
  facet normal 0 0 1
    outer loop
      vertex 25.102 18.934 2.4
      vertex 24.052 26.612 2.4
      vertex 24.38 18.54 2.4
    endloop
  endfacet
  facet normal -0 0 1
    outer loop
      vertex 19.065 20.114 2.4
      vertex 24.38 18.54 2.4
      vertex 24.052 26.612 2.4
    endloop
  endfacet
  facet normal 0 0 1
    outer loop
      vertex 24.38 18.54 2.4
      vertex 23.396 18.014 2.4
      vertex 23.526 18.014 2.4
    endloop
  endfacet
  facet normal 0 0 1
    outer loop
      vertex 24.38 18.54 2.4
      vertex 19.065 20.114 2.4
      vertex 23.396 18.014 2.4
    endloop
  endfacet
  facet normal -0 -0 1
    outer loop
      vertex 19.261 19.458 2.4
      vertex 23.396 18.014 2.4
      vertex 19.065 20.114 2.4
    endloop
  endfacet
  facet normal 0 0 1
    outer loop
      vertex 18.736 20.508 2.4
      vertex 24.052 26.612 2.4
      vertex 21.886 28.252 2.4
    endloop
  endfacet
  facet normal 0 0 1
    outer loop
      vertex 23.396 18.014 2.4
      vertex 19.261 19.458 2.4
      vertex 22.543 17.49 2.4
    endloop
  endfacet
  facet normal 0 0 1
    outer loop
      vertex 22.543 17.49 2.4
      vertex 19.261 19.458 2.4
      vertex 21.952 17.226 2.4
    endloop
  endfacet
  facet normal -0 0 1
    outer loop
      vertex 19.196 18.934 2.4
      vertex 21.952 17.226 2.4
      vertex 19.261 19.458 2.4
    endloop
  endfacet
  facet normal 0 -0 1
    outer loop
      vertex 21.23 16.834 2.4
      vertex 21.952 17.226 2.4
      vertex 19.196 18.934 2.4
    endloop
  endfacet
  facet normal 0 -0 1
    outer loop
      vertex 20.968 16.702 2.4
      vertex 21.23 16.834 2.4
      vertex 19.196 18.934 2.4
    endloop
  endfacet
  facet normal 0 0 1
    outer loop
      vertex 21.23 16.834 2.4
      vertex 20.968 16.702 2.4
      vertex 21.098 16.702 2.4
    endloop
  endfacet
  facet normal 0 0 1
    outer loop
      vertex 21.952 17.226 2.4
      vertex 21.23 16.834 2.4
      vertex 21.821 17.096 2.4
    endloop
  endfacet
  facet normal 0 0 1
    outer loop
      vertex 16.636 28.187 2.4
      vertex 21.886 28.252 2.4
      vertex 18.998 30.22 2.4
    endloop
  endfacet
  facet normal 0 0 1
    outer loop
      vertex 16.44 29.236 2.4
      vertex 18.998 30.22 2.4
      vertex 18.802 30.418 2.4
    endloop
  endfacet
  facet normal 0 0 1
    outer loop
      vertex 24.052 26.612 2.4
      vertex 18.736 20.508 2.4
      vertex 19.065 20.114 2.4
    endloop
  endfacet
  facet normal -0 0 1
    outer loop
      vertex 18.868 18.342 2.4
      vertex 20.968 16.702 2.4
      vertex 19.196 18.934 2.4
    endloop
  endfacet
  facet normal 0 0 1
    outer loop
      vertex 20.968 16.702 2.4
      vertex 18.868 18.342 2.4
      vertex 20.114 16.176 2.4
    endloop
  endfacet
  facet normal -0 0 1
    outer loop
      vertex 18.54 18.08 2.4
      vertex 20.114 16.176 2.4
      vertex 18.868 18.342 2.4
    endloop
  endfacet
  facet normal 0 0 1
    outer loop
      vertex 16.571 18.606 2.4
      vertex 18.736 15.456 2.4
      vertex 18.54 18.08 2.4
    endloop
  endfacet
  facet normal 0 0 1
    outer loop
      vertex 20.114 16.176 2.4
      vertex 18.54 18.08 2.4
      vertex 18.736 15.456 2.4
    endloop
  endfacet
  facet normal -0 0 1
    outer loop
      vertex 45.4 10 2.4
      vertex 47.4 -10 2.4
      vertex 47.4 10 2.4
    endloop
  endfacet
  facet normal 0 0 1
    outer loop
      vertex 47.4 -10 2.4
      vertex 45.4 10 2.4
      vertex 45.4 -10 2.4
    endloop
  endfacet
  facet normal 0 0 1
    outer loop
      vertex 41.902 36.126 2.4
      vertex 47.6561 40.9453 2.4
      vertex 46.9387 42.4 2.4
    endloop
  endfacet
  facet normal 0 0 1
    outer loop
      vertex 41.902 36.126 2.4
      vertex 46.9387 42.4 2.4
      vertex 46.0376 43.7486 2.4
    endloop
  endfacet
  facet normal 0 0 1
    outer loop
      vertex 47.6561 40.9453 2.4
      vertex 45.4 34 2.4
      vertex 47.4 34 2.4
    endloop
  endfacet
  facet normal 0 0 1
    outer loop
      vertex 41.902 27.53 2.4
      vertex 45.4 34 2.4
      vertex 41.902 36.126 2.4
    endloop
  endfacet
  facet normal 0 0 1
    outer loop
      vertex 45.4 34 2.4
      vertex 41.902 27.53 2.4
      vertex 45.4 10 2.4
    endloop
  endfacet
  facet normal 0 0 1
    outer loop
      vertex 47.6561 40.9453 2.4
      vertex 41.902 36.126 2.4
      vertex 45.4 34 2.4
    endloop
  endfacet
  facet normal 0 0 1
    outer loop
      vertex 41.902 36.126 2.4
      vertex 46.0376 43.7486 2.4
      vertex 44.9681 44.9681 2.4
    endloop
  endfacet
  facet normal -0 0 1
    outer loop
      vertex 47.4 -14.6 2.4
      vertex 47.8 -29.4 2.4
      vertex 47.8 -14.6 2.4
    endloop
  endfacet
  facet normal 0 0 1
    outer loop
      vertex 47.8 -29.4 2.4
      vertex 47.4 -14.6 2.4
      vertex 47.4 -29.4 2.4
    endloop
  endfacet
  facet normal 0 0 1
    outer loop
      vertex 47.4 10 2.4
      vertex 47.8 13.4 2.4
      vertex 47.4 13.4 2.4
    endloop
  endfacet
  facet normal 0 0 1
    outer loop
      vertex 47.8 13.4 2.4
      vertex 47.4 10 2.4
      vertex 47.8 -13.4 2.4
    endloop
  endfacet
  facet normal -0 0 1
    outer loop
      vertex 47.4 -10 2.4
      vertex 47.8 -13.4 2.4
      vertex 47.4 10 2.4
    endloop
  endfacet
  facet normal 0 0 1
    outer loop
      vertex 47.8 -13.4 2.4
      vertex 47.4 -10 2.4
      vertex 47.4 -13.4 2.4
    endloop
  endfacet
  facet normal -0 0 1
    outer loop
      vertex 47.4 29.4 2.4
      vertex 47.8 14.6 2.4
      vertex 47.8 29.4 2.4
    endloop
  endfacet
  facet normal 0 0 1
    outer loop
      vertex 47.8 14.6 2.4
      vertex 47.4 29.4 2.4
      vertex 47.4 14.6 2.4
    endloop
  endfacet
  facet normal 0 0 1
    outer loop
      vertex 47.4 34 2.4
      vertex 48.6 36.2 2.4
      vertex 48.4939 37.8185 2.4
    endloop
  endfacet
  facet normal 0 0 1
    outer loop
      vertex 48.6 36.2 2.4
      vertex 47.8 13.4 2.4
      vertex 48.6 -36.2 2.4
    endloop
  endfacet
  facet normal 0 0 1
    outer loop
      vertex 47.4 34 2.4
      vertex 48.4939 37.8185 2.4
      vertex 48.1775 39.4093 2.4
    endloop
  endfacet
  facet normal 0 0 1
    outer loop
      vertex 48.6 36.2 2.4
      vertex 47.8 14.6 2.4
      vertex 47.8 13.4 2.4
    endloop
  endfacet
  facet normal 0 0 1
    outer loop
      vertex 48.6 36.2 2.4
      vertex 47.8 30.6 2.4
      vertex 47.8 29.4 2.4
    endloop
  endfacet
  facet normal 0 0 1
    outer loop
      vertex 47.4 34 2.4
      vertex 48.1775 39.4093 2.4
      vertex 47.6561 40.9453 2.4
    endloop
  endfacet
  facet normal 0 0 1
    outer loop
      vertex 48.6 36.2 2.4
      vertex 47.4 34 2.4
      vertex 47.8 30.6 2.4
    endloop
  endfacet
  facet normal 0 0 1
    outer loop
      vertex 47.8 30.6 2.4
      vertex 47.4 34 2.4
      vertex 47.4 30.6 2.4
    endloop
  endfacet
  facet normal 0 0 1
    outer loop
      vertex 48.6 36.2 2.4
      vertex 47.8 29.4 2.4
      vertex 47.8 14.6 2.4
    endloop
  endfacet
  facet normal -0 0 1
    outer loop
      vertex 47.8 -13.4 2.4
      vertex 48.6 -36.2 2.4
      vertex 47.8 13.4 2.4
    endloop
  endfacet
  facet normal -0 0 1
    outer loop
      vertex 47.8 -14.6 2.4
      vertex 48.6 -36.2 2.4
      vertex 47.8 -13.4 2.4
    endloop
  endfacet
  facet normal -0 0 1
    outer loop
      vertex 47.8 -29.4 2.4
      vertex 48.6 -36.2 2.4
      vertex 47.8 -14.6 2.4
    endloop
  endfacet
  facet normal -0 0 1
    outer loop
      vertex 47.8 -30.6 2.4
      vertex 48.6 -36.2 2.4
      vertex 47.8 -29.4 2.4
    endloop
  endfacet
  facet normal -0 0 1
    outer loop
      vertex 47.4 -34 2.4
      vertex 48.6 -36.2 2.4
      vertex 47.8 -30.6 2.4
    endloop
  endfacet
  facet normal -0 0 1
    outer loop
      vertex 45.4 -34 2.4
      vertex 48.6 -36.2 2.4
      vertex 47.4 -34 2.4
    endloop
  endfacet
  facet normal 0 0 1
    outer loop
      vertex 48.6 -36.2 2.4
      vertex 45.4 -34 2.4
      vertex 48.4939 -37.8185 2.4
    endloop
  endfacet
  facet normal 0 0 1
    outer loop
      vertex 47.4 -34 2.4
      vertex 47.8 -30.6 2.4
      vertex 47.4 -30.6 2.4
    endloop
  endfacet
  facet normal 0 0 1
    outer loop
      vertex 48.4939 -37.8185 2.4
      vertex 45.4 -34 2.4
      vertex 48.1775 -39.4093 2.4
    endloop
  endfacet
  facet normal 0 0 1
    outer loop
      vertex 48.1775 -39.4093 2.4
      vertex 45.4 -34 2.4
      vertex 47.6561 -40.9453 2.4
    endloop
  endfacet
  facet normal 0 0 1
    outer loop
      vertex 47.6561 -40.9453 2.4
      vertex 45.4 -34 2.4
      vertex 46.9387 -42.4 2.4
    endloop
  endfacet
  facet normal 0 0 1
    outer loop
      vertex 46.9387 -42.4 2.4
      vertex 45.4 -34 2.4
      vertex 46.0376 -43.7486 2.4
    endloop
  endfacet
  facet normal 0 0 1
    outer loop
      vertex 45.4 -34 2.4
      vertex 44.9681 -44.9681 2.4
      vertex 46.0376 -43.7486 2.4
    endloop
  endfacet
  facet normal -0 0 1
    outer loop
      vertex 41.246 15.718 2.4
      vertex 45.4 10 2.4
      vertex 41.902 27.53 2.4
    endloop
  endfacet
  facet normal 0 0 1
    outer loop
      vertex 41.902 36.126 2.4
      vertex 44.9681 44.9681 2.4
      vertex 43.7486 46.0376 2.4
    endloop
  endfacet
  facet normal 0 0 1
    outer loop
      vertex 45.4 -10 2.4
      vertex 42.4 -46.9387 2.4
      vertex 45.4 -34 2.4
    endloop
  endfacet
  facet normal 0 0 1
    outer loop
      vertex 41.902 36.126 2.4
      vertex 43.7486 46.0376 2.4
      vertex 42.4 46.9387 2.4
    endloop
  endfacet
  facet normal 0 -0 1
    outer loop
      vertex 43.7486 -46.0376 2.4
      vertex 45.4 -34 2.4
      vertex 42.4 -46.9387 2.4
    endloop
  endfacet
  facet normal 0 0 1
    outer loop
      vertex 45.4 -34 2.4
      vertex 43.7486 -46.0376 2.4
      vertex 44.9681 -44.9681 2.4
    endloop
  endfacet
  facet normal 0 0 1
    outer loop
      vertex 34 45.4 2.4
      vertex 42.4 46.9387 2.4
      vertex 40.9453 47.6561 2.4
    endloop
  endfacet
  facet normal 0 0 1
    outer loop
      vertex 34 45.4 2.4
      vertex 40.9453 47.6561 2.4
      vertex 39.4093 48.1775 2.4
    endloop
  endfacet
  facet normal 0 0 1
    outer loop
      vertex 34 45.4 2.4
      vertex 39.4093 48.1775 2.4
      vertex 37.8185 48.4939 2.4
    endloop
  endfacet
  facet normal 0 0 1
    outer loop
      vertex 34 45.4 2.4
      vertex 37.8185 48.4939 2.4
      vertex 36.2 48.6 2.4
    endloop
  endfacet
  facet normal 0 0 1
    outer loop
      vertex 34 45.4 2.4
      vertex 36.2 48.6 2.4
      vertex 34 47.4 2.4
    endloop
  endfacet
  facet normal 0 0 1
    outer loop
      vertex 42.4 46.9387 2.4
      vertex 34 45.4 2.4
      vertex 41.902 36.126 2.4
    endloop
  endfacet
  facet normal 0 0 1
    outer loop
      vertex 34 45.4 2.4
      vertex 18.868 36.126 2.4
      vertex 41.902 36.126 2.4
    endloop
  endfacet
  facet normal -0 0 1
    outer loop
      vertex 15.52 31.534 2.4
      vertex 18.802 30.418 2.4
      vertex 18.802 36.062 2.4
    endloop
  endfacet
  facet normal 0 0 1
    outer loop
      vertex 21.886 28.252 2.4
      vertex 16.636 28.187 2.4
      vertex 16.702 26.546 2.4
    endloop
  endfacet
  facet normal 0 0 1
    outer loop
      vertex 21.886 28.252 2.4
      vertex 18.276 20.771 2.4
      vertex 18.736 20.508 2.4
    endloop
  endfacet
  facet normal 0 0 1
    outer loop
      vertex 16.571 25.496 2.4
      vertex 16.702 26.546 2.4
      vertex 16.636 26.48 2.4
    endloop
  endfacet
  facet normal 0 0 1
    outer loop
      vertex 18.276 20.771 2.4
      vertex 18.014 20.836 2.4
      vertex 18.08 20.771 2.4
    endloop
  endfacet
  facet normal 0 0 1
    outer loop
      vertex 21.886 28.252 2.4
      vertex 16.571 25.496 2.4
      vertex 18.276 20.771 2.4
    endloop
  endfacet
  facet normal -0 0 1
    outer loop
      vertex 16.309 24.446 2.4
      vertex 18.276 20.771 2.4
      vertex 16.571 25.496 2.4
    endloop
  endfacet
  facet normal 0 0 1
    outer loop
      vertex 16.571 25.496 2.4
      vertex 21.886 28.252 2.4
      vertex 16.702 26.546 2.4
    endloop
  endfacet
  facet normal 0 0 1
    outer loop
      vertex 18.998 30.22 2.4
      vertex 16.571 28.646 2.4
      vertex 16.636 28.187 2.4
    endloop
  endfacet
  facet normal 0 0 1
    outer loop
      vertex 18.998 30.22 2.4
      vertex 16.44 29.236 2.4
      vertex 16.571 28.646 2.4
    endloop
  endfacet
  facet normal 0 0 1
    outer loop
      vertex 18.802 30.418 2.4
      vertex 16.309 29.696 2.4
      vertex 16.44 29.236 2.4
    endloop
  endfacet
  facet normal 0 0 1
    outer loop
      vertex 18.802 30.418 2.4
      vertex 16.112 30.286 2.4
      vertex 16.309 29.696 2.4
    endloop
  endfacet
  facet normal 0 0 1
    outer loop
      vertex 18.802 30.418 2.4
      vertex 15.52 31.534 2.4
      vertex 16.112 30.286 2.4
    endloop
  endfacet
  facet normal 0 0 1
    outer loop
      vertex 18.802 36.062 2.4
      vertex 15.126 32.19 2.4
      vertex 15.52 31.534 2.4
    endloop
  endfacet
  facet normal 0 0 1
    outer loop
      vertex 18.802 36.062 2.4
      vertex 13.946 33.634 2.4
      vertex 15.126 32.19 2.4
    endloop
  endfacet
  facet normal 0 0 1
    outer loop
      vertex 11.715 35.34 2.4
      vertex 18.802 36.062 2.4
      vertex 18.868 36.126 2.4
    endloop
  endfacet
  facet normal -0 0 1
    outer loop
      vertex 10 45.4 2.4
      vertex 18.868 36.126 2.4
      vertex 34 45.4 2.4
    endloop
  endfacet
  facet normal 0 -0 1
    outer loop
      vertex 11.715 35.34 2.4
      vertex 18.868 36.126 2.4
      vertex 10 45.4 2.4
    endloop
  endfacet
  facet normal 0 0 1
    outer loop
      vertex 18.802 36.062 2.4
      vertex 12.895 34.552 2.4
      vertex 13.946 33.634 2.4
    endloop
  endfacet
  facet normal 0 0 1
    outer loop
      vertex 18.802 36.062 2.4
      vertex 11.715 35.34 2.4
      vertex 12.895 34.552 2.4
    endloop
  endfacet
  facet normal 0 0 1
    outer loop
      vertex 11.715 35.34 2.4
      vertex 10 45.4 2.4
      vertex 10.927 35.734 2.4
    endloop
  endfacet
  facet normal -0 -0 1
    outer loop
      vertex 10.336 35.996 2.4
      vertex 10.927 35.734 2.4
      vertex 10 45.4 2.4
    endloop
  endfacet
  facet normal 0 0 1
    outer loop
      vertex 10.927 35.734 2.4
      vertex 10.336 35.996 2.4
      vertex 10.796 35.734 2.4
    endloop
  endfacet
  facet normal 0 0 1
    outer loop
      vertex 10.336 35.996 2.4
      vertex 10 45.4 2.4
      vertex 9.549 36.258 2.4
    endloop
  endfacet
  facet normal 0.997858 -0.0654141 0
    outer loop
      vertex -48.6 36.2 3.2
      vertex -48.4939 37.8185 2.4
      vertex -48.4939 37.8185 3.2
    endloop
  endfacet
  facet normal 0.997858 -0.0654141 0
    outer loop
      vertex -48.4939 37.8185 2.4
      vertex -48.6 36.2 3.2
      vertex -48.6 36.2 2.4
    endloop
  endfacet
  facet normal 0.321439 0.94693 -0
    outer loop
      vertex -39.4093 -48.1775 2.4
      vertex -40.9453 -47.6561 3.2
      vertex -39.4093 -48.1775 3.2
    endloop
  endfacet
  facet normal 0.321439 0.94693 0
    outer loop
      vertex -40.9453 -47.6561 3.2
      vertex -39.4093 -48.1775 2.4
      vertex -40.9453 -47.6561 2.4
    endloop
  endfacet
  facet normal 0.831471 0.555568 0
    outer loop
      vertex -46.0376 -43.7486 3.2
      vertex -46.9387 -42.4 2.4
      vertex -46.9387 -42.4 3.2
    endloop
  endfacet
  facet normal 0.831471 0.555568 0
    outer loop
      vertex -46.9387 -42.4 2.4
      vertex -46.0376 -43.7486 3.2
      vertex -46.0376 -43.7486 2.4
    endloop
  endfacet
  facet normal -0.751831 -0.659355 0
    outer loop
      vertex 46.0376 43.7486 2.4
      vertex 44.9681 44.9681 3.2
      vertex 44.9681 44.9681 2.4
    endloop
  endfacet
  facet normal -0.751831 -0.659355 0
    outer loop
      vertex 44.9681 44.9681 3.2
      vertex 46.0376 43.7486 2.4
      vertex 46.0376 43.7486 3.2
    endloop
  endfacet
  facet normal 0.659355 0.751831 -0
    outer loop
      vertex -43.7486 -46.0376 2.4
      vertex -44.9681 -44.9681 3.2
      vertex -43.7486 -46.0376 3.2
    endloop
  endfacet
  facet normal 0.659355 0.751831 0
    outer loop
      vertex -44.9681 -44.9681 3.2
      vertex -43.7486 -46.0376 2.4
      vertex -44.9681 -44.9681 2.4
    endloop
  endfacet
  facet normal 0.831471 -0.555568 0
    outer loop
      vertex -46.9387 42.4 3.2
      vertex -46.0376 43.7486 2.4
      vertex -46.0376 43.7486 3.2
    endloop
  endfacet
  facet normal 0.831471 -0.555568 0
    outer loop
      vertex -46.0376 43.7486 2.4
      vertex -46.9387 42.4 3.2
      vertex -46.9387 42.4 2.4
    endloop
  endfacet
  facet normal -0.442299 0.896868 0
    outer loop
      vertex 42.4 -46.9387 2.4
      vertex 40.9453 -47.6561 3.2
      vertex 42.4 -46.9387 3.2
    endloop
  endfacet
  facet normal -0.442299 0.896868 0
    outer loop
      vertex 40.9453 -47.6561 3.2
      vertex 42.4 -46.9387 2.4
      vertex 40.9453 -47.6561 2.4
    endloop
  endfacet
  facet normal -0.555568 0.831471 0
    outer loop
      vertex 43.7486 -46.0376 2.4
      vertex 42.4 -46.9387 3.2
      vertex 43.7486 -46.0376 3.2
    endloop
  endfacet
  facet normal -0.555568 0.831471 0
    outer loop
      vertex 42.4 -46.9387 3.2
      vertex 43.7486 -46.0376 2.4
      vertex 42.4 -46.9387 2.4
    endloop
  endfacet
  facet normal 0.555568 0.831471 -0
    outer loop
      vertex -42.4 -46.9387 2.4
      vertex -43.7486 -46.0376 3.2
      vertex -42.4 -46.9387 3.2
    endloop
  endfacet
  facet normal 0.555568 0.831471 0
    outer loop
      vertex -43.7486 -46.0376 3.2
      vertex -42.4 -46.9387 2.4
      vertex -43.7486 -46.0376 2.4
    endloop
  endfacet
  facet normal -0.831471 0.555568 0
    outer loop
      vertex 46.0376 -43.7486 2.4
      vertex 46.9387 -42.4 3.2
      vertex 46.9387 -42.4 2.4
    endloop
  endfacet
  facet normal -0.831471 0.555568 0
    outer loop
      vertex 46.9387 -42.4 3.2
      vertex 46.0376 -43.7486 2.4
      vertex 46.0376 -43.7486 3.2
    endloop
  endfacet
  facet normal -0.195073 -0.980789 0
    outer loop
      vertex 37.8185 48.4939 2.4
      vertex 39.4093 48.1775 3.2
      vertex 37.8185 48.4939 3.2
    endloop
  endfacet
  facet normal -0.195073 -0.980789 -0
    outer loop
      vertex 39.4093 48.1775 3.2
      vertex 37.8185 48.4939 2.4
      vertex 39.4093 48.1775 2.4
    endloop
  endfacet
  facet normal -0.997858 -0.0654141 0
    outer loop
      vertex 48.6 36.2 2.4
      vertex 48.4939 37.8185 3.2
      vertex 48.4939 37.8185 2.4
    endloop
  endfacet
  facet normal -0.997858 -0.0654141 0
    outer loop
      vertex 48.4939 37.8185 3.2
      vertex 48.6 36.2 2.4
      vertex 48.6 36.2 3.2
    endloop
  endfacet
  facet normal 0.980789 -0.195073 0
    outer loop
      vertex -48.4939 37.8185 3.2
      vertex -48.1775 39.4093 2.4
      vertex -48.1775 39.4093 3.2
    endloop
  endfacet
  facet normal 0.980789 -0.195073 0
    outer loop
      vertex -48.1775 39.4093 2.4
      vertex -48.4939 37.8185 3.2
      vertex -48.4939 37.8185 2.4
    endloop
  endfacet
  facet normal 0.896868 -0.442299 0
    outer loop
      vertex -47.6561 40.9453 3.2
      vertex -46.9387 42.4 2.4
      vertex -46.9387 42.4 3.2
    endloop
  endfacet
  facet normal 0.896868 -0.442299 0
    outer loop
      vertex -46.9387 42.4 2.4
      vertex -47.6561 40.9453 3.2
      vertex -47.6561 40.9453 2.4
    endloop
  endfacet
  facet normal -0.980789 0.195073 0
    outer loop
      vertex 48.1775 -39.4093 2.4
      vertex 48.4939 -37.8185 3.2
      vertex 48.4939 -37.8185 2.4
    endloop
  endfacet
  facet normal -0.980789 0.195073 0
    outer loop
      vertex 48.4939 -37.8185 3.2
      vertex 48.1775 -39.4093 2.4
      vertex 48.1775 -39.4093 3.2
    endloop
  endfacet
  facet normal 0.442299 0.896868 -0
    outer loop
      vertex -40.9453 -47.6561 2.4
      vertex -42.4 -46.9387 3.2
      vertex -40.9453 -47.6561 3.2
    endloop
  endfacet
  facet normal 0.442299 0.896868 0
    outer loop
      vertex -42.4 -46.9387 3.2
      vertex -40.9453 -47.6561 2.4
      vertex -42.4 -46.9387 2.4
    endloop
  endfacet
  facet normal 0.442299 -0.896868 0
    outer loop
      vertex -42.4 46.9387 2.4
      vertex -40.9453 47.6561 3.2
      vertex -42.4 46.9387 3.2
    endloop
  endfacet
  facet normal 0.442299 -0.896868 0
    outer loop
      vertex -40.9453 47.6561 3.2
      vertex -42.4 46.9387 2.4
      vertex -40.9453 47.6561 2.4
    endloop
  endfacet
  facet normal -0.321439 -0.94693 0
    outer loop
      vertex 39.4093 48.1775 2.4
      vertex 40.9453 47.6561 3.2
      vertex 39.4093 48.1775 3.2
    endloop
  endfacet
  facet normal -0.321439 -0.94693 -0
    outer loop
      vertex 40.9453 47.6561 3.2
      vertex 39.4093 48.1775 2.4
      vertex 40.9453 47.6561 2.4
    endloop
  endfacet
  facet normal 0.751831 0.659355 0
    outer loop
      vertex -44.9681 -44.9681 3.2
      vertex -46.0376 -43.7486 2.4
      vertex -46.0376 -43.7486 3.2
    endloop
  endfacet
  facet normal 0.751831 0.659355 0
    outer loop
      vertex -46.0376 -43.7486 2.4
      vertex -44.9681 -44.9681 3.2
      vertex -44.9681 -44.9681 2.4
    endloop
  endfacet
  facet normal -0.831471 -0.555568 0
    outer loop
      vertex 46.9387 42.4 2.4
      vertex 46.0376 43.7486 3.2
      vertex 46.0376 43.7486 2.4
    endloop
  endfacet
  facet normal -0.831471 -0.555568 0
    outer loop
      vertex 46.0376 43.7486 3.2
      vertex 46.9387 42.4 2.4
      vertex 46.9387 42.4 3.2
    endloop
  endfacet
  facet normal 0 0 1
    outer loop
      vertex 34 -45.4 11.2
      vertex 30.6 -47.4 11.2
      vertex 34 -47.4 11.2
    endloop
  endfacet
  facet normal 0 0 1
    outer loop
      vertex 30.6 -47.4 11.2
      vertex 29.4 -47.4 11.2
      vertex 30.6 -47.8 11.2
    endloop
  endfacet
  facet normal 0 0 1
    outer loop
      vertex 34 -45.4 11.2
      vertex 29.4 -47.4 11.2
      vertex 30.6 -47.4 11.2
    endloop
  endfacet
  facet normal 0 0 1
    outer loop
      vertex 34 -45.4 11.2
      vertex 14.6 -47.4 11.2
      vertex 29.4 -47.4 11.2
    endloop
  endfacet
  facet normal 0 0 1
    outer loop
      vertex 14.6 -47.4 11.2
      vertex 13.4 -47.4 11.2
      vertex 14.6 -47.8 11.2
    endloop
  endfacet
  facet normal -0 0 1
    outer loop
      vertex 10 -45.4 11.2
      vertex 14.6 -47.4 11.2
      vertex 34 -45.4 11.2
    endloop
  endfacet
  facet normal 0 0 1
    outer loop
      vertex 14.6 -47.4 11.2
      vertex 10 -45.4 11.2
      vertex 13.4 -47.4 11.2
    endloop
  endfacet
  facet normal 0 0 1
    outer loop
      vertex 13.4 -47.4 11.2
      vertex 10 -45.4 11.2
      vertex 10 -47.4 11.2
    endloop
  endfacet
  facet normal 0 0 1
    outer loop
      vertex 30.6 -47.8 11.2
      vertex 29.4 -47.4 11.2
      vertex 29.4 -47.8 11.2
    endloop
  endfacet
  facet normal 0 0 1
    outer loop
      vertex 14.6 -47.8 11.2
      vertex 13.4 -47.4 11.2
      vertex 13.4 -47.8 11.2
    endloop
  endfacet
  facet normal 0 0 1
    outer loop
      vertex -10 -45.4 11.2
      vertex -13.4 -47.4 11.2
      vertex -10 -47.4 11.2
    endloop
  endfacet
  facet normal 0 0 1
    outer loop
      vertex -13.4 -47.4 11.2
      vertex -14.6 -47.4 11.2
      vertex -13.4 -47.8 11.2
    endloop
  endfacet
  facet normal 0 0 1
    outer loop
      vertex -10 -45.4 11.2
      vertex -14.6 -47.4 11.2
      vertex -13.4 -47.4 11.2
    endloop
  endfacet
  facet normal 0 0 1
    outer loop
      vertex -10 -45.4 11.2
      vertex -29.4 -47.4 11.2
      vertex -14.6 -47.4 11.2
    endloop
  endfacet
  facet normal 0 0 1
    outer loop
      vertex -29.4 -47.4 11.2
      vertex -30.6 -47.4 11.2
      vertex -29.4 -47.8 11.2
    endloop
  endfacet
  facet normal -0 0 1
    outer loop
      vertex -34 -45.4 11.2
      vertex -29.4 -47.4 11.2
      vertex -10 -45.4 11.2
    endloop
  endfacet
  facet normal 0 0 1
    outer loop
      vertex -29.4 -47.4 11.2
      vertex -34 -45.4 11.2
      vertex -30.6 -47.4 11.2
    endloop
  endfacet
  facet normal 0 0 1
    outer loop
      vertex -30.6 -47.4 11.2
      vertex -34 -45.4 11.2
      vertex -34 -47.4 11.2
    endloop
  endfacet
  facet normal 0 0 1
    outer loop
      vertex -13.4 -47.8 11.2
      vertex -14.6 -47.4 11.2
      vertex -14.6 -47.8 11.2
    endloop
  endfacet
  facet normal 0 0 1
    outer loop
      vertex -29.4 -47.8 11.2
      vertex -30.6 -47.4 11.2
      vertex -30.6 -47.8 11.2
    endloop
  endfacet
  facet normal -0 0 1
    outer loop
      vertex -47.8 -29.4 11.2
      vertex -47.4 -30.6 11.2
      vertex -47.4 -29.4 11.2
    endloop
  endfacet
  facet normal 0 0 1
    outer loop
      vertex -47.4 -30.6 11.2
      vertex -47.8 -29.4 11.2
      vertex -47.8 -30.6 11.2
    endloop
  endfacet
  facet normal -0 0 1
    outer loop
      vertex -47.8 -13.4 11.2
      vertex -47.4 -14.6 11.2
      vertex -47.4 -13.4 11.2
    endloop
  endfacet
  facet normal 0 0 1
    outer loop
      vertex -47.4 -14.6 11.2
      vertex -47.8 -13.4 11.2
      vertex -47.8 -14.6 11.2
    endloop
  endfacet
  facet normal 0 0 1
    outer loop
      vertex -47.4 -13.4 11.2
      vertex -45.4 -10 11.2
      vertex -47.4 -10 11.2
    endloop
  endfacet
  facet normal 0 0 1
    outer loop
      vertex -47.4 -14.6 11.2
      vertex -45.4 -10 11.2
      vertex -47.4 -13.4 11.2
    endloop
  endfacet
  facet normal 0 0 1
    outer loop
      vertex -45.4 -10 11.2
      vertex -47.4 -14.6 11.2
      vertex -45.4 -34 11.2
    endloop
  endfacet
  facet normal -0 0 1
    outer loop
      vertex -47.4 -29.4 11.2
      vertex -45.4 -34 11.2
      vertex -47.4 -14.6 11.2
    endloop
  endfacet
  facet normal -0 0 1
    outer loop
      vertex -47.4 -30.6 11.2
      vertex -45.4 -34 11.2
      vertex -47.4 -29.4 11.2
    endloop
  endfacet
  facet normal 0 0 1
    outer loop
      vertex -45.4 -34 11.2
      vertex -47.4 -30.6 11.2
      vertex -47.4 -34 11.2
    endloop
  endfacet
  facet normal -0 0 1
    outer loop
      vertex 45.4 -10 11.2
      vertex 47.4 -13.4 11.2
      vertex 47.4 -10 11.2
    endloop
  endfacet
  facet normal 0 0 1
    outer loop
      vertex 47.4 -13.4 11.2
      vertex 45.4 -10 11.2
      vertex 47.4 -14.6 11.2
    endloop
  endfacet
  facet normal 0 0 1
    outer loop
      vertex 47.4 -14.6 11.2
      vertex 45.4 -10 11.2
      vertex 47.4 -29.4 11.2
    endloop
  endfacet
  facet normal 0 0 1
    outer loop
      vertex 45.4 -34 11.2
      vertex 47.4 -29.4 11.2
      vertex 45.4 -10 11.2
    endloop
  endfacet
  facet normal 0 0 1
    outer loop
      vertex 47.4 -29.4 11.2
      vertex 45.4 -34 11.2
      vertex 47.4 -30.6 11.2
    endloop
  endfacet
  facet normal 0 0 1
    outer loop
      vertex 47.4 -30.6 11.2
      vertex 45.4 -34 11.2
      vertex 47.4 -34 11.2
    endloop
  endfacet
  facet normal -0 0 1
    outer loop
      vertex 47.4 -13.4 11.2
      vertex 47.8 -14.6 11.2
      vertex 47.8 -13.4 11.2
    endloop
  endfacet
  facet normal 0 0 1
    outer loop
      vertex 47.8 -14.6 11.2
      vertex 47.4 -13.4 11.2
      vertex 47.4 -14.6 11.2
    endloop
  endfacet
  facet normal -0 0 1
    outer loop
      vertex 47.4 -29.4 11.2
      vertex 47.8 -30.6 11.2
      vertex 47.8 -29.4 11.2
    endloop
  endfacet
  facet normal 0 0 1
    outer loop
      vertex 47.8 -30.6 11.2
      vertex 47.4 -29.4 11.2
      vertex 47.4 -30.6 11.2
    endloop
  endfacet
  facet normal -0 0 1
    outer loop
      vertex 45.4 34 11.2
      vertex 47.4 30.6 11.2
      vertex 47.4 34 11.2
    endloop
  endfacet
  facet normal 0 0 1
    outer loop
      vertex 47.4 30.6 11.2
      vertex 45.4 34 11.2
      vertex 47.4 29.4 11.2
    endloop
  endfacet
  facet normal 0 0 1
    outer loop
      vertex 47.4 29.4 11.2
      vertex 45.4 34 11.2
      vertex 47.4 14.6 11.2
    endloop
  endfacet
  facet normal 0 0 1
    outer loop
      vertex 45.4 10 11.2
      vertex 47.4 14.6 11.2
      vertex 45.4 34 11.2
    endloop
  endfacet
  facet normal 0 0 1
    outer loop
      vertex 47.4 14.6 11.2
      vertex 45.4 10 11.2
      vertex 47.4 13.4 11.2
    endloop
  endfacet
  facet normal 0 0 1
    outer loop
      vertex 47.4 13.4 11.2
      vertex 45.4 10 11.2
      vertex 47.4 10 11.2
    endloop
  endfacet
  facet normal -0 0 1
    outer loop
      vertex 47.4 30.6 11.2
      vertex 47.8 29.4 11.2
      vertex 47.8 30.6 11.2
    endloop
  endfacet
  facet normal 0 0 1
    outer loop
      vertex 47.8 29.4 11.2
      vertex 47.4 30.6 11.2
      vertex 47.4 29.4 11.2
    endloop
  endfacet
  facet normal -0 0 1
    outer loop
      vertex 47.4 14.6 11.2
      vertex 47.8 13.4 11.2
      vertex 47.8 14.6 11.2
    endloop
  endfacet
  facet normal 0 0 1
    outer loop
      vertex 47.8 13.4 11.2
      vertex 47.4 14.6 11.2
      vertex 47.4 13.4 11.2
    endloop
  endfacet
  facet normal 0 0 1
    outer loop
      vertex 14.6 47.8 11.2
      vertex 13.4 47.8 11.2
      vertex 14.6 47.4 11.2
    endloop
  endfacet
  facet normal 0 0 1
    outer loop
      vertex 30.6 47.8 11.2
      vertex 29.4 47.8 11.2
      vertex 30.6 47.4 11.2
    endloop
  endfacet
  facet normal -0 0 1
    outer loop
      vertex 30.6 47.4 11.2
      vertex 34 45.4 11.2
      vertex 34 47.4 11.2
    endloop
  endfacet
  facet normal 0 0 1
    outer loop
      vertex 29.4 47.4 11.2
      vertex 30.6 47.4 11.2
      vertex 29.4 47.8 11.2
    endloop
  endfacet
  facet normal 0 0 1
    outer loop
      vertex 30.6 47.4 11.2
      vertex 29.4 47.4 11.2
      vertex 34 45.4 11.2
    endloop
  endfacet
  facet normal -0 0 1
    outer loop
      vertex 14.6 47.4 11.2
      vertex 34 45.4 11.2
      vertex 29.4 47.4 11.2
    endloop
  endfacet
  facet normal 0 0 1
    outer loop
      vertex 13.4 47.4 11.2
      vertex 14.6 47.4 11.2
      vertex 13.4 47.8 11.2
    endloop
  endfacet
  facet normal 0 0 1
    outer loop
      vertex 10 45.4 11.2
      vertex 14.6 47.4 11.2
      vertex 13.4 47.4 11.2
    endloop
  endfacet
  facet normal 0 0 1
    outer loop
      vertex 10 45.4 11.2
      vertex 13.4 47.4 11.2
      vertex 10 47.4 11.2
    endloop
  endfacet
  facet normal 0 0 1
    outer loop
      vertex 14.6 47.4 11.2
      vertex 10 45.4 11.2
      vertex 34 45.4 11.2
    endloop
  endfacet
  facet normal -0 0 1
    outer loop
      vertex -47.8 14.6 11.2
      vertex -47.4 13.4 11.2
      vertex -47.4 14.6 11.2
    endloop
  endfacet
  facet normal 0 0 1
    outer loop
      vertex -47.4 13.4 11.2
      vertex -47.8 14.6 11.2
      vertex -47.8 13.4 11.2
    endloop
  endfacet
  facet normal -0 0 1
    outer loop
      vertex -47.8 30.6 11.2
      vertex -47.4 29.4 11.2
      vertex -47.4 30.6 11.2
    endloop
  endfacet
  facet normal 0 0 1
    outer loop
      vertex -47.4 29.4 11.2
      vertex -47.8 30.6 11.2
      vertex -47.8 29.4 11.2
    endloop
  endfacet
  facet normal 0 0 1
    outer loop
      vertex -47.4 30.6 11.2
      vertex -45.4 34 11.2
      vertex -47.4 34 11.2
    endloop
  endfacet
  facet normal 0 0 1
    outer loop
      vertex -47.4 29.4 11.2
      vertex -45.4 34 11.2
      vertex -47.4 30.6 11.2
    endloop
  endfacet
  facet normal 0 0 1
    outer loop
      vertex -45.4 34 11.2
      vertex -47.4 29.4 11.2
      vertex -45.4 10 11.2
    endloop
  endfacet
  facet normal -0 0 1
    outer loop
      vertex -47.4 14.6 11.2
      vertex -45.4 10 11.2
      vertex -47.4 29.4 11.2
    endloop
  endfacet
  facet normal -0 0 1
    outer loop
      vertex -47.4 13.4 11.2
      vertex -45.4 10 11.2
      vertex -47.4 14.6 11.2
    endloop
  endfacet
  facet normal 0 0 1
    outer loop
      vertex -45.4 10 11.2
      vertex -47.4 13.4 11.2
      vertex -47.4 10 11.2
    endloop
  endfacet
  facet normal 0 0 1
    outer loop
      vertex -29.4 47.8 11.2
      vertex -30.6 47.8 11.2
      vertex -29.4 47.4 11.2
    endloop
  endfacet
  facet normal 0 0 1
    outer loop
      vertex -13.4 47.8 11.2
      vertex -14.6 47.8 11.2
      vertex -13.4 47.4 11.2
    endloop
  endfacet
  facet normal -0 0 1
    outer loop
      vertex -13.4 47.4 11.2
      vertex -10 45.4 11.2
      vertex -10 47.4 11.2
    endloop
  endfacet
  facet normal 0 0 1
    outer loop
      vertex -14.6 47.4 11.2
      vertex -13.4 47.4 11.2
      vertex -14.6 47.8 11.2
    endloop
  endfacet
  facet normal 0 0 1
    outer loop
      vertex -13.4 47.4 11.2
      vertex -14.6 47.4 11.2
      vertex -10 45.4 11.2
    endloop
  endfacet
  facet normal -0 0 1
    outer loop
      vertex -29.4 47.4 11.2
      vertex -10 45.4 11.2
      vertex -14.6 47.4 11.2
    endloop
  endfacet
  facet normal 0 0 1
    outer loop
      vertex -30.6 47.4 11.2
      vertex -29.4 47.4 11.2
      vertex -30.6 47.8 11.2
    endloop
  endfacet
  facet normal 0 0 1
    outer loop
      vertex -34 45.4 11.2
      vertex -29.4 47.4 11.2
      vertex -30.6 47.4 11.2
    endloop
  endfacet
  facet normal 0 0 1
    outer loop
      vertex -34 45.4 11.2
      vertex -30.6 47.4 11.2
      vertex -34 47.4 11.2
    endloop
  endfacet
  facet normal 0 0 1
    outer loop
      vertex -29.4 47.4 11.2
      vertex -34 45.4 11.2
      vertex -10 45.4 11.2
    endloop
  endfacet
  facet normal 0 -1 0
    outer loop
      vertex 30.6 -47.4 2.4
      vertex 34 -47.4 11.2
      vertex 30.6 -47.4 11.2
    endloop
  endfacet
  facet normal 0 -1 -0
    outer loop
      vertex 34 -47.4 11.2
      vertex 30.6 -47.4 2.4
      vertex 34 -47.4 2.4
    endloop
  endfacet
  facet normal 1 -0 0
    outer loop
      vertex 30.6 -47.8 11.2
      vertex 30.6 -47.4 2.4
      vertex 30.6 -47.4 11.2
    endloop
  endfacet
  facet normal 1 0 0
    outer loop
      vertex 30.6 -47.4 2.4
      vertex 30.6 -47.8 11.2
      vertex 30.6 -47.8 2.4
    endloop
  endfacet
  facet normal 0 -1 0
    outer loop
      vertex 29.4 -47.8 2.4
      vertex 30.6 -47.8 11.2
      vertex 29.4 -47.8 11.2
    endloop
  endfacet
  facet normal 0 -1 -0
    outer loop
      vertex 30.6 -47.8 11.2
      vertex 29.4 -47.8 2.4
      vertex 30.6 -47.8 2.4
    endloop
  endfacet
  facet normal -1 0 0
    outer loop
      vertex 29.4 -47.8 2.4
      vertex 29.4 -47.4 11.2
      vertex 29.4 -47.4 2.4
    endloop
  endfacet
  facet normal -1 -0 0
    outer loop
      vertex 29.4 -47.4 11.2
      vertex 29.4 -47.8 2.4
      vertex 29.4 -47.8 11.2
    endloop
  endfacet
  facet normal 0 -1 0
    outer loop
      vertex 14.6 -47.4 2.4
      vertex 29.4 -47.4 11.2
      vertex 14.6 -47.4 11.2
    endloop
  endfacet
  facet normal 0 -1 -0
    outer loop
      vertex 29.4 -47.4 11.2
      vertex 14.6 -47.4 2.4
      vertex 29.4 -47.4 2.4
    endloop
  endfacet
  facet normal 1 -0 0
    outer loop
      vertex 14.6 -47.8 11.2
      vertex 14.6 -47.4 2.4
      vertex 14.6 -47.4 11.2
    endloop
  endfacet
  facet normal 1 0 0
    outer loop
      vertex 14.6 -47.4 2.4
      vertex 14.6 -47.8 11.2
      vertex 14.6 -47.8 2.4
    endloop
  endfacet
  facet normal 0 -1 0
    outer loop
      vertex 13.4 -47.8 2.4
      vertex 14.6 -47.8 11.2
      vertex 13.4 -47.8 11.2
    endloop
  endfacet
  facet normal 0 -1 -0
    outer loop
      vertex 14.6 -47.8 11.2
      vertex 13.4 -47.8 2.4
      vertex 14.6 -47.8 2.4
    endloop
  endfacet
  facet normal -1 0 0
    outer loop
      vertex 13.4 -47.8 2.4
      vertex 13.4 -47.4 11.2
      vertex 13.4 -47.4 2.4
    endloop
  endfacet
  facet normal -1 -0 0
    outer loop
      vertex 13.4 -47.4 11.2
      vertex 13.4 -47.8 2.4
      vertex 13.4 -47.8 11.2
    endloop
  endfacet
  facet normal 0 -1 0
    outer loop
      vertex 10 -47.4 2.4
      vertex 13.4 -47.4 11.2
      vertex 10 -47.4 11.2
    endloop
  endfacet
  facet normal 0 -1 -0
    outer loop
      vertex 13.4 -47.4 11.2
      vertex 10 -47.4 2.4
      vertex 13.4 -47.4 2.4
    endloop
  endfacet
  facet normal -1 0 0
    outer loop
      vertex 10 -47.4 2.4
      vertex 10 -45.4 11.2
      vertex 10 -45.4 2.4
    endloop
  endfacet
  facet normal -1 -0 0
    outer loop
      vertex 10 -45.4 11.2
      vertex 10 -47.4 2.4
      vertex 10 -47.4 11.2
    endloop
  endfacet
  facet normal 0 1 -0
    outer loop
      vertex 34 -45.4 2.4
      vertex 10 -45.4 11.2
      vertex 34 -45.4 11.2
    endloop
  endfacet
  facet normal 0 1 0
    outer loop
      vertex 10 -45.4 11.2
      vertex 34 -45.4 2.4
      vertex 10 -45.4 2.4
    endloop
  endfacet
  facet normal 1 -0 0
    outer loop
      vertex 34 -47.4 11.2
      vertex 34 -45.4 2.4
      vertex 34 -45.4 11.2
    endloop
  endfacet
  facet normal 1 0 0
    outer loop
      vertex 34 -45.4 2.4
      vertex 34 -47.4 11.2
      vertex 34 -47.4 2.4
    endloop
  endfacet
  facet normal 0 -1 0
    outer loop
      vertex -13.4 -47.4 2.4
      vertex -10 -47.4 11.2
      vertex -13.4 -47.4 11.2
    endloop
  endfacet
  facet normal 0 -1 -0
    outer loop
      vertex -10 -47.4 11.2
      vertex -13.4 -47.4 2.4
      vertex -10 -47.4 2.4
    endloop
  endfacet
  facet normal 1 -0 0
    outer loop
      vertex -13.4 -47.8 11.2
      vertex -13.4 -47.4 2.4
      vertex -13.4 -47.4 11.2
    endloop
  endfacet
  facet normal 1 0 0
    outer loop
      vertex -13.4 -47.4 2.4
      vertex -13.4 -47.8 11.2
      vertex -13.4 -47.8 2.4
    endloop
  endfacet
  facet normal 0 -1 0
    outer loop
      vertex -14.6 -47.8 2.4
      vertex -13.4 -47.8 11.2
      vertex -14.6 -47.8 11.2
    endloop
  endfacet
  facet normal 0 -1 -0
    outer loop
      vertex -13.4 -47.8 11.2
      vertex -14.6 -47.8 2.4
      vertex -13.4 -47.8 2.4
    endloop
  endfacet
  facet normal -1 0 0
    outer loop
      vertex -14.6 -47.8 2.4
      vertex -14.6 -47.4 11.2
      vertex -14.6 -47.4 2.4
    endloop
  endfacet
  facet normal -1 -0 0
    outer loop
      vertex -14.6 -47.4 11.2
      vertex -14.6 -47.8 2.4
      vertex -14.6 -47.8 11.2
    endloop
  endfacet
  facet normal 0 -1 0
    outer loop
      vertex -29.4 -47.4 2.4
      vertex -14.6 -47.4 11.2
      vertex -29.4 -47.4 11.2
    endloop
  endfacet
  facet normal 0 -1 -0
    outer loop
      vertex -14.6 -47.4 11.2
      vertex -29.4 -47.4 2.4
      vertex -14.6 -47.4 2.4
    endloop
  endfacet
  facet normal 1 -0 0
    outer loop
      vertex -29.4 -47.8 11.2
      vertex -29.4 -47.4 2.4
      vertex -29.4 -47.4 11.2
    endloop
  endfacet
  facet normal 1 0 0
    outer loop
      vertex -29.4 -47.4 2.4
      vertex -29.4 -47.8 11.2
      vertex -29.4 -47.8 2.4
    endloop
  endfacet
  facet normal 0 -1 0
    outer loop
      vertex -30.6 -47.8 2.4
      vertex -29.4 -47.8 11.2
      vertex -30.6 -47.8 11.2
    endloop
  endfacet
  facet normal 0 -1 -0
    outer loop
      vertex -29.4 -47.8 11.2
      vertex -30.6 -47.8 2.4
      vertex -29.4 -47.8 2.4
    endloop
  endfacet
  facet normal -1 0 0
    outer loop
      vertex -30.6 -47.8 2.4
      vertex -30.6 -47.4 11.2
      vertex -30.6 -47.4 2.4
    endloop
  endfacet
  facet normal -1 -0 0
    outer loop
      vertex -30.6 -47.4 11.2
      vertex -30.6 -47.8 2.4
      vertex -30.6 -47.8 11.2
    endloop
  endfacet
  facet normal 0 -1 0
    outer loop
      vertex -34 -47.4 2.4
      vertex -30.6 -47.4 11.2
      vertex -34 -47.4 11.2
    endloop
  endfacet
  facet normal 0 -1 -0
    outer loop
      vertex -30.6 -47.4 11.2
      vertex -34 -47.4 2.4
      vertex -30.6 -47.4 2.4
    endloop
  endfacet
  facet normal -1 0 0
    outer loop
      vertex -34 -47.4 2.4
      vertex -34 -45.4 11.2
      vertex -34 -45.4 2.4
    endloop
  endfacet
  facet normal -1 -0 0
    outer loop
      vertex -34 -45.4 11.2
      vertex -34 -47.4 2.4
      vertex -34 -47.4 11.2
    endloop
  endfacet
  facet normal 0 1 -0
    outer loop
      vertex -10 -45.4 2.4
      vertex -34 -45.4 11.2
      vertex -10 -45.4 11.2
    endloop
  endfacet
  facet normal 0 1 0
    outer loop
      vertex -34 -45.4 11.2
      vertex -10 -45.4 2.4
      vertex -34 -45.4 2.4
    endloop
  endfacet
  facet normal 1 -0 0
    outer loop
      vertex -10 -47.4 11.2
      vertex -10 -45.4 2.4
      vertex -10 -45.4 11.2
    endloop
  endfacet
  facet normal 1 0 0
    outer loop
      vertex -10 -45.4 2.4
      vertex -10 -47.4 11.2
      vertex -10 -47.4 2.4
    endloop
  endfacet
  facet normal 0 -1 0
    outer loop
      vertex -47.4 -34 2.4
      vertex -45.4 -34 11.2
      vertex -47.4 -34 11.2
    endloop
  endfacet
  facet normal 0 -1 -0
    outer loop
      vertex -45.4 -34 11.2
      vertex -47.4 -34 2.4
      vertex -45.4 -34 2.4
    endloop
  endfacet
  facet normal -1 0 0
    outer loop
      vertex -47.4 -34 2.4
      vertex -47.4 -30.6 11.2
      vertex -47.4 -30.6 2.4
    endloop
  endfacet
  facet normal -1 -0 0
    outer loop
      vertex -47.4 -30.6 11.2
      vertex -47.4 -34 2.4
      vertex -47.4 -34 11.2
    endloop
  endfacet
  facet normal 0 -1 0
    outer loop
      vertex -47.8 -30.6 2.4
      vertex -47.4 -30.6 11.2
      vertex -47.8 -30.6 11.2
    endloop
  endfacet
  facet normal 0 -1 -0
    outer loop
      vertex -47.4 -30.6 11.2
      vertex -47.8 -30.6 2.4
      vertex -47.4 -30.6 2.4
    endloop
  endfacet
  facet normal -1 0 0
    outer loop
      vertex -47.8 -30.6 2.4
      vertex -47.8 -29.4 11.2
      vertex -47.8 -29.4 2.4
    endloop
  endfacet
  facet normal -1 -0 0
    outer loop
      vertex -47.8 -29.4 11.2
      vertex -47.8 -30.6 2.4
      vertex -47.8 -30.6 11.2
    endloop
  endfacet
  facet normal 0 1 -0
    outer loop
      vertex -47.4 -29.4 2.4
      vertex -47.8 -29.4 11.2
      vertex -47.4 -29.4 11.2
    endloop
  endfacet
  facet normal 0 1 0
    outer loop
      vertex -47.8 -29.4 11.2
      vertex -47.4 -29.4 2.4
      vertex -47.8 -29.4 2.4
    endloop
  endfacet
  facet normal -1 0 0
    outer loop
      vertex -47.4 -29.4 2.4
      vertex -47.4 -14.6 11.2
      vertex -47.4 -14.6 2.4
    endloop
  endfacet
  facet normal -1 -0 0
    outer loop
      vertex -47.4 -14.6 11.2
      vertex -47.4 -29.4 2.4
      vertex -47.4 -29.4 11.2
    endloop
  endfacet
  facet normal 0 -1 0
    outer loop
      vertex -47.8 -14.6 2.4
      vertex -47.4 -14.6 11.2
      vertex -47.8 -14.6 11.2
    endloop
  endfacet
  facet normal 0 -1 -0
    outer loop
      vertex -47.4 -14.6 11.2
      vertex -47.8 -14.6 2.4
      vertex -47.4 -14.6 2.4
    endloop
  endfacet
  facet normal -1 0 0
    outer loop
      vertex -47.8 -14.6 2.4
      vertex -47.8 -13.4 11.2
      vertex -47.8 -13.4 2.4
    endloop
  endfacet
  facet normal -1 -0 0
    outer loop
      vertex -47.8 -13.4 11.2
      vertex -47.8 -14.6 2.4
      vertex -47.8 -14.6 11.2
    endloop
  endfacet
  facet normal 0 1 -0
    outer loop
      vertex -47.4 -13.4 2.4
      vertex -47.8 -13.4 11.2
      vertex -47.4 -13.4 11.2
    endloop
  endfacet
  facet normal 0 1 0
    outer loop
      vertex -47.8 -13.4 11.2
      vertex -47.4 -13.4 2.4
      vertex -47.8 -13.4 2.4
    endloop
  endfacet
  facet normal -1 0 0
    outer loop
      vertex -47.4 -13.4 2.4
      vertex -47.4 -10 11.2
      vertex -47.4 -10 2.4
    endloop
  endfacet
  facet normal -1 -0 0
    outer loop
      vertex -47.4 -10 11.2
      vertex -47.4 -13.4 2.4
      vertex -47.4 -13.4 11.2
    endloop
  endfacet
  facet normal 0 1 -0
    outer loop
      vertex -45.4 -10 2.4
      vertex -47.4 -10 11.2
      vertex -45.4 -10 11.2
    endloop
  endfacet
  facet normal 0 1 0
    outer loop
      vertex -47.4 -10 11.2
      vertex -45.4 -10 2.4
      vertex -47.4 -10 2.4
    endloop
  endfacet
  facet normal 1 -0 0
    outer loop
      vertex -45.4 -34 11.2
      vertex -45.4 -10 2.4
      vertex -45.4 -10 11.2
    endloop
  endfacet
  facet normal 1 0 0
    outer loop
      vertex -45.4 -10 2.4
      vertex -45.4 -34 11.2
      vertex -45.4 -34 2.4
    endloop
  endfacet
  facet normal 0 1 -0
    outer loop
      vertex 47.8 -13.4 2.4
      vertex 47.4 -13.4 11.2
      vertex 47.8 -13.4 11.2
    endloop
  endfacet
  facet normal 0 1 0
    outer loop
      vertex 47.4 -13.4 11.2
      vertex 47.8 -13.4 2.4
      vertex 47.4 -13.4 2.4
    endloop
  endfacet
  facet normal 1 -0 0
    outer loop
      vertex 47.8 -14.6 11.2
      vertex 47.8 -13.4 2.4
      vertex 47.8 -13.4 11.2
    endloop
  endfacet
  facet normal 1 0 0
    outer loop
      vertex 47.8 -13.4 2.4
      vertex 47.8 -14.6 11.2
      vertex 47.8 -14.6 2.4
    endloop
  endfacet
  facet normal 0 -1 0
    outer loop
      vertex 47.4 -14.6 2.4
      vertex 47.8 -14.6 11.2
      vertex 47.4 -14.6 11.2
    endloop
  endfacet
  facet normal 0 -1 -0
    outer loop
      vertex 47.8 -14.6 11.2
      vertex 47.4 -14.6 2.4
      vertex 47.8 -14.6 2.4
    endloop
  endfacet
  facet normal 1 -0 0
    outer loop
      vertex 47.4 -29.4 11.2
      vertex 47.4 -14.6 2.4
      vertex 47.4 -14.6 11.2
    endloop
  endfacet
  facet normal 1 0 0
    outer loop
      vertex 47.4 -14.6 2.4
      vertex 47.4 -29.4 11.2
      vertex 47.4 -29.4 2.4
    endloop
  endfacet
  facet normal 0 1 -0
    outer loop
      vertex 47.8 -29.4 2.4
      vertex 47.4 -29.4 11.2
      vertex 47.8 -29.4 11.2
    endloop
  endfacet
  facet normal 0 1 0
    outer loop
      vertex 47.4 -29.4 11.2
      vertex 47.8 -29.4 2.4
      vertex 47.4 -29.4 2.4
    endloop
  endfacet
  facet normal 1 -0 0
    outer loop
      vertex 47.8 -30.6 11.2
      vertex 47.8 -29.4 2.4
      vertex 47.8 -29.4 11.2
    endloop
  endfacet
  facet normal 1 0 0
    outer loop
      vertex 47.8 -29.4 2.4
      vertex 47.8 -30.6 11.2
      vertex 47.8 -30.6 2.4
    endloop
  endfacet
  facet normal 0 -1 0
    outer loop
      vertex 47.4 -30.6 2.4
      vertex 47.8 -30.6 11.2
      vertex 47.4 -30.6 11.2
    endloop
  endfacet
  facet normal 0 -1 -0
    outer loop
      vertex 47.8 -30.6 11.2
      vertex 47.4 -30.6 2.4
      vertex 47.8 -30.6 2.4
    endloop
  endfacet
  facet normal 1 -0 0
    outer loop
      vertex 47.4 -34 11.2
      vertex 47.4 -30.6 2.4
      vertex 47.4 -30.6 11.2
    endloop
  endfacet
  facet normal 1 0 0
    outer loop
      vertex 47.4 -30.6 2.4
      vertex 47.4 -34 11.2
      vertex 47.4 -34 2.4
    endloop
  endfacet
  facet normal 0 -1 0
    outer loop
      vertex 45.4 -34 2.4
      vertex 47.4 -34 11.2
      vertex 45.4 -34 11.2
    endloop
  endfacet
  facet normal 0 -1 -0
    outer loop
      vertex 47.4 -34 11.2
      vertex 45.4 -34 2.4
      vertex 47.4 -34 2.4
    endloop
  endfacet
  facet normal -1 0 0
    outer loop
      vertex 45.4 -34 2.4
      vertex 45.4 -10 11.2
      vertex 45.4 -10 2.4
    endloop
  endfacet
  facet normal -1 -0 0
    outer loop
      vertex 45.4 -10 11.2
      vertex 45.4 -34 2.4
      vertex 45.4 -34 11.2
    endloop
  endfacet
  facet normal 0 1 -0
    outer loop
      vertex 47.4 -10 2.4
      vertex 45.4 -10 11.2
      vertex 47.4 -10 11.2
    endloop
  endfacet
  facet normal 0 1 0
    outer loop
      vertex 45.4 -10 11.2
      vertex 47.4 -10 2.4
      vertex 45.4 -10 2.4
    endloop
  endfacet
  facet normal 1 -0 0
    outer loop
      vertex 47.4 -13.4 11.2
      vertex 47.4 -10 2.4
      vertex 47.4 -10 11.2
    endloop
  endfacet
  facet normal 1 0 0
    outer loop
      vertex 47.4 -10 2.4
      vertex 47.4 -13.4 11.2
      vertex 47.4 -13.4 2.4
    endloop
  endfacet
  facet normal 0 1 -0
    outer loop
      vertex 47.8 30.6 2.4
      vertex 47.4 30.6 11.2
      vertex 47.8 30.6 11.2
    endloop
  endfacet
  facet normal 0 1 0
    outer loop
      vertex 47.4 30.6 11.2
      vertex 47.8 30.6 2.4
      vertex 47.4 30.6 2.4
    endloop
  endfacet
  facet normal 1 -0 0
    outer loop
      vertex 47.8 29.4 11.2
      vertex 47.8 30.6 2.4
      vertex 47.8 30.6 11.2
    endloop
  endfacet
  facet normal 1 0 0
    outer loop
      vertex 47.8 30.6 2.4
      vertex 47.8 29.4 11.2
      vertex 47.8 29.4 2.4
    endloop
  endfacet
  facet normal 0 -1 0
    outer loop
      vertex 47.4 29.4 2.4
      vertex 47.8 29.4 11.2
      vertex 47.4 29.4 11.2
    endloop
  endfacet
  facet normal 0 -1 -0
    outer loop
      vertex 47.8 29.4 11.2
      vertex 47.4 29.4 2.4
      vertex 47.8 29.4 2.4
    endloop
  endfacet
  facet normal 1 -0 0
    outer loop
      vertex 47.4 14.6 11.2
      vertex 47.4 29.4 2.4
      vertex 47.4 29.4 11.2
    endloop
  endfacet
  facet normal 1 0 0
    outer loop
      vertex 47.4 29.4 2.4
      vertex 47.4 14.6 11.2
      vertex 47.4 14.6 2.4
    endloop
  endfacet
  facet normal 0 1 -0
    outer loop
      vertex 47.8 14.6 2.4
      vertex 47.4 14.6 11.2
      vertex 47.8 14.6 11.2
    endloop
  endfacet
  facet normal 0 1 0
    outer loop
      vertex 47.4 14.6 11.2
      vertex 47.8 14.6 2.4
      vertex 47.4 14.6 2.4
    endloop
  endfacet
  facet normal 1 -0 0
    outer loop
      vertex 47.8 13.4 11.2
      vertex 47.8 14.6 2.4
      vertex 47.8 14.6 11.2
    endloop
  endfacet
  facet normal 1 0 0
    outer loop
      vertex 47.8 14.6 2.4
      vertex 47.8 13.4 11.2
      vertex 47.8 13.4 2.4
    endloop
  endfacet
  facet normal 0 -1 0
    outer loop
      vertex 47.4 13.4 2.4
      vertex 47.8 13.4 11.2
      vertex 47.4 13.4 11.2
    endloop
  endfacet
  facet normal 0 -1 -0
    outer loop
      vertex 47.8 13.4 11.2
      vertex 47.4 13.4 2.4
      vertex 47.8 13.4 2.4
    endloop
  endfacet
  facet normal 1 -0 0
    outer loop
      vertex 47.4 10 11.2
      vertex 47.4 13.4 2.4
      vertex 47.4 13.4 11.2
    endloop
  endfacet
  facet normal 1 0 0
    outer loop
      vertex 47.4 13.4 2.4
      vertex 47.4 10 11.2
      vertex 47.4 10 2.4
    endloop
  endfacet
  facet normal 0 -1 0
    outer loop
      vertex 45.4 10 2.4
      vertex 47.4 10 11.2
      vertex 45.4 10 11.2
    endloop
  endfacet
  facet normal 0 -1 -0
    outer loop
      vertex 47.4 10 11.2
      vertex 45.4 10 2.4
      vertex 47.4 10 2.4
    endloop
  endfacet
  facet normal -1 0 0
    outer loop
      vertex 45.4 10 2.4
      vertex 45.4 34 11.2
      vertex 45.4 34 2.4
    endloop
  endfacet
  facet normal -1 -0 0
    outer loop
      vertex 45.4 34 11.2
      vertex 45.4 10 2.4
      vertex 45.4 10 11.2
    endloop
  endfacet
  facet normal 0 1 -0
    outer loop
      vertex 47.4 34 2.4
      vertex 45.4 34 11.2
      vertex 47.4 34 11.2
    endloop
  endfacet
  facet normal 0 1 0
    outer loop
      vertex 45.4 34 11.2
      vertex 47.4 34 2.4
      vertex 45.4 34 2.4
    endloop
  endfacet
  facet normal 1 -0 0
    outer loop
      vertex 47.4 30.6 11.2
      vertex 47.4 34 2.4
      vertex 47.4 34 11.2
    endloop
  endfacet
  facet normal 1 0 0
    outer loop
      vertex 47.4 34 2.4
      vertex 47.4 30.6 11.2
      vertex 47.4 30.6 2.4
    endloop
  endfacet
  facet normal 0 -1 0
    outer loop
      vertex -47.4 10 2.4
      vertex -45.4 10 11.2
      vertex -47.4 10 11.2
    endloop
  endfacet
  facet normal 0 -1 -0
    outer loop
      vertex -45.4 10 11.2
      vertex -47.4 10 2.4
      vertex -45.4 10 2.4
    endloop
  endfacet
  facet normal -1 0 0
    outer loop
      vertex -47.4 10 2.4
      vertex -47.4 13.4 11.2
      vertex -47.4 13.4 2.4
    endloop
  endfacet
  facet normal -1 -0 0
    outer loop
      vertex -47.4 13.4 11.2
      vertex -47.4 10 2.4
      vertex -47.4 10 11.2
    endloop
  endfacet
  facet normal 0 -1 0
    outer loop
      vertex -47.8 13.4 2.4
      vertex -47.4 13.4 11.2
      vertex -47.8 13.4 11.2
    endloop
  endfacet
  facet normal 0 -1 -0
    outer loop
      vertex -47.4 13.4 11.2
      vertex -47.8 13.4 2.4
      vertex -47.4 13.4 2.4
    endloop
  endfacet
  facet normal -1 0 0
    outer loop
      vertex -47.8 13.4 2.4
      vertex -47.8 14.6 11.2
      vertex -47.8 14.6 2.4
    endloop
  endfacet
  facet normal -1 -0 0
    outer loop
      vertex -47.8 14.6 11.2
      vertex -47.8 13.4 2.4
      vertex -47.8 13.4 11.2
    endloop
  endfacet
  facet normal 0 1 -0
    outer loop
      vertex -47.4 14.6 2.4
      vertex -47.8 14.6 11.2
      vertex -47.4 14.6 11.2
    endloop
  endfacet
  facet normal 0 1 0
    outer loop
      vertex -47.8 14.6 11.2
      vertex -47.4 14.6 2.4
      vertex -47.8 14.6 2.4
    endloop
  endfacet
  facet normal -1 0 0
    outer loop
      vertex -47.4 14.6 2.4
      vertex -47.4 29.4 11.2
      vertex -47.4 29.4 2.4
    endloop
  endfacet
  facet normal -1 -0 0
    outer loop
      vertex -47.4 29.4 11.2
      vertex -47.4 14.6 2.4
      vertex -47.4 14.6 11.2
    endloop
  endfacet
  facet normal 0 -1 0
    outer loop
      vertex -47.8 29.4 2.4
      vertex -47.4 29.4 11.2
      vertex -47.8 29.4 11.2
    endloop
  endfacet
  facet normal 0 -1 -0
    outer loop
      vertex -47.4 29.4 11.2
      vertex -47.8 29.4 2.4
      vertex -47.4 29.4 2.4
    endloop
  endfacet
  facet normal -1 0 0
    outer loop
      vertex -47.8 29.4 2.4
      vertex -47.8 30.6 11.2
      vertex -47.8 30.6 2.4
    endloop
  endfacet
  facet normal -1 -0 0
    outer loop
      vertex -47.8 30.6 11.2
      vertex -47.8 29.4 2.4
      vertex -47.8 29.4 11.2
    endloop
  endfacet
  facet normal 0 1 -0
    outer loop
      vertex -47.4 30.6 2.4
      vertex -47.8 30.6 11.2
      vertex -47.4 30.6 11.2
    endloop
  endfacet
  facet normal 0 1 0
    outer loop
      vertex -47.8 30.6 11.2
      vertex -47.4 30.6 2.4
      vertex -47.8 30.6 2.4
    endloop
  endfacet
  facet normal -1 0 0
    outer loop
      vertex -47.4 30.6 2.4
      vertex -47.4 34 11.2
      vertex -47.4 34 2.4
    endloop
  endfacet
  facet normal -1 -0 0
    outer loop
      vertex -47.4 34 11.2
      vertex -47.4 30.6 2.4
      vertex -47.4 30.6 11.2
    endloop
  endfacet
  facet normal 0 1 -0
    outer loop
      vertex -45.4 34 2.4
      vertex -47.4 34 11.2
      vertex -45.4 34 11.2
    endloop
  endfacet
  facet normal 0 1 0
    outer loop
      vertex -47.4 34 11.2
      vertex -45.4 34 2.4
      vertex -47.4 34 2.4
    endloop
  endfacet
  facet normal 1 -0 0
    outer loop
      vertex -45.4 10 11.2
      vertex -45.4 34 2.4
      vertex -45.4 34 11.2
    endloop
  endfacet
  facet normal 1 0 0
    outer loop
      vertex -45.4 34 2.4
      vertex -45.4 10 11.2
      vertex -45.4 10 2.4
    endloop
  endfacet
  facet normal 0 1 -0
    outer loop
      vertex 29.4 47.4 2.4
      vertex 14.6 47.4 11.2
      vertex 29.4 47.4 11.2
    endloop
  endfacet
  facet normal 0 1 0
    outer loop
      vertex 14.6 47.4 11.2
      vertex 29.4 47.4 2.4
      vertex 14.6 47.4 2.4
    endloop
  endfacet
  facet normal -1 0 0
    outer loop
      vertex 29.4 47.4 2.4
      vertex 29.4 47.8 11.2
      vertex 29.4 47.8 2.4
    endloop
  endfacet
  facet normal -1 -0 0
    outer loop
      vertex 29.4 47.8 11.2
      vertex 29.4 47.4 2.4
      vertex 29.4 47.4 11.2
    endloop
  endfacet
  facet normal 0 1 -0
    outer loop
      vertex 30.6 47.8 2.4
      vertex 29.4 47.8 11.2
      vertex 30.6 47.8 11.2
    endloop
  endfacet
  facet normal 0 1 0
    outer loop
      vertex 29.4 47.8 11.2
      vertex 30.6 47.8 2.4
      vertex 29.4 47.8 2.4
    endloop
  endfacet
  facet normal 1 -0 0
    outer loop
      vertex 30.6 47.4 11.2
      vertex 30.6 47.8 2.4
      vertex 30.6 47.8 11.2
    endloop
  endfacet
  facet normal 1 0 0
    outer loop
      vertex 30.6 47.8 2.4
      vertex 30.6 47.4 11.2
      vertex 30.6 47.4 2.4
    endloop
  endfacet
  facet normal 0 1 -0
    outer loop
      vertex 34 47.4 2.4
      vertex 30.6 47.4 11.2
      vertex 34 47.4 11.2
    endloop
  endfacet
  facet normal 0 1 0
    outer loop
      vertex 30.6 47.4 11.2
      vertex 34 47.4 2.4
      vertex 30.6 47.4 2.4
    endloop
  endfacet
  facet normal 1 -0 0
    outer loop
      vertex 34 45.4 11.2
      vertex 34 47.4 2.4
      vertex 34 47.4 11.2
    endloop
  endfacet
  facet normal 1 0 0
    outer loop
      vertex 34 47.4 2.4
      vertex 34 45.4 11.2
      vertex 34 45.4 2.4
    endloop
  endfacet
  facet normal 0 -1 0
    outer loop
      vertex 10 45.4 2.4
      vertex 34 45.4 11.2
      vertex 10 45.4 11.2
    endloop
  endfacet
  facet normal 0 -1 -0
    outer loop
      vertex 34 45.4 11.2
      vertex 10 45.4 2.4
      vertex 34 45.4 2.4
    endloop
  endfacet
  facet normal -1 0 0
    outer loop
      vertex 10 45.4 2.4
      vertex 10 47.4 11.2
      vertex 10 47.4 2.4
    endloop
  endfacet
  facet normal -1 -0 0
    outer loop
      vertex 10 47.4 11.2
      vertex 10 45.4 2.4
      vertex 10 45.4 11.2
    endloop
  endfacet
  facet normal 0 1 -0
    outer loop
      vertex 13.4 47.4 2.4
      vertex 10 47.4 11.2
      vertex 13.4 47.4 11.2
    endloop
  endfacet
  facet normal 0 1 0
    outer loop
      vertex 10 47.4 11.2
      vertex 13.4 47.4 2.4
      vertex 10 47.4 2.4
    endloop
  endfacet
  facet normal -1 0 0
    outer loop
      vertex 13.4 47.4 2.4
      vertex 13.4 47.8 11.2
      vertex 13.4 47.8 2.4
    endloop
  endfacet
  facet normal -1 -0 0
    outer loop
      vertex 13.4 47.8 11.2
      vertex 13.4 47.4 2.4
      vertex 13.4 47.4 11.2
    endloop
  endfacet
  facet normal 0 1 -0
    outer loop
      vertex 14.6 47.8 2.4
      vertex 13.4 47.8 11.2
      vertex 14.6 47.8 11.2
    endloop
  endfacet
  facet normal 0 1 0
    outer loop
      vertex 13.4 47.8 11.2
      vertex 14.6 47.8 2.4
      vertex 13.4 47.8 2.4
    endloop
  endfacet
  facet normal 1 -0 0
    outer loop
      vertex 14.6 47.4 11.2
      vertex 14.6 47.8 2.4
      vertex 14.6 47.8 11.2
    endloop
  endfacet
  facet normal 1 0 0
    outer loop
      vertex 14.6 47.8 2.4
      vertex 14.6 47.4 11.2
      vertex 14.6 47.4 2.4
    endloop
  endfacet
  facet normal 0 1 -0
    outer loop
      vertex -14.6 47.4 2.4
      vertex -29.4 47.4 11.2
      vertex -14.6 47.4 11.2
    endloop
  endfacet
  facet normal 0 1 0
    outer loop
      vertex -29.4 47.4 11.2
      vertex -14.6 47.4 2.4
      vertex -29.4 47.4 2.4
    endloop
  endfacet
  facet normal -1 0 0
    outer loop
      vertex -14.6 47.4 2.4
      vertex -14.6 47.8 11.2
      vertex -14.6 47.8 2.4
    endloop
  endfacet
  facet normal -1 -0 0
    outer loop
      vertex -14.6 47.8 11.2
      vertex -14.6 47.4 2.4
      vertex -14.6 47.4 11.2
    endloop
  endfacet
  facet normal 0 1 -0
    outer loop
      vertex -13.4 47.8 2.4
      vertex -14.6 47.8 11.2
      vertex -13.4 47.8 11.2
    endloop
  endfacet
  facet normal 0 1 0
    outer loop
      vertex -14.6 47.8 11.2
      vertex -13.4 47.8 2.4
      vertex -14.6 47.8 2.4
    endloop
  endfacet
  facet normal 1 -0 0
    outer loop
      vertex -13.4 47.4 11.2
      vertex -13.4 47.8 2.4
      vertex -13.4 47.8 11.2
    endloop
  endfacet
  facet normal 1 0 0
    outer loop
      vertex -13.4 47.8 2.4
      vertex -13.4 47.4 11.2
      vertex -13.4 47.4 2.4
    endloop
  endfacet
  facet normal 0 1 -0
    outer loop
      vertex -10 47.4 2.4
      vertex -13.4 47.4 11.2
      vertex -10 47.4 11.2
    endloop
  endfacet
  facet normal 0 1 0
    outer loop
      vertex -13.4 47.4 11.2
      vertex -10 47.4 2.4
      vertex -13.4 47.4 2.4
    endloop
  endfacet
  facet normal 1 -0 0
    outer loop
      vertex -10 45.4 11.2
      vertex -10 47.4 2.4
      vertex -10 47.4 11.2
    endloop
  endfacet
  facet normal 1 0 0
    outer loop
      vertex -10 47.4 2.4
      vertex -10 45.4 11.2
      vertex -10 45.4 2.4
    endloop
  endfacet
  facet normal 0 -1 0
    outer loop
      vertex -34 45.4 2.4
      vertex -10 45.4 11.2
      vertex -34 45.4 11.2
    endloop
  endfacet
  facet normal 0 -1 -0
    outer loop
      vertex -10 45.4 11.2
      vertex -34 45.4 2.4
      vertex -10 45.4 2.4
    endloop
  endfacet
  facet normal -1 0 0
    outer loop
      vertex -34 45.4 2.4
      vertex -34 47.4 11.2
      vertex -34 47.4 2.4
    endloop
  endfacet
  facet normal -1 -0 0
    outer loop
      vertex -34 47.4 11.2
      vertex -34 45.4 2.4
      vertex -34 45.4 11.2
    endloop
  endfacet
  facet normal 0 1 -0
    outer loop
      vertex -30.6 47.4 2.4
      vertex -34 47.4 11.2
      vertex -30.6 47.4 11.2
    endloop
  endfacet
  facet normal 0 1 0
    outer loop
      vertex -34 47.4 11.2
      vertex -30.6 47.4 2.4
      vertex -34 47.4 2.4
    endloop
  endfacet
  facet normal -1 0 0
    outer loop
      vertex -30.6 47.4 2.4
      vertex -30.6 47.8 11.2
      vertex -30.6 47.8 2.4
    endloop
  endfacet
  facet normal -1 -0 0
    outer loop
      vertex -30.6 47.8 11.2
      vertex -30.6 47.4 2.4
      vertex -30.6 47.4 11.2
    endloop
  endfacet
  facet normal 0 1 -0
    outer loop
      vertex -29.4 47.8 2.4
      vertex -30.6 47.8 11.2
      vertex -29.4 47.8 11.2
    endloop
  endfacet
  facet normal 0 1 0
    outer loop
      vertex -30.6 47.8 11.2
      vertex -29.4 47.8 2.4
      vertex -30.6 47.8 2.4
    endloop
  endfacet
  facet normal 1 -0 0
    outer loop
      vertex -29.4 47.4 11.2
      vertex -29.4 47.8 2.4
      vertex -29.4 47.8 11.2
    endloop
  endfacet
  facet normal 1 0 0
    outer loop
      vertex -29.4 47.8 2.4
      vertex -29.4 47.4 11.2
      vertex -29.4 47.4 2.4
    endloop
  endfacet
  facet normal -0.0396091 -0.999215 0
    outer loop
      vertex 1.084 2.855 0
      vertex 2.724 2.78999 2.4
      vertex 1.084 2.855 2.4
    endloop
  endfacet
  facet normal -0.0396091 -0.999215 -0
    outer loop
      vertex 2.724 2.78999 2.4
      vertex 1.084 2.855 0
      vertex 2.724 2.78999 0
    endloop
  endfacet
  facet normal -0.707107 -0.707107 0
    outer loop
      vertex 2.78999 2.724 0
      vertex 2.724 2.78999 2.4
      vertex 2.724 2.78999 0
    endloop
  endfacet
  facet normal -0.707107 -0.707107 0
    outer loop
      vertex 2.724 2.78999 2.4
      vertex 2.78999 2.724 0
      vertex 2.78999 2.724 2.4
    endloop
  endfacet
  facet normal -0.0760691 -0.997103 0
    outer loop
      vertex 2.78999 2.724 0
      vertex 3.642 2.659 2.4
      vertex 2.78999 2.724 2.4
    endloop
  endfacet
  facet normal -0.0760691 -0.997103 -0
    outer loop
      vertex 3.642 2.659 2.4
      vertex 2.78999 2.724 0
      vertex 3.642 2.659 0
    endloop
  endfacet
  facet normal -0.701824 -0.71235 0
    outer loop
      vertex 3.642 2.659 0
      vertex 3.709 2.59299 2.4
      vertex 3.642 2.659 2.4
    endloop
  endfacet
  facet normal -0.701824 -0.71235 -0
    outer loop
      vertex 3.709 2.59299 2.4
      vertex 3.642 2.659 0
      vertex 3.709 2.59299 0
    endloop
  endfacet
  facet normal 0 -1 0
    outer loop
      vertex 3.709 2.59299 0
      vertex 3.97099 2.59299 2.4
      vertex 3.709 2.59299 2.4
    endloop
  endfacet
  facet normal 0 -1 -0
    outer loop
      vertex 3.97099 2.59299 2.4
      vertex 3.709 2.59299 0
      vertex 3.97099 2.59299 0
    endloop
  endfacet
  facet normal -0.712403 -0.70177 0
    outer loop
      vertex 4.03699 2.52599 0
      vertex 3.97099 2.59299 2.4
      vertex 3.97099 2.59299 0
    endloop
  endfacet
  facet normal -0.712403 -0.70177 0
    outer loop
      vertex 3.97099 2.59299 2.4
      vertex 4.03699 2.52599 0
      vertex 4.03699 2.52599 2.4
    endloop
  endfacet
  facet normal 0 -1 0
    outer loop
      vertex 4.03699 2.52599 0
      vertex 4.299 2.52599 2.4
      vertex 4.03699 2.52599 2.4
    endloop
  endfacet
  facet normal 0 -1 -0
    outer loop
      vertex 4.299 2.52599 2.4
      vertex 4.03699 2.52599 0
      vertex 4.299 2.52599 0
    endloop
  endfacet
  facet normal -0.37189 -0.928277 0
    outer loop
      vertex 4.299 2.52599 0
      vertex 4.62599 2.39499 2.4
      vertex 4.299 2.52599 2.4
    endloop
  endfacet
  facet normal -0.37189 -0.928277 -0
    outer loop
      vertex 4.62599 2.39499 2.4
      vertex 4.299 2.52599 0
      vertex 4.62599 2.39499 0
    endloop
  endfacet
  facet normal -0.163791 -0.986495 0
    outer loop
      vertex 4.62599 2.39499 0
      vertex 5.41499 2.26399 2.4
      vertex 4.62599 2.39499 2.4
    endloop
  endfacet
  facet normal -0.163791 -0.986495 -0
    outer loop
      vertex 5.41499 2.26399 2.4
      vertex 4.62599 2.39499 0
      vertex 5.41499 2.26399 0
    endloop
  endfacet
  facet normal -0.447186 -0.894441 0
    outer loop
      vertex 5.41499 2.26399 0
      vertex 5.67699 2.133 2.4
      vertex 5.41499 2.26399 2.4
    endloop
  endfacet
  facet normal -0.447186 -0.894441 -0
    outer loop
      vertex 5.67699 2.133 2.4
      vertex 5.41499 2.26399 0
      vertex 5.67699 2.133 0
    endloop
  endfacet
  facet normal -0.195539 -0.980696 0
    outer loop
      vertex 5.67699 2.133 0
      vertex 6.334 2.002 2.4
      vertex 5.67699 2.133 2.4
    endloop
  endfacet
  facet normal -0.195539 -0.980696 -0
    outer loop
      vertex 6.334 2.002 2.4
      vertex 5.67699 2.133 0
      vertex 6.334 2.002 0
    endloop
  endfacet
  facet normal -0.560586 -0.828096 0
    outer loop
      vertex 6.334 2.002 0
      vertex 6.52899 1.87 2.4
      vertex 6.334 2.002 2.4
    endloop
  endfacet
  facet normal -0.560586 -0.828096 -0
    outer loop
      vertex 6.52899 1.87 2.4
      vertex 6.334 2.002 0
      vertex 6.52899 1.87 0
    endloop
  endfacet
  facet normal 0 -1 0
    outer loop
      vertex 6.52899 1.87 0
      vertex 6.72699 1.87 2.4
      vertex 6.52899 1.87 2.4
    endloop
  endfacet
  facet normal 0 -1 -0
    outer loop
      vertex 6.72699 1.87 2.4
      vertex 6.52899 1.87 0
      vertex 6.72699 1.87 0
    endloop
  endfacet
  facet normal -0.553705 -0.832713 0
    outer loop
      vertex 6.72699 1.87 0
      vertex 6.924 1.739 2.4
      vertex 6.72699 1.87 2.4
    endloop
  endfacet
  facet normal -0.553705 -0.832713 -0
    outer loop
      vertex 6.924 1.739 2.4
      vertex 6.72699 1.87 0
      vertex 6.924 1.739 0
    endloop
  endfacet
  facet normal 0 -1 0
    outer loop
      vertex 6.924 1.739 0
      vertex 7.12 1.739 2.4
      vertex 6.924 1.739 2.4
    endloop
  endfacet
  facet normal 0 -1 -0
    outer loop
      vertex 7.12 1.739 2.4
      vertex 6.924 1.739 0
      vertex 7.12 1.739 0
    endloop
  endfacet
  facet normal -0.551829 -0.833957 0
    outer loop
      vertex 7.12 1.739 0
      vertex 7.31799 1.60799 2.4
      vertex 7.12 1.739 2.4
    endloop
  endfacet
  facet normal -0.551829 -0.833957 -0
    outer loop
      vertex 7.31799 1.60799 2.4
      vertex 7.12 1.739 0
      vertex 7.31799 1.60799 0
    endloop
  endfacet
  facet normal -0.315862 -0.948805 0
    outer loop
      vertex 7.31799 1.60799 0
      vertex 8.105 1.34599 2.4
      vertex 7.31799 1.60799 2.4
    endloop
  endfacet
  facet normal -0.315862 -0.948805 -0
    outer loop
      vertex 8.105 1.34599 2.4
      vertex 7.31799 1.60799 0
      vertex 8.105 1.34599 0
    endloop
  endfacet
  facet normal -0.447043 -0.894512 0
    outer loop
      vertex 8.105 1.34599 0
      vertex 10.206 0.29599 2.4
      vertex 8.105 1.34599 2.4
    endloop
  endfacet
  facet normal -0.447043 -0.894512 -0
    outer loop
      vertex 10.206 0.29599 2.4
      vertex 8.105 1.34599 0
      vertex 10.206 0.29599 0
    endloop
  endfacet
  facet normal -0.534493 -0.845173 0
    outer loop
      vertex 10.206 0.29599 0
      vertex 11.452 -0.491989 2.4
      vertex 10.206 0.29599 2.4
    endloop
  endfacet
  facet normal -0.534493 -0.845173 -0
    outer loop
      vertex 11.452 -0.491989 2.4
      vertex 10.206 0.29599 0
      vertex 11.452 -0.491989 0
    endloop
  endfacet
  facet normal -0.592847 -0.805315 0
    outer loop
      vertex 11.452 -0.491989 0
      vertex 12.699 -1.40999 2.4
      vertex 11.452 -0.491989 2.4
    endloop
  endfacet
  facet normal -0.592847 -0.805315 -0
    outer loop
      vertex 12.699 -1.40999 2.4
      vertex 11.452 -0.491989 0
      vertex 12.699 -1.40999 0
    endloop
  endfacet
  facet normal -0.650932 -0.759136 0
    outer loop
      vertex 12.699 -1.40999 0
      vertex 13.618 -2.198 2.4
      vertex 12.699 -1.40999 2.4
    endloop
  endfacet
  facet normal -0.650932 -0.759136 -0
    outer loop
      vertex 13.618 -2.198 2.4
      vertex 12.699 -1.40999 0
      vertex 13.618 -2.198 0
    endloop
  endfacet
  facet normal -0.707104 -0.707109 0
    outer loop
      vertex 14.996 -3.57599 0
      vertex 13.618 -2.198 2.4
      vertex 13.618 -2.198 0
    endloop
  endfacet
  facet normal -0.707104 -0.707109 0
    outer loop
      vertex 13.618 -2.198 2.4
      vertex 14.996 -3.57599 0
      vertex 14.996 -3.57599 2.4
    endloop
  endfacet
  facet normal -0.768544 -0.639797 0
    outer loop
      vertex 15.98 -4.758 0
      vertex 14.996 -3.57599 2.4
      vertex 14.996 -3.57599 0
    endloop
  endfacet
  facet normal -0.768544 -0.639797 0
    outer loop
      vertex 14.996 -3.57599 2.4
      vertex 15.98 -4.758 0
      vertex 15.98 -4.758 2.4
    endloop
  endfacet
  facet normal -0.83205 -0.5547 0
    outer loop
      vertex 16.374 -5.349 0
      vertex 15.98 -4.758 2.4
      vertex 15.98 -4.758 0
    endloop
  endfacet
  facet normal -0.83205 -0.5547 0
    outer loop
      vertex 15.98 -4.758 2.4
      vertex 16.374 -5.349 0
      vertex 16.374 -5.349 2.4
    endloop
  endfacet
  facet normal -0.701549 0.712622 0
    outer loop
      vertex 16.374 -5.349 0
      vertex 16.309 -5.41299 2.4
      vertex 16.374 -5.349 2.4
    endloop
  endfacet
  facet normal -0.701549 0.712622 0
    outer loop
      vertex 16.309 -5.41299 2.4
      vertex 16.374 -5.349 0
      vertex 16.309 -5.41299 0
    endloop
  endfacet
  facet normal 0 1 -0
    outer loop
      vertex 16.309 -5.41299 0
      vertex 15.193 -5.41299 2.4
      vertex 16.309 -5.41299 2.4
    endloop
  endfacet
  facet normal 0 1 0
    outer loop
      vertex 15.193 -5.41299 2.4
      vertex 16.309 -5.41299 0
      vertex 15.193 -5.41299 0
    endloop
  endfacet
  facet normal -0.70716 0.707054 0
    outer loop
      vertex 15.126 -5.48 0
      vertex 15.193 -5.41299 2.4
      vertex 15.193 -5.41299 0
    endloop
  endfacet
  facet normal -0.70716 0.707054 0
    outer loop
      vertex 15.193 -5.41299 2.4
      vertex 15.126 -5.48 0
      vertex 15.126 -5.48 2.4
    endloop
  endfacet
  facet normal 0 1 -0
    outer loop
      vertex 15.126 -5.48 0
      vertex 14.668 -5.48 2.4
      vertex 15.126 -5.48 2.4
    endloop
  endfacet
  facet normal 0 1 0
    outer loop
      vertex 14.668 -5.48 2.4
      vertex 15.126 -5.48 0
      vertex 14.668 -5.48 0
    endloop
  endfacet
  facet normal -0.69609 0.717955 0
    outer loop
      vertex 14.668 -5.48 0
      vertex 14.602 -5.54399 2.4
      vertex 14.668 -5.48 2.4
    endloop
  endfacet
  facet normal -0.69609 0.717955 0
    outer loop
      vertex 14.602 -5.54399 2.4
      vertex 14.668 -5.48 0
      vertex 14.602 -5.54399 0
    endloop
  endfacet
  facet normal 0 1 -0
    outer loop
      vertex 14.602 -5.54399 0
      vertex 13.946 -5.54399 2.4
      vertex 14.602 -5.54399 2.4
    endloop
  endfacet
  facet normal 0 1 0
    outer loop
      vertex 13.946 -5.54399 2.4
      vertex 14.602 -5.54399 0
      vertex 13.946 -5.54399 0
    endloop
  endfacet
  facet normal -0.712403 0.70177 0
    outer loop
      vertex 13.88 -5.61099 0
      vertex 13.946 -5.54399 2.4
      vertex 13.946 -5.54399 0
    endloop
  endfacet
  facet normal -0.712403 0.70177 0
    outer loop
      vertex 13.946 -5.54399 2.4
      vertex 13.88 -5.61099 0
      vertex 13.88 -5.61099 2.4
    endloop
  endfacet
  facet normal -0.0897884 0.995961 0
    outer loop
      vertex 13.88 -5.61099 0
      vertex 13.159 -5.67599 2.4
      vertex 13.88 -5.61099 2.4
    endloop
  endfacet
  facet normal -0.0897884 0.995961 0
    outer loop
      vertex 13.159 -5.67599 2.4
      vertex 13.88 -5.61099 0
      vertex 13.159 -5.67599 0
    endloop
  endfacet
  facet normal -0.36993 0.92906 0
    outer loop
      vertex 13.159 -5.67599 0
      vertex 12.83 -5.80699 2.4
      vertex 13.159 -5.67599 2.4
    endloop
  endfacet
  facet normal -0.36993 0.92906 0
    outer loop
      vertex 12.83 -5.80699 2.4
      vertex 13.159 -5.67599 0
      vertex 12.83 -5.80699 0
    endloop
  endfacet
  facet normal 0 1 -0
    outer loop
      vertex 12.83 -5.80699 0
      vertex 12.37 -5.80699 2.4
      vertex 12.83 -5.80699 2.4
    endloop
  endfacet
  facet normal 0 1 0
    outer loop
      vertex 12.37 -5.80699 2.4
      vertex 12.83 -5.80699 0
      vertex 12.37 -5.80699 0
    endloop
  endfacet
  facet normal 0.774122 0.633036 0
    outer loop
      vertex 12.37 -5.80699 2.4
      vertex 11.19 -4.364 0
      vertex 11.19 -4.364 2.4
    endloop
  endfacet
  facet normal 0.774122 0.633036 0
    outer loop
      vertex 11.19 -4.364 0
      vertex 12.37 -5.80699 2.4
      vertex 12.37 -5.80699 0
    endloop
  endfacet
  facet normal 0.706838 0.707376 -0
    outer loop
      vertex 11.19 -4.364 0
      vertex 9.87599 -3.05099 2.4
      vertex 11.19 -4.364 2.4
    endloop
  endfacet
  facet normal 0.706838 0.707376 0
    outer loop
      vertex 9.87599 -3.05099 2.4
      vertex 11.19 -4.364 0
      vertex 9.87599 -3.05099 0
    endloop
  endfacet
  facet normal 0.624692 0.780871 -0
    outer loop
      vertex 9.87599 -3.05099 0
      vertex 8.23599 -1.739 2.4
      vertex 9.87599 -3.05099 2.4
    endloop
  endfacet
  facet normal 0.624692 0.780871 0
    outer loop
      vertex 8.23599 -1.739 2.4
      vertex 9.87599 -3.05099 0
      vertex 8.23599 -1.739 0
    endloop
  endfacet
  facet normal 0.534509 0.845163 -0
    outer loop
      vertex 8.23599 -1.739 0
      vertex 6.98999 -0.950989 2.4
      vertex 8.23599 -1.739 2.4
    endloop
  endfacet
  facet normal 0.534509 0.845163 0
    outer loop
      vertex 6.98999 -0.950989 2.4
      vertex 8.23599 -1.739 0
      vertex 6.98999 -0.950989 0
    endloop
  endfacet
  facet normal 0.465833 0.884873 -0
    outer loop
      vertex 6.98999 -0.950989 0
      vertex 5.74199 -0.293991 2.4
      vertex 6.98999 -0.950989 2.4
    endloop
  endfacet
  facet normal 0.465833 0.884873 0
    outer loop
      vertex 5.74199 -0.293991 2.4
      vertex 6.98999 -0.950989 0
      vertex 5.74199 -0.293991 0
    endloop
  endfacet
  facet normal 0 1 -0
    outer loop
      vertex 5.74199 -0.293991 0
      vertex 5.61099 -0.293991 2.4
      vertex 5.74199 -0.293991 2.4
    endloop
  endfacet
  facet normal 0 1 0
    outer loop
      vertex 5.61099 -0.293991 2.4
      vertex 5.74199 -0.293991 0
      vertex 5.61099 -0.293991 0
    endloop
  endfacet
  facet normal 0.425319 0.905043 -0
    outer loop
      vertex 5.61099 -0.293991 0
      vertex 4.49599 0.229996 2.4
      vertex 5.61099 -0.293991 2.4
    endloop
  endfacet
  facet normal 0.425319 0.905043 0
    outer loop
      vertex 4.49599 0.229996 2.4
      vertex 5.61099 -0.293991 0
      vertex 4.49599 0.229996 0
    endloop
  endfacet
  facet normal 0.315862 0.948805 -0
    outer loop
      vertex 4.49599 0.229996 0
      vertex 3.709 0.491989 2.4
      vertex 4.49599 0.229996 2.4
    endloop
  endfacet
  facet normal 0.315862 0.948805 0
    outer loop
      vertex 3.709 0.491989 2.4
      vertex 4.49599 0.229996 0
      vertex 3.709 0.491989 0
    endloop
  endfacet
  facet normal 0 1 -0
    outer loop
      vertex 3.709 0.491989 0
      vertex 3.51099 0.491989 2.4
      vertex 3.709 0.491989 2.4
    endloop
  endfacet
  facet normal 0 1 0
    outer loop
      vertex 3.51099 0.491989 2.4
      vertex 3.709 0.491989 0
      vertex 3.51099 0.491989 0
    endloop
  endfacet
  facet normal 0.448583 0.893741 -0
    outer loop
      vertex 3.51099 0.491989 0
      vertex 3.24799 0.623993 2.4
      vertex 3.51099 0.491989 2.4
    endloop
  endfacet
  facet normal 0.448583 0.893741 0
    outer loop
      vertex 3.24799 0.623993 2.4
      vertex 3.51099 0.491989 0
      vertex 3.24799 0.623993 0
    endloop
  endfacet
  facet normal 0 1 -0
    outer loop
      vertex 3.24799 0.623993 0
      vertex 3.05199 0.623993 2.4
      vertex 3.24799 0.623993 2.4
    endloop
  endfacet
  facet normal 0 1 0
    outer loop
      vertex 3.05199 0.623993 2.4
      vertex 3.24799 0.623993 0
      vertex 3.05199 0.623993 0
    endloop
  endfacet
  facet normal 0.447205 0.894431 -0
    outer loop
      vertex 3.05199 0.623993 0
      vertex 2.78999 0.75499 2.4
      vertex 3.05199 0.623993 2.4
    endloop
  endfacet
  facet normal 0.447205 0.894431 0
    outer loop
      vertex 2.78999 0.75499 2.4
      vertex 3.05199 0.623993 0
      vertex 2.78999 0.75499 0
    endloop
  endfacet
  facet normal 0 1 -0
    outer loop
      vertex 2.78999 0.75499 0
      vertex 2.52599 0.75499 2.4
      vertex 2.78999 0.75499 2.4
    endloop
  endfacet
  facet normal 0 1 0
    outer loop
      vertex 2.52599 0.75499 2.4
      vertex 2.78999 0.75499 0
      vertex 2.52599 0.75499 0
    endloop
  endfacet
  facet normal 0.37187 0.928285 -0
    outer loop
      vertex 2.52599 0.75499 0
      vertex 2.19899 0.885986 2.4
      vertex 2.52599 0.75499 2.4
    endloop
  endfacet
  facet normal 0.37187 0.928285 0
    outer loop
      vertex 2.19899 0.885986 2.4
      vertex 2.52599 0.75499 0
      vertex 2.19899 0.885986 0
    endloop
  endfacet
  facet normal 0 1 -0
    outer loop
      vertex 2.19899 0.885986 0
      vertex 1.87 0.885986 2.4
      vertex 2.19899 0.885986 2.4
    endloop
  endfacet
  facet normal 0 1 0
    outer loop
      vertex 1.87 0.885986 2.4
      vertex 2.19899 0.885986 0
      vertex 1.87 0.885986 0
    endloop
  endfacet
  facet normal 0.371914 0.928267 -0
    outer loop
      vertex 1.87 0.885986 0
      vertex 1.543 1.017 2.4
      vertex 1.87 0.885986 2.4
    endloop
  endfacet
  facet normal 0.371914 0.928267 0
    outer loop
      vertex 1.543 1.017 2.4
      vertex 1.87 0.885986 0
      vertex 1.543 1.017 0
    endloop
  endfacet
  facet normal 0.0727118 0.997353 -0
    outer loop
      vertex 1.543 1.017 0
      vertex 0.623993 1.084 2.4
      vertex 1.543 1.017 2.4
    endloop
  endfacet
  facet normal 0.0727118 0.997353 0
    outer loop
      vertex 0.623993 1.084 2.4
      vertex 1.543 1.017 0
      vertex 0.623993 1.084 0
    endloop
  endfacet
  facet normal 0.701532 0.712638 -0
    outer loop
      vertex 0.623993 1.084 0
      vertex 0.55899 1.14799 2.4
      vertex 0.623993 1.084 2.4
    endloop
  endfacet
  facet normal 0.701532 0.712638 0
    outer loop
      vertex 0.55899 1.14799 2.4
      vertex 0.623993 1.084 0
      vertex 0.55899 1.14799 0
    endloop
  endfacet
  facet normal 0.0291479 0.999575 -0
    outer loop
      vertex 0.55899 1.14799 0
      vertex -1.739 1.215 2.4
      vertex 0.55899 1.14799 2.4
    endloop
  endfacet
  facet normal 0.0291479 0.999575 0
    outer loop
      vertex -1.739 1.215 2.4
      vertex 0.55899 1.14799 0
      vertex -1.739 1.215 0
    endloop
  endfacet
  facet normal -0.717844 0.696204 0
    outer loop
      vertex -1.80399 1.14799 0
      vertex -1.739 1.215 2.4
      vertex -1.739 1.215 0
    endloop
  endfacet
  facet normal -0.717844 0.696204 0
    outer loop
      vertex -1.739 1.215 2.4
      vertex -1.80399 1.14799 0
      vertex -1.80399 1.14799 2.4
    endloop
  endfacet
  facet normal 0 1 -0
    outer loop
      vertex -1.80399 1.14799 0
      vertex -2.855 1.14799 2.4
      vertex -1.80399 1.14799 2.4
    endloop
  endfacet
  facet normal 0 1 0
    outer loop
      vertex -2.855 1.14799 2.4
      vertex -1.80399 1.14799 0
      vertex -2.855 1.14799 0
    endloop
  endfacet
  facet normal -0.707107 0.707107 0
    outer loop
      vertex -2.91899 1.084 0
      vertex -2.855 1.14799 2.4
      vertex -2.855 1.14799 0
    endloop
  endfacet
  facet normal -0.707107 0.707107 0
    outer loop
      vertex -2.855 1.14799 2.4
      vertex -2.91899 1.084 0
      vertex -2.91899 1.084 2.4
    endloop
  endfacet
  facet normal 0 1 -0
    outer loop
      vertex -2.91899 1.084 0
      vertex -3.31299 1.084 2.4
      vertex -2.91899 1.084 2.4
    endloop
  endfacet
  facet normal 0 1 0
    outer loop
      vertex -3.31299 1.084 2.4
      vertex -2.91899 1.084 0
      vertex -3.31299 1.084 0
    endloop
  endfacet
  facet normal -0.707107 0.707107 0
    outer loop
      vertex -3.37999 1.017 0
      vertex -3.31299 1.084 2.4
      vertex -3.31299 1.084 0
    endloop
  endfacet
  facet normal -0.707107 0.707107 0
    outer loop
      vertex -3.31299 1.084 2.4
      vertex -3.37999 1.017 0
      vertex -3.37999 1.017 2.4
    endloop
  endfacet
  facet normal 0 1 -0
    outer loop
      vertex -3.37999 1.017 0
      vertex -3.77299 1.017 2.4
      vertex -3.37999 1.017 2.4
    endloop
  endfacet
  facet normal 0 1 0
    outer loop
      vertex -3.77299 1.017 2.4
      vertex -3.37999 1.017 0
      vertex -3.77299 1.017 0
    endloop
  endfacet
  facet normal -0.316258 0.948673 0
    outer loop
      vertex -3.77299 1.017 0
      vertex -4.16599 0.885986 2.4
      vertex -3.77299 1.017 2.4
    endloop
  endfacet
  facet normal -0.316258 0.948673 0
    outer loop
      vertex -4.16599 0.885986 2.4
      vertex -3.77299 1.017 0
      vertex -4.16599 0.885986 0
    endloop
  endfacet
  facet normal 0 1 -0
    outer loop
      vertex -4.16599 0.885986 0
      vertex -4.495 0.885986 2.4
      vertex -4.16599 0.885986 2.4
    endloop
  endfacet
  facet normal 0 1 0
    outer loop
      vertex -4.495 0.885986 2.4
      vertex -4.16599 0.885986 0
      vertex -4.495 0.885986 0
    endloop
  endfacet
  facet normal -0.370893 0.928676 0
    outer loop
      vertex -4.495 0.885986 0
      vertex -4.823 0.75499 2.4
      vertex -4.495 0.885986 2.4
    endloop
  endfacet
  facet normal -0.370893 0.928676 0
    outer loop
      vertex -4.823 0.75499 2.4
      vertex -4.495 0.885986 0
      vertex -4.823 0.75499 0
    endloop
  endfacet
  facet normal 0 1 -0
    outer loop
      vertex -4.823 0.75499 0
      vertex -5.08499 0.75499 2.4
      vertex -4.823 0.75499 2.4
    endloop
  endfacet
  facet normal 0 1 0
    outer loop
      vertex -5.08499 0.75499 2.4
      vertex -4.823 0.75499 0
      vertex -5.08499 0.75499 0
    endloop
  endfacet
  facet normal -0.32859 0.944473 0
    outer loop
      vertex -5.08499 0.75499 0
      vertex -6.59399 0.229996 2.4
      vertex -5.08499 0.75499 2.4
    endloop
  endfacet
  facet normal -0.32859 0.944473 0
    outer loop
      vertex -6.59399 0.229996 2.4
      vertex -5.08499 0.75499 0
      vertex -6.59399 0.229996 0
    endloop
  endfacet
  facet normal -0.447058 0.894505 0
    outer loop
      vertex -6.59399 0.229996 0
      vertex -8.95699 -0.950989 2.4
      vertex -6.59399 0.229996 2.4
    endloop
  endfacet
  facet normal -0.447058 0.894505 0
    outer loop
      vertex -8.95699 -0.950989 2.4
      vertex -6.59399 0.229996 0
      vertex -8.95699 -0.950989 0
    endloop
  endfacet
  facet normal -0.534199 0.845359 0
    outer loop
      vertex -8.95699 -0.950989 0
      vertex -10.204 -1.739 2.4
      vertex -8.95699 -0.950989 2.4
    endloop
  endfacet
  facet normal -0.534199 0.845359 0
    outer loop
      vertex -10.204 -1.739 2.4
      vertex -8.95699 -0.950989 0
      vertex -10.204 -1.739 0
    endloop
  endfacet
  facet normal -0.616069 0.787692 0
    outer loop
      vertex -10.204 -1.739 0
      vertex -11.714 -2.92 2.4
      vertex -10.204 -1.739 2.4
    endloop
  endfacet
  facet normal -0.616069 0.787692 0
    outer loop
      vertex -11.714 -2.92 2.4
      vertex -10.204 -1.739 0
      vertex -11.714 -2.92 0
    endloop
  endfacet
  facet normal -0.707293 0.706921 0
    outer loop
      vertex -13.616 -4.823 0
      vertex -11.714 -2.92 2.4
      vertex -11.714 -2.92 0
    endloop
  endfacet
  facet normal -0.707293 0.706921 0
    outer loop
      vertex -11.714 -2.92 2.4
      vertex -13.616 -4.823 0
      vertex -13.616 -4.823 2.4
    endloop
  endfacet
  facet normal -0.780556 0.625086 0
    outer loop
      vertex -14.404 -5.80699 0
      vertex -13.616 -4.823 2.4
      vertex -13.616 -4.823 0
    endloop
  endfacet
  facet normal -0.780556 0.625086 0
    outer loop
      vertex -13.616 -4.823 2.4
      vertex -14.404 -5.80699 0
      vertex -14.404 -5.80699 2.4
    endloop
  endfacet
  facet normal -0.817232 0.576309 0
    outer loop
      vertex -15.191 -6.92299 0
      vertex -14.404 -5.80699 2.4
      vertex -14.404 -5.80699 0
    endloop
  endfacet
  facet normal -0.817232 0.576309 0
    outer loop
      vertex -14.404 -5.80699 2.4
      vertex -15.191 -6.92299 0
      vertex -15.191 -6.92299 2.4
    endloop
  endfacet
  facet normal -0.857265 0.514876 0
    outer loop
      vertex -15.782 -7.907 0
      vertex -15.191 -6.92299 2.4
      vertex -15.191 -6.92299 0
    endloop
  endfacet
  facet normal -0.857265 0.514876 0
    outer loop
      vertex -15.191 -6.92299 2.4
      vertex -15.782 -7.907 0
      vertex -15.782 -7.907 2.4
    endloop
  endfacet
  facet normal -0.894322 0.447423 0
    outer loop
      vertex -16.636 -9.614 0
      vertex -15.782 -7.907 2.4
      vertex -15.782 -7.907 0
    endloop
  endfacet
  facet normal -0.894322 0.447423 0
    outer loop
      vertex -15.782 -7.907 2.4
      vertex -16.636 -9.614 0
      vertex -16.636 -9.614 2.4
    endloop
  endfacet
  facet normal -1 0 0
    outer loop
      vertex -16.636 -9.745 0
      vertex -16.636 -9.614 2.4
      vertex -16.636 -9.614 0
    endloop
  endfacet
  facet normal -1 -0 0
    outer loop
      vertex -16.636 -9.614 2.4
      vertex -16.636 -9.745 0
      vertex -16.636 -9.745 2.4
    endloop
  endfacet
  facet normal -0.908022 0.418923 0
    outer loop
      vertex -17.03 -10.599 0
      vertex -16.636 -9.745 2.4
      vertex -16.636 -9.745 0
    endloop
  endfacet
  facet normal -0.908022 0.418923 0
    outer loop
      vertex -16.636 -9.745 2.4
      vertex -17.03 -10.599 0
      vertex -17.03 -10.599 2.4
    endloop
  endfacet
  facet normal -1 0 0
    outer loop
      vertex -17.03 -10.794 0
      vertex -17.03 -10.599 2.4
      vertex -17.03 -10.599 0
    endloop
  endfacet
  facet normal -1 -0 0
    outer loop
      vertex -17.03 -10.599 2.4
      vertex -17.03 -10.794 0
      vertex -17.03 -10.794 2.4
    endloop
  endfacet
  facet normal -0.835927 0.548841 0
    outer loop
      vertex -17.16 -10.992 0
      vertex -17.03 -10.794 2.4
      vertex -17.03 -10.794 0
    endloop
  endfacet
  facet normal -0.835927 0.548841 0
    outer loop
      vertex -17.03 -10.794 2.4
      vertex -17.16 -10.992 0
      vertex -17.16 -10.992 2.4
    endloop
  endfacet
  facet normal -1 0 0
    outer loop
      vertex -17.16 -11.188 0
      vertex -17.16 -10.992 2.4
      vertex -17.16 -10.992 0
    endloop
  endfacet
  facet normal -1 -0 0
    outer loop
      vertex -17.16 -10.992 2.4
      vertex -17.16 -11.188 0
      vertex -17.16 -11.188 2.4
    endloop
  endfacet
  facet normal -0.83205 0.5547 0
    outer loop
      vertex -17.292 -11.386 0
      vertex -17.16 -11.188 2.4
      vertex -17.16 -11.188 0
    endloop
  endfacet
  facet normal -0.83205 0.5547 0
    outer loop
      vertex -17.16 -11.188 2.4
      vertex -17.292 -11.386 0
      vertex -17.292 -11.386 2.4
    endloop
  endfacet
  facet normal -1 0 0
    outer loop
      vertex -17.292 -11.582 0
      vertex -17.292 -11.386 2.4
      vertex -17.292 -11.386 0
    endloop
  endfacet
  facet normal -1 -0 0
    outer loop
      vertex -17.292 -11.386 2.4
      vertex -17.292 -11.582 0
      vertex -17.292 -11.582 2.4
    endloop
  endfacet
  facet normal -0.940021 0.341116 0
    outer loop
      vertex -17.554 -12.304 0
      vertex -17.292 -11.582 2.4
      vertex -17.292 -11.582 0
    endloop
  endfacet
  facet normal -0.940021 0.341116 0
    outer loop
      vertex -17.292 -11.582 2.4
      vertex -17.554 -12.304 0
      vertex -17.554 -12.304 2.4
    endloop
  endfacet
  facet normal -1 0 0
    outer loop
      vertex -17.554 -12.566 0
      vertex -17.554 -12.304 2.4
      vertex -17.554 -12.304 0
    endloop
  endfacet
  facet normal -1 -0 0
    outer loop
      vertex -17.554 -12.304 2.4
      vertex -17.554 -12.566 0
      vertex -17.554 -12.566 2.4
    endloop
  endfacet
  facet normal -0.895107 0.445852 0
    outer loop
      vertex -17.685 -12.829 0
      vertex -17.554 -12.566 2.4
      vertex -17.554 -12.566 0
    endloop
  endfacet
  facet normal -0.895107 0.445852 0
    outer loop
      vertex -17.554 -12.566 2.4
      vertex -17.685 -12.829 0
      vertex -17.685 -12.829 2.4
    endloop
  endfacet
  facet normal -0.986343 0.164704 0
    outer loop
      vertex -17.948 -14.404 0
      vertex -17.685 -12.829 2.4
      vertex -17.685 -12.829 0
    endloop
  endfacet
  facet normal -0.986343 0.164704 0
    outer loop
      vertex -17.685 -12.829 2.4
      vertex -17.948 -14.404 0
      vertex -17.948 -14.404 2.4
    endloop
  endfacet
  facet normal 0.707107 0.707107 0
    outer loop
      vertex -17.948 -14.404 2.4
      vertex -18.014 -14.338 0
      vertex -18.014 -14.338 2.4
    endloop
  endfacet
  facet normal 0.707107 0.707107 0
    outer loop
      vertex -18.014 -14.338 0
      vertex -17.948 -14.404 2.4
      vertex -17.948 -14.404 0
    endloop
  endfacet
  facet normal 0 1 -0
    outer loop
      vertex -18.014 -14.338 0
      vertex -19.326 -14.338 2.4
      vertex -18.014 -14.338 2.4
    endloop
  endfacet
  facet normal 0 1 0
    outer loop
      vertex -19.326 -14.338 2.4
      vertex -18.014 -14.338 0
      vertex -19.326 -14.338 0
    endloop
  endfacet
  facet normal 0.994977 -0.100104 0
    outer loop
      vertex -19.326 -14.338 2.4
      vertex -19.26 -13.682 0
      vertex -19.26 -13.682 2.4
    endloop
  endfacet
  facet normal 0.994977 -0.100104 0
    outer loop
      vertex -19.26 -13.682 0
      vertex -19.326 -14.338 2.4
      vertex -19.326 -14.338 0
    endloop
  endfacet
  facet normal 0.701689 -0.712484 0
    outer loop
      vertex -19.26 -13.682 0
      vertex -19.194 -13.617 2.4
      vertex -19.26 -13.682 2.4
    endloop
  endfacet
  facet normal 0.701689 -0.712484 0
    outer loop
      vertex -19.194 -13.617 2.4
      vertex -19.26 -13.682 0
      vertex -19.194 -13.617 0
    endloop
  endfacet
  facet normal 1 -0 0
    outer loop
      vertex -19.194 -13.617 2.4
      vertex -19.194 -13.157 0
      vertex -19.194 -13.157 2.4
    endloop
  endfacet
  facet normal 1 0 0
    outer loop
      vertex -19.194 -13.157 0
      vertex -19.194 -13.617 2.4
      vertex -19.194 -13.617 0
    endloop
  endfacet
  facet normal 0.7179 -0.696146 0
    outer loop
      vertex -19.194 -13.157 2.4
      vertex -19.13 -13.091 0
      vertex -19.13 -13.091 2.4
    endloop
  endfacet
  facet normal 0.7179 -0.696146 0
    outer loop
      vertex -19.13 -13.091 0
      vertex -19.194 -13.157 2.4
      vertex -19.194 -13.157 0
    endloop
  endfacet
  facet normal 0.993592 -0.113023 0
    outer loop
      vertex -19.13 -13.091 2.4
      vertex -19.063 -12.502 0
      vertex -19.063 -12.502 2.4
    endloop
  endfacet
  facet normal 0.993592 -0.113023 0
    outer loop
      vertex -19.063 -12.502 0
      vertex -19.13 -13.091 2.4
      vertex -19.13 -13.091 0
    endloop
  endfacet
  facet normal 0.717738 -0.696313 0
    outer loop
      vertex -19.063 -12.502 2.4
      vertex -18.998 -12.435 0
      vertex -18.998 -12.435 2.4
    endloop
  endfacet
  facet normal 0.717738 -0.696313 0
    outer loop
      vertex -18.998 -12.435 0
      vertex -19.063 -12.502 2.4
      vertex -19.063 -12.502 0
    endloop
  endfacet
  facet normal 1 -0 0
    outer loop
      vertex -18.998 -12.435 2.4
      vertex -18.998 -12.239 0
      vertex -18.998 -12.239 2.4
    endloop
  endfacet
  facet normal 1 0 0
    outer loop
      vertex -18.998 -12.239 0
      vertex -18.998 -12.435 2.4
      vertex -18.998 -12.435 0
    endloop
  endfacet
  facet normal 0.319127 0.947712 -0
    outer loop
      vertex -18.998 -12.239 0
      vertex -19.194 -12.173 2.4
      vertex -18.998 -12.239 2.4
    endloop
  endfacet
  facet normal 0.319127 0.947712 0
    outer loop
      vertex -19.194 -12.173 2.4
      vertex -18.998 -12.239 0
      vertex -19.194 -12.173 0
    endloop
  endfacet
  facet normal -0.422382 0.906418 0
    outer loop
      vertex -19.194 -12.173 0
      vertex -20.179 -12.632 2.4
      vertex -19.194 -12.173 2.4
    endloop
  endfacet
  facet normal -0.422382 0.906418 0
    outer loop
      vertex -20.179 -12.632 2.4
      vertex -19.194 -12.173 0
      vertex -20.179 -12.632 0
    endloop
  endfacet
  facet normal -0.70979 0.704413 0
    outer loop
      vertex -20.31 -12.764 0
      vertex -20.179 -12.632 2.4
      vertex -20.179 -12.632 0
    endloop
  endfacet
  facet normal -0.70979 0.704413 0
    outer loop
      vertex -20.179 -12.632 2.4
      vertex -20.31 -12.764 0
      vertex -20.31 -12.764 2.4
    endloop
  endfacet
  facet normal 0 1 -0
    outer loop
      vertex -20.31 -12.764 0
      vertex -20.441 -12.764 2.4
      vertex -20.31 -12.764 2.4
    endloop
  endfacet
  facet normal 0 1 0
    outer loop
      vertex -20.441 -12.764 2.4
      vertex -20.31 -12.764 0
      vertex -20.441 -12.764 0
    endloop
  endfacet
  facet normal -0.536233 0.84407 0
    outer loop
      vertex -20.441 -12.764 0
      vertex -21.886 -13.682 2.4
      vertex -20.441 -12.764 2.4
    endloop
  endfacet
  facet normal -0.536233 0.84407 0
    outer loop
      vertex -21.886 -13.682 2.4
      vertex -20.441 -12.764 0
      vertex -21.886 -13.682 0
    endloop
  endfacet
  facet normal -0.636095 0.771611 0
    outer loop
      vertex -21.886 -13.682 0
      vertex -23.002 -14.602 2.4
      vertex -21.886 -13.682 2.4
    endloop
  endfacet
  facet normal -0.636095 0.771611 0
    outer loop
      vertex -23.002 -14.602 2.4
      vertex -21.886 -13.682 0
      vertex -23.002 -14.602 0
    endloop
  endfacet
  facet normal -0.736921 0.675979 0
    outer loop
      vertex -23.723 -15.388 0
      vertex -23.002 -14.602 2.4
      vertex -23.002 -14.602 0
    endloop
  endfacet
  facet normal -0.736921 0.675979 0
    outer loop
      vertex -23.002 -14.602 2.4
      vertex -23.723 -15.388 0
      vertex -23.723 -15.388 2.4
    endloop
  endfacet
  facet normal -0.861756 0.507324 0
    outer loop
      vertex -24.38 -16.504 0
      vertex -23.723 -15.388 2.4
      vertex -23.723 -15.388 0
    endloop
  endfacet
  facet normal -0.861756 0.507324 0
    outer loop
      vertex -23.723 -15.388 2.4
      vertex -24.38 -16.504 0
      vertex -24.38 -16.504 2.4
    endloop
  endfacet
  facet normal -0.949643 0.313334 0
    outer loop
      vertex -24.51 -16.898 0
      vertex -24.38 -16.504 2.4
      vertex -24.38 -16.504 0
    endloop
  endfacet
  facet normal -0.949643 0.313334 0
    outer loop
      vertex -24.38 -16.504 2.4
      vertex -24.51 -16.898 0
      vertex -24.51 -16.898 2.4
    endloop
  endfacet
  facet normal -1 0 0
    outer loop
      vertex -24.51 -17.685 0
      vertex -24.51 -16.898 2.4
      vertex -24.51 -16.898 0
    endloop
  endfacet
  facet normal -1 -0 0
    outer loop
      vertex -24.51 -16.898 2.4
      vertex -24.51 -17.685 0
      vertex -24.51 -17.685 2.4
    endloop
  endfacet
  facet normal -0.712403 -0.70177 0
    outer loop
      vertex -24.444 -17.752 0
      vertex -24.51 -17.685 2.4
      vertex -24.51 -17.685 0
    endloop
  endfacet
  facet normal -0.712403 -0.70177 0
    outer loop
      vertex -24.51 -17.685 2.4
      vertex -24.444 -17.752 0
      vertex -24.444 -17.752 2.4
    endloop
  endfacet
  facet normal -0.990377 -0.138393 0
    outer loop
      vertex -24.38 -18.21 0
      vertex -24.444 -17.752 2.4
      vertex -24.444 -17.752 0
    endloop
  endfacet
  facet normal -0.990377 -0.138393 0
    outer loop
      vertex -24.444 -17.752 2.4
      vertex -24.38 -18.21 0
      vertex -24.38 -18.21 2.4
    endloop
  endfacet
  facet normal -0.894155 -0.447758 0
    outer loop
      vertex -24.051 -18.867 0
      vertex -24.38 -18.21 2.4
      vertex -24.38 -18.21 0
    endloop
  endfacet
  facet normal -0.894155 -0.447758 0
    outer loop
      vertex -24.38 -18.21 2.4
      vertex -24.051 -18.867 0
      vertex -24.051 -18.867 2.4
    endloop
  endfacet
  facet normal -0.813614 -0.581406 0
    outer loop
      vertex -23.723 -19.326 0
      vertex -24.051 -18.867 2.4
      vertex -24.051 -18.867 0
    endloop
  endfacet
  facet normal -0.813614 -0.581406 0
    outer loop
      vertex -24.051 -18.867 2.4
      vertex -23.723 -19.326 0
      vertex -23.723 -19.326 2.4
    endloop
  endfacet
  facet normal -0.707107 -0.707107 0
    outer loop
      vertex -22.935 -20.114 0
      vertex -23.723 -19.326 2.4
      vertex -23.723 -19.326 0
    endloop
  endfacet
  facet normal -0.707107 -0.707107 0
    outer loop
      vertex -23.723 -19.326 2.4
      vertex -22.935 -20.114 0
      vertex -22.935 -20.114 2.4
    endloop
  endfacet
  facet normal -0.580231 -0.814452 0
    outer loop
      vertex -22.935 -20.114 0
      vertex -22.476 -20.441 2.4
      vertex -22.935 -20.114 2.4
    endloop
  endfacet
  facet normal -0.580231 -0.814452 -0
    outer loop
      vertex -22.476 -20.441 2.4
      vertex -22.935 -20.114 0
      vertex -22.476 -20.441 0
    endloop
  endfacet
  facet normal -0.414135 -0.910215 0
    outer loop
      vertex -22.476 -20.441 0
      vertex -21.032 -21.098 2.4
      vertex -22.476 -20.441 2.4
    endloop
  endfacet
  facet normal -0.414135 -0.910215 -0
    outer loop
      vertex -21.032 -21.098 2.4
      vertex -22.476 -20.441 0
      vertex -21.032 -21.098 0
    endloop
  endfacet
  facet normal -0.217979 -0.975953 0
    outer loop
      vertex -21.032 -21.098 0
      vertex -20.441 -21.23 2.4
      vertex -21.032 -21.098 2.4
    endloop
  endfacet
  facet normal -0.217979 -0.975953 -0
    outer loop
      vertex -20.441 -21.23 2.4
      vertex -21.032 -21.098 0
      vertex -20.441 -21.23 0
    endloop
  endfacet
  facet normal -0.444476 -0.895791 0
    outer loop
      vertex -20.441 -21.23 0
      vertex -20.179 -21.36 2.4
      vertex -20.441 -21.23 2.4
    endloop
  endfacet
  facet normal -0.444476 -0.895791 -0
    outer loop
      vertex -20.179 -21.36 2.4
      vertex -20.441 -21.23 0
      vertex -20.179 -21.36 0
    endloop
  endfacet
  facet normal 0 -1 0
    outer loop
      vertex -20.179 -21.36 0
      vertex -19.916 -21.36 2.4
      vertex -20.179 -21.36 2.4
    endloop
  endfacet
  facet normal 0 -1 -0
    outer loop
      vertex -19.916 -21.36 2.4
      vertex -20.179 -21.36 0
      vertex -19.916 -21.36 0
    endloop
  endfacet
  facet normal -0.449938 -0.89306 0
    outer loop
      vertex -19.916 -21.36 0
      vertex -19.654 -21.492 2.4
      vertex -19.916 -21.36 2.4
    endloop
  endfacet
  facet normal -0.449938 -0.89306 -0
    outer loop
      vertex -19.654 -21.492 2.4
      vertex -19.916 -21.36 0
      vertex -19.654 -21.492 0
    endloop
  endfacet
  facet normal -0.0986025 -0.995127 0
    outer loop
      vertex -19.654 -21.492 0
      vertex -18.998 -21.557 2.4
      vertex -19.654 -21.492 2.4
    endloop
  endfacet
  facet normal -0.0986025 -0.995127 -0
    outer loop
      vertex -18.998 -21.557 2.4
      vertex -19.654 -21.492 0
      vertex -18.998 -21.557 0
    endloop
  endfacet
  facet normal 0.701689 -0.712484 0
    outer loop
      vertex -18.998 -21.557 0
      vertex -18.932 -21.492 2.4
      vertex -18.998 -21.557 2.4
    endloop
  endfacet
  facet normal 0.701689 -0.712484 0
    outer loop
      vertex -18.932 -21.492 2.4
      vertex -18.998 -21.557 0
      vertex -18.932 -21.492 0
    endloop
  endfacet
  facet normal 1 -0 0
    outer loop
      vertex -18.932 -21.492 2.4
      vertex -18.932 -21.23 0
      vertex -18.932 -21.23 2.4
    endloop
  endfacet
  facet normal 1 0 0
    outer loop
      vertex -18.932 -21.23 0
      vertex -18.932 -21.492 2.4
      vertex -18.932 -21.492 0
    endloop
  endfacet
  facet normal 0.707107 0.707107 0
    outer loop
      vertex -18.932 -21.23 2.4
      vertex -18.998 -21.164 0
      vertex -18.998 -21.164 2.4
    endloop
  endfacet
  facet normal 0.707107 0.707107 0
    outer loop
      vertex -18.998 -21.164 0
      vertex -18.932 -21.23 2.4
      vertex -18.932 -21.23 0
    endloop
  endfacet
  facet normal 0.988264 0.152753 0
    outer loop
      vertex -18.998 -21.164 2.4
      vertex -19.13 -20.31 0
      vertex -19.13 -20.31 2.4
    endloop
  endfacet
  facet normal 0.988264 0.152753 0
    outer loop
      vertex -19.13 -20.31 0
      vertex -18.998 -21.164 2.4
      vertex -18.998 -21.164 0
    endloop
  endfacet
  facet normal 0.707107 0.707107 0
    outer loop
      vertex -19.13 -20.31 2.4
      vertex -19.194 -20.246 0
      vertex -19.194 -20.246 2.4
    endloop
  endfacet
  facet normal 0.707107 0.707107 0
    outer loop
      vertex -19.194 -20.246 0
      vertex -19.13 -20.31 2.4
      vertex -19.13 -20.31 0
    endloop
  endfacet
  facet normal 1 -0 0
    outer loop
      vertex -19.194 -20.246 2.4
      vertex -19.194 -19.786 0
      vertex -19.194 -19.786 2.4
    endloop
  endfacet
  facet normal 1 0 0
    outer loop
      vertex -19.194 -19.786 0
      vertex -19.194 -20.246 2.4
      vertex -19.194 -20.246 0
    endloop
  endfacet
  facet normal 0.948201 0.317671 0
    outer loop
      vertex -19.194 -19.786 2.4
      vertex -19.326 -19.392 0
      vertex -19.326 -19.392 2.4
    endloop
  endfacet
  facet normal 0.948201 0.317671 0
    outer loop
      vertex -19.326 -19.392 0
      vertex -19.194 -19.786 2.4
      vertex -19.194 -19.786 0
    endloop
  endfacet
  facet normal 0.998739 0.0502032 0
    outer loop
      vertex -19.326 -19.392 2.4
      vertex -19.392 -18.079 0
      vertex -19.392 -18.079 2.4
    endloop
  endfacet
  facet normal 0.998739 0.0502032 0
    outer loop
      vertex -19.392 -18.079 0
      vertex -19.326 -19.392 2.4
      vertex -19.326 -19.392 0
    endloop
  endfacet
  facet normal 0.701689 0.712484 -0
    outer loop
      vertex -19.392 -18.079 0
      vertex -19.458 -18.014 2.4
      vertex -19.392 -18.079 2.4
    endloop
  endfacet
  facet normal 0.701689 0.712484 0
    outer loop
      vertex -19.458 -18.014 2.4
      vertex -19.392 -18.079 0
      vertex -19.458 -18.014 0
    endloop
  endfacet
  facet normal 1 -0 0
    outer loop
      vertex -19.458 -18.014 2.4
      vertex -19.458 -16.438 0
      vertex -19.458 -16.438 2.4
    endloop
  endfacet
  facet normal 1 0 0
    outer loop
      vertex -19.458 -16.438 0
      vertex -19.458 -18.014 2.4
      vertex -19.458 -18.014 0
    endloop
  endfacet
  facet normal 0 -1 0
    outer loop
      vertex -19.458 -16.438 0
      vertex -18.08 -16.438 2.4
      vertex -19.458 -16.438 2.4
    endloop
  endfacet
  facet normal 0 -1 -0
    outer loop
      vertex -18.08 -16.438 2.4
      vertex -19.458 -16.438 0
      vertex -18.08 -16.438 0
    endloop
  endfacet
  facet normal -1 0 0
    outer loop
      vertex -18.08 -18.014 0
      vertex -18.08 -16.438 2.4
      vertex -18.08 -16.438 0
    endloop
  endfacet
  facet normal -1 -0 0
    outer loop
      vertex -18.08 -16.438 2.4
      vertex -18.08 -18.014 0
      vertex -18.08 -18.014 2.4
    endloop
  endfacet
  facet normal -0.701689 -0.712484 0
    outer loop
      vertex -18.08 -18.014 0
      vertex -18.014 -18.079 2.4
      vertex -18.08 -18.014 2.4
    endloop
  endfacet
  facet normal -0.701689 -0.712484 -0
    outer loop
      vertex -18.014 -18.079 2.4
      vertex -18.08 -18.014 0
      vertex -18.014 -18.079 0
    endloop
  endfacet
  facet normal -0.998442 -0.0557978 0
    outer loop
      vertex -17.948 -19.26 0
      vertex -18.014 -18.079 2.4
      vertex -18.014 -18.079 0
    endloop
  endfacet
  facet normal -0.998442 -0.0557978 0
    outer loop
      vertex -18.014 -18.079 2.4
      vertex -17.948 -19.26 0
      vertex -17.948 -19.26 2.4
    endloop
  endfacet
  facet normal -0.948201 -0.317671 0
    outer loop
      vertex -17.816 -19.654 0
      vertex -17.948 -19.26 2.4
      vertex -17.948 -19.26 0
    endloop
  endfacet
  facet normal -0.948201 -0.317671 0
    outer loop
      vertex -17.948 -19.26 2.4
      vertex -17.816 -19.654 0
      vertex -17.816 -19.654 2.4
    endloop
  endfacet
  facet normal -0.992307 -0.123802 0
    outer loop
      vertex -17.685 -20.704 0
      vertex -17.816 -19.654 2.4
      vertex -17.816 -19.654 0
    endloop
  endfacet
  facet normal -0.992307 -0.123802 0
    outer loop
      vertex -17.816 -19.654 2.4
      vertex -17.685 -20.704 0
      vertex -17.685 -20.704 2.4
    endloop
  endfacet
  facet normal -0.948683 -0.316228 0
    outer loop
      vertex -17.357 -21.688 0
      vertex -17.685 -20.704 2.4
      vertex -17.685 -20.704 0
    endloop
  endfacet
  facet normal -0.948683 -0.316228 0
    outer loop
      vertex -17.685 -20.704 2.4
      vertex -17.357 -21.688 0
      vertex -17.357 -21.688 2.4
    endloop
  endfacet
  facet normal -0.449938 -0.89306 0
    outer loop
      vertex -17.357 -21.688 0
      vertex -17.226 -21.754 2.4
      vertex -17.357 -21.688 2.4
    endloop
  endfacet
  facet normal -0.449938 -0.89306 -0
    outer loop
      vertex -17.226 -21.754 2.4
      vertex -17.357 -21.688 0
      vertex -17.226 -21.754 0
    endloop
  endfacet
  facet normal 0 -1 0
    outer loop
      vertex -17.226 -21.754 0
      vertex -16.504 -21.754 2.4
      vertex -17.226 -21.754 2.4
    endloop
  endfacet
  facet normal 0 -1 -0
    outer loop
      vertex -16.504 -21.754 2.4
      vertex -17.226 -21.754 0
      vertex -16.504 -21.754 0
    endloop
  endfacet
  facet normal 0.707107 -0.707107 0
    outer loop
      vertex -16.504 -21.754 2.4
      vertex -16.438 -21.688 0
      vertex -16.438 -21.688 2.4
    endloop
  endfacet
  facet normal 0.707107 -0.707107 0
    outer loop
      vertex -16.438 -21.688 0
      vertex -16.504 -21.754 2.4
      vertex -16.504 -21.754 0
    endloop
  endfacet
  facet normal 0 -1 0
    outer loop
      vertex -16.438 -21.688 0
      vertex -15.651 -21.688 2.4
      vertex -16.438 -21.688 2.4
    endloop
  endfacet
  facet normal 0 -1 -0
    outer loop
      vertex -15.651 -21.688 2.4
      vertex -16.438 -21.688 0
      vertex -15.651 -21.688 0
    endloop
  endfacet
  facet normal 0.701604 -0.712567 0
    outer loop
      vertex -15.651 -21.688 0
      vertex -15.586 -21.624 2.4
      vertex -15.651 -21.688 2.4
    endloop
  endfacet
  facet normal 0.701604 -0.712567 0
    outer loop
      vertex -15.586 -21.624 2.4
      vertex -15.651 -21.688 0
      vertex -15.586 -21.624 0
    endloop
  endfacet
  facet normal 0 -1 0
    outer loop
      vertex -15.586 -21.624 0
      vertex -14.994 -21.624 2.4
      vertex -15.586 -21.624 2.4
    endloop
  endfacet
  facet normal 0 -1 -0
    outer loop
      vertex -14.994 -21.624 2.4
      vertex -15.586 -21.624 0
      vertex -14.994 -21.624 0
    endloop
  endfacet
  facet normal 0.27638 -0.961048 0
    outer loop
      vertex -14.994 -21.624 0
      vertex -14.535 -21.492 2.4
      vertex -14.994 -21.624 2.4
    endloop
  endfacet
  facet normal 0.27638 -0.961048 0
    outer loop
      vertex -14.535 -21.492 2.4
      vertex -14.994 -21.624 0
      vertex -14.535 -21.492 0
    endloop
  endfacet
  facet normal 0 -1 0
    outer loop
      vertex -14.535 -21.492 0
      vertex -14.142 -21.492 2.4
      vertex -14.535 -21.492 2.4
    endloop
  endfacet
  facet normal 0 -1 -0
    outer loop
      vertex -14.142 -21.492 2.4
      vertex -14.535 -21.492 0
      vertex -14.142 -21.492 0
    endloop
  endfacet
  facet normal 0.372363 -0.928087 0
    outer loop
      vertex -14.142 -21.492 0
      vertex -13.813 -21.36 2.4
      vertex -14.142 -21.492 2.4
    endloop
  endfacet
  facet normal 0.372363 -0.928087 0
    outer loop
      vertex -13.813 -21.36 2.4
      vertex -14.142 -21.492 0
      vertex -13.813 -21.36 0
    endloop
  endfacet
  facet normal 0.150664 -0.988585 0
    outer loop
      vertex -13.813 -21.36 0
      vertex -12.96 -21.23 2.4
      vertex -13.813 -21.36 2.4
    endloop
  endfacet
  facet normal 0.150664 -0.988585 0
    outer loop
      vertex -12.96 -21.23 2.4
      vertex -13.813 -21.36 0
      vertex -12.96 -21.23 0
    endloop
  endfacet
  facet normal 0.449938 -0.89306 0
    outer loop
      vertex -12.96 -21.23 0
      vertex -12.698 -21.098 2.4
      vertex -12.96 -21.23 2.4
    endloop
  endfacet
  facet normal 0.449938 -0.89306 0
    outer loop
      vertex -12.698 -21.098 2.4
      vertex -12.96 -21.23 0
      vertex -12.698 -21.098 0
    endloop
  endfacet
  facet normal 0 -1 0
    outer loop
      vertex -12.698 -21.098 0
      vertex -12.435 -21.098 2.4
      vertex -12.698 -21.098 2.4
    endloop
  endfacet
  facet normal 0 -1 -0
    outer loop
      vertex -12.435 -21.098 2.4
      vertex -12.698 -21.098 0
      vertex -12.435 -21.098 0
    endloop
  endfacet
  facet normal 0.449938 -0.89306 0
    outer loop
      vertex -12.435 -21.098 0
      vertex -12.173 -20.966 2.4
      vertex -12.435 -21.098 2.4
    endloop
  endfacet
  facet normal 0.449938 -0.89306 0
    outer loop
      vertex -12.173 -20.966 2.4
      vertex -12.435 -21.098 0
      vertex -12.173 -20.966 0
    endloop
  endfacet
  facet normal 0 -1 0
    outer loop
      vertex -12.173 -20.966 0
      vertex -11.976 -20.966 2.4
      vertex -12.173 -20.966 2.4
    endloop
  endfacet
  facet normal 0 -1 -0
    outer loop
      vertex -11.976 -20.966 2.4
      vertex -12.173 -20.966 0
      vertex -11.976 -20.966 0
    endloop
  endfacet
  facet normal 0.553724 -0.8327 0
    outer loop
      vertex -11.976 -20.966 0
      vertex -11.779 -20.835 2.4
      vertex -11.976 -20.966 2.4
    endloop
  endfacet
  facet normal 0.553724 -0.8327 0
    outer loop
      vertex -11.779 -20.835 2.4
      vertex -11.976 -20.966 0
      vertex -11.779 -20.835 0
    endloop
  endfacet
  facet normal 0.216406 -0.976304 0
    outer loop
      vertex -11.779 -20.835 0
      vertex -11.188 -20.704 2.4
      vertex -11.779 -20.835 2.4
    endloop
  endfacet
  facet normal 0.216406 -0.976304 0
    outer loop
      vertex -11.188 -20.704 2.4
      vertex -11.779 -20.835 0
      vertex -11.188 -20.704 0
    endloop
  endfacet
  facet normal 0.553724 -0.8327 0
    outer loop
      vertex -11.188 -20.704 0
      vertex -10.991 -20.573 2.4
      vertex -11.188 -20.704 2.4
    endloop
  endfacet
  facet normal 0.553724 -0.8327 0
    outer loop
      vertex -10.991 -20.573 2.4
      vertex -11.188 -20.704 0
      vertex -10.991 -20.573 0
    endloop
  endfacet
  facet normal 0 -1 0
    outer loop
      vertex -10.991 -20.573 0
      vertex -10.794 -20.573 2.4
      vertex -10.991 -20.573 2.4
    endloop
  endfacet
  facet normal 0 -1 -0
    outer loop
      vertex -10.794 -20.573 2.4
      vertex -10.991 -20.573 0
      vertex -10.794 -20.573 0
    endloop
  endfacet
  facet normal 0.5586 -0.829437 0
    outer loop
      vertex -10.794 -20.573 0
      vertex -10.598 -20.441 2.4
      vertex -10.794 -20.573 2.4
    endloop
  endfacet
  facet normal 0.5586 -0.829437 0
    outer loop
      vertex -10.598 -20.441 2.4
      vertex -10.794 -20.573 0
      vertex -10.598 -20.441 0
    endloop
  endfacet
  facet normal 0.332419 -0.943132 0
    outer loop
      vertex -10.598 -20.441 0
      vertex -9.48299 -20.048 2.4
      vertex -10.598 -20.441 2.4
    endloop
  endfacet
  facet normal 0.332419 -0.943132 0
    outer loop
      vertex -9.48299 -20.048 2.4
      vertex -10.598 -20.441 0
      vertex -9.48299 -20.048 0
    endloop
  endfacet
  facet normal 0.494918 -0.86894 0
    outer loop
      vertex -9.48299 -20.048 0
      vertex -9.02299 -19.786 2.4
      vertex -9.48299 -20.048 2.4
    endloop
  endfacet
  facet normal 0.494918 -0.86894 0
    outer loop
      vertex -9.02299 -19.786 2.4
      vertex -9.48299 -20.048 0
      vertex -9.02299 -19.786 0
    endloop
  endfacet
  facet normal 0 -1 0
    outer loop
      vertex -9.02299 -19.786 0
      vertex -8.892 -19.786 2.4
      vertex -9.02299 -19.786 2.4
    endloop
  endfacet
  facet normal 0 -1 -0
    outer loop
      vertex -8.892 -19.786 2.4
      vertex -9.02299 -19.786 0
      vertex -8.892 -19.786 0
    endloop
  endfacet
  facet normal 0.447211 -0.894428 0
    outer loop
      vertex -8.892 -19.786 0
      vertex -7.31599 -18.998 2.4
      vertex -8.892 -19.786 2.4
    endloop
  endfacet
  facet normal 0.447211 -0.894428 0
    outer loop
      vertex -7.31599 -18.998 2.4
      vertex -8.892 -19.786 0
      vertex -7.31599 -18.998 0
    endloop
  endfacet
  facet normal 0.511376 -0.859357 0
    outer loop
      vertex -7.31599 -18.998 0
      vertex -4.56 -17.358 2.4
      vertex -7.31599 -18.998 2.4
    endloop
  endfacet
  facet normal 0.511376 -0.859357 0
    outer loop
      vertex -4.56 -17.358 2.4
      vertex -7.31599 -18.998 0
      vertex -4.56 -17.358 0
    endloop
  endfacet
  facet normal 0.568401 -0.822752 0
    outer loop
      vertex -4.56 -17.358 0
      vertex -1.80399 -15.454 2.4
      vertex -4.56 -17.358 2.4
    endloop
  endfacet
  facet normal 0.568401 -0.822752 0
    outer loop
      vertex -1.80399 -15.454 2.4
      vertex -4.56 -17.358 0
      vertex -1.80399 -15.454 0
    endloop
  endfacet
  facet normal 0.59989 -0.800082 0
    outer loop
      vertex -1.80399 -15.454 0
      vertex 3.97099 -11.124 2.4
      vertex -1.80399 -15.454 2.4
    endloop
  endfacet
  facet normal 0.59989 -0.800082 0
    outer loop
      vertex 3.97099 -11.124 2.4
      vertex -1.80399 -15.454 0
      vertex 3.97099 -11.124 0
    endloop
  endfacet
  facet normal 0.555462 -0.831542 0
    outer loop
      vertex 3.97099 -11.124 0
      vertex 5.74199 -9.94099 2.4
      vertex 3.97099 -11.124 2.4
    endloop
  endfacet
  facet normal 0.555462 -0.831542 0
    outer loop
      vertex 5.74199 -9.94099 2.4
      vertex 3.97099 -11.124 0
      vertex 5.74199 -9.94099 0
    endloop
  endfacet
  facet normal 0.488212 -0.872725 0
    outer loop
      vertex 5.74199 -9.94099 0
      vertex 7.383 -9.02299 2.4
      vertex 5.74199 -9.94099 2.4
    endloop
  endfacet
  facet normal 0.488212 -0.872725 0
    outer loop
      vertex 7.383 -9.02299 2.4
      vertex 5.74199 -9.94099 0
      vertex 7.383 -9.02299 0
    endloop
  endfacet
  facet normal 0.707107 -0.707107 0
    outer loop
      vertex 7.383 -9.02299 2.4
      vertex 7.51399 -8.892 0
      vertex 7.51399 -8.892 2.4
    endloop
  endfacet
  facet normal 0.707107 -0.707107 0
    outer loop
      vertex 7.51399 -8.892 0
      vertex 7.383 -9.02299 2.4
      vertex 7.383 -9.02299 0
    endloop
  endfacet
  facet normal 0 -1 0
    outer loop
      vertex 7.51399 -8.892 0
      vertex 7.64499 -8.892 2.4
      vertex 7.51399 -8.892 2.4
    endloop
  endfacet
  facet normal 0 -1 -0
    outer loop
      vertex 7.64499 -8.892 2.4
      vertex 7.51399 -8.892 0
      vertex 7.64499 -8.892 0
    endloop
  endfacet
  facet normal 0.709817 -0.704386 0
    outer loop
      vertex 7.64499 -8.892 2.4
      vertex 7.77599 -8.75999 0
      vertex 7.77599 -8.75999 2.4
    endloop
  endfacet
  facet normal 0.709817 -0.704386 0
    outer loop
      vertex 7.77599 -8.75999 0
      vertex 7.64499 -8.892 2.4
      vertex 7.64499 -8.892 0
    endloop
  endfacet
  facet normal 0.434496 -0.900674 0
    outer loop
      vertex 7.77599 -8.75999 0
      vertex 9.681 -7.84099 2.4
      vertex 7.77599 -8.75999 2.4
    endloop
  endfacet
  facet normal 0.434496 -0.900674 0
    outer loop
      vertex 9.681 -7.84099 2.4
      vertex 7.77599 -8.75999 0
      vertex 9.681 -7.84099 0
    endloop
  endfacet
  facet normal 0.194962 -0.980811 0
    outer loop
      vertex 9.681 -7.84099 0
      vertex 10.008 -7.77599 2.4
      vertex 9.681 -7.84099 2.4
    endloop
  endfacet
  facet normal 0.194962 -0.980811 0
    outer loop
      vertex 10.008 -7.77599 2.4
      vertex 9.681 -7.84099 0
      vertex 10.008 -7.77599 0
    endloop
  endfacet
  facet normal 0.51488 -0.857262 0
    outer loop
      vertex 10.008 -7.77599 0
      vertex 10.336 -7.57899 2.4
      vertex 10.008 -7.77599 2.4
    endloop
  endfacet
  facet normal 0.51488 -0.857262 0
    outer loop
      vertex 10.336 -7.57899 2.4
      vertex 10.008 -7.77599 0
      vertex 10.336 -7.57899 0
    endloop
  endfacet
  facet normal 0.24165 -0.970363 0
    outer loop
      vertex 10.336 -7.57899 0
      vertex 10.862 -7.448 2.4
      vertex 10.336 -7.57899 2.4
    endloop
  endfacet
  facet normal 0.24165 -0.970363 0
    outer loop
      vertex 10.862 -7.448 2.4
      vertex 10.336 -7.57899 0
      vertex 10.862 -7.448 0
    endloop
  endfacet
  facet normal 0.556674 -0.830731 0
    outer loop
      vertex 10.862 -7.448 0
      vertex 11.059 -7.31599 2.4
      vertex 10.862 -7.448 2.4
    endloop
  endfacet
  facet normal 0.556674 -0.830731 0
    outer loop
      vertex 11.059 -7.31599 2.4
      vertex 10.862 -7.448 0
      vertex 11.059 -7.31599 0
    endloop
  endfacet
  facet normal 0 -1 0
    outer loop
      vertex 11.059 -7.31599 0
      vertex 11.255 -7.31599 2.4
      vertex 11.059 -7.31599 2.4
    endloop
  endfacet
  facet normal 0 -1 -0
    outer loop
      vertex 11.255 -7.31599 2.4
      vertex 11.059 -7.31599 0
      vertex 11.255 -7.31599 0
    endloop
  endfacet
  facet normal 0.553695 -0.83272 0
    outer loop
      vertex 11.255 -7.31599 0
      vertex 11.452 -7.185 2.4
      vertex 11.255 -7.31599 2.4
    endloop
  endfacet
  facet normal 0.553695 -0.83272 0
    outer loop
      vertex 11.452 -7.185 2.4
      vertex 11.255 -7.31599 0
      vertex 11.452 -7.185 0
    endloop
  endfacet
  facet normal 0 -1 0
    outer loop
      vertex 11.452 -7.185 0
      vertex 11.648 -7.185 2.4
      vertex 11.452 -7.185 2.4
    endloop
  endfacet
  facet normal 0 -1 -0
    outer loop
      vertex 11.648 -7.185 2.4
      vertex 11.452 -7.185 0
      vertex 11.648 -7.185 0
    endloop
  endfacet
  facet normal 0.341127 -0.940017 0
    outer loop
      vertex 11.648 -7.185 0
      vertex 12.37 -6.92299 2.4
      vertex 11.648 -7.185 2.4
    endloop
  endfacet
  facet normal 0.341127 -0.940017 0
    outer loop
      vertex 12.37 -6.92299 2.4
      vertex 11.648 -7.185 0
      vertex 12.37 -6.92299 0
    endloop
  endfacet
  facet normal 0 -1 0
    outer loop
      vertex 12.37 -6.92299 0
      vertex 12.633 -6.92299 2.4
      vertex 12.37 -6.92299 2.4
    endloop
  endfacet
  facet normal 0 -1 -0
    outer loop
      vertex 12.633 -6.92299 2.4
      vertex 12.37 -6.92299 0
      vertex 12.633 -6.92299 0
    endloop
  endfacet
  facet normal 0.449938 -0.89306 0
    outer loop
      vertex 12.633 -6.92299 0
      vertex 12.895 -6.79099 2.4
      vertex 12.633 -6.92299 2.4
    endloop
  endfacet
  facet normal 0.449938 -0.89306 0
    outer loop
      vertex 12.895 -6.79099 2.4
      vertex 12.633 -6.92299 0
      vertex 12.895 -6.79099 0
    endloop
  endfacet
  facet normal 0 -1 0
    outer loop
      vertex 12.895 -6.79099 0
      vertex 13.224 -6.79099 2.4
      vertex 12.895 -6.79099 2.4
    endloop
  endfacet
  facet normal 0 -1 -0
    outer loop
      vertex 13.224 -6.79099 2.4
      vertex 12.895 -6.79099 0
      vertex 13.224 -6.79099 0
    endloop
  endfacet
  facet normal 0.370902 -0.928672 0
    outer loop
      vertex 13.224 -6.79099 0
      vertex 13.552 -6.65999 2.4
      vertex 13.224 -6.79099 2.4
    endloop
  endfacet
  facet normal 0.370902 -0.928672 0
    outer loop
      vertex 13.552 -6.65999 2.4
      vertex 13.224 -6.79099 0
      vertex 13.552 -6.65999 0
    endloop
  endfacet
  facet normal 0.0716327 -0.997431 0
    outer loop
      vertex 13.552 -6.65999 0
      vertex 14.471 -6.59399 2.4
      vertex 13.552 -6.65999 2.4
    endloop
  endfacet
  facet normal 0.0716327 -0.997431 0
    outer loop
      vertex 14.471 -6.59399 2.4
      vertex 13.552 -6.65999 0
      vertex 14.471 -6.59399 0
    endloop
  endfacet
  facet normal 0.701689 -0.712484 0
    outer loop
      vertex 14.471 -6.59399 0
      vertex 14.537 -6.52899 2.4
      vertex 14.471 -6.59399 2.4
    endloop
  endfacet
  facet normal 0.701689 -0.712484 0
    outer loop
      vertex 14.537 -6.52899 2.4
      vertex 14.471 -6.59399 0
      vertex 14.537 -6.52899 0
    endloop
  endfacet
  facet normal 0.0304662 -0.999536 0
    outer loop
      vertex 14.537 -6.52899 0
      vertex 16.702 -6.463 2.4
      vertex 14.537 -6.52899 2.4
    endloop
  endfacet
  facet normal 0.0304662 -0.999536 0
    outer loop
      vertex 16.702 -6.463 2.4
      vertex 14.537 -6.52899 0
      vertex 16.702 -6.463 0
    endloop
  endfacet
  facet normal 0.701743 -0.71243 0
    outer loop
      vertex 16.702 -6.463 0
      vertex 16.768 -6.39799 2.4
      vertex 16.702 -6.463 2.4
    endloop
  endfacet
  facet normal 0.701743 -0.71243 0
    outer loop
      vertex 16.768 -6.39799 2.4
      vertex 16.702 -6.463 0
      vertex 16.768 -6.39799 0
    endloop
  endfacet
  facet normal -0.0553764 -0.998466 0
    outer loop
      vertex 16.768 -6.39799 0
      vertex 19.13 -6.52899 2.4
      vertex 16.768 -6.39799 2.4
    endloop
  endfacet
  facet normal -0.0553764 -0.998466 -0
    outer loop
      vertex 19.13 -6.52899 2.4
      vertex 16.768 -6.39799 0
      vertex 19.13 -6.52899 0
    endloop
  endfacet
  facet normal -0.701689 -0.712484 0
    outer loop
      vertex 19.13 -6.52899 0
      vertex 19.196 -6.59399 2.4
      vertex 19.13 -6.52899 2.4
    endloop
  endfacet
  facet normal -0.701689 -0.712484 -0
    outer loop
      vertex 19.196 -6.59399 2.4
      vertex 19.13 -6.52899 0
      vertex 19.196 -6.59399 0
    endloop
  endfacet
  facet normal 0 -1 0
    outer loop
      vertex 19.196 -6.59399 0
      vertex 19.59 -6.59399 2.4
      vertex 19.196 -6.59399 2.4
    endloop
  endfacet
  facet normal 0 -1 -0
    outer loop
      vertex 19.59 -6.59399 2.4
      vertex 19.196 -6.59399 0
      vertex 19.59 -6.59399 0
    endloop
  endfacet
  facet normal -0.707107 -0.707107 0
    outer loop
      vertex 19.656 -6.65999 0
      vertex 19.59 -6.59399 2.4
      vertex 19.59 -6.59399 0
    endloop
  endfacet
  facet normal -0.707107 -0.707107 0
    outer loop
      vertex 19.59 -6.59399 2.4
      vertex 19.656 -6.65999 0
      vertex 19.656 -6.65999 2.4
    endloop
  endfacet
  facet normal 0 -1 0
    outer loop
      vertex 19.656 -6.65999 0
      vertex 20.049 -6.65999 2.4
      vertex 19.656 -6.65999 2.4
    endloop
  endfacet
  facet normal 0 -1 -0
    outer loop
      vertex 20.049 -6.65999 2.4
      vertex 19.656 -6.65999 0
      vertex 20.049 -6.65999 0
    endloop
  endfacet
  facet normal -0.315505 -0.948924 0
    outer loop
      vertex 20.049 -6.65999 0
      vertex 20.443 -6.79099 2.4
      vertex 20.049 -6.65999 2.4
    endloop
  endfacet
  facet normal -0.315505 -0.948924 -0
    outer loop
      vertex 20.443 -6.79099 2.4
      vertex 20.049 -6.65999 0
      vertex 20.443 -6.79099 0
    endloop
  endfacet
  facet normal 0 -1 0
    outer loop
      vertex 20.443 -6.79099 0
      vertex 20.77 -6.79099 2.4
      vertex 20.443 -6.79099 2.4
    endloop
  endfacet
  facet normal 0 -1 -0
    outer loop
      vertex 20.77 -6.79099 2.4
      vertex 20.443 -6.79099 0
      vertex 20.77 -6.79099 0
    endloop
  endfacet
  facet normal -0.447214 -0.894427 0
    outer loop
      vertex 20.77 -6.79099 0
      vertex 21.034 -6.92299 2.4
      vertex 20.77 -6.79099 2.4
    endloop
  endfacet
  facet normal -0.447214 -0.894427 -0
    outer loop
      vertex 21.034 -6.92299 2.4
      vertex 20.77 -6.79099 0
      vertex 21.034 -6.92299 0
    endloop
  endfacet
  facet normal -0.164196 -0.986428 0
    outer loop
      vertex 21.034 -6.92299 0
      vertex 21.821 -7.05399 2.4
      vertex 21.034 -6.92299 2.4
    endloop
  endfacet
  facet normal -0.164196 -0.986428 -0
    outer loop
      vertex 21.821 -7.05399 2.4
      vertex 21.034 -6.92299 0
      vertex 21.821 -7.05399 0
    endloop
  endfacet
  facet normal -0.341499 -0.939882 0
    outer loop
      vertex 21.821 -7.05399 0
      vertex 23.987 -7.84099 2.4
      vertex 21.821 -7.05399 2.4
    endloop
  endfacet
  facet normal -0.341499 -0.939882 -0
    outer loop
      vertex 23.987 -7.84099 2.4
      vertex 21.821 -7.05399 0
      vertex 23.987 -7.84099 0
    endloop
  endfacet
  facet normal -0.71247 -0.701703 0
    outer loop
      vertex 24.118 -7.974 0
      vertex 23.987 -7.84099 2.4
      vertex 23.987 -7.84099 0
    endloop
  endfacet
  facet normal -0.71247 -0.701703 0
    outer loop
      vertex 23.987 -7.84099 2.4
      vertex 24.118 -7.974 0
      vertex 24.118 -7.974 2.4
    endloop
  endfacet
  facet normal 0 -1 0
    outer loop
      vertex 24.118 -7.974 0
      vertex 24.249 -7.974 2.4
      vertex 24.118 -7.974 2.4
    endloop
  endfacet
  facet normal 0 -1 -0
    outer loop
      vertex 24.249 -7.974 2.4
      vertex 24.118 -7.974 0
      vertex 24.249 -7.974 0
    endloop
  endfacet
  facet normal -0.446296 -0.894886 0
    outer loop
      vertex 24.249 -7.974 0
      vertex 25.037 -8.36699 2.4
      vertex 24.249 -7.974 2.4
    endloop
  endfacet
  facet normal -0.446296 -0.894886 -0
    outer loop
      vertex 25.037 -8.36699 2.4
      vertex 24.249 -7.974 0
      vertex 25.037 -8.36699 0
    endloop
  endfacet
  facet normal -0.521075 -0.853511 0
    outer loop
      vertex 25.037 -8.36699 0
      vertex 26.218 -9.088 2.4
      vertex 25.037 -8.36699 2.4
    endloop
  endfacet
  facet normal -0.521075 -0.853511 -0
    outer loop
      vertex 26.218 -9.088 2.4
      vertex 25.037 -8.36699 0
      vertex 26.218 -9.088 0
    endloop
  endfacet
  facet normal -0.616899 -0.787042 0
    outer loop
      vertex 26.218 -9.088 0
      vertex 27.726 -10.27 2.4
      vertex 26.218 -9.088 2.4
    endloop
  endfacet
  facet normal -0.616899 -0.787042 -0
    outer loop
      vertex 27.726 -10.27 2.4
      vertex 26.218 -9.088 0
      vertex 27.726 -10.27 0
    endloop
  endfacet
  facet normal -0.706568 -0.707645 0
    outer loop
      vertex 27.726 -10.27 0
      vertex 28.383 -10.926 2.4
      vertex 27.726 -10.27 2.4
    endloop
  endfacet
  facet normal -0.706568 -0.707645 -0
    outer loop
      vertex 28.383 -10.926 2.4
      vertex 27.726 -10.27 0
      vertex 28.383 -10.926 0
    endloop
  endfacet
  facet normal -0.816887 -0.576798 0
    outer loop
      vertex 29.171 -12.042 0
      vertex 28.383 -10.926 2.4
      vertex 28.383 -10.926 0
    endloop
  endfacet
  facet normal -0.816887 -0.576798 0
    outer loop
      vertex 28.383 -10.926 2.4
      vertex 29.171 -12.042 0
      vertex 29.171 -12.042 2.4
    endloop
  endfacet
  facet normal -0.905039 -0.425328 0
    outer loop
      vertex 29.695 -13.157 0
      vertex 29.171 -12.042 2.4
      vertex 29.171 -12.042 0
    endloop
  endfacet
  facet normal -0.905039 -0.425328 0
    outer loop
      vertex 29.171 -12.042 2.4
      vertex 29.695 -13.157 0
      vertex 29.695 -13.157 2.4
    endloop
  endfacet
  facet normal -1 0 0
    outer loop
      vertex 29.695 -13.355 0
      vertex 29.695 -13.157 2.4
      vertex 29.695 -13.157 0
    endloop
  endfacet
  facet normal -1 -0 0
    outer loop
      vertex 29.695 -13.157 2.4
      vertex 29.695 -13.355 0
      vertex 29.695 -13.355 2.4
    endloop
  endfacet
  facet normal -0.831397 -0.555679 0
    outer loop
      vertex 29.826 -13.551 0
      vertex 29.695 -13.355 2.4
      vertex 29.695 -13.355 0
    endloop
  endfacet
  facet normal -0.831397 -0.555679 0
    outer loop
      vertex 29.695 -13.355 2.4
      vertex 29.826 -13.551 0
      vertex 29.826 -13.551 2.4
    endloop
  endfacet
  facet normal -1 0 0
    outer loop
      vertex 29.826 -13.813 0
      vertex 29.826 -13.551 2.4
      vertex 29.826 -13.551 0
    endloop
  endfacet
  facet normal -1 -0 0
    outer loop
      vertex 29.826 -13.551 2.4
      vertex 29.826 -13.813 0
      vertex 29.826 -13.813 2.4
    endloop
  endfacet
  facet normal -0.893747 -0.448572 0
    outer loop
      vertex 29.958 -14.076 0
      vertex 29.826 -13.813 2.4
      vertex 29.826 -13.813 0
    endloop
  endfacet
  facet normal -0.893747 -0.448572 0
    outer loop
      vertex 29.826 -13.813 2.4
      vertex 29.958 -14.076 0
      vertex 29.958 -14.076 2.4
    endloop
  endfacet
  facet normal -0.997758 -0.0669228 0
    outer loop
      vertex 30.024 -15.06 0
      vertex 29.958 -14.076 2.4
      vertex 29.958 -14.076 0
    endloop
  endfacet
  facet normal -0.997758 -0.0669228 0
    outer loop
      vertex 29.958 -14.076 2.4
      vertex 30.024 -15.06 0
      vertex 30.024 -15.06 2.4
    endloop
  endfacet
  facet normal -0.707107 -0.707107 0
    outer loop
      vertex 30.024 -15.06 0
      vertex 30.09 -15.126 2.4
      vertex 30.024 -15.06 2.4
    endloop
  endfacet
  facet normal -0.707107 -0.707107 -0
    outer loop
      vertex 30.09 -15.126 2.4
      vertex 30.024 -15.06 0
      vertex 30.09 -15.126 0
    endloop
  endfacet
  facet normal -1 0 0
    outer loop
      vertex 30.09 -15.914 0
      vertex 30.09 -15.126 2.4
      vertex 30.09 -15.126 0
    endloop
  endfacet
  facet normal -1 -0 0
    outer loop
      vertex 30.09 -15.126 2.4
      vertex 30.09 -15.914 0
      vertex 30.09 -15.914 2.4
    endloop
  endfacet
  facet normal -0.707107 0.707107 0
    outer loop
      vertex 30.024 -15.98 0
      vertex 30.09 -15.914 2.4
      vertex 30.09 -15.914 0
    endloop
  endfacet
  facet normal -0.707107 0.707107 0
    outer loop
      vertex 30.09 -15.914 2.4
      vertex 30.024 -15.98 0
      vertex 30.024 -15.98 2.4
    endloop
  endfacet
  facet normal -1 0 0
    outer loop
      vertex 30.024 -16.438 0
      vertex 30.024 -15.98 2.4
      vertex 30.024 -15.98 0
    endloop
  endfacet
  facet normal -1 -0 0
    outer loop
      vertex 30.024 -15.98 2.4
      vertex 30.024 -16.438 0
      vertex 30.024 -16.438 2.4
    endloop
  endfacet
  facet normal -0.707107 0.707107 0
    outer loop
      vertex 29.958 -16.504 0
      vertex 30.024 -16.438 2.4
      vertex 30.024 -16.438 0
    endloop
  endfacet
  facet normal -0.707107 0.707107 0
    outer loop
      vertex 30.024 -16.438 2.4
      vertex 29.958 -16.504 0
      vertex 29.958 -16.504 2.4
    endloop
  endfacet
  facet normal -1 0 0
    outer loop
      vertex 29.958 -16.898 0
      vertex 29.958 -16.504 2.4
      vertex 29.958 -16.504 0
    endloop
  endfacet
  facet normal -1 -0 0
    outer loop
      vertex 29.958 -16.504 2.4
      vertex 29.958 -16.898 0
      vertex 29.958 -16.898 2.4
    endloop
  endfacet
  facet normal -0.927694 0.37334 0
    outer loop
      vertex 29.826 -17.226 0
      vertex 29.958 -16.898 2.4
      vertex 29.958 -16.898 0
    endloop
  endfacet
  facet normal -0.927694 0.37334 0
    outer loop
      vertex 29.958 -16.898 2.4
      vertex 29.826 -17.226 0
      vertex 29.826 -17.226 2.4
    endloop
  endfacet
  facet normal -1 0 0
    outer loop
      vertex 29.826 -17.489 0
      vertex 29.826 -17.226 2.4
      vertex 29.826 -17.226 0
    endloop
  endfacet
  facet normal -1 -0 0
    outer loop
      vertex 29.826 -17.226 2.4
      vertex 29.826 -17.489 0
      vertex 29.826 -17.489 2.4
    endloop
  endfacet
  facet normal -0.831397 0.555679 0
    outer loop
      vertex 29.695 -17.685 0
      vertex 29.826 -17.489 2.4
      vertex 29.826 -17.489 0
    endloop
  endfacet
  facet normal -0.831397 0.555679 0
    outer loop
      vertex 29.826 -17.489 2.4
      vertex 29.695 -17.685 0
      vertex 29.695 -17.685 2.4
    endloop
  endfacet
  facet normal -1 0 0
    outer loop
      vertex 29.695 -17.882 0
      vertex 29.695 -17.685 2.4
      vertex 29.695 -17.685 0
    endloop
  endfacet
  facet normal -1 -0 0
    outer loop
      vertex 29.695 -17.685 2.4
      vertex 29.695 -17.882 0
      vertex 29.695 -17.882 2.4
    endloop
  endfacet
  facet normal -0.8327 0.553724 0
    outer loop
      vertex 29.564 -18.079 0
      vertex 29.695 -17.882 2.4
      vertex 29.695 -17.882 0
    endloop
  endfacet
  facet normal -0.8327 0.553724 0
    outer loop
      vertex 29.695 -17.882 2.4
      vertex 29.564 -18.079 0
      vertex 29.564 -18.079 2.4
    endloop
  endfacet
  facet normal -0.981037 0.193822 0
    outer loop
      vertex 29.499 -18.408 0
      vertex 29.564 -18.079 2.4
      vertex 29.564 -18.079 0
    endloop
  endfacet
  facet normal -0.981037 0.193822 0
    outer loop
      vertex 29.564 -18.079 2.4
      vertex 29.499 -18.408 0
      vertex 29.499 -18.408 2.4
    endloop
  endfacet
  facet normal -0.894427 0.447214 0
    outer loop
      vertex 29.04 -19.326 0
      vertex 29.499 -18.408 2.4
      vertex 29.499 -18.408 0
    endloop
  endfacet
  facet normal -0.894427 0.447214 0
    outer loop
      vertex 29.499 -18.408 2.4
      vertex 29.04 -19.326 0
      vertex 29.04 -19.326 2.4
    endloop
  endfacet
  facet normal -0.82363 0.567128 0
    outer loop
      vertex 28.317 -20.376 0
      vertex 29.04 -19.326 2.4
      vertex 29.04 -19.326 0
    endloop
  endfacet
  facet normal -0.82363 0.567128 0
    outer loop
      vertex 29.04 -19.326 2.4
      vertex 28.317 -20.376 0
      vertex 28.317 -20.376 2.4
    endloop
  endfacet
  facet normal -0.732566 0.680696 0
    outer loop
      vertex 27.464 -21.294 0
      vertex 28.317 -20.376 2.4
      vertex 28.317 -20.376 0
    endloop
  endfacet
  facet normal -0.732566 0.680696 0
    outer loop
      vertex 28.317 -20.376 2.4
      vertex 27.464 -21.294 0
      vertex 27.464 -21.294 2.4
    endloop
  endfacet
  facet normal -0.640856 0.767661 0
    outer loop
      vertex 27.464 -21.294 0
      vertex 26.677 -21.951 2.4
      vertex 27.464 -21.294 2.4
    endloop
  endfacet
  facet normal -0.640856 0.767661 0
    outer loop
      vertex 26.677 -21.951 2.4
      vertex 27.464 -21.294 0
      vertex 26.677 -21.951 0
    endloop
  endfacet
  facet normal -0.568959 0.822366 0
    outer loop
      vertex 26.677 -21.951 0
      vertex 24.97 -23.132 2.4
      vertex 26.677 -21.951 2.4
    endloop
  endfacet
  facet normal -0.568959 0.822366 0
    outer loop
      vertex 24.97 -23.132 2.4
      vertex 26.677 -21.951 0
      vertex 24.97 -23.132 0
    endloop
  endfacet
  facet normal -0.447668 0.8942 0
    outer loop
      vertex 24.97 -23.132 0
      vertex 24.183 -23.526 2.4
      vertex 24.97 -23.132 2.4
    endloop
  endfacet
  facet normal -0.447668 0.8942 0
    outer loop
      vertex 24.183 -23.526 2.4
      vertex 24.97 -23.132 0
      vertex 24.183 -23.526 0
    endloop
  endfacet
  facet normal -0.70979 0.704413 0
    outer loop
      vertex 24.052 -23.658 0
      vertex 24.183 -23.526 2.4
      vertex 24.183 -23.526 0
    endloop
  endfacet
  facet normal -0.70979 0.704413 0
    outer loop
      vertex 24.183 -23.526 2.4
      vertex 24.052 -23.658 0
      vertex 24.052 -23.658 2.4
    endloop
  endfacet
  facet normal -0.446668 0.8947 0
    outer loop
      vertex 24.052 -23.658 0
      vertex 22.74 -24.313 2.4
      vertex 24.052 -23.658 2.4
    endloop
  endfacet
  facet normal -0.446668 0.8947 0
    outer loop
      vertex 22.74 -24.313 2.4
      vertex 24.052 -23.658 0
      vertex 22.74 -24.313 0
    endloop
  endfacet
  facet normal 0 1 -0
    outer loop
      vertex 22.74 -24.313 0
      vertex 22.609 -24.313 2.4
      vertex 22.74 -24.313 2.4
    endloop
  endfacet
  facet normal 0 1 0
    outer loop
      vertex 22.609 -24.313 2.4
      vertex 22.74 -24.313 0
      vertex 22.609 -24.313 0
    endloop
  endfacet
  facet normal -0.405923 0.913907 0
    outer loop
      vertex 22.609 -24.313 0
      vertex 21.427 -24.838 2.4
      vertex 22.609 -24.313 2.4
    endloop
  endfacet
  facet normal -0.405923 0.913907 0
    outer loop
      vertex 21.427 -24.838 2.4
      vertex 22.609 -24.313 0
      vertex 21.427 -24.838 0
    endloop
  endfacet
  facet normal -0.318034 0.948079 0
    outer loop
      vertex 21.427 -24.838 0
      vertex 20.64 -25.102 2.4
      vertex 21.427 -24.838 2.4
    endloop
  endfacet
  facet normal -0.318034 0.948079 0
    outer loop
      vertex 20.64 -25.102 2.4
      vertex 21.427 -24.838 0
      vertex 20.64 -25.102 0
    endloop
  endfacet
  facet normal 0 1 -0
    outer loop
      vertex 20.64 -25.102 0
      vertex 20.443 -25.102 2.4
      vertex 20.64 -25.102 2.4
    endloop
  endfacet
  facet normal 0 1 0
    outer loop
      vertex 20.443 -25.102 2.4
      vertex 20.64 -25.102 0
      vertex 20.443 -25.102 0
    endloop
  endfacet
  facet normal -0.550783 0.834648 0
    outer loop
      vertex 20.443 -25.102 0
      vertex 20.246 -25.232 2.4
      vertex 20.443 -25.102 2.4
    endloop
  endfacet
  facet normal -0.550783 0.834648 0
    outer loop
      vertex 20.246 -25.232 2.4
      vertex 20.443 -25.102 0
      vertex 20.246 -25.232 0
    endloop
  endfacet
  facet normal 0 1 -0
    outer loop
      vertex 20.246 -25.232 0
      vertex 20.049 -25.232 2.4
      vertex 20.246 -25.232 2.4
    endloop
  endfacet
  facet normal 0 1 0
    outer loop
      vertex 20.049 -25.232 2.4
      vertex 20.246 -25.232 0
      vertex 20.049 -25.232 0
    endloop
  endfacet
  facet normal -0.449938 0.89306 0
    outer loop
      vertex 20.049 -25.232 0
      vertex 19.787 -25.364 2.4
      vertex 20.049 -25.232 2.4
    endloop
  endfacet
  facet normal -0.449938 0.89306 0
    outer loop
      vertex 19.787 -25.364 2.4
      vertex 20.049 -25.232 0
      vertex 19.787 -25.364 0
    endloop
  endfacet
  facet normal 0 1 -0
    outer loop
      vertex 19.787 -25.364 0
      vertex 19.524 -25.364 2.4
      vertex 19.787 -25.364 2.4
    endloop
  endfacet
  facet normal 0 1 0
    outer loop
      vertex 19.524 -25.364 2.4
      vertex 19.787 -25.364 0
      vertex 19.524 -25.364 0
    endloop
  endfacet
  facet normal -0.448572 0.893747 0
    outer loop
      vertex 19.524 -25.364 0
      vertex 19.261 -25.496 2.4
      vertex 19.524 -25.364 2.4
    endloop
  endfacet
  facet normal -0.448572 0.893747 0
    outer loop
      vertex 19.261 -25.496 2.4
      vertex 19.524 -25.364 0
      vertex 19.261 -25.496 0
    endloop
  endfacet
  facet normal 0 1 -0
    outer loop
      vertex 19.261 -25.496 0
      vertex 18.998 -25.496 2.4
      vertex 19.261 -25.496 2.4
    endloop
  endfacet
  facet normal 0 1 0
    outer loop
      vertex 18.998 -25.496 2.4
      vertex 19.261 -25.496 0
      vertex 18.998 -25.496 0
    endloop
  endfacet
  facet normal -0.274444 0.961603 0
    outer loop
      vertex 18.998 -25.496 0
      vertex 18.08 -25.758 2.4
      vertex 18.998 -25.496 2.4
    endloop
  endfacet
  facet normal -0.274444 0.961603 0
    outer loop
      vertex 18.08 -25.758 2.4
      vertex 18.998 -25.496 0
      vertex 18.08 -25.758 0
    endloop
  endfacet
  facet normal 0 1 -0
    outer loop
      vertex 18.08 -25.758 0
      vertex 17.752 -25.758 2.4
      vertex 18.08 -25.758 2.4
    endloop
  endfacet
  facet normal 0 1 0
    outer loop
      vertex 17.752 -25.758 2.4
      vertex 18.08 -25.758 0
      vertex 17.752 -25.758 0
    endloop
  endfacet
  facet normal -0.368457 0.929645 0
    outer loop
      vertex 17.752 -25.758 0
      vertex 17.424 -25.888 2.4
      vertex 17.752 -25.758 2.4
    endloop
  endfacet
  facet normal -0.368457 0.929645 0
    outer loop
      vertex 17.424 -25.888 2.4
      vertex 17.752 -25.758 0
      vertex 17.424 -25.888 0
    endloop
  endfacet
  facet normal 0 1 -0
    outer loop
      vertex 17.424 -25.888 0
      vertex 17.096 -25.888 2.4
      vertex 17.424 -25.888 2.4
    endloop
  endfacet
  facet normal 0 1 0
    outer loop
      vertex 17.096 -25.888 2.4
      vertex 17.424 -25.888 0
      vertex 17.096 -25.888 0
    endloop
  endfacet
  facet normal -0.707107 0.707107 0
    outer loop
      vertex 17.03 -25.954 0
      vertex 17.096 -25.888 2.4
      vertex 17.096 -25.888 0
    endloop
  endfacet
  facet normal -0.707107 0.707107 0
    outer loop
      vertex 17.096 -25.888 2.4
      vertex 17.03 -25.954 0
      vertex 17.03 -25.954 2.4
    endloop
  endfacet
  facet normal -0.100104 0.994977 0
    outer loop
      vertex 17.03 -25.954 0
      vertex 16.374 -26.02 2.4
      vertex 17.03 -25.954 2.4
    endloop
  endfacet
  facet normal -0.100104 0.994977 0
    outer loop
      vertex 16.374 -26.02 2.4
      vertex 17.03 -25.954 0
      vertex 16.374 -26.02 0
    endloop
  endfacet
  facet normal -0.317671 0.948201 0
    outer loop
      vertex 16.374 -26.02 0
      vertex 15.98 -26.152 2.4
      vertex 16.374 -26.02 2.4
    endloop
  endfacet
  facet normal -0.317671 0.948201 0
    outer loop
      vertex 15.98 -26.152 2.4
      vertex 16.374 -26.02 0
      vertex 15.98 -26.152 0
    endloop
  endfacet
  facet normal 0 1 -0
    outer loop
      vertex 15.98 -26.152 0
      vertex 15.389 -26.152 2.4
      vertex 15.98 -26.152 2.4
    endloop
  endfacet
  facet normal 0 1 0
    outer loop
      vertex 15.389 -26.152 2.4
      vertex 15.98 -26.152 0
      vertex 15.389 -26.152 0
    endloop
  endfacet
  facet normal -0.701604 0.712567 0
    outer loop
      vertex 15.389 -26.152 0
      vertex 15.324 -26.216 2.4
      vertex 15.389 -26.152 2.4
    endloop
  endfacet
  facet normal -0.701604 0.712567 0
    outer loop
      vertex 15.324 -26.216 2.4
      vertex 15.389 -26.152 0
      vertex 15.324 -26.216 0
    endloop
  endfacet
  facet normal 0 1 -0
    outer loop
      vertex 15.324 -26.216 0
      vertex 14.931 -26.216 2.4
      vertex 15.324 -26.216 2.4
    endloop
  endfacet
  facet normal 0 1 0
    outer loop
      vertex 14.931 -26.216 2.4
      vertex 15.324 -26.216 0
      vertex 14.931 -26.216 0
    endloop
  endfacet
  facet normal -0.70177 0.712403 0
    outer loop
      vertex 14.931 -26.216 0
      vertex 14.864 -26.282 2.4
      vertex 14.931 -26.216 2.4
    endloop
  endfacet
  facet normal -0.70177 0.712403 0
    outer loop
      vertex 14.864 -26.282 2.4
      vertex 14.931 -26.216 0
      vertex 14.864 -26.282 0
    endloop
  endfacet
  facet normal -0.0590366 0.998256 0
    outer loop
      vertex 14.864 -26.282 0
      vertex 13.748 -26.348 2.4
      vertex 14.864 -26.282 2.4
    endloop
  endfacet
  facet normal -0.0590366 0.998256 0
    outer loop
      vertex 13.748 -26.348 2.4
      vertex 14.864 -26.282 0
      vertex 13.748 -26.348 0
    endloop
  endfacet
  facet normal -0.707107 0.707107 0
    outer loop
      vertex 13.552 -26.544 0
      vertex 13.748 -26.348 2.4
      vertex 13.748 -26.348 0
    endloop
  endfacet
  facet normal -0.707107 0.707107 0
    outer loop
      vertex 13.748 -26.348 2.4
      vertex 13.552 -26.544 0
      vertex 13.552 -26.544 2.4
    endloop
  endfacet
  facet normal -0.929445 0.368961 0
    outer loop
      vertex 13.421 -26.874 0
      vertex 13.552 -26.544 2.4
      vertex 13.552 -26.544 0
    endloop
  endfacet
  facet normal -0.929445 0.368961 0
    outer loop
      vertex 13.552 -26.544 2.4
      vertex 13.421 -26.874 0
      vertex 13.421 -26.874 2.4
    endloop
  endfacet
  facet normal -0.798535 0.601949 0
    outer loop
      vertex 13.026 -27.398 0
      vertex 13.421 -26.874 2.4
      vertex 13.421 -26.874 0
    endloop
  endfacet
  facet normal -0.798535 0.601949 0
    outer loop
      vertex 13.421 -26.874 2.4
      vertex 13.026 -27.398 0
      vertex 13.026 -27.398 2.4
    endloop
  endfacet
  facet normal -0.66934 0.742956 0
    outer loop
      vertex 13.026 -27.398 0
      vertex 12.37 -27.989 2.4
      vertex 13.026 -27.398 2.4
    endloop
  endfacet
  facet normal -0.66934 0.742956 0
    outer loop
      vertex 12.37 -27.989 2.4
      vertex 13.026 -27.398 0
      vertex 12.37 -27.989 0
    endloop
  endfacet
  facet normal -0.478085 0.878314 0
    outer loop
      vertex 12.37 -27.989 0
      vertex 11.648 -28.382 2.4
      vertex 12.37 -27.989 2.4
    endloop
  endfacet
  facet normal -0.478085 0.878314 0
    outer loop
      vertex 11.648 -28.382 2.4
      vertex 12.37 -27.989 0
      vertex 11.648 -28.382 0
    endloop
  endfacet
  facet normal -0.341534 0.93987 0
    outer loop
      vertex 11.648 -28.382 0
      vertex 10.927 -28.644 2.4
      vertex 11.648 -28.382 2.4
    endloop
  endfacet
  facet normal -0.341534 0.93987 0
    outer loop
      vertex 10.927 -28.644 2.4
      vertex 11.648 -28.382 0
      vertex 10.927 -28.644 0
    endloop
  endfacet
  facet normal 0 1 -0
    outer loop
      vertex 10.927 -28.644 0
      vertex 10.73 -28.644 2.4
      vertex 10.927 -28.644 2.4
    endloop
  endfacet
  facet normal 0 1 0
    outer loop
      vertex 10.73 -28.644 2.4
      vertex 10.927 -28.644 0
      vertex 10.73 -28.644 0
    endloop
  endfacet
  facet normal -0.372363 0.928087 0
    outer loop
      vertex 10.73 -28.644 0
      vertex 10.401 -28.776 2.4
      vertex 10.73 -28.644 2.4
    endloop
  endfacet
  facet normal -0.372363 0.928087 0
    outer loop
      vertex 10.401 -28.776 2.4
      vertex 10.73 -28.644 0
      vertex 10.401 -28.776 0
    endloop
  endfacet
  facet normal 0 1 -0
    outer loop
      vertex 10.401 -28.776 0
      vertex 10.074 -28.776 2.4
      vertex 10.401 -28.776 2.4
    endloop
  endfacet
  facet normal 0 1 0
    outer loop
      vertex 10.074 -28.776 2.4
      vertex 10.401 -28.776 0
      vertex 10.074 -28.776 0
    endloop
  endfacet
  facet normal -0.701689 0.712484 0
    outer loop
      vertex 10.074 -28.776 0
      vertex 10.008 -28.841 2.4
      vertex 10.074 -28.776 2.4
    endloop
  endfacet
  facet normal -0.701689 0.712484 0
    outer loop
      vertex 10.008 -28.841 2.4
      vertex 10.074 -28.776 0
      vertex 10.008 -28.841 0
    endloop
  endfacet
  facet normal 0 1 -0
    outer loop
      vertex 10.008 -28.841 0
      vertex 9.614 -28.841 2.4
      vertex 10.008 -28.841 2.4
    endloop
  endfacet
  facet normal 0 1 0
    outer loop
      vertex 9.614 -28.841 2.4
      vertex 10.008 -28.841 0
      vertex 9.614 -28.841 0
    endloop
  endfacet
  facet normal -0.717738 0.696313 0
    outer loop
      vertex 9.549 -28.908 0
      vertex 9.614 -28.841 2.4
      vertex 9.614 -28.841 0
    endloop
  endfacet
  facet normal -0.717738 0.696313 0
    outer loop
      vertex 9.614 -28.841 2.4
      vertex 9.549 -28.908 0
      vertex 9.549 -28.908 2.4
    endloop
  endfacet
  facet normal 0 1 -0
    outer loop
      vertex 9.549 -28.908 0
      vertex 8.30199 -28.908 2.4
      vertex 9.549 -28.908 2.4
    endloop
  endfacet
  facet normal 0 1 0
    outer loop
      vertex 8.30199 -28.908 2.4
      vertex 9.549 -28.908 0
      vertex 8.30199 -28.908 0
    endloop
  endfacet
  facet normal 0.712403 0.70177 0
    outer loop
      vertex 8.30199 -28.908 2.4
      vertex 8.23599 -28.841 0
      vertex 8.23599 -28.841 2.4
    endloop
  endfacet
  facet normal 0.712403 0.70177 0
    outer loop
      vertex 8.23599 -28.841 0
      vertex 8.30199 -28.908 2.4
      vertex 8.30199 -28.908 0
    endloop
  endfacet
  facet normal 0.0706293 0.997503 -0
    outer loop
      vertex 8.23599 -28.841 0
      vertex 7.31799 -28.776 2.4
      vertex 8.23599 -28.841 2.4
    endloop
  endfacet
  facet normal 0.0706293 0.997503 0
    outer loop
      vertex 7.31799 -28.776 2.4
      vertex 8.23599 -28.841 0
      vertex 7.31799 -28.776 0
    endloop
  endfacet
  facet normal 0.37334 0.927694 -0
    outer loop
      vertex 7.31799 -28.776 0
      vertex 6.98999 -28.644 2.4
      vertex 7.31799 -28.776 2.4
    endloop
  endfacet
  facet normal 0.37334 0.927694 0
    outer loop
      vertex 6.98999 -28.644 2.4
      vertex 7.31799 -28.776 0
      vertex 6.98999 -28.644 0
    endloop
  endfacet
  facet normal 0 1 -0
    outer loop
      vertex 6.98999 -28.644 0
      vertex 6.59599 -28.644 2.4
      vertex 6.98999 -28.644 2.4
    endloop
  endfacet
  facet normal 0 1 0
    outer loop
      vertex 6.59599 -28.644 2.4
      vertex 6.98999 -28.644 0
      vertex 6.59599 -28.644 0
    endloop
  endfacet
  facet normal 0.369939 0.929056 -0
    outer loop
      vertex 6.59599 -28.644 0
      vertex 6.267 -28.513 2.4
      vertex 6.59599 -28.644 2.4
    endloop
  endfacet
  facet normal 0.369939 0.929056 0
    outer loop
      vertex 6.267 -28.513 2.4
      vertex 6.59599 -28.644 0
      vertex 6.267 -28.513 0
    endloop
  endfacet
  facet normal 0 1 -0
    outer loop
      vertex 6.267 -28.513 0
      vertex 5.74199 -28.513 2.4
      vertex 6.267 -28.513 2.4
    endloop
  endfacet
  facet normal 0 1 0
    outer loop
      vertex 5.74199 -28.513 2.4
      vertex 6.267 -28.513 0
      vertex 5.74199 -28.513 0
    endloop
  endfacet
  facet normal 0.707107 0.707107 -0
    outer loop
      vertex 5.74199 -28.513 0
      vertex 5.67699 -28.448 2.4
      vertex 5.74199 -28.513 2.4
    endloop
  endfacet
  facet normal 0.707107 0.707107 0
    outer loop
      vertex 5.67699 -28.448 2.4
      vertex 5.74199 -28.513 0
      vertex 5.67699 -28.448 0
    endloop
  endfacet
  facet normal 0 1 -0
    outer loop
      vertex 5.67699 -28.448 0
      vertex 5.284 -28.448 2.4
      vertex 5.67699 -28.448 2.4
    endloop
  endfacet
  facet normal 0 1 0
    outer loop
      vertex 5.284 -28.448 2.4
      vertex 5.67699 -28.448 0
      vertex 5.284 -28.448 0
    endloop
  endfacet
  facet normal 0.707053 0.70716 0
    outer loop
      vertex 5.284 -28.448 2.4
      vertex 5.21799 -28.382 0
      vertex 5.21799 -28.382 2.4
    endloop
  endfacet
  facet normal 0.707053 0.70716 0
    outer loop
      vertex 5.21799 -28.382 0
      vertex 5.284 -28.448 2.4
      vertex 5.284 -28.448 0
    endloop
  endfacet
  facet normal 0 1 -0
    outer loop
      vertex 5.21799 -28.382 0
      vertex 2.98599 -28.382 2.4
      vertex 5.21799 -28.382 2.4
    endloop
  endfacet
  facet normal 0 1 0
    outer loop
      vertex 2.98599 -28.382 2.4
      vertex 5.21799 -28.382 0
      vertex 2.98599 -28.382 0
    endloop
  endfacet
  facet normal -0.712484 0.701689 0
    outer loop
      vertex 2.92099 -28.448 0
      vertex 2.98599 -28.382 2.4
      vertex 2.98599 -28.382 0
    endloop
  endfacet
  facet normal -0.712484 0.701689 0
    outer loop
      vertex 2.98599 -28.382 2.4
      vertex 2.92099 -28.448 0
      vertex 2.92099 -28.448 2.4
    endloop
  endfacet
  facet normal -0.0822091 0.996615 0
    outer loop
      vertex 2.92099 -28.448 0
      vertex 2.133 -28.513 2.4
      vertex 2.92099 -28.448 2.4
    endloop
  endfacet
  facet normal -0.0822091 0.996615 0
    outer loop
      vertex 2.133 -28.513 2.4
      vertex 2.92099 -28.448 0
      vertex 2.133 -28.513 0
    endloop
  endfacet
  facet normal -0.445852 0.895107 0
    outer loop
      vertex 2.133 -28.513 0
      vertex 1.87 -28.644 2.4
      vertex 2.133 -28.513 2.4
    endloop
  endfacet
  facet normal -0.445852 0.895107 0
    outer loop
      vertex 1.87 -28.644 2.4
      vertex 2.133 -28.513 0
      vertex 1.87 -28.644 0
    endloop
  endfacet
  facet normal 0 1 -0
    outer loop
      vertex 1.87 -28.644 0
      vertex 1.674 -28.644 2.4
      vertex 1.87 -28.644 2.4
    endloop
  endfacet
  facet normal 0 1 0
    outer loop
      vertex 1.674 -28.644 2.4
      vertex 1.87 -28.644 0
      vertex 1.674 -28.644 0
    endloop
  endfacet
  facet normal -0.343412 0.939185 0
    outer loop
      vertex 1.674 -28.644 0
      vertex 0.951996 -28.908 2.4
      vertex 1.674 -28.644 2.4
    endloop
  endfacet
  facet normal -0.343412 0.939185 0
    outer loop
      vertex 0.951996 -28.908 2.4
      vertex 1.674 -28.644 0
      vertex 0.951996 -28.908 0
    endloop
  endfacet
  facet normal -0.556157 0.831077 0
    outer loop
      vertex 0.951996 -28.908 0
      vertex 0.55899 -29.171 2.4
      vertex 0.951996 -28.908 2.4
    endloop
  endfacet
  facet normal -0.556157 0.831077 0
    outer loop
      vertex 0.55899 -29.171 2.4
      vertex 0.951996 -28.908 0
      vertex 0.55899 -29.171 0
    endloop
  endfacet
  facet normal 0 1 -0
    outer loop
      vertex 0.55899 -29.171 0
      vertex 0.426987 -29.171 2.4
      vertex 0.55899 -29.171 2.4
    endloop
  endfacet
  facet normal 0 1 0
    outer loop
      vertex 0.426987 -29.171 2.4
      vertex 0.55899 -29.171 0
      vertex 0.426987 -29.171 0
    endloop
  endfacet
  facet normal 0.970789 -0.239936 0
    outer loop
      vertex 0.426987 -29.171 2.4
      vertex 0.491989 -28.908 0
      vertex 0.491989 -28.908 2.4
    endloop
  endfacet
  facet normal 0.970789 -0.239936 0
    outer loop
      vertex 0.491989 -28.908 0
      vertex 0.426987 -29.171 2.4
      vertex 0.426987 -29.171 0
    endloop
  endfacet
  facet normal 0.894423 -0.447221 0
    outer loop
      vertex 0.491989 -28.908 2.4
      vertex 1.017 -27.858 0
      vertex 1.017 -27.858 2.4
    endloop
  endfacet
  facet normal 0.894423 -0.447221 0
    outer loop
      vertex 1.017 -27.858 0
      vertex 0.491989 -28.908 2.4
      vertex 0.491989 -28.908 0
    endloop
  endfacet
  facet normal 0.831679 -0.555257 0
    outer loop
      vertex 1.017 -27.858 2.4
      vertex 1.937 -26.48 0
      vertex 1.937 -26.48 2.4
    endloop
  endfacet
  facet normal 0.831679 -0.555257 0
    outer loop
      vertex 1.937 -26.48 0
      vertex 1.017 -27.858 2.4
      vertex 1.017 -27.858 0
    endloop
  endfacet
  facet normal 0.770305 -0.637676 0
    outer loop
      vertex 1.937 -26.48 2.4
      vertex 2.26399 -26.085 0
      vertex 2.26399 -26.085 2.4
    endloop
  endfacet
  facet normal 0.770305 -0.637676 0
    outer loop
      vertex 2.26399 -26.085 0
      vertex 1.937 -26.48 2.4
      vertex 1.937 -26.48 0
    endloop
  endfacet
  facet normal 0.691125 -0.722735 0
    outer loop
      vertex 2.26399 -26.085 0
      vertex 3.77299 -24.642 2.4
      vertex 2.26399 -26.085 2.4
    endloop
  endfacet
  facet normal 0.691125 -0.722735 0
    outer loop
      vertex 3.77299 -24.642 2.4
      vertex 2.26399 -26.085 0
      vertex 3.77299 -24.642 0
    endloop
  endfacet
  facet normal 0.580568 -0.814212 0
    outer loop
      vertex 3.77299 -24.642 0
      vertex 4.69299 -23.986 2.4
      vertex 3.77299 -24.642 2.4
    endloop
  endfacet
  facet normal 0.580568 -0.814212 0
    outer loop
      vertex 4.69299 -23.986 2.4
      vertex 3.77299 -24.642 0
      vertex 4.69299 -23.986 0
    endloop
  endfacet
  facet normal 0.462885 -0.886418 0
    outer loop
      vertex 4.69299 -23.986 0
      vertex 6.202 -23.198 2.4
      vertex 4.69299 -23.986 2.4
    endloop
  endfacet
  facet normal 0.462885 -0.886418 0
    outer loop
      vertex 6.202 -23.198 2.4
      vertex 4.69299 -23.986 0
      vertex 6.202 -23.198 0
    endloop
  endfacet
  facet normal 0 -1 0
    outer loop
      vertex 6.202 -23.198 0
      vertex 6.334 -23.198 2.4
      vertex 6.202 -23.198 2.4
    endloop
  endfacet
  facet normal 0 -1 -0
    outer loop
      vertex 6.334 -23.198 2.4
      vertex 6.202 -23.198 0
      vertex 6.334 -23.198 0
    endloop
  endfacet
  facet normal 0.394402 -0.918938 0
    outer loop
      vertex 6.334 -23.198 0
      vertex 7.252 -22.804 2.4
      vertex 6.334 -23.198 2.4
    endloop
  endfacet
  facet normal 0.394402 -0.918938 0
    outer loop
      vertex 7.252 -22.804 2.4
      vertex 6.334 -23.198 0
      vertex 7.252 -22.804 0
    endloop
  endfacet
  facet normal 0.216407 -0.976303 0
    outer loop
      vertex 7.252 -22.804 0
      vertex 8.43399 -22.542 2.4
      vertex 7.252 -22.804 2.4
    endloop
  endfacet
  facet normal 0.216407 -0.976303 0
    outer loop
      vertex 8.43399 -22.542 2.4
      vertex 7.252 -22.804 0
      vertex 8.43399 -22.542 0
    endloop
  endfacet
  facet normal 0.899814 -0.436274 0
    outer loop
      vertex 8.43399 -22.542 2.4
      vertex 8.49799 -22.41 0
      vertex 8.49799 -22.41 2.4
    endloop
  endfacet
  facet normal 0.899814 -0.436274 0
    outer loop
      vertex 8.49799 -22.41 0
      vertex 8.43399 -22.542 2.4
      vertex 8.43399 -22.542 0
    endloop
  endfacet
  facet normal 0.582245 0.813013 -0
    outer loop
      vertex 8.49799 -22.41 0
      vertex 8.03999 -22.082 2.4
      vertex 8.49799 -22.41 2.4
    endloop
  endfacet
  facet normal 0.582245 0.813013 0
    outer loop
      vertex 8.03999 -22.082 2.4
      vertex 8.49799 -22.41 0
      vertex 8.03999 -22.082 0
    endloop
  endfacet
  facet normal 0.274444 0.961603 -0
    outer loop
      vertex 8.03999 -22.082 0
      vertex 7.58099 -21.951 2.4
      vertex 8.03999 -22.082 2.4
    endloop
  endfacet
  facet normal 0.274444 0.961603 0
    outer loop
      vertex 7.58099 -21.951 2.4
      vertex 8.03999 -22.082 0
      vertex 7.58099 -21.951 0
    endloop
  endfacet
  facet normal 0.0822091 0.996615 -0
    outer loop
      vertex 7.58099 -21.951 0
      vertex 6.793 -21.886 2.4
      vertex 7.58099 -21.951 2.4
    endloop
  endfacet
  facet normal 0.0822091 0.996615 0
    outer loop
      vertex 6.793 -21.886 2.4
      vertex 7.58099 -21.951 0
      vertex 6.793 -21.886 0
    endloop
  endfacet
  facet normal 1 -0 0
    outer loop
      vertex 6.793 -21.886 2.4
      vertex 6.793 -21.82 0
      vertex 6.793 -21.82 2.4
    endloop
  endfacet
  facet normal 1 0 0
    outer loop
      vertex 6.793 -21.82 0
      vertex 6.793 -21.886 2.4
      vertex 6.793 -21.886 0
    endloop
  endfacet
  facet normal 0.70979 -0.704413 0
    outer loop
      vertex 6.793 -21.82 2.4
      vertex 6.924 -21.688 0
      vertex 6.924 -21.688 2.4
    endloop
  endfacet
  facet normal 0.70979 -0.704413 0
    outer loop
      vertex 6.924 -21.688 0
      vertex 6.793 -21.82 2.4
      vertex 6.793 -21.82 0
    endloop
  endfacet
  facet normal 0.446911 -0.894579 0
    outer loop
      vertex 6.924 -21.688 0
      vertex 8.105 -21.098 2.4
      vertex 6.924 -21.688 2.4
    endloop
  endfacet
  facet normal 0.446911 -0.894579 0
    outer loop
      vertex 8.105 -21.098 2.4
      vertex 6.924 -21.688 0
      vertex 8.105 -21.098 0
    endloop
  endfacet
  facet normal 0.243844 -0.969815 0
    outer loop
      vertex 8.105 -21.098 0
      vertex 8.62999 -20.966 2.4
      vertex 8.105 -21.098 2.4
    endloop
  endfacet
  facet normal 0.243844 -0.969815 0
    outer loop
      vertex 8.62999 -20.966 2.4
      vertex 8.105 -21.098 0
      vertex 8.62999 -20.966 0
    endloop
  endfacet
  facet normal 0.553705 -0.832713 0
    outer loop
      vertex 8.62999 -20.966 0
      vertex 8.827 -20.835 2.4
      vertex 8.62999 -20.966 2.4
    endloop
  endfacet
  facet normal 0.553705 -0.832713 0
    outer loop
      vertex 8.827 -20.835 2.4
      vertex 8.62999 -20.966 0
      vertex 8.827 -20.835 0
    endloop
  endfacet
  facet normal 0 -1 0
    outer loop
      vertex 8.827 -20.835 0
      vertex 9.09 -20.835 2.4
      vertex 8.827 -20.835 2.4
    endloop
  endfacet
  facet normal 0 -1 -0
    outer loop
      vertex 9.09 -20.835 2.4
      vertex 8.827 -20.835 0
      vertex 9.09 -20.835 0
    endloop
  endfacet
  facet normal 0.370902 -0.928672 0
    outer loop
      vertex 9.09 -20.835 0
      vertex 9.418 -20.704 2.4
      vertex 9.09 -20.835 2.4
    endloop
  endfacet
  facet normal 0.370902 -0.928672 0
    outer loop
      vertex 9.418 -20.704 2.4
      vertex 9.09 -20.835 0
      vertex 9.418 -20.704 0
    endloop
  endfacet
  facet normal 0 -1 0
    outer loop
      vertex 9.418 -20.704 0
      vertex 10.665 -20.704 2.4
      vertex 9.418 -20.704 2.4
    endloop
  endfacet
  facet normal 0 -1 -0
    outer loop
      vertex 10.665 -20.704 2.4
      vertex 9.418 -20.704 0
      vertex 10.665 -20.704 0
    endloop
  endfacet
  facet normal -0.274168 -0.961682 0
    outer loop
      vertex 10.665 -20.704 0
      vertex 11.584 -20.966 2.4
      vertex 10.665 -20.704 2.4
    endloop
  endfacet
  facet normal -0.274168 -0.961682 -0
    outer loop
      vertex 11.584 -20.966 2.4
      vertex 10.665 -20.704 0
      vertex 11.584 -20.966 0
    endloop
  endfacet
  facet normal -0.449938 -0.89306 0
    outer loop
      vertex 11.584 -20.966 0
      vertex 12.108 -21.23 2.4
      vertex 11.584 -20.966 2.4
    endloop
  endfacet
  facet normal -0.449938 -0.89306 -0
    outer loop
      vertex 12.108 -21.23 2.4
      vertex 11.584 -20.966 0
      vertex 12.108 -21.23 0
    endloop
  endfacet
  facet normal -0.579393 -0.815048 0
    outer loop
      vertex 12.108 -21.23 0
      vertex 12.568 -21.557 2.4
      vertex 12.108 -21.23 2.4
    endloop
  endfacet
  facet normal -0.579393 -0.815048 -0
    outer loop
      vertex 12.568 -21.557 2.4
      vertex 12.108 -21.23 0
      vertex 12.568 -21.557 0
    endloop
  endfacet
  facet normal -0.734539 -0.678566 0
    outer loop
      vertex 13.356 -22.41 0
      vertex 12.568 -21.557 2.4
      vertex 12.568 -21.557 0
    endloop
  endfacet
  facet normal -0.734539 -0.678566 0
    outer loop
      vertex 12.568 -21.557 2.4
      vertex 13.356 -22.41 0
      vertex 13.356 -22.41 2.4
    endloop
  endfacet
  facet normal -0.878824 -0.477146 0
    outer loop
      vertex 13.748 -23.132 0
      vertex 13.356 -22.41 2.4
      vertex 13.356 -22.41 0
    endloop
  endfacet
  facet normal -0.878824 -0.477146 0
    outer loop
      vertex 13.356 -22.41 2.4
      vertex 13.748 -23.132 0
      vertex 13.748 -23.132 2.4
    endloop
  endfacet
  facet normal -0.948563 -0.316589 0
    outer loop
      vertex 14.011 -23.92 0
      vertex 13.748 -23.132 2.4
      vertex 13.748 -23.132 0
    endloop
  endfacet
  facet normal -0.948563 -0.316589 0
    outer loop
      vertex 13.748 -23.132 2.4
      vertex 14.011 -23.92 0
      vertex 14.011 -23.92 2.4
    endloop
  endfacet
  facet normal 0 -1 0
    outer loop
      vertex 14.011 -23.92 0
      vertex 14.406 -23.92 2.4
      vertex 14.011 -23.92 2.4
    endloop
  endfacet
  facet normal 0 -1 -0
    outer loop
      vertex 14.406 -23.92 2.4
      vertex 14.011 -23.92 0
      vertex 14.406 -23.92 0
    endloop
  endfacet
  facet normal 0.712484 -0.701689 0
    outer loop
      vertex 14.406 -23.92 2.4
      vertex 14.471 -23.854 0
      vertex 14.471 -23.854 2.4
    endloop
  endfacet
  facet normal 0.712484 -0.701689 0
    outer loop
      vertex 14.471 -23.854 0
      vertex 14.406 -23.92 2.4
      vertex 14.406 -23.92 0
    endloop
  endfacet
  facet normal 0 -1 0
    outer loop
      vertex 14.471 -23.854 0
      vertex 14.864 -23.854 2.4
      vertex 14.471 -23.854 2.4
    endloop
  endfacet
  facet normal 0 -1 -0
    outer loop
      vertex 14.864 -23.854 2.4
      vertex 14.471 -23.854 0
      vertex 14.864 -23.854 0
    endloop
  endfacet
  facet normal 0.367488 -0.930028 0
    outer loop
      vertex 14.864 -23.854 0
      vertex 15.193 -23.724 2.4
      vertex 14.864 -23.854 2.4
    endloop
  endfacet
  facet normal 0.367488 -0.930028 0
    outer loop
      vertex 15.193 -23.724 2.4
      vertex 14.864 -23.854 0
      vertex 15.193 -23.724 0
    endloop
  endfacet
  facet normal 0 -1 0
    outer loop
      vertex 15.193 -23.724 0
      vertex 15.52 -23.724 2.4
      vertex 15.193 -23.724 2.4
    endloop
  endfacet
  facet normal 0 -1 -0
    outer loop
      vertex 15.52 -23.724 2.4
      vertex 15.193 -23.724 0
      vertex 15.52 -23.724 0
    endloop
  endfacet
  facet normal 0.374789 -0.92711 0
    outer loop
      vertex 15.52 -23.724 0
      vertex 15.849 -23.591 2.4
      vertex 15.52 -23.724 2.4
    endloop
  endfacet
  facet normal 0.374789 -0.92711 0
    outer loop
      vertex 15.849 -23.591 2.4
      vertex 15.52 -23.724 0
      vertex 15.849 -23.591 0
    endloop
  endfacet
  facet normal 0.151796 -0.988412 0
    outer loop
      vertex 15.849 -23.591 0
      vertex 16.702 -23.46 2.4
      vertex 15.849 -23.591 2.4
    endloop
  endfacet
  facet normal 0.151796 -0.988412 0
    outer loop
      vertex 16.702 -23.46 2.4
      vertex 15.849 -23.591 0
      vertex 16.702 -23.46 0
    endloop
  endfacet
  facet normal 0.315505 -0.948924 0
    outer loop
      vertex 16.702 -23.46 0
      vertex 17.49 -23.198 2.4
      vertex 16.702 -23.46 2.4
    endloop
  endfacet
  facet normal 0.315505 -0.948924 0
    outer loop
      vertex 17.49 -23.198 2.4
      vertex 16.702 -23.46 0
      vertex 17.49 -23.198 0
    endloop
  endfacet
  facet normal 0 -1 0
    outer loop
      vertex 17.49 -23.198 0
      vertex 17.752 -23.198 2.4
      vertex 17.49 -23.198 2.4
    endloop
  endfacet
  facet normal 0 -1 -0
    outer loop
      vertex 17.752 -23.198 2.4
      vertex 17.49 -23.198 0
      vertex 17.752 -23.198 0
    endloop
  endfacet
  facet normal 0.449938 -0.89306 0
    outer loop
      vertex 17.752 -23.198 0
      vertex 18.014 -23.066 2.4
      vertex 17.752 -23.198 2.4
    endloop
  endfacet
  facet normal 0.449938 -0.89306 0
    outer loop
      vertex 18.014 -23.066 2.4
      vertex 17.752 -23.198 0
      vertex 18.014 -23.066 0
    endloop
  endfacet
  facet normal 0 -1 0
    outer loop
      vertex 18.014 -23.066 0
      vertex 18.276 -23.066 2.4
      vertex 18.014 -23.066 2.4
    endloop
  endfacet
  facet normal 0 -1 -0
    outer loop
      vertex 18.276 -23.066 2.4
      vertex 18.014 -23.066 0
      vertex 18.276 -23.066 0
    endloop
  endfacet
  facet normal 0.444497 -0.89578 0
    outer loop
      vertex 18.276 -23.066 0
      vertex 18.54 -22.935 2.4
      vertex 18.276 -23.066 2.4
    endloop
  endfacet
  facet normal 0.444497 -0.89578 0
    outer loop
      vertex 18.54 -22.935 2.4
      vertex 18.276 -23.066 0
      vertex 18.54 -22.935 0
    endloop
  endfacet
  facet normal 0 -1 0
    outer loop
      vertex 18.54 -22.935 0
      vertex 18.736 -22.935 2.4
      vertex 18.54 -22.935 2.4
    endloop
  endfacet
  facet normal 0 -1 -0
    outer loop
      vertex 18.736 -22.935 2.4
      vertex 18.54 -22.935 0
      vertex 18.736 -22.935 0
    endloop
  endfacet
  facet normal 0.315505 -0.948924 0
    outer loop
      vertex 18.736 -22.935 0
      vertex 19.524 -22.673 2.4
      vertex 18.736 -22.935 2.4
    endloop
  endfacet
  facet normal 0.315505 -0.948924 0
    outer loop
      vertex 19.524 -22.673 2.4
      vertex 18.736 -22.935 0
      vertex 19.524 -22.673 0
    endloop
  endfacet
  facet normal 0.555679 -0.831397 0
    outer loop
      vertex 19.524 -22.673 0
      vertex 19.72 -22.542 2.4
      vertex 19.524 -22.673 2.4
    endloop
  endfacet
  facet normal 0.555679 -0.831397 0
    outer loop
      vertex 19.72 -22.542 2.4
      vertex 19.524 -22.673 0
      vertex 19.72 -22.542 0
    endloop
  endfacet
  facet normal 0 -1 0
    outer loop
      vertex 19.72 -22.542 0
      vertex 19.918 -22.542 2.4
      vertex 19.72 -22.542 2.4
    endloop
  endfacet
  facet normal 0 -1 -0
    outer loop
      vertex 19.918 -22.542 2.4
      vertex 19.72 -22.542 0
      vertex 19.918 -22.542 0
    endloop
  endfacet
  facet normal 0.447214 -0.894427 0
    outer loop
      vertex 19.918 -22.542 0
      vertex 20.706 -22.148 2.4
      vertex 19.918 -22.542 2.4
    endloop
  endfacet
  facet normal 0.447214 -0.894427 0
    outer loop
      vertex 20.706 -22.148 2.4
      vertex 19.918 -22.542 0
      vertex 20.706 -22.148 0
    endloop
  endfacet
  facet normal 0 -1 0
    outer loop
      vertex 20.706 -22.148 0
      vertex 20.836 -22.148 2.4
      vertex 20.706 -22.148 2.4
    endloop
  endfacet
  facet normal 0 -1 -0
    outer loop
      vertex 20.836 -22.148 2.4
      vertex 20.706 -22.148 0
      vertex 20.836 -22.148 0
    endloop
  endfacet
  facet normal 0.470542 -0.882378 0
    outer loop
      vertex 20.836 -22.148 0
      vertex 22.805 -21.098 2.4
      vertex 20.836 -22.148 2.4
    endloop
  endfacet
  facet normal 0.470542 -0.882378 0
    outer loop
      vertex 22.805 -21.098 2.4
      vertex 20.836 -22.148 0
      vertex 22.805 -21.098 0
    endloop
  endfacet
  facet normal 0.57342 -0.819261 0
    outer loop
      vertex 22.805 -21.098 0
      vertex 24.118 -20.179 2.4
      vertex 22.805 -21.098 2.4
    endloop
  endfacet
  facet normal 0.57342 -0.819261 0
    outer loop
      vertex 24.118 -20.179 2.4
      vertex 22.805 -21.098 0
      vertex 24.118 -20.179 0
    endloop
  endfacet
  facet normal 0.670984 -0.741472 0
    outer loop
      vertex 24.118 -20.179 0
      vertex 25.496 -18.932 2.4
      vertex 24.118 -20.179 2.4
    endloop
  endfacet
  facet normal 0.670984 -0.741472 0
    outer loop
      vertex 25.496 -18.932 2.4
      vertex 24.118 -20.179 0
      vertex 25.496 -18.932 0
    endloop
  endfacet
  facet normal 0.806249 -0.591577 0
    outer loop
      vertex 25.496 -18.932 2.4
      vertex 26.218 -17.948 0
      vertex 26.218 -17.948 2.4
    endloop
  endfacet
  facet normal 0.806249 -0.591577 0
    outer loop
      vertex 26.218 -17.948 0
      vertex 25.496 -18.932 2.4
      vertex 25.496 -18.932 0
    endloop
  endfacet
  facet normal 0.918938 -0.394402 0
    outer loop
      vertex 26.218 -17.948 2.4
      vertex 26.612 -17.03 0
      vertex 26.612 -17.03 2.4
    endloop
  endfacet
  facet normal 0.918938 -0.394402 0
    outer loop
      vertex 26.612 -17.03 0
      vertex 26.218 -17.948 2.4
      vertex 26.218 -17.948 0
    endloop
  endfacet
  facet normal 1 -0 0
    outer loop
      vertex 26.612 -17.03 2.4
      vertex 26.612 -16.832 0
      vertex 26.612 -16.832 2.4
    endloop
  endfacet
  facet normal 1 0 0
    outer loop
      vertex 26.612 -16.832 0
      vertex 26.612 -17.03 2.4
      vertex 26.612 -17.03 0
    endloop
  endfacet
  facet normal 0.894427 -0.447214 0
    outer loop
      vertex 26.612 -16.832 2.4
      vertex 26.743 -16.57 0
      vertex 26.743 -16.57 2.4
    endloop
  endfacet
  facet normal 0.894427 -0.447214 0
    outer loop
      vertex 26.743 -16.57 0
      vertex 26.612 -16.832 2.4
      vertex 26.612 -16.832 0
    endloop
  endfacet
  facet normal 1 -0 0
    outer loop
      vertex 26.743 -16.57 2.4
      vertex 26.743 -15.98 0
      vertex 26.743 -15.98 2.4
    endloop
  endfacet
  facet normal 1 0 0
    outer loop
      vertex 26.743 -15.98 0
      vertex 26.743 -16.57 2.4
      vertex 26.743 -16.57 0
    endloop
  endfacet
  facet normal 0.712484 -0.701689 0
    outer loop
      vertex 26.743 -15.98 2.4
      vertex 26.808 -15.914 0
      vertex 26.808 -15.914 2.4
    endloop
  endfacet
  facet normal 0.712484 -0.701689 0
    outer loop
      vertex 26.808 -15.914 0
      vertex 26.743 -15.98 2.4
      vertex 26.743 -15.98 0
    endloop
  endfacet
  facet normal 0.997503 0.0706293 0
    outer loop
      vertex 26.808 -15.914 2.4
      vertex 26.743 -14.996 0
      vertex 26.743 -14.996 2.4
    endloop
  endfacet
  facet normal 0.997503 0.0706293 0
    outer loop
      vertex 26.743 -14.996 0
      vertex 26.808 -15.914 2.4
      vertex 26.808 -15.914 0
    endloop
  endfacet
  facet normal 0.895107 0.445852 0
    outer loop
      vertex 26.743 -14.996 2.4
      vertex 26.612 -14.733 0
      vertex 26.612 -14.733 2.4
    endloop
  endfacet
  facet normal 0.895107 0.445852 0
    outer loop
      vertex 26.612 -14.733 0
      vertex 26.743 -14.996 2.4
      vertex 26.743 -14.996 0
    endloop
  endfacet
  facet normal 1 -0 0
    outer loop
      vertex 26.612 -14.733 2.4
      vertex 26.612 -14.535 0
      vertex 26.612 -14.535 2.4
    endloop
  endfacet
  facet normal 1 0 0
    outer loop
      vertex 26.612 -14.535 0
      vertex 26.612 -14.733 2.4
      vertex 26.612 -14.733 0
    endloop
  endfacet
  facet normal 0.880173 0.474654 0
    outer loop
      vertex 26.612 -14.535 2.4
      vertex 26.152 -13.682 0
      vertex 26.152 -13.682 2.4
    endloop
  endfacet
  facet normal 0.880173 0.474654 0
    outer loop
      vertex 26.152 -13.682 0
      vertex 26.612 -14.535 2.4
      vertex 26.612 -14.535 0
    endloop
  endfacet
  facet normal 0.707107 0.707107 0
    outer loop
      vertex 26.152 -13.682 2.4
      vertex 25.299 -12.829 0
      vertex 25.299 -12.829 2.4
    endloop
  endfacet
  facet normal 0.707107 0.707107 0
    outer loop
      vertex 25.299 -12.829 0
      vertex 26.152 -13.682 2.4
      vertex 26.152 -13.682 0
    endloop
  endfacet
  facet normal 0.564138 0.825681 -0
    outer loop
      vertex 25.299 -12.829 0
      vertex 24.052 -11.977 2.4
      vertex 25.299 -12.829 2.4
    endloop
  endfacet
  facet normal 0.564138 0.825681 0
    outer loop
      vertex 24.052 -11.977 2.4
      vertex 25.299 -12.829 0
      vertex 24.052 -11.977 0
    endloop
  endfacet
  facet normal 0.447895 0.894086 -0
    outer loop
      vertex 24.052 -11.977 0
      vertex 23.002 -11.451 2.4
      vertex 24.052 -11.977 2.4
    endloop
  endfacet
  facet normal 0.447895 0.894086 0
    outer loop
      vertex 23.002 -11.451 2.4
      vertex 24.052 -11.977 0
      vertex 23.002 -11.451 0
    endloop
  endfacet
  facet normal 0 1 -0
    outer loop
      vertex 23.002 -11.451 0
      vertex 22.871 -11.451 2.4
      vertex 23.002 -11.451 2.4
    endloop
  endfacet
  facet normal 0 1 0
    outer loop
      vertex 22.871 -11.451 2.4
      vertex 23.002 -11.451 0
      vertex 22.871 -11.451 0
    endloop
  endfacet
  facet normal 0.39404 0.919093 -0
    outer loop
      vertex 22.871 -11.451 0
      vertex 21.952 -11.057 2.4
      vertex 22.871 -11.451 2.4
    endloop
  endfacet
  facet normal 0.39404 0.919093 0
    outer loop
      vertex 21.952 -11.057 2.4
      vertex 22.871 -11.451 0
      vertex 21.952 -11.057 0
    endloop
  endfacet
  facet normal 0 1 -0
    outer loop
      vertex 21.952 -11.057 0
      vertex 21.755 -11.057 2.4
      vertex 21.952 -11.057 2.4
    endloop
  endfacet
  facet normal 0 1 0
    outer loop
      vertex 21.755 -11.057 2.4
      vertex 21.952 -11.057 0
      vertex 21.755 -11.057 0
    endloop
  endfacet
  facet normal 0.445852 0.895107 -0
    outer loop
      vertex 21.755 -11.057 0
      vertex 21.492 -10.926 2.4
      vertex 21.755 -11.057 2.4
    endloop
  endfacet
  facet normal 0.445852 0.895107 0
    outer loop
      vertex 21.492 -10.926 2.4
      vertex 21.755 -11.057 0
      vertex 21.492 -10.926 0
    endloop
  endfacet
  facet normal 0 1 -0
    outer loop
      vertex 21.492 -10.926 0
      vertex 21.23 -10.926 2.4
      vertex 21.492 -10.926 2.4
    endloop
  endfacet
  facet normal 0 1 0
    outer loop
      vertex 21.23 -10.926 2.4
      vertex 21.492 -10.926 0
      vertex 21.23 -10.926 0
    endloop
  endfacet
  facet normal 0.449938 0.89306 -0
    outer loop
      vertex 21.23 -10.926 0
      vertex 20.968 -10.794 2.4
      vertex 21.23 -10.926 2.4
    endloop
  endfacet
  facet normal 0.449938 0.89306 0
    outer loop
      vertex 20.968 -10.794 2.4
      vertex 21.23 -10.926 0
      vertex 20.968 -10.794 0
    endloop
  endfacet
  facet normal 0 1 -0
    outer loop
      vertex 20.968 -10.794 0
      vertex 20.64 -10.794 2.4
      vertex 20.968 -10.794 2.4
    endloop
  endfacet
  facet normal 0 1 0
    outer loop
      vertex 20.64 -10.794 2.4
      vertex 20.968 -10.794 0
      vertex 20.64 -10.794 0
    endloop
  endfacet
  facet normal 0.368457 0.929645 -0
    outer loop
      vertex 20.64 -10.794 0
      vertex 20.312 -10.664 2.4
      vertex 20.64 -10.794 2.4
    endloop
  endfacet
  facet normal 0.368457 0.929645 0
    outer loop
      vertex 20.312 -10.664 2.4
      vertex 20.64 -10.794 0
      vertex 20.312 -10.664 0
    endloop
  endfacet
  facet normal 0 1 -0
    outer loop
      vertex 20.312 -10.664 0
      vertex 19.787 -10.664 2.4
      vertex 20.312 -10.664 2.4
    endloop
  endfacet
  facet normal 0 1 0
    outer loop
      vertex 19.787 -10.664 2.4
      vertex 20.312 -10.664 0
      vertex 19.787 -10.664 0
    endloop
  endfacet
  facet normal 0.696313 0.717738 -0
    outer loop
      vertex 19.787 -10.664 0
      vertex 19.72 -10.599 2.4
      vertex 19.787 -10.664 2.4
    endloop
  endfacet
  facet normal 0.696313 0.717738 0
    outer loop
      vertex 19.72 -10.599 2.4
      vertex 19.787 -10.664 0
      vertex 19.72 -10.599 0
    endloop
  endfacet
  facet normal 0 1 -0
    outer loop
      vertex 19.72 -10.599 0
      vertex 19.327 -10.599 2.4
      vertex 19.72 -10.599 2.4
    endloop
  endfacet
  facet normal 0 1 0
    outer loop
      vertex 19.327 -10.599 2.4
      vertex 19.72 -10.599 0
      vertex 19.327 -10.599 0
    endloop
  endfacet
  facet normal 0.712403 0.70177 0
    outer loop
      vertex 19.327 -10.599 2.4
      vertex 19.261 -10.532 0
      vertex 19.261 -10.532 2.4
    endloop
  endfacet
  facet normal 0.712403 0.70177 0
    outer loop
      vertex 19.261 -10.532 0
      vertex 19.327 -10.599 2.4
      vertex 19.327 -10.599 0
    endloop
  endfacet
  facet normal 0 1 -0
    outer loop
      vertex 19.261 -10.532 0
      vertex 16.898 -10.532 2.4
      vertex 19.261 -10.532 2.4
    endloop
  endfacet
  facet normal 0 1 0
    outer loop
      vertex 16.898 -10.532 2.4
      vertex 19.261 -10.532 0
      vertex 16.898 -10.532 0
    endloop
  endfacet
  facet normal -0.72311 0.690732 0
    outer loop
      vertex 16.834 -10.599 0
      vertex 16.898 -10.532 2.4
      vertex 16.898 -10.532 0
    endloop
  endfacet
  facet normal -0.72311 0.690732 0
    outer loop
      vertex 16.898 -10.532 2.4
      vertex 16.834 -10.599 0
      vertex 16.834 -10.599 2.4
    endloop
  endfacet
  facet normal 0 1 -0
    outer loop
      vertex 16.834 -10.599 0
      vertex 16.374 -10.599 2.4
      vertex 16.834 -10.599 2.4
    endloop
  endfacet
  facet normal 0 1 0
    outer loop
      vertex 16.374 -10.599 2.4
      vertex 16.834 -10.599 0
      vertex 16.374 -10.599 0
    endloop
  endfacet
  facet normal -0.707107 0.707107 0
    outer loop
      vertex 16.374 -10.599 0
      vertex 16.309 -10.664 2.4
      vertex 16.374 -10.599 2.4
    endloop
  endfacet
  facet normal -0.707107 0.707107 0
    outer loop
      vertex 16.309 -10.664 2.4
      vertex 16.374 -10.599 0
      vertex 16.309 -10.664 0
    endloop
  endfacet
  facet normal 0 1 -0
    outer loop
      vertex 16.309 -10.664 0
      vertex 15.784 -10.664 2.4
      vertex 16.309 -10.664 2.4
    endloop
  endfacet
  facet normal 0 1 0
    outer loop
      vertex 15.784 -10.664 2.4
      vertex 16.309 -10.664 0
      vertex 15.784 -10.664 0
    endloop
  endfacet
  facet normal -0.312618 0.949879 0
    outer loop
      vertex 15.784 -10.664 0
      vertex 15.389 -10.794 2.4
      vertex 15.784 -10.664 2.4
    endloop
  endfacet
  facet normal -0.312618 0.949879 0
    outer loop
      vertex 15.389 -10.794 2.4
      vertex 15.784 -10.664 0
      vertex 15.389 -10.794 0
    endloop
  endfacet
  facet normal 0 1 -0
    outer loop
      vertex 15.389 -10.794 0
      vertex 14.996 -10.794 2.4
      vertex 15.389 -10.794 2.4
    endloop
  endfacet
  facet normal 0 1 0
    outer loop
      vertex 14.996 -10.794 2.4
      vertex 15.389 -10.794 0
      vertex 14.996 -10.794 0
    endloop
  endfacet
  facet normal -0.717738 0.696313 0
    outer loop
      vertex 14.931 -10.861 0
      vertex 14.996 -10.794 2.4
      vertex 14.996 -10.794 0
    endloop
  endfacet
  facet normal -0.717738 0.696313 0
    outer loop
      vertex 14.996 -10.794 2.4
      vertex 14.931 -10.861 0
      vertex 14.931 -10.861 2.4
    endloop
  endfacet
  facet normal -0.195159 0.980772 0
    outer loop
      vertex 14.931 -10.861 0
      vertex 13.946 -11.057 2.4
      vertex 14.931 -10.861 2.4
    endloop
  endfacet
  facet normal -0.195159 0.980772 0
    outer loop
      vertex 13.946 -11.057 2.4
      vertex 14.931 -10.861 0
      vertex 13.946 -11.057 0
    endloop
  endfacet
  facet normal -0.447214 0.894427 0
    outer loop
      vertex 13.946 -11.057 0
      vertex 13.684 -11.188 2.4
      vertex 13.946 -11.057 2.4
    endloop
  endfacet
  facet normal -0.447214 0.894427 0
    outer loop
      vertex 13.684 -11.188 2.4
      vertex 13.946 -11.057 0
      vertex 13.684 -11.188 0
    endloop
  endfacet
  facet normal 0 1 -0
    outer loop
      vertex 13.684 -11.188 0
      vertex 13.486 -11.188 2.4
      vertex 13.684 -11.188 2.4
    endloop
  endfacet
  facet normal 0 1 0
    outer loop
      vertex 13.486 -11.188 2.4
      vertex 13.684 -11.188 0
      vertex 13.486 -11.188 0
    endloop
  endfacet
  facet normal -0.5586 0.829437 0
    outer loop
      vertex 13.486 -11.188 0
      vertex 13.29 -11.32 2.4
      vertex 13.486 -11.188 2.4
    endloop
  endfacet
  facet normal -0.5586 0.829437 0
    outer loop
      vertex 13.29 -11.32 2.4
      vertex 13.486 -11.188 0
      vertex 13.29 -11.32 0
    endloop
  endfacet
  facet normal -0.332157 0.943224 0
    outer loop
      vertex 13.29 -11.32 0
      vertex 12.174 -11.713 2.4
      vertex 13.29 -11.32 2.4
    endloop
  endfacet
  facet normal -0.332157 0.943224 0
    outer loop
      vertex 12.174 -11.713 2.4
      vertex 13.29 -11.32 0
      vertex 12.174 -11.713 0
    endloop
  endfacet
  facet normal -0.515263 0.857032 0
    outer loop
      vertex 12.174 -11.713 0
      vertex 11.517 -12.108 2.4
      vertex 12.174 -11.713 2.4
    endloop
  endfacet
  facet normal -0.515263 0.857032 0
    outer loop
      vertex 11.517 -12.108 2.4
      vertex 12.174 -11.713 0
      vertex 11.517 -12.108 0
    endloop
  endfacet
  facet normal 0 1 -0
    outer loop
      vertex 11.517 -12.108 0
      vertex 11.386 -12.108 2.4
      vertex 11.517 -12.108 2.4
    endloop
  endfacet
  facet normal 0 1 0
    outer loop
      vertex 11.386 -12.108 2.4
      vertex 11.517 -12.108 0
      vertex 11.386 -12.108 0
    endloop
  endfacet
  facet normal -0.521171 0.853452 0
    outer loop
      vertex 11.386 -12.108 0
      vertex 9.02299 -13.551 2.4
      vertex 11.386 -12.108 2.4
    endloop
  endfacet
  facet normal -0.521171 0.853452 0
    outer loop
      vertex 9.02299 -13.551 2.4
      vertex 11.386 -12.108 0
      vertex 9.02299 -13.551 0
    endloop
  endfacet
  facet normal -0.603516 0.797351 0
    outer loop
      vertex 9.02299 -13.551 0
      vertex 6.59599 -15.388 2.4
      vertex 9.02299 -13.551 2.4
    endloop
  endfacet
  facet normal -0.603516 0.797351 0
    outer loop
      vertex 6.59599 -15.388 2.4
      vertex 9.02299 -13.551 0
      vertex 6.59599 -15.388 0
    endloop
  endfacet
  facet normal -0.647775 0.761832 0
    outer loop
      vertex 6.59599 -15.388 0
      vertex 3.97099 -17.62 2.4
      vertex 6.59599 -15.388 2.4
    endloop
  endfacet
  facet normal -0.647775 0.761832 0
    outer loop
      vertex 3.97099 -17.62 2.4
      vertex 6.59599 -15.388 0
      vertex 3.97099 -17.62 0
    endloop
  endfacet
  facet normal -0.624503 0.781023 0
    outer loop
      vertex 3.97099 -17.62 0
      vertex 1.017 -19.982 2.4
      vertex 3.97099 -17.62 2.4
    endloop
  endfacet
  facet normal -0.624503 0.781023 0
    outer loop
      vertex 1.017 -19.982 2.4
      vertex 3.97099 -17.62 0
      vertex 1.017 -19.982 0
    endloop
  endfacet
  facet normal -0.449925 0.893066 0
    outer loop
      vertex 1.017 -19.982 0
      vertex 0.75499 -20.114 2.4
      vertex 1.017 -19.982 2.4
    endloop
  endfacet
  facet normal -0.449925 0.893066 0
    outer loop
      vertex 0.75499 -20.114 2.4
      vertex 1.017 -19.982 0
      vertex 0.75499 -20.114 0
    endloop
  endfacet
  facet normal -0.604216 0.79682 0
    outer loop
      vertex 0.75499 -20.114 0
      vertex -1.14799 -21.557 2.4
      vertex 0.75499 -20.114 2.4
    endloop
  endfacet
  facet normal -0.604216 0.79682 0
    outer loop
      vertex -1.14799 -21.557 2.4
      vertex 0.75499 -20.114 0
      vertex -1.14799 -21.557 0
    endloop
  endfacet
  facet normal -0.555134 0.831761 0
    outer loop
      vertex -1.14799 -21.557 0
      vertex -2.91899 -22.739 2.4
      vertex -1.14799 -21.557 2.4
    endloop
  endfacet
  facet normal -0.555134 0.831761 0
    outer loop
      vertex -2.91899 -22.739 2.4
      vertex -1.14799 -21.557 0
      vertex -2.91899 -22.739 0
    endloop
  endfacet
  facet normal -0.514647 0.857402 0
    outer loop
      vertex -2.91899 -22.739 0
      vertex -4.56 -23.724 2.4
      vertex -2.91899 -22.739 2.4
    endloop
  endfacet
  facet normal -0.514647 0.857402 0
    outer loop
      vertex -4.56 -23.724 2.4
      vertex -2.91899 -22.739 0
      vertex -4.56 -23.724 0
    endloop
  endfacet
  facet normal -0.457201 0.889363 0
    outer loop
      vertex -4.56 -23.724 0
      vertex -6.72699 -24.838 2.4
      vertex -4.56 -23.724 2.4
    endloop
  endfacet
  facet normal -0.457201 0.889363 0
    outer loop
      vertex -6.72699 -24.838 2.4
      vertex -4.56 -23.724 0
      vertex -6.72699 -24.838 0
    endloop
  endfacet
  facet normal 0 1 -0
    outer loop
      vertex -6.72699 -24.838 0
      vertex -6.85799 -24.838 2.4
      vertex -6.72699 -24.838 2.4
    endloop
  endfacet
  facet normal 0 1 0
    outer loop
      vertex -6.85799 -24.838 2.4
      vertex -6.72699 -24.838 0
      vertex -6.85799 -24.838 0
    endloop
  endfacet
  facet normal -0.709763 0.70444 0
    outer loop
      vertex -6.989 -24.97 0
      vertex -6.85799 -24.838 2.4
      vertex -6.85799 -24.838 0
    endloop
  endfacet
  facet normal -0.709763 0.70444 0
    outer loop
      vertex -6.85799 -24.838 2.4
      vertex -6.989 -24.97 0
      vertex -6.989 -24.97 2.4
    endloop
  endfacet
  facet normal 0 1 -0
    outer loop
      vertex -6.989 -24.97 0
      vertex -7.12 -24.97 2.4
      vertex -6.989 -24.97 2.4
    endloop
  endfacet
  facet normal 0 1 0
    outer loop
      vertex -7.12 -24.97 2.4
      vertex -6.989 -24.97 0
      vertex -7.12 -24.97 0
    endloop
  endfacet
  facet normal -0.55862 0.829424 0
    outer loop
      vertex -7.12 -24.97 0
      vertex -7.31599 -25.102 2.4
      vertex -7.12 -24.97 2.4
    endloop
  endfacet
  facet normal -0.55862 0.829424 0
    outer loop
      vertex -7.31599 -25.102 2.4
      vertex -7.12 -24.97 0
      vertex -7.31599 -25.102 0
    endloop
  endfacet
  facet normal 0 1 -0
    outer loop
      vertex -7.31599 -25.102 0
      vertex -7.448 -25.102 2.4
      vertex -7.31599 -25.102 2.4
    endloop
  endfacet
  facet normal 0 1 0
    outer loop
      vertex -7.448 -25.102 2.4
      vertex -7.31599 -25.102 0
      vertex -7.448 -25.102 0
    endloop
  endfacet
  facet normal -0.704419 0.709784 0
    outer loop
      vertex -7.448 -25.102 0
      vertex -7.57899 -25.232 2.4
      vertex -7.448 -25.102 2.4
    endloop
  endfacet
  facet normal -0.704419 0.709784 0
    outer loop
      vertex -7.57899 -25.232 2.4
      vertex -7.448 -25.102 0
      vertex -7.57899 -25.232 0
    endloop
  endfacet
  facet normal 0 1 -0
    outer loop
      vertex -7.57899 -25.232 0
      vertex -7.70999 -25.232 2.4
      vertex -7.57899 -25.232 2.4
    endloop
  endfacet
  facet normal 0 1 0
    outer loop
      vertex -7.70999 -25.232 2.4
      vertex -7.57899 -25.232 0
      vertex -7.70999 -25.232 0
    endloop
  endfacet
  facet normal -0.406566 0.913621 0
    outer loop
      vertex -7.70999 -25.232 0
      vertex -8.892 -25.758 2.4
      vertex -7.70999 -25.232 2.4
    endloop
  endfacet
  facet normal -0.406566 0.913621 0
    outer loop
      vertex -8.892 -25.758 2.4
      vertex -7.70999 -25.232 0
      vertex -8.892 -25.758 0
    endloop
  endfacet
  facet normal 0 1 -0
    outer loop
      vertex -8.892 -25.758 0
      vertex -9.088 -25.758 2.4
      vertex -8.892 -25.758 2.4
    endloop
  endfacet
  facet normal 0 1 0
    outer loop
      vertex -9.088 -25.758 2.4
      vertex -8.892 -25.758 0
      vertex -9.088 -25.758 0
    endloop
  endfacet
  facet normal -0.445852 0.895107 0
    outer loop
      vertex -9.088 -25.758 0
      vertex -9.614 -26.02 2.4
      vertex -9.088 -25.758 2.4
    endloop
  endfacet
  facet normal -0.445852 0.895107 0
    outer loop
      vertex -9.614 -26.02 2.4
      vertex -9.088 -25.758 0
      vertex -9.614 -26.02 0
    endloop
  endfacet
  facet normal 0 1 -0
    outer loop
      vertex -9.614 -26.02 0
      vertex -9.81 -26.02 2.4
      vertex -9.614 -26.02 2.4
    endloop
  endfacet
  facet normal 0 1 0
    outer loop
      vertex -9.81 -26.02 2.4
      vertex -9.614 -26.02 0
      vertex -9.81 -26.02 0
    endloop
  endfacet
  facet normal -0.370902 0.928672 0
    outer loop
      vertex -9.81 -26.02 0
      vertex -10.466 -26.282 2.4
      vertex -9.81 -26.02 2.4
    endloop
  endfacet
  facet normal -0.370902 0.928672 0
    outer loop
      vertex -10.466 -26.282 2.4
      vertex -9.81 -26.02 0
      vertex -10.466 -26.282 0
    endloop
  endfacet
  facet normal 0 1 -0
    outer loop
      vertex -10.466 -26.282 0
      vertex -10.664 -26.282 2.4
      vertex -10.466 -26.282 2.4
    endloop
  endfacet
  facet normal 0 1 0
    outer loop
      vertex -10.664 -26.282 2.4
      vertex -10.466 -26.282 0
      vertex -10.664 -26.282 0
    endloop
  endfacet
  facet normal -0.341116 0.940021 0
    outer loop
      vertex -10.664 -26.282 0
      vertex -11.386 -26.544 2.4
      vertex -10.664 -26.282 2.4
    endloop
  endfacet
  facet normal -0.341116 0.940021 0
    outer loop
      vertex -11.386 -26.544 2.4
      vertex -10.664 -26.282 0
      vertex -11.386 -26.544 0
    endloop
  endfacet
  facet normal 0 1 -0
    outer loop
      vertex -11.386 -26.544 0
      vertex -11.648 -26.544 2.4
      vertex -11.386 -26.544 2.4
    endloop
  endfacet
  facet normal 0 1 0
    outer loop
      vertex -11.648 -26.544 2.4
      vertex -11.386 -26.544 0
      vertex -11.648 -26.544 0
    endloop
  endfacet
  facet normal -0.449938 0.89306 0
    outer loop
      vertex -11.648 -26.544 0
      vertex -11.91 -26.676 2.4
      vertex -11.648 -26.544 2.4
    endloop
  endfacet
  facet normal -0.449938 0.89306 0
    outer loop
      vertex -11.91 -26.676 2.4
      vertex -11.648 -26.544 0
      vertex -11.91 -26.676 0
    endloop
  endfacet
  facet normal 0 1 -0
    outer loop
      vertex -11.91 -26.676 0
      vertex -12.173 -26.676 2.4
      vertex -11.91 -26.676 2.4
    endloop
  endfacet
  facet normal 0 1 0
    outer loop
      vertex -12.173 -26.676 2.4
      vertex -11.91 -26.676 0
      vertex -12.173 -26.676 0
    endloop
  endfacet
  facet normal -0.36993 0.92906 0
    outer loop
      vertex -12.173 -26.676 0
      vertex -12.502 -26.807 2.4
      vertex -12.173 -26.676 2.4
    endloop
  endfacet
  facet normal -0.36993 0.92906 0
    outer loop
      vertex -12.502 -26.807 2.4
      vertex -12.173 -26.676 0
      vertex -12.502 -26.807 0
    endloop
  endfacet
  facet normal 0 1 -0
    outer loop
      vertex -12.502 -26.807 0
      vertex -12.83 -26.807 2.4
      vertex -12.502 -26.807 2.4
    endloop
  endfacet
  facet normal 0 1 0
    outer loop
      vertex -12.83 -26.807 2.4
      vertex -12.502 -26.807 0
      vertex -12.83 -26.807 0
    endloop
  endfacet
  facet normal -0.37188 0.928281 0
    outer loop
      vertex -12.83 -26.807 0
      vertex -13.157 -26.938 2.4
      vertex -12.83 -26.807 2.4
    endloop
  endfacet
  facet normal -0.37188 0.928281 0
    outer loop
      vertex -13.157 -26.938 2.4
      vertex -12.83 -26.807 0
      vertex -13.157 -26.938 0
    endloop
  endfacet
  facet normal 0 1 -0
    outer loop
      vertex -13.157 -26.938 0
      vertex -13.551 -26.938 2.4
      vertex -13.157 -26.938 2.4
    endloop
  endfacet
  facet normal 0 1 0
    outer loop
      vertex -13.551 -26.938 2.4
      vertex -13.157 -26.938 0
      vertex -13.551 -26.938 0
    endloop
  endfacet
  facet normal -0.318398 0.947957 0
    outer loop
      vertex -13.551 -26.938 0
      vertex -13.944 -27.07 2.4
      vertex -13.551 -26.938 2.4
    endloop
  endfacet
  facet normal -0.318398 0.947957 0
    outer loop
      vertex -13.944 -27.07 2.4
      vertex -13.551 -26.938 0
      vertex -13.944 -27.07 0
    endloop
  endfacet
  facet normal 0 1 -0
    outer loop
      vertex -13.944 -27.07 0
      vertex -14.47 -27.07 2.4
      vertex -13.944 -27.07 2.4
    endloop
  endfacet
  facet normal 0 1 0
    outer loop
      vertex -14.47 -27.07 2.4
      vertex -13.944 -27.07 0
      vertex -14.47 -27.07 0
    endloop
  endfacet
  facet normal -0.555679 0.831397 0
    outer loop
      vertex -14.47 -27.07 0
      vertex -14.666 -27.201 2.4
      vertex -14.47 -27.07 2.4
    endloop
  endfacet
  facet normal -0.555679 0.831397 0
    outer loop
      vertex -14.666 -27.201 2.4
      vertex -14.47 -27.07 0
      vertex -14.666 -27.201 0
    endloop
  endfacet
  facet normal -0.970577 -0.240792 0
    outer loop
      vertex -14.601 -27.463 0
      vertex -14.666 -27.201 2.4
      vertex -14.666 -27.201 0
    endloop
  endfacet
  facet normal -0.970577 -0.240792 0
    outer loop
      vertex -14.666 -27.201 2.4
      vertex -14.601 -27.463 0
      vertex -14.601 -27.463 2.4
    endloop
  endfacet
  facet normal -0.786764 -0.617254 0
    outer loop
      vertex -13.88 -28.382 0
      vertex -14.601 -27.463 2.4
      vertex -14.601 -27.463 0
    endloop
  endfacet
  facet normal -0.786764 -0.617254 0
    outer loop
      vertex -14.601 -27.463 2.4
      vertex -13.88 -28.382 0
      vertex -13.88 -28.382 2.4
    endloop
  endfacet
  facet normal -0.720492 -0.693463 0
    outer loop
      vertex -12.238 -30.088 0
      vertex -13.88 -28.382 2.4
      vertex -13.88 -28.382 0
    endloop
  endfacet
  facet normal -0.720492 -0.693463 0
    outer loop
      vertex -13.88 -28.382 2.4
      vertex -12.238 -30.088 0
      vertex -12.238 -30.088 2.4
    endloop
  endfacet
  facet normal -0.628358 -0.777924 0
    outer loop
      vertex -12.238 -30.088 0
      vertex -10.532 -31.466 2.4
      vertex -12.238 -30.088 2.4
    endloop
  endfacet
  facet normal -0.628358 -0.777924 -0
    outer loop
      vertex -10.532 -31.466 2.4
      vertex -12.238 -30.088 0
      vertex -10.532 -31.466 0
    endloop
  endfacet
  facet normal -0.524151 -0.851625 0
    outer loop
      vertex -10.532 -31.466 0
      vertex -8.82599 -32.516 2.4
      vertex -10.532 -31.466 2.4
    endloop
  endfacet
  facet normal -0.524151 -0.851625 -0
    outer loop
      vertex -8.82599 -32.516 2.4
      vertex -10.532 -31.466 0
      vertex -8.82599 -32.516 0
    endloop
  endfacet
  facet normal -0.411947 -0.911208 0
    outer loop
      vertex -8.82599 -32.516 0
      vertex -6.79099 -33.436 2.4
      vertex -8.82599 -32.516 2.4
    endloop
  endfacet
  facet normal -0.411947 -0.911208 -0
    outer loop
      vertex -6.79099 -33.436 2.4
      vertex -8.82599 -32.516 0
      vertex -6.79099 -33.436 0
    endloop
  endfacet
  facet normal -0.31587 -0.948803 0
    outer loop
      vertex -6.79099 -33.436 0
      vertex -6.004 -33.698 2.4
      vertex -6.79099 -33.436 2.4
    endloop
  endfacet
  facet normal -0.31587 -0.948803 -0
    outer loop
      vertex -6.004 -33.698 2.4
      vertex -6.79099 -33.436 0
      vertex -6.004 -33.698 0
    endloop
  endfacet
  facet normal 0 -1 0
    outer loop
      vertex -6.004 -33.698 0
      vertex -5.80699 -33.698 2.4
      vertex -6.004 -33.698 2.4
    endloop
  endfacet
  facet normal 0 -1 -0
    outer loop
      vertex -5.80699 -33.698 2.4
      vertex -6.004 -33.698 0
      vertex -5.80699 -33.698 0
    endloop
  endfacet
  facet normal -0.445852 -0.895107 0
    outer loop
      vertex -5.80699 -33.698 0
      vertex -5.54399 -33.829 2.4
      vertex -5.80699 -33.698 2.4
    endloop
  endfacet
  facet normal -0.445852 -0.895107 -0
    outer loop
      vertex -5.54399 -33.829 2.4
      vertex -5.80699 -33.698 0
      vertex -5.54399 -33.829 0
    endloop
  endfacet
  facet normal 0 -1 0
    outer loop
      vertex -5.54399 -33.829 0
      vertex -5.349 -33.829 2.4
      vertex -5.54399 -33.829 2.4
    endloop
  endfacet
  facet normal 0 -1 -0
    outer loop
      vertex -5.349 -33.829 2.4
      vertex -5.54399 -33.829 0
      vertex -5.349 -33.829 0
    endloop
  endfacet
  facet normal -0.444484 -0.895787 0
    outer loop
      vertex -5.349 -33.829 0
      vertex -5.08499 -33.96 2.4
      vertex -5.349 -33.829 2.4
    endloop
  endfacet
  facet normal -0.444484 -0.895787 -0
    outer loop
      vertex -5.08499 -33.96 2.4
      vertex -5.349 -33.829 0
      vertex -5.08499 -33.96 0
    endloop
  endfacet
  facet normal 0 -1 0
    outer loop
      vertex -5.08499 -33.96 0
      vertex -4.823 -33.96 2.4
      vertex -5.08499 -33.96 2.4
    endloop
  endfacet
  facet normal 0 -1 -0
    outer loop
      vertex -4.823 -33.96 2.4
      vertex -5.08499 -33.96 0
      vertex -4.823 -33.96 0
    endloop
  endfacet
  facet normal -0.448572 -0.893747 0
    outer loop
      vertex -4.823 -33.96 0
      vertex -4.56 -34.092 2.4
      vertex -4.823 -33.96 2.4
    endloop
  endfacet
  facet normal -0.448572 -0.893747 -0
    outer loop
      vertex -4.56 -34.092 2.4
      vertex -4.823 -33.96 0
      vertex -4.56 -34.092 0
    endloop
  endfacet
  facet normal 0 -1 0
    outer loop
      vertex -4.56 -34.092 0
      vertex -4.23299 -34.092 2.4
      vertex -4.56 -34.092 2.4
    endloop
  endfacet
  facet normal 0 -1 -0
    outer loop
      vertex -4.23299 -34.092 2.4
      vertex -4.56 -34.092 0
      vertex -4.23299 -34.092 0
    endloop
  endfacet
  facet normal -0.316955 -0.948441 0
    outer loop
      vertex -4.23299 -34.092 0
      vertex -3.838 -34.224 2.4
      vertex -4.23299 -34.092 2.4
    endloop
  endfacet
  facet normal -0.316955 -0.948441 -0
    outer loop
      vertex -3.838 -34.224 2.4
      vertex -4.23299 -34.092 0
      vertex -3.838 -34.224 0
    endloop
  endfacet
  facet normal 0 -1 0
    outer loop
      vertex -3.838 -34.224 0
      vertex -3.37999 -34.224 2.4
      vertex -3.838 -34.224 2.4
    endloop
  endfacet
  facet normal 0 -1 -0
    outer loop
      vertex -3.37999 -34.224 2.4
      vertex -3.838 -34.224 0
      vertex -3.37999 -34.224 0
    endloop
  endfacet
  facet normal -0.271411 -0.962464 0
    outer loop
      vertex -3.37999 -34.224 0
      vertex -2.91899 -34.354 2.4
      vertex -3.37999 -34.224 2.4
    endloop
  endfacet
  facet normal -0.271411 -0.962464 -0
    outer loop
      vertex -2.91899 -34.354 2.4
      vertex -3.37999 -34.224 0
      vertex -2.91899 -34.354 0
    endloop
  endfacet
  facet normal -0.0255155 -0.999674 0
    outer loop
      vertex -2.91899 -34.354 0
      vertex -0.293991 -34.421 2.4
      vertex -2.91899 -34.354 2.4
    endloop
  endfacet
  facet normal -0.0255155 -0.999674 -0
    outer loop
      vertex -0.293991 -34.421 2.4
      vertex -2.91899 -34.354 0
      vertex -0.293991 -34.421 0
    endloop
  endfacet
  facet normal 0.723137 -0.690704 0
    outer loop
      vertex -0.293991 -34.421 2.4
      vertex -0.229996 -34.354 0
      vertex -0.229996 -34.354 2.4
    endloop
  endfacet
  facet normal 0.723137 -0.690704 0
    outer loop
      vertex -0.229996 -34.354 0
      vertex -0.293991 -34.421 2.4
      vertex -0.293991 -34.421 0
    endloop
  endfacet
  facet normal 0 -1 0
    outer loop
      vertex -0.229996 -34.354 0
      vertex 0.623993 -34.354 2.4
      vertex -0.229996 -34.354 2.4
    endloop
  endfacet
  facet normal 0 -1 -0
    outer loop
      vertex 0.623993 -34.354 2.4
      vertex -0.229996 -34.354 0
      vertex 0.623993 -34.354 0
    endloop
  endfacet
  facet normal 0.707139 -0.707075 0
    outer loop
      vertex 0.623993 -34.354 2.4
      vertex 0.689987 -34.288 0
      vertex 0.689987 -34.288 2.4
    endloop
  endfacet
  facet normal 0.707139 -0.707075 0
    outer loop
      vertex 0.689987 -34.288 0
      vertex 0.623993 -34.354 2.4
      vertex 0.623993 -34.354 0
    endloop
  endfacet
  facet normal 0 -1 0
    outer loop
      vertex 0.689987 -34.288 0
      vertex 1.084 -34.288 2.4
      vertex 0.689987 -34.288 2.4
    endloop
  endfacet
  facet normal 0 -1 -0
    outer loop
      vertex 1.084 -34.288 2.4
      vertex 0.689987 -34.288 0
      vertex 1.084 -34.288 0
    endloop
  endfacet
  facet normal 0.707162 -0.707052 0
    outer loop
      vertex 1.084 -34.288 2.4
      vertex 1.14799 -34.224 0
      vertex 1.14799 -34.224 2.4
    endloop
  endfacet
  facet normal 0.707162 -0.707052 0
    outer loop
      vertex 1.14799 -34.224 0
      vertex 1.084 -34.288 2.4
      vertex 1.084 -34.288 0
    endloop
  endfacet
  facet normal 0 -1 0
    outer loop
      vertex 1.14799 -34.224 0
      vertex 1.543 -34.224 2.4
      vertex 1.14799 -34.224 2.4
    endloop
  endfacet
  facet normal 0 -1 -0
    outer loop
      vertex 1.543 -34.224 2.4
      vertex 1.14799 -34.224 0
      vertex 1.543 -34.224 0
    endloop
  endfacet
  facet normal 0.317671 -0.948201 0
    outer loop
      vertex 1.543 -34.224 0
      vertex 1.937 -34.092 2.4
      vertex 1.543 -34.224 2.4
    endloop
  endfacet
  facet normal 0.317671 -0.948201 0
    outer loop
      vertex 1.937 -34.092 2.4
      vertex 1.543 -34.224 0
      vertex 1.937 -34.092 0
    endloop
  endfacet
  facet normal 0 -1 0
    outer loop
      vertex 1.937 -34.092 0
      vertex 2.26399 -34.092 2.4
      vertex 1.937 -34.092 2.4
    endloop
  endfacet
  facet normal 0 -1 -0
    outer loop
      vertex 2.26399 -34.092 2.4
      vertex 1.937 -34.092 0
      vertex 2.26399 -34.092 0
    endloop
  endfacet
  facet normal 0.449938 -0.89306 0
    outer loop
      vertex 2.26399 -34.092 0
      vertex 2.52599 -33.96 2.4
      vertex 2.26399 -34.092 2.4
    endloop
  endfacet
  facet normal 0.449938 -0.89306 0
    outer loop
      vertex 2.52599 -33.96 2.4
      vertex 2.26399 -34.092 0
      vertex 2.52599 -33.96 0
    endloop
  endfacet
  facet normal 0.163791 -0.986495 0
    outer loop
      vertex 2.52599 -33.96 0
      vertex 3.31499 -33.829 2.4
      vertex 2.52599 -33.96 2.4
    endloop
  endfacet
  facet normal 0.163791 -0.986495 0
    outer loop
      vertex 3.31499 -33.829 2.4
      vertex 2.52599 -33.96 0
      vertex 3.31499 -33.829 0
    endloop
  endfacet
  facet normal 0.341637 -0.939832 0
    outer loop
      vertex 3.31499 -33.829 0
      vertex 5.48 -33.042 2.4
      vertex 3.31499 -33.829 2.4
    endloop
  endfacet
  facet normal 0.341637 -0.939832 0
    outer loop
      vertex 5.48 -33.042 2.4
      vertex 3.31499 -33.829 0
      vertex 5.48 -33.042 0
    endloop
  endfacet
  facet normal 0.461438 -0.887173 0
    outer loop
      vertex 5.48 -33.042 0
      vertex 7.12 -32.189 2.4
      vertex 5.48 -33.042 2.4
    endloop
  endfacet
  facet normal 0.461438 -0.887173 0
    outer loop
      vertex 7.12 -32.189 2.4
      vertex 5.48 -33.042 0
      vertex 7.12 -32.189 0
    endloop
  endfacet
  facet normal 0.544946 -0.838471 0
    outer loop
      vertex 7.12 -32.189 0
      vertex 8.43399 -31.335 2.4
      vertex 7.12 -32.189 2.4
    endloop
  endfacet
  facet normal 0.544946 -0.838471 0
    outer loop
      vertex 8.43399 -31.335 2.4
      vertex 7.12 -32.189 0
      vertex 8.43399 -31.335 0
    endloop
  endfacet
  facet normal 0.646281 -0.763099 0
    outer loop
      vertex 8.43399 -31.335 0
      vertex 10.139 -29.891 2.4
      vertex 8.43399 -31.335 2.4
    endloop
  endfacet
  facet normal 0.646281 -0.763099 0
    outer loop
      vertex 10.139 -29.891 2.4
      vertex 8.43399 -31.335 0
      vertex 10.139 -29.891 0
    endloop
  endfacet
  facet normal 0.25203 -0.967719 0
    outer loop
      vertex 10.139 -29.891 0
      vertex 11.648 -29.498 2.4
      vertex 10.139 -29.891 2.4
    endloop
  endfacet
  facet normal 0.25203 -0.967719 0
    outer loop
      vertex 11.648 -29.498 2.4
      vertex 10.139 -29.891 0
      vertex 11.648 -29.498 0
    endloop
  endfacet
  facet normal 0.446608 -0.89473 0
    outer loop
      vertex 11.648 -29.498 0
      vertex 12.83 -28.908 2.4
      vertex 11.648 -29.498 2.4
    endloop
  endfacet
  facet normal 0.446608 -0.89473 0
    outer loop
      vertex 12.83 -28.908 2.4
      vertex 11.648 -29.498 0
      vertex 12.83 -28.908 0
    endloop
  endfacet
  facet normal 0.658606 -0.752488 0
    outer loop
      vertex 12.83 -28.908 0
      vertex 13.88 -27.989 2.4
      vertex 12.83 -28.908 2.4
    endloop
  endfacet
  facet normal 0.658606 -0.752488 0
    outer loop
      vertex 13.88 -27.989 2.4
      vertex 12.83 -28.908 0
      vertex 13.88 -27.989 0
    endloop
  endfacet
  facet normal 0.8327 -0.553724 0
    outer loop
      vertex 13.88 -27.989 2.4
      vertex 14.273 -27.398 0
      vertex 14.273 -27.398 2.4
    endloop
  endfacet
  facet normal 0.8327 -0.553724 0
    outer loop
      vertex 14.273 -27.398 0
      vertex 13.88 -27.989 2.4
      vertex 13.88 -27.989 0
    endloop
  endfacet
  facet normal 0.444518 -0.89577 0
    outer loop
      vertex 14.273 -27.398 0
      vertex 14.406 -27.332 2.4
      vertex 14.273 -27.398 2.4
    endloop
  endfacet
  facet normal 0.444518 -0.89577 0
    outer loop
      vertex 14.406 -27.332 2.4
      vertex 14.273 -27.398 0
      vertex 14.406 -27.332 0
    endloop
  endfacet
  facet normal 0 -1 0
    outer loop
      vertex 14.406 -27.332 0
      vertex 14.734 -27.332 2.4
      vertex 14.406 -27.332 2.4
    endloop
  endfacet
  facet normal 0 -1 -0
    outer loop
      vertex 14.734 -27.332 2.4
      vertex 14.406 -27.332 0
      vertex 14.734 -27.332 0
    endloop
  endfacet
  facet normal 0.712484 -0.701689 0
    outer loop
      vertex 14.734 -27.332 2.4
      vertex 14.799 -27.266 0
      vertex 14.799 -27.266 2.4
    endloop
  endfacet
  facet normal 0.712484 -0.701689 0
    outer loop
      vertex 14.799 -27.266 0
      vertex 14.734 -27.332 2.4
      vertex 14.734 -27.332 0
    endloop
  endfacet
  facet normal 0 -1 0
    outer loop
      vertex 14.799 -27.266 0
      vertex 15.456 -27.266 2.4
      vertex 14.799 -27.266 2.4
    endloop
  endfacet
  facet normal 0 -1 -0
    outer loop
      vertex 15.456 -27.266 2.4
      vertex 14.799 -27.266 0
      vertex 15.456 -27.266 0
    endloop
  endfacet
  facet normal 0.712567 -0.701604 0
    outer loop
      vertex 15.456 -27.266 2.4
      vertex 15.52 -27.201 0
      vertex 15.52 -27.201 2.4
    endloop
  endfacet
  facet normal 0.712567 -0.701604 0
    outer loop
      vertex 15.52 -27.201 0
      vertex 15.456 -27.266 2.4
      vertex 15.456 -27.266 0
    endloop
  endfacet
  facet normal 0.0758929 -0.997116 0
    outer loop
      vertex 15.52 -27.201 0
      vertex 16.374 -27.136 2.4
      vertex 15.52 -27.201 2.4
    endloop
  endfacet
  facet normal 0.0758929 -0.997116 0
    outer loop
      vertex 16.374 -27.136 2.4
      vertex 15.52 -27.201 0
      vertex 16.374 -27.136 0
    endloop
  endfacet
  facet normal 0.707107 -0.707107 0
    outer loop
      vertex 16.374 -27.136 2.4
      vertex 16.44 -27.07 0
      vertex 16.44 -27.07 2.4
    endloop
  endfacet
  facet normal 0.707107 -0.707107 0
    outer loop
      vertex 16.44 -27.07 0
      vertex 16.374 -27.136 2.4
      vertex 16.374 -27.136 0
    endloop
  endfacet
  facet normal 0.0910332 -0.995848 0
    outer loop
      vertex 16.44 -27.07 0
      vertex 17.162 -27.004 2.4
      vertex 16.44 -27.07 2.4
    endloop
  endfacet
  facet normal 0.0910332 -0.995848 0
    outer loop
      vertex 17.162 -27.004 2.4
      vertex 16.44 -27.07 0
      vertex 17.162 -27.004 0
    endloop
  endfacet
  facet normal 0.7179 -0.696146 0
    outer loop
      vertex 17.162 -27.004 2.4
      vertex 17.226 -26.938 0
      vertex 17.226 -26.938 2.4
    endloop
  endfacet
  facet normal 0.7179 -0.696146 0
    outer loop
      vertex 17.226 -26.938 0
      vertex 17.162 -27.004 2.4
      vertex 17.162 -27.004 0
    endloop
  endfacet
  facet normal -0.70177 -0.712403 0
    outer loop
      vertex 17.226 -26.938 0
      vertex 17.293 -27.004 2.4
      vertex 17.226 -26.938 2.4
    endloop
  endfacet
  facet normal -0.70177 -0.712403 -0
    outer loop
      vertex 17.293 -27.004 2.4
      vertex 17.226 -26.938 0
      vertex 17.293 -27.004 0
    endloop
  endfacet
  facet normal -0.946743 0.321989 0
    outer loop
      vertex 17.226 -27.201 0
      vertex 17.293 -27.004 2.4
      vertex 17.293 -27.004 0
    endloop
  endfacet
  facet normal -0.946743 0.321989 0
    outer loop
      vertex 17.293 -27.004 2.4
      vertex 17.226 -27.201 0
      vertex 17.226 -27.201 2.4
    endloop
  endfacet
  facet normal -0.832484 0.554049 0
    outer loop
      vertex 16.44 -28.382 0
      vertex 17.226 -27.201 2.4
      vertex 17.226 -27.201 0
    endloop
  endfacet
  facet normal -0.832484 0.554049 0
    outer loop
      vertex 17.226 -27.201 2.4
      vertex 16.44 -28.382 0
      vertex 16.44 -28.382 2.4
    endloop
  endfacet
  facet normal -0.784016 0.620741 0
    outer loop
      vertex 15.193 -29.957 0
      vertex 16.44 -28.382 2.4
      vertex 16.44 -28.382 0
    endloop
  endfacet
  facet normal -0.784016 0.620741 0
    outer loop
      vertex 16.44 -28.382 2.4
      vertex 15.193 -29.957 0
      vertex 15.193 -29.957 2.4
    endloop
  endfacet
  facet normal -0.696578 0.717481 0
    outer loop
      vertex 15.193 -29.957 0
      vertex 12.962 -32.123 2.4
      vertex 15.193 -29.957 2.4
    endloop
  endfacet
  facet normal -0.696578 0.717481 0
    outer loop
      vertex 12.962 -32.123 2.4
      vertex 15.193 -29.957 0
      vertex 12.962 -32.123 0
    endloop
  endfacet
  facet normal -0.617254 0.786764 0
    outer loop
      vertex 12.962 -32.123 0
      vertex 12.043 -32.844 2.4
      vertex 12.962 -32.123 2.4
    endloop
  endfacet
  facet normal -0.617254 0.786764 0
    outer loop
      vertex 12.043 -32.844 2.4
      vertex 12.962 -32.123 0
      vertex 12.043 -32.844 0
    endloop
  endfacet
  facet normal -0.5547 0.83205 0
    outer loop
      vertex 12.043 -32.844 0
      vertex 10.468 -33.894 2.4
      vertex 12.043 -32.844 2.4
    endloop
  endfacet
  facet normal -0.5547 0.83205 0
    outer loop
      vertex 10.468 -33.894 2.4
      vertex 12.043 -32.844 0
      vertex 10.468 -33.894 0
    endloop
  endfacet
  facet normal -0.447349 0.89436 0
    outer loop
      vertex 10.468 -33.894 0
      vertex 7.84299 -35.207 2.4
      vertex 10.468 -33.894 2.4
    endloop
  endfacet
  facet normal -0.447349 0.89436 0
    outer loop
      vertex 7.84299 -35.207 2.4
      vertex 10.468 -33.894 0
      vertex 7.84299 -35.207 0
    endloop
  endfacet
  facet normal -0.294637 0.955609 0
    outer loop
      vertex 7.84299 -35.207 0
      vertex 6.98999 -35.47 2.4
      vertex 7.84299 -35.207 2.4
    endloop
  endfacet
  facet normal -0.294637 0.955609 0
    outer loop
      vertex 6.98999 -35.47 2.4
      vertex 7.84299 -35.207 0
      vertex 6.98999 -35.47 0
    endloop
  endfacet
  facet normal -0.556664 0.830737 0
    outer loop
      vertex 6.98999 -35.47 0
      vertex 6.793 -35.602 2.4
      vertex 6.98999 -35.47 2.4
    endloop
  endfacet
  facet normal -0.556664 0.830737 0
    outer loop
      vertex 6.793 -35.602 2.4
      vertex 6.98999 -35.47 0
      vertex 6.793 -35.602 0
    endloop
  endfacet
  facet normal 0 1 -0
    outer loop
      vertex 6.793 -35.602 0
      vertex 6.59599 -35.602 2.4
      vertex 6.793 -35.602 2.4
    endloop
  endfacet
  facet normal 0 1 0
    outer loop
      vertex 6.59599 -35.602 2.4
      vertex 6.793 -35.602 0
      vertex 6.59599 -35.602 0
    endloop
  endfacet
  facet normal -0.548841 0.835927 0
    outer loop
      vertex 6.59599 -35.602 0
      vertex 6.39799 -35.732 2.4
      vertex 6.59599 -35.602 2.4
    endloop
  endfacet
  facet normal -0.548841 0.835927 0
    outer loop
      vertex 6.39799 -35.732 2.4
      vertex 6.59599 -35.602 0
      vertex 6.39799 -35.732 0
    endloop
  endfacet
  facet normal 0 1 -0
    outer loop
      vertex 6.39799 -35.732 0
      vertex 6.202 -35.732 2.4
      vertex 6.39799 -35.732 2.4
    endloop
  endfacet
  facet normal 0 1 0
    outer loop
      vertex 6.202 -35.732 2.4
      vertex 6.39799 -35.732 0
      vertex 6.202 -35.732 0
    endloop
  endfacet
  facet normal -0.556625 0.830764 0
    outer loop
      vertex 6.202 -35.732 0
      vertex 6.00499 -35.864 2.4
      vertex 6.202 -35.732 2.4
    endloop
  endfacet
  facet normal -0.556625 0.830764 0
    outer loop
      vertex 6.00499 -35.864 2.4
      vertex 6.202 -35.732 0
      vertex 6.00499 -35.864 0
    endloop
  endfacet
  facet normal 0 1 -0
    outer loop
      vertex 6.00499 -35.864 0
      vertex 5.74199 -35.864 2.4
      vertex 6.00499 -35.864 2.4
    endloop
  endfacet
  facet normal 0 1 0
    outer loop
      vertex 5.74199 -35.864 2.4
      vertex 6.00499 -35.864 0
      vertex 5.74199 -35.864 0
    endloop
  endfacet
  facet normal -0.44449 0.895784 0
    outer loop
      vertex 5.74199 -35.864 0
      vertex 5.48 -35.994 2.4
      vertex 5.74199 -35.864 2.4
    endloop
  endfacet
  facet normal -0.44449 0.895784 0
    outer loop
      vertex 5.48 -35.994 2.4
      vertex 5.74199 -35.864 0
      vertex 5.48 -35.994 0
    endloop
  endfacet
  facet normal 0 1 -0
    outer loop
      vertex 5.48 -35.994 0
      vertex 5.284 -35.994 2.4
      vertex 5.48 -35.994 2.4
    endloop
  endfacet
  facet normal 0 1 0
    outer loop
      vertex 5.284 -35.994 2.4
      vertex 5.48 -35.994 0
      vertex 5.284 -35.994 0
    endloop
  endfacet
  facet normal -0.4472 0.894434 0
    outer loop
      vertex 5.284 -35.994 0
      vertex 5.01999 -36.126 2.4
      vertex 5.284 -35.994 2.4
    endloop
  endfacet
  facet normal -0.4472 0.894434 0
    outer loop
      vertex 5.01999 -36.126 2.4
      vertex 5.284 -35.994 0
      vertex 5.01999 -36.126 0
    endloop
  endfacet
  facet normal 0 1 -0
    outer loop
      vertex 5.01999 -36.126 0
      vertex 4.758 -36.126 2.4
      vertex 5.01999 -36.126 2.4
    endloop
  endfacet
  facet normal 0 1 0
    outer loop
      vertex 4.758 -36.126 2.4
      vertex 5.01999 -36.126 0
      vertex 4.758 -36.126 0
    endloop
  endfacet
  facet normal -0.370893 0.928676 0
    outer loop
      vertex 4.758 -36.126 0
      vertex 4.42999 -36.257 2.4
      vertex 4.758 -36.126 2.4
    endloop
  endfacet
  facet normal -0.370893 0.928676 0
    outer loop
      vertex 4.42999 -36.257 2.4
      vertex 4.758 -36.126 0
      vertex 4.42999 -36.257 0
    endloop
  endfacet
  facet normal 0 1 -0
    outer loop
      vertex 4.42999 -36.257 0
      vertex 4.10199 -36.257 2.4
      vertex 4.42999 -36.257 2.4
    endloop
  endfacet
  facet normal 0 1 0
    outer loop
      vertex 4.10199 -36.257 2.4
      vertex 4.42999 -36.257 0
      vertex 4.10199 -36.257 0
    endloop
  endfacet
  facet normal -0.712484 0.701689 0
    outer loop
      vertex 4.03699 -36.323 0
      vertex 4.10199 -36.257 2.4
      vertex 4.10199 -36.257 0
    endloop
  endfacet
  facet normal -0.712484 0.701689 0
    outer loop
      vertex 4.10199 -36.257 2.4
      vertex 4.03699 -36.323 0
      vertex 4.03699 -36.323 2.4
    endloop
  endfacet
  facet normal -0.0896651 0.995972 0
    outer loop
      vertex 4.03699 -36.323 0
      vertex 3.31499 -36.388 2.4
      vertex 4.03699 -36.323 2.4
    endloop
  endfacet
  facet normal -0.0896651 0.995972 0
    outer loop
      vertex 3.31499 -36.388 2.4
      vertex 4.03699 -36.323 0
      vertex 3.31499 -36.388 0
    endloop
  endfacet
  facet normal -0.27583 0.961206 0
    outer loop
      vertex 3.31499 -36.388 0
      vertex 2.855 -36.52 2.4
      vertex 3.31499 -36.388 2.4
    endloop
  endfacet
  facet normal -0.27583 0.961206 0
    outer loop
      vertex 2.855 -36.52 2.4
      vertex 3.31499 -36.388 0
      vertex 2.855 -36.52 0
    endloop
  endfacet
  facet normal 0 1 -0
    outer loop
      vertex 2.855 -36.52 0
      vertex 2.33099 -36.52 2.4
      vertex 2.855 -36.52 2.4
    endloop
  endfacet
  facet normal 0 1 0
    outer loop
      vertex 2.33099 -36.52 2.4
      vertex 2.855 -36.52 0
      vertex 2.33099 -36.52 0
    endloop
  endfacet
  facet normal -0.372373 0.928083 0
    outer loop
      vertex 2.33099 -36.52 0
      vertex 2.002 -36.652 2.4
      vertex 2.33099 -36.52 2.4
    endloop
  endfacet
  facet normal -0.372373 0.928083 0
    outer loop
      vertex 2.002 -36.652 2.4
      vertex 2.33099 -36.52 0
      vertex 2.002 -36.652 0
    endloop
  endfacet
  facet normal 0 1 -0
    outer loop
      vertex 2.002 -36.652 0
      vertex -1.40999 -36.652 2.4
      vertex 2.002 -36.652 2.4
    endloop
  endfacet
  facet normal 0 1 0
    outer loop
      vertex -1.40999 -36.652 2.4
      vertex 2.002 -36.652 0
      vertex -1.40999 -36.652 0
    endloop
  endfacet
  facet normal 0.448572 0.893747 -0
    outer loop
      vertex -1.40999 -36.652 0
      vertex -1.67299 -36.52 2.4
      vertex -1.40999 -36.652 2.4
    endloop
  endfacet
  facet normal 0.448572 0.893747 0
    outer loop
      vertex -1.67299 -36.52 2.4
      vertex -1.40999 -36.652 0
      vertex -1.67299 -36.52 0
    endloop
  endfacet
  facet normal 0 1 -0
    outer loop
      vertex -1.67299 -36.52 0
      vertex -2.26399 -36.52 2.4
      vertex -1.67299 -36.52 2.4
    endloop
  endfacet
  facet normal 0 1 0
    outer loop
      vertex -2.26399 -36.52 2.4
      vertex -1.67299 -36.52 0
      vertex -2.26399 -36.52 0
    endloop
  endfacet
  facet normal 0.318391 0.94796 -0
    outer loop
      vertex -2.26399 -36.52 0
      vertex -2.657 -36.388 2.4
      vertex -2.26399 -36.52 2.4
    endloop
  endfacet
  facet normal 0.318391 0.94796 0
    outer loop
      vertex -2.657 -36.388 2.4
      vertex -2.26399 -36.52 0
      vertex -2.657 -36.388 0
    endloop
  endfacet
  facet normal 0 1 -0
    outer loop
      vertex -2.657 -36.388 0
      vertex -3.11699 -36.388 2.4
      vertex -2.657 -36.388 2.4
    endloop
  endfacet
  facet normal 0 1 0
    outer loop
      vertex -3.11699 -36.388 2.4
      vertex -2.657 -36.388 0
      vertex -3.11699 -36.388 0
    endloop
  endfacet
  facet normal 0.707107 0.707107 -0
    outer loop
      vertex -3.11699 -36.388 0
      vertex -3.18199 -36.323 2.4
      vertex -3.11699 -36.388 2.4
    endloop
  endfacet
  facet normal 0.707107 0.707107 0
    outer loop
      vertex -3.18199 -36.323 2.4
      vertex -3.11699 -36.388 0
      vertex -3.18199 -36.323 0
    endloop
  endfacet
  facet normal 0.110985 0.993822 -0
    outer loop
      vertex -3.18199 -36.323 0
      vertex -3.77299 -36.257 2.4
      vertex -3.18199 -36.323 2.4
    endloop
  endfacet
  facet normal 0.110985 0.993822 0
    outer loop
      vertex -3.77299 -36.257 2.4
      vertex -3.18199 -36.323 0
      vertex -3.77299 -36.257 0
    endloop
  endfacet
  facet normal 0.447214 0.894427 -0
    outer loop
      vertex -3.77299 -36.257 0
      vertex -4.03499 -36.126 2.4
      vertex -3.77299 -36.257 2.4
    endloop
  endfacet
  facet normal 0.447214 0.894427 0
    outer loop
      vertex -4.03499 -36.126 2.4
      vertex -3.77299 -36.257 0
      vertex -4.03499 -36.126 0
    endloop
  endfacet
  facet normal 0 1 -0
    outer loop
      vertex -4.03499 -36.126 0
      vertex -4.364 -36.126 2.4
      vertex -4.03499 -36.126 2.4
    endloop
  endfacet
  facet normal 0 1 0
    outer loop
      vertex -4.364 -36.126 2.4
      vertex -4.03499 -36.126 0
      vertex -4.364 -36.126 0
    endloop
  endfacet
  facet normal 0.449952 0.893053 -0
    outer loop
      vertex -4.364 -36.126 0
      vertex -4.62599 -35.994 2.4
      vertex -4.364 -36.126 2.4
    endloop
  endfacet
  facet normal 0.449952 0.893053 0
    outer loop
      vertex -4.62599 -35.994 2.4
      vertex -4.364 -36.126 0
      vertex -4.62599 -35.994 0
    endloop
  endfacet
  facet normal 0.228553 0.973531 -0
    outer loop
      vertex -4.62599 -35.994 0
      vertex -5.74199 -35.732 2.4
      vertex -4.62599 -35.994 2.4
    endloop
  endfacet
  facet normal 0.228553 0.973531 0
    outer loop
      vertex -5.74199 -35.732 2.4
      vertex -4.62599 -35.994 0
      vertex -5.74199 -35.732 0
    endloop
  endfacet
  facet normal 0.552736 0.833356 -0
    outer loop
      vertex -5.74199 -35.732 0
      vertex -5.93799 -35.602 2.4
      vertex -5.74199 -35.732 2.4
    endloop
  endfacet
  facet normal 0.552736 0.833356 0
    outer loop
      vertex -5.93799 -35.602 2.4
      vertex -5.74199 -35.732 0
      vertex -5.93799 -35.602 0
    endloop
  endfacet
  facet normal 0 1 -0
    outer loop
      vertex -5.93799 -35.602 0
      vertex -6.13599 -35.602 2.4
      vertex -5.93799 -35.602 2.4
    endloop
  endfacet
  facet normal 0 1 0
    outer loop
      vertex -6.13599 -35.602 2.4
      vertex -5.93799 -35.602 0
      vertex -6.13599 -35.602 0
    endloop
  endfacet
  facet normal 0.5586 0.829437 -0
    outer loop
      vertex -6.13599 -35.602 0
      vertex -6.33199 -35.47 2.4
      vertex -6.13599 -35.602 2.4
    endloop
  endfacet
  facet normal 0.5586 0.829437 0
    outer loop
      vertex -6.33199 -35.47 2.4
      vertex -6.13599 -35.602 0
      vertex -6.33199 -35.47 0
    endloop
  endfacet
  facet normal 0.294634 0.95561 -0
    outer loop
      vertex -6.33199 -35.47 0
      vertex -7.185 -35.207 2.4
      vertex -6.33199 -35.47 2.4
    endloop
  endfacet
  facet normal 0.294634 0.95561 0
    outer loop
      vertex -7.185 -35.207 2.4
      vertex -6.33199 -35.47 0
      vertex -7.185 -35.207 0
    endloop
  endfacet
  facet normal 0.434868 0.900494 -0
    outer loop
      vertex -7.185 -35.207 0
      vertex -9.088 -34.288 2.4
      vertex -7.185 -35.207 2.4
    endloop
  endfacet
  facet normal 0.434868 0.900494 0
    outer loop
      vertex -9.088 -34.288 2.4
      vertex -7.185 -35.207 0
      vertex -9.088 -34.288 0
    endloop
  endfacet
  facet normal 0.699022 0.7151 -0
    outer loop
      vertex -9.088 -34.288 0
      vertex -9.22099 -34.158 2.4
      vertex -9.088 -34.288 2.4
    endloop
  endfacet
  facet normal 0.699022 0.7151 0
    outer loop
      vertex -9.22099 -34.158 2.4
      vertex -9.088 -34.288 0
      vertex -9.22099 -34.158 0
    endloop
  endfacet
  facet normal 0.471794 0.881709 -0
    outer loop
      vertex -9.22099 -34.158 0
      vertex -10.204 -33.632 2.4
      vertex -9.22099 -34.158 2.4
    endloop
  endfacet
  facet normal 0.471794 0.881709 0
    outer loop
      vertex -10.204 -33.632 2.4
      vertex -9.22099 -34.158 0
      vertex -10.204 -33.632 0
    endloop
  endfacet
  facet normal 0.5547 0.83205 -0
    outer loop
      vertex -10.204 -33.632 0
      vertex -11.188 -32.976 2.4
      vertex -10.204 -33.632 2.4
    endloop
  endfacet
  facet normal 0.5547 0.83205 0
    outer loop
      vertex -11.188 -32.976 2.4
      vertex -10.204 -33.632 0
      vertex -11.188 -32.976 0
    endloop
  endfacet
  facet normal 0.613385 0.789784 -0
    outer loop
      vertex -11.188 -32.976 0
      vertex -12.37 -32.058 2.4
      vertex -11.188 -32.976 2.4
    endloop
  endfacet
  facet normal 0.613385 0.789784 0
    outer loop
      vertex -12.37 -32.058 2.4
      vertex -11.188 -32.976 0
      vertex -12.37 -32.058 0
    endloop
  endfacet
  facet normal 0.695729 0.718304 -0
    outer loop
      vertex -12.37 -32.058 0
      vertex -14.47 -30.024 2.4
      vertex -12.37 -32.058 2.4
    endloop
  endfacet
  facet normal 0.695729 0.718304 0
    outer loop
      vertex -14.47 -30.024 2.4
      vertex -12.37 -32.058 0
      vertex -14.47 -30.024 0
    endloop
  endfacet
  facet normal 0.77229 0.635271 0
    outer loop
      vertex -14.47 -30.024 2.4
      vertex -15.388 -28.908 0
      vertex -15.388 -28.908 2.4
    endloop
  endfacet
  facet normal 0.77229 0.635271 0
    outer loop
      vertex -15.388 -28.908 0
      vertex -14.47 -30.024 2.4
      vertex -14.47 -30.024 0
    endloop
  endfacet
  facet normal 0.831957 0.55484 0
    outer loop
      vertex -15.388 -28.908 2.4
      vertex -16.307 -27.53 0
      vertex -16.307 -27.53 2.4
    endloop
  endfacet
  facet normal 0.831957 0.55484 0
    outer loop
      vertex -16.307 -27.53 0
      vertex -15.388 -28.908 2.4
      vertex -15.388 -28.908 0
    endloop
  endfacet
  facet normal 0.70979 0.704413 0
    outer loop
      vertex -16.307 -27.53 2.4
      vertex -16.569 -27.266 0
      vertex -16.569 -27.266 2.4
    endloop
  endfacet
  facet normal 0.70979 0.704413 0
    outer loop
      vertex -16.569 -27.266 0
      vertex -16.307 -27.53 2.4
      vertex -16.307 -27.53 0
    endloop
  endfacet
  facet normal 0 1 -0
    outer loop
      vertex -16.569 -27.266 0
      vertex -17.882 -27.266 2.4
      vertex -16.569 -27.266 2.4
    endloop
  endfacet
  facet normal 0 1 0
    outer loop
      vertex -17.882 -27.266 2.4
      vertex -16.569 -27.266 0
      vertex -17.882 -27.266 0
    endloop
  endfacet
  facet normal 0.701689 0.712484 -0
    outer loop
      vertex -17.882 -27.266 0
      vertex -17.948 -27.201 2.4
      vertex -17.882 -27.266 2.4
    endloop
  endfacet
  facet normal 0.701689 0.712484 0
    outer loop
      vertex -17.948 -27.201 2.4
      vertex -17.882 -27.266 0
      vertex -17.948 -27.201 0
    endloop
  endfacet
  facet normal 0 1 -0
    outer loop
      vertex -17.948 -27.201 0
      vertex -18.932 -27.201 2.4
      vertex -17.948 -27.201 2.4
    endloop
  endfacet
  facet normal 0 1 0
    outer loop
      vertex -18.932 -27.201 2.4
      vertex -17.948 -27.201 0
      vertex -18.932 -27.201 0
    endloop
  endfacet
  facet normal 0.701689 0.712484 -0
    outer loop
      vertex -18.932 -27.201 0
      vertex -18.998 -27.136 2.4
      vertex -18.932 -27.201 2.4
    endloop
  endfacet
  facet normal 0.701689 0.712484 0
    outer loop
      vertex -18.998 -27.136 2.4
      vertex -18.932 -27.201 0
      vertex -18.998 -27.136 0
    endloop
  endfacet
  facet normal 0 1 -0
    outer loop
      vertex -18.998 -27.136 0
      vertex -19.392 -27.136 2.4
      vertex -18.998 -27.136 2.4
    endloop
  endfacet
  facet normal 0 1 0
    outer loop
      vertex -19.392 -27.136 2.4
      vertex -18.998 -27.136 0
      vertex -19.392 -27.136 0
    endloop
  endfacet
  facet normal 0.707107 0.707107 0
    outer loop
      vertex -19.392 -27.136 2.4
      vertex -19.458 -27.07 0
      vertex -19.458 -27.07 2.4
    endloop
  endfacet
  facet normal 0.707107 0.707107 0
    outer loop
      vertex -19.458 -27.07 0
      vertex -19.392 -27.136 2.4
      vertex -19.392 -27.136 0
    endloop
  endfacet
  facet normal 0 1 -0
    outer loop
      vertex -19.458 -27.07 0
      vertex -19.916 -27.07 2.4
      vertex -19.458 -27.07 2.4
    endloop
  endfacet
  facet normal 0 1 0
    outer loop
      vertex -19.916 -27.07 2.4
      vertex -19.458 -27.07 0
      vertex -19.916 -27.07 0
    endloop
  endfacet
  facet normal 0.707107 0.707107 -0
    outer loop
      vertex -19.916 -27.07 0
      vertex -19.982 -27.004 2.4
      vertex -19.916 -27.07 2.4
    endloop
  endfacet
  facet normal 0.707107 0.707107 0
    outer loop
      vertex -19.982 -27.004 2.4
      vertex -19.916 -27.07 0
      vertex -19.982 -27.004 0
    endloop
  endfacet
  facet normal 0.156044 0.98775 -0
    outer loop
      vertex -19.982 -27.004 0
      vertex -21.229 -26.807 2.4
      vertex -19.982 -27.004 2.4
    endloop
  endfacet
  facet normal 0.156044 0.98775 0
    outer loop
      vertex -21.229 -26.807 2.4
      vertex -19.982 -27.004 0
      vertex -21.229 -26.807 0
    endloop
  endfacet
  facet normal 0.445852 0.895107 -0
    outer loop
      vertex -21.229 -26.807 0
      vertex -21.492 -26.676 2.4
      vertex -21.229 -26.807 2.4
    endloop
  endfacet
  facet normal 0.445852 0.895107 0
    outer loop
      vertex -21.492 -26.676 2.4
      vertex -21.229 -26.807 0
      vertex -21.492 -26.676 0
    endloop
  endfacet
  facet normal 0 1 -0
    outer loop
      vertex -21.492 -26.676 0
      vertex -21.754 -26.676 2.4
      vertex -21.492 -26.676 2.4
    endloop
  endfacet
  facet normal 0 1 0
    outer loop
      vertex -21.754 -26.676 2.4
      vertex -21.492 -26.676 0
      vertex -21.754 -26.676 0
    endloop
  endfacet
  facet normal 0.315505 0.948924 -0
    outer loop
      vertex -21.754 -26.676 0
      vertex -23.33 -26.152 2.4
      vertex -21.754 -26.676 2.4
    endloop
  endfacet
  facet normal 0.315505 0.948924 0
    outer loop
      vertex -23.33 -26.152 2.4
      vertex -21.754 -26.676 0
      vertex -23.33 -26.152 0
    endloop
  endfacet
  facet normal 0.419328 0.907835 -0
    outer loop
      vertex -23.33 -26.152 0
      vertex -25.036 -25.364 2.4
      vertex -23.33 -26.152 2.4
    endloop
  endfacet
  facet normal 0.419328 0.907835 0
    outer loop
      vertex -25.036 -25.364 2.4
      vertex -23.33 -26.152 0
      vertex -25.036 -25.364 0
    endloop
  endfacet
  facet normal 0.525323 0.850903 -0
    outer loop
      vertex -25.036 -25.364 0
      vertex -25.888 -24.838 2.4
      vertex -25.036 -25.364 2.4
    endloop
  endfacet
  facet normal 0.525323 0.850903 0
    outer loop
      vertex -25.888 -24.838 2.4
      vertex -25.036 -25.364 0
      vertex -25.888 -24.838 0
    endloop
  endfacet
  facet normal 0.62426 0.781217 -0
    outer loop
      vertex -25.888 -24.838 0
      vertex -27.202 -23.788 2.4
      vertex -25.888 -24.838 2.4
    endloop
  endfacet
  facet normal 0.62426 0.781217 0
    outer loop
      vertex -27.202 -23.788 2.4
      vertex -25.888 -24.838 0
      vertex -27.202 -23.788 0
    endloop
  endfacet
  facet normal 0.731204 0.682159 0
    outer loop
      vertex -27.202 -23.788 2.4
      vertex -28.12 -22.804 0
      vertex -28.12 -22.804 2.4
    endloop
  endfacet
  facet normal 0.731204 0.682159 0
    outer loop
      vertex -28.12 -22.804 0
      vertex -27.202 -23.788 2.4
      vertex -27.202 -23.788 0
    endloop
  endfacet
  facet normal 0.826373 0.563124 0
    outer loop
      vertex -28.12 -22.804 2.4
      vertex -29.104 -21.36 0
      vertex -29.104 -21.36 2.4
    endloop
  endfacet
  facet normal 0.826373 0.563124 0
    outer loop
      vertex -29.104 -21.36 0
      vertex -28.12 -22.804 2.4
      vertex -28.12 -22.804 0
    endloop
  endfacet
  facet normal 0.915233 0.402926 0
    outer loop
      vertex -29.104 -21.36 2.4
      vertex -29.826 -19.72 0
      vertex -29.826 -19.72 2.4
    endloop
  endfacet
  facet normal 0.915233 0.402926 0
    outer loop
      vertex -29.826 -19.72 0
      vertex -29.104 -21.36 2.4
      vertex -29.104 -21.36 0
    endloop
  endfacet
  facet normal 1 -0 0
    outer loop
      vertex -29.826 -19.72 2.4
      vertex -29.826 -19.524 0
      vertex -29.826 -19.524 2.4
    endloop
  endfacet
  facet normal 1 0 0
    outer loop
      vertex -29.826 -19.524 0
      vertex -29.826 -19.72 2.4
      vertex -29.826 -19.72 0
    endloop
  endfacet
  facet normal 0.894427 0.447214 0
    outer loop
      vertex -29.826 -19.524 2.4
      vertex -29.958 -19.26 0
      vertex -29.958 -19.26 2.4
    endloop
  endfacet
  facet normal 0.894427 0.447214 0
    outer loop
      vertex -29.958 -19.26 0
      vertex -29.826 -19.524 2.4
      vertex -29.826 -19.524 0
    endloop
  endfacet
  facet normal 1 -0 0
    outer loop
      vertex -29.958 -19.26 2.4
      vertex -29.958 -18.998 0
      vertex -29.958 -18.998 2.4
    endloop
  endfacet
  facet normal 1 0 0
    outer loop
      vertex -29.958 -18.998 0
      vertex -29.958 -19.26 2.4
      vertex -29.958 -19.26 0
    endloop
  endfacet
  facet normal 0.929645 0.368457 0
    outer loop
      vertex -29.958 -18.998 2.4
      vertex -30.088 -18.67 0
      vertex -30.088 -18.67 2.4
    endloop
  endfacet
  facet normal 0.929645 0.368457 0
    outer loop
      vertex -30.088 -18.67 0
      vertex -29.958 -18.998 2.4
      vertex -29.958 -18.998 0
    endloop
  endfacet
  facet normal 0.99803 0.0627333 0
    outer loop
      vertex -30.088 -18.67 2.4
      vertex -30.154 -17.62 0
      vertex -30.154 -17.62 2.4
    endloop
  endfacet
  facet normal 0.99803 0.0627333 0
    outer loop
      vertex -30.154 -17.62 0
      vertex -30.088 -18.67 2.4
      vertex -30.088 -18.67 0
    endloop
  endfacet
  facet normal 0.707107 0.707107 0
    outer loop
      vertex -30.154 -17.62 2.4
      vertex -30.22 -17.554 0
      vertex -30.22 -17.554 2.4
    endloop
  endfacet
  facet normal 0.707107 0.707107 0
    outer loop
      vertex -30.22 -17.554 0
      vertex -30.154 -17.62 2.4
      vertex -30.154 -17.62 0
    endloop
  endfacet
  facet normal 0.998855 -0.0478407 0
    outer loop
      vertex -30.22 -17.554 2.4
      vertex -30.154 -16.176 0
      vertex -30.154 -16.176 2.4
    endloop
  endfacet
  facet normal 0.998855 -0.0478407 0
    outer loop
      vertex -30.154 -16.176 0
      vertex -30.22 -17.554 2.4
      vertex -30.22 -17.554 0
    endloop
  endfacet
  facet normal 0.701689 -0.712484 0
    outer loop
      vertex -30.154 -16.176 0
      vertex -30.088 -16.111 2.4
      vertex -30.154 -16.176 2.4
    endloop
  endfacet
  facet normal 0.701689 -0.712484 0
    outer loop
      vertex -30.088 -16.111 2.4
      vertex -30.154 -16.176 0
      vertex -30.088 -16.111 0
    endloop
  endfacet
  facet normal 1 -0 0
    outer loop
      vertex -30.088 -16.111 2.4
      vertex -30.088 -15.651 0
      vertex -30.088 -15.651 2.4
    endloop
  endfacet
  facet normal 1 0 0
    outer loop
      vertex -30.088 -15.651 0
      vertex -30.088 -16.111 2.4
      vertex -30.088 -16.111 0
    endloop
  endfacet
  facet normal 0.961471 -0.274905 0
    outer loop
      vertex -30.088 -15.651 2.4
      vertex -29.694 -14.273 0
      vertex -29.694 -14.273 2.4
    endloop
  endfacet
  facet normal 0.961471 -0.274905 0
    outer loop
      vertex -29.694 -14.273 0
      vertex -30.088 -15.651 2.4
      vertex -30.088 -15.651 0
    endloop
  endfacet
  facet normal 0.902909 -0.429832 0
    outer loop
      vertex -29.694 -14.273 2.4
      vertex -29.038 -12.895 0
      vertex -29.038 -12.895 2.4
    endloop
  endfacet
  facet normal 0.902909 -0.429832 0
    outer loop
      vertex -29.038 -12.895 0
      vertex -29.694 -14.273 2.4
      vertex -29.694 -14.273 0
    endloop
  endfacet
  facet normal 0.85207 -0.523428 0
    outer loop
      vertex -29.038 -12.895 2.4
      vertex -28.514 -12.042 0
      vertex -28.514 -12.042 2.4
    endloop
  endfacet
  facet normal 0.85207 -0.523428 0
    outer loop
      vertex -28.514 -12.042 0
      vertex -29.038 -12.895 2.4
      vertex -29.038 -12.895 0
    endloop
  endfacet
  facet normal 0.792589 -0.609756 0
    outer loop
      vertex -28.514 -12.042 2.4
      vertex -27.857 -11.188 0
      vertex -27.857 -11.188 2.4
    endloop
  endfacet
  facet normal 0.792589 -0.609756 0
    outer loop
      vertex -27.857 -11.188 0
      vertex -28.514 -12.042 2.4
      vertex -28.514 -12.042 0
    endloop
  endfacet
  facet normal 0.724837 -0.688921 0
    outer loop
      vertex -27.857 -11.188 2.4
      vertex -26.61 -9.87599 0
      vertex -26.61 -9.87599 2.4
    endloop
  endfacet
  facet normal 0.724837 -0.688921 0
    outer loop
      vertex -26.61 -9.87599 0
      vertex -27.857 -11.188 2.4
      vertex -27.857 -11.188 0
    endloop
  endfacet
  facet normal 0.640184 -0.768221 0
    outer loop
      vertex -26.61 -9.87599 0
      vertex -25.824 -9.22099 2.4
      vertex -26.61 -9.87599 2.4
    endloop
  endfacet
  facet normal 0.640184 -0.768221 0
    outer loop
      vertex -25.824 -9.22099 2.4
      vertex -26.61 -9.87599 0
      vertex -25.824 -9.22099 0
    endloop
  endfacet
  facet normal 0.577899 -0.816108 0
    outer loop
      vertex -25.824 -9.22099 0
      vertex -24.248 -8.105 2.4
      vertex -25.824 -9.22099 2.4
    endloop
  endfacet
  facet normal 0.577899 -0.816108 0
    outer loop
      vertex -24.248 -8.105 2.4
      vertex -25.824 -9.22099 0
      vertex -24.248 -8.105 0
    endloop
  endfacet
  facet normal 0.370902 -0.928672 0
    outer loop
      vertex -24.248 -8.105 0
      vertex -23.92 -7.974 2.4
      vertex -24.248 -8.105 2.4
    endloop
  endfacet
  facet normal 0.370902 -0.928672 0
    outer loop
      vertex -23.92 -7.974 2.4
      vertex -24.248 -8.105 0
      vertex -23.92 -7.974 0
    endloop
  endfacet
  facet normal 0.556334 -0.830959 0
    outer loop
      vertex -23.92 -7.974 0
      vertex -23.33 -7.57899 2.4
      vertex -23.92 -7.974 2.4
    endloop
  endfacet
  facet normal 0.556334 -0.830959 0
    outer loop
      vertex -23.33 -7.57899 2.4
      vertex -23.92 -7.974 0
      vertex -23.33 -7.57899 0
    endloop
  endfacet
  facet normal 0 -1 0
    outer loop
      vertex -23.33 -7.57899 0
      vertex -23.198 -7.57899 2.4
      vertex -23.33 -7.57899 2.4
    endloop
  endfacet
  facet normal 0 -1 -0
    outer loop
      vertex -23.198 -7.57899 2.4
      vertex -23.33 -7.57899 0
      vertex -23.198 -7.57899 0
    endloop
  endfacet
  facet normal 0.704386 -0.709817 0
    outer loop
      vertex -23.198 -7.57899 0
      vertex -23.066 -7.448 2.4
      vertex -23.198 -7.57899 2.4
    endloop
  endfacet
  facet normal 0.704386 -0.709817 0
    outer loop
      vertex -23.066 -7.448 2.4
      vertex -23.198 -7.57899 0
      vertex -23.066 -7.448 0
    endloop
  endfacet
  facet normal 0.426312 -0.904576 0
    outer loop
      vertex -23.066 -7.448 0
      vertex -21.952 -6.92299 2.4
      vertex -23.066 -7.448 2.4
    endloop
  endfacet
  facet normal 0.426312 -0.904576 0
    outer loop
      vertex -21.952 -6.92299 2.4
      vertex -23.066 -7.448 0
      vertex -21.952 -6.92299 0
    endloop
  endfacet
  facet normal 0 -1 0
    outer loop
      vertex -21.952 -6.92299 0
      vertex -21.819 -6.92299 2.4
      vertex -21.952 -6.92299 2.4
    endloop
  endfacet
  facet normal 0 -1 -0
    outer loop
      vertex -21.819 -6.92299 2.4
      vertex -21.952 -6.92299 0
      vertex -21.819 -6.92299 0
    endloop
  endfacet
  facet normal 0.419328 -0.907835 0
    outer loop
      vertex -21.819 -6.92299 0
      vertex -20.966 -6.52899 2.4
      vertex -21.819 -6.92299 2.4
    endloop
  endfacet
  facet normal 0.419328 -0.907835 0
    outer loop
      vertex -20.966 -6.52899 2.4
      vertex -21.819 -6.92299 0
      vertex -20.966 -6.52899 0
    endloop
  endfacet
  facet normal 0.315987 -0.948764 0
    outer loop
      vertex -20.966 -6.52899 0
      vertex -19.786 -6.13599 2.4
      vertex -20.966 -6.52899 2.4
    endloop
  endfacet
  facet normal 0.315987 -0.948764 0
    outer loop
      vertex -19.786 -6.13599 2.4
      vertex -20.966 -6.52899 0
      vertex -19.786 -6.13599 0
    endloop
  endfacet
  facet normal 0.197251 -0.980353 0
    outer loop
      vertex -19.786 -6.13599 0
      vertex -19.13 -6.004 2.4
      vertex -19.786 -6.13599 2.4
    endloop
  endfacet
  facet normal 0.197251 -0.980353 0
    outer loop
      vertex -19.13 -6.004 2.4
      vertex -19.786 -6.13599 0
      vertex -19.13 -6.004 0
    endloop
  endfacet
  facet normal 0.441796 -0.897116 0
    outer loop
      vertex -19.13 -6.004 0
      vertex -18.866 -5.87399 2.4
      vertex -19.13 -6.004 2.4
    endloop
  endfacet
  facet normal 0.441796 -0.897116 0
    outer loop
      vertex -18.866 -5.87399 2.4
      vertex -19.13 -6.004 0
      vertex -18.866 -5.87399 0
    endloop
  endfacet
  facet normal 0.16562 -0.98619 0
    outer loop
      vertex -18.866 -5.87399 0
      vertex -18.08 -5.74199 2.4
      vertex -18.866 -5.87399 2.4
    endloop
  endfacet
  facet normal 0.16562 -0.98619 0
    outer loop
      vertex -18.08 -5.74199 2.4
      vertex -18.866 -5.87399 0
      vertex -18.08 -5.74199 0
    endloop
  endfacet
  facet normal 0.370902 -0.928672 0
    outer loop
      vertex -18.08 -5.74199 0
      vertex -17.752 -5.61099 2.4
      vertex -18.08 -5.74199 2.4
    endloop
  endfacet
  facet normal 0.370902 -0.928672 0
    outer loop
      vertex -17.752 -5.61099 2.4
      vertex -18.08 -5.74199 0
      vertex -17.752 -5.61099 0
    endloop
  endfacet
  facet normal 0 -1 0
    outer loop
      vertex -17.752 -5.61099 0
      vertex -17.423 -5.61099 2.4
      vertex -17.752 -5.61099 2.4
    endloop
  endfacet
  facet normal 0 -1 -0
    outer loop
      vertex -17.423 -5.61099 2.4
      vertex -17.752 -5.61099 0
      vertex -17.423 -5.61099 0
    endloop
  endfacet
  facet normal 0.369905 -0.92907 0
    outer loop
      vertex -17.423 -5.61099 0
      vertex -17.094 -5.48 2.4
      vertex -17.423 -5.61099 2.4
    endloop
  endfacet
  facet normal 0.369905 -0.92907 0
    outer loop
      vertex -17.094 -5.48 2.4
      vertex -17.423 -5.61099 0
      vertex -17.094 -5.48 0
    endloop
  endfacet
  facet normal 0 -1 0
    outer loop
      vertex -17.094 -5.48 0
      vertex -16.702 -5.48 2.4
      vertex -17.094 -5.48 2.4
    endloop
  endfacet
  facet normal 0 -1 -0
    outer loop
      vertex -16.702 -5.48 2.4
      vertex -17.094 -5.48 0
      vertex -16.702 -5.48 0
    endloop
  endfacet
  facet normal 0.712456 -0.701717 0
    outer loop
      vertex -16.702 -5.48 2.4
      vertex -16.636 -5.41299 0
      vertex -16.636 -5.41299 2.4
    endloop
  endfacet
  facet normal 0.712456 -0.701717 0
    outer loop
      vertex -16.636 -5.41299 0
      vertex -16.702 -5.48 2.4
      vertex -16.702 -5.48 0
    endloop
  endfacet
  facet normal 0.107465 -0.994209 0
    outer loop
      vertex -16.636 -5.41299 0
      vertex -16.044 -5.349 2.4
      vertex -16.636 -5.41299 2.4
    endloop
  endfacet
  facet normal 0.107465 -0.994209 0
    outer loop
      vertex -16.044 -5.349 2.4
      vertex -16.636 -5.41299 0
      vertex -16.044 -5.349 0
    endloop
  endfacet
  facet normal 0.708193 -0.706019 0
    outer loop
      vertex -16.044 -5.349 2.4
      vertex -15.716 -5.01999 0
      vertex -15.716 -5.01999 2.4
    endloop
  endfacet
  facet normal 0.708193 -0.706019 0
    outer loop
      vertex -15.716 -5.01999 0
      vertex -16.044 -5.349 2.4
      vertex -16.044 -5.349 0
    endloop
  endfacet
  facet normal 0.795403 -0.606081 0
    outer loop
      vertex -15.716 -5.01999 2.4
      vertex -14.666 -3.642 0
      vertex -14.666 -3.642 2.4
    endloop
  endfacet
  facet normal 0.795403 -0.606081 0
    outer loop
      vertex -14.666 -3.642 0
      vertex -15.716 -5.01999 2.4
      vertex -15.716 -5.01999 0
    endloop
  endfacet
  facet normal 0.731549 -0.681789 0
    outer loop
      vertex -14.666 -3.642 2.4
      vertex -13.748 -2.657 0
      vertex -13.748 -2.657 2.4
    endloop
  endfacet
  facet normal 0.731549 -0.681789 0
    outer loop
      vertex -13.748 -2.657 0
      vertex -14.666 -3.642 2.4
      vertex -14.666 -3.642 0
    endloop
  endfacet
  facet normal 0.6807 -0.732562 0
    outer loop
      vertex -13.748 -2.657 0
      vertex -12.83 -1.80399 2.4
      vertex -13.748 -2.657 2.4
    endloop
  endfacet
  facet normal 0.6807 -0.732562 0
    outer loop
      vertex -12.83 -1.80399 2.4
      vertex -13.748 -2.657 0
      vertex -12.83 -1.80399 0
    endloop
  endfacet
  facet normal 0.609621 -0.792693 0
    outer loop
      vertex -12.83 -1.80399 0
      vertex -11.124 -0.491989 2.4
      vertex -12.83 -1.80399 2.4
    endloop
  endfacet
  facet normal 0.609621 -0.792693 0
    outer loop
      vertex -11.124 -0.491989 2.4
      vertex -12.83 -1.80399 0
      vertex -11.124 -0.491989 0
    endloop
  endfacet
  facet normal 0.519883 -0.854237 0
    outer loop
      vertex -11.124 -0.491989 0
      vertex -9.614 0.426987 2.4
      vertex -11.124 -0.491989 2.4
    endloop
  endfacet
  facet normal 0.519883 -0.854237 0
    outer loop
      vertex -9.614 0.426987 2.4
      vertex -11.124 -0.491989 0
      vertex -9.614 0.426987 0
    endloop
  endfacet
  facet normal 0.446876 -0.894596 0
    outer loop
      vertex -9.614 0.426987 0
      vertex -8.56299 0.951996 2.4
      vertex -9.614 0.426987 2.4
    endloop
  endfacet
  facet normal 0.446876 -0.894596 0
    outer loop
      vertex -8.56299 0.951996 2.4
      vertex -9.614 0.426987 0
      vertex -8.56299 0.951996 0
    endloop
  endfacet
  facet normal 0 -1 0
    outer loop
      vertex -8.56299 0.951996 0
      vertex -8.43199 0.951996 2.4
      vertex -8.56299 0.951996 2.4
    endloop
  endfacet
  facet normal 0 -1 -0
    outer loop
      vertex -8.43199 0.951996 2.4
      vertex -8.56299 0.951996 0
      vertex -8.43199 0.951996 0
    endloop
  endfacet
  facet normal 0.709801 -0.704402 0
    outer loop
      vertex -8.43199 0.951996 2.4
      vertex -8.30099 1.084 0
      vertex -8.30099 1.084 2.4
    endloop
  endfacet
  facet normal 0.709801 -0.704402 0
    outer loop
      vertex -8.30099 1.084 0
      vertex -8.43199 0.951996 2.4
      vertex -8.43199 0.951996 0
    endloop
  endfacet
  facet normal 0.341255 -0.939971 0
    outer loop
      vertex -8.30099 1.084 0
      vertex -6.13599 1.87 2.4
      vertex -8.30099 1.084 2.4
    endloop
  endfacet
  facet normal 0.341255 -0.939971 0
    outer loop
      vertex -6.13599 1.87 2.4
      vertex -8.30099 1.084 0
      vertex -6.13599 1.87 0
    endloop
  endfacet
  facet normal 0 -1 0
    outer loop
      vertex -6.13599 1.87 0
      vertex -5.93799 1.87 2.4
      vertex -6.13599 1.87 2.4
    endloop
  endfacet
  facet normal 0 -1 -0
    outer loop
      vertex -5.93799 1.87 2.4
      vertex -6.13599 1.87 0
      vertex -5.93799 1.87 0
    endloop
  endfacet
  facet normal 0.449938 -0.89306 0
    outer loop
      vertex -5.93799 1.87 0
      vertex -5.67599 2.002 2.4
      vertex -5.93799 1.87 2.4
    endloop
  endfacet
  facet normal 0.449938 -0.89306 0
    outer loop
      vertex -5.67599 2.002 2.4
      vertex -5.93799 1.87 0
      vertex -5.67599 2.002 0
    endloop
  endfacet
  facet normal 0 -1 0
    outer loop
      vertex -5.67599 2.002 0
      vertex -5.48 2.002 2.4
      vertex -5.67599 2.002 2.4
    endloop
  endfacet
  facet normal 0 -1 -0
    outer loop
      vertex -5.48 2.002 2.4
      vertex -5.67599 2.002 0
      vertex -5.48 2.002 0
    endloop
  endfacet
  facet normal 0.444484 -0.895787 0
    outer loop
      vertex -5.48 2.002 0
      vertex -5.21599 2.133 2.4
      vertex -5.48 2.002 2.4
    endloop
  endfacet
  facet normal 0.444484 -0.895787 0
    outer loop
      vertex -5.21599 2.133 2.4
      vertex -5.48 2.002 0
      vertex -5.21599 2.133 0
    endloop
  endfacet
  facet normal 0 -1 0
    outer loop
      vertex -5.21599 2.133 0
      vertex -5.01999 2.133 2.4
      vertex -5.21599 2.133 2.4
    endloop
  endfacet
  facet normal 0 -1 -0
    outer loop
      vertex -5.01999 2.133 2.4
      vertex -5.21599 2.133 0
      vertex -5.01999 2.133 0
    endloop
  endfacet
  facet normal 0.315855 -0.948807 0
    outer loop
      vertex -5.01999 2.133 0
      vertex -4.23299 2.39499 2.4
      vertex -5.01999 2.133 2.4
    endloop
  endfacet
  facet normal 0.315855 -0.948807 0
    outer loop
      vertex -4.23299 2.39499 2.4
      vertex -5.01999 2.133 0
      vertex -4.23299 2.39499 0
    endloop
  endfacet
  facet normal 0 -1 0
    outer loop
      vertex -4.23299 2.39499 0
      vertex -3.97099 2.39499 2.4
      vertex -4.23299 2.39499 2.4
    endloop
  endfacet
  facet normal 0 -1 -0
    outer loop
      vertex -3.97099 2.39499 2.4
      vertex -4.23299 2.39499 0
      vertex -3.97099 2.39499 0
    endloop
  endfacet
  facet normal 0.707107 -0.707107 0
    outer loop
      vertex -3.97099 2.39499 2.4
      vertex -3.90399 2.46199 0
      vertex -3.90399 2.46199 2.4
    endloop
  endfacet
  facet normal 0.707107 -0.707107 0
    outer loop
      vertex -3.90399 2.46199 0
      vertex -3.97099 2.39499 2.4
      vertex -3.97099 2.39499 0
    endloop
  endfacet
  facet normal 0.107662 -0.994188 0
    outer loop
      vertex -3.90399 2.46199 0
      vertex -3.31299 2.52599 2.4
      vertex -3.90399 2.46199 2.4
    endloop
  endfacet
  facet normal 0.107662 -0.994188 0
    outer loop
      vertex -3.31299 2.52599 2.4
      vertex -3.90399 2.46199 0
      vertex -3.31299 2.52599 0
    endloop
  endfacet
  facet normal 0.319854 -0.947467 0
    outer loop
      vertex -3.31299 2.52599 0
      vertex -2.91899 2.659 2.4
      vertex -3.31299 2.52599 2.4
    endloop
  endfacet
  facet normal 0.319854 -0.947467 0
    outer loop
      vertex -2.91899 2.659 2.4
      vertex -3.31299 2.52599 0
      vertex -2.91899 2.659 0
    endloop
  endfacet
  facet normal 0.0824169 -0.996598 0
    outer loop
      vertex -2.91899 2.659 0
      vertex -2.133 2.724 2.4
      vertex -2.91899 2.659 2.4
    endloop
  endfacet
  facet normal 0.0824169 -0.996598 0
    outer loop
      vertex -2.133 2.724 2.4
      vertex -2.91899 2.659 0
      vertex -2.133 2.724 0
    endloop
  endfacet
  facet normal 0.701663 -0.712509 0
    outer loop
      vertex -2.133 2.724 0
      vertex -2.06599 2.78999 2.4
      vertex -2.133 2.724 2.4
    endloop
  endfacet
  facet normal 0.701663 -0.712509 0
    outer loop
      vertex -2.06599 2.78999 2.4
      vertex -2.133 2.724 0
      vertex -2.06599 2.78999 0
    endloop
  endfacet
  facet normal 0.0430416 -0.999073 0
    outer loop
      vertex -2.06599 2.78999 0
      vertex -0.556992 2.855 2.4
      vertex -2.06599 2.78999 2.4
    endloop
  endfacet
  facet normal 0.0430416 -0.999073 0
    outer loop
      vertex -0.556992 2.855 2.4
      vertex -2.06599 2.78999 0
      vertex -0.556992 2.855 0
    endloop
  endfacet
  facet normal 0.712414 -0.701759 0
    outer loop
      vertex -0.556992 2.855 2.4
      vertex -0.491989 2.92099 0
      vertex -0.491989 2.92099 2.4
    endloop
  endfacet
  facet normal 0.712414 -0.701759 0
    outer loop
      vertex -0.491989 2.92099 0
      vertex -0.556992 2.855 2.4
      vertex -0.556992 2.855 0
    endloop
  endfacet
  facet normal 0 -1 0
    outer loop
      vertex -0.491989 2.92099 0
      vertex 1.017 2.92099 2.4
      vertex -0.491989 2.92099 2.4
    endloop
  endfacet
  facet normal 0 -1 -0
    outer loop
      vertex 1.017 2.92099 2.4
      vertex -0.491989 2.92099 0
      vertex 1.017 2.92099 0
    endloop
  endfacet
  facet normal -0.701716 -0.712456 0
    outer loop
      vertex 1.017 2.92099 0
      vertex 1.084 2.855 2.4
      vertex 1.017 2.92099 2.4
    endloop
  endfacet
  facet normal -0.701716 -0.712456 -0
    outer loop
      vertex 1.084 2.855 2.4
      vertex 1.017 2.92099 0
      vertex 1.084 2.855 0
    endloop
  endfacet
  facet normal 0 -1 0
    outer loop
      vertex 19.13 -11.648 0
      vertex 19.392 -11.648 2.4
      vertex 19.13 -11.648 2.4
    endloop
  endfacet
  facet normal 0 -1 -0
    outer loop
      vertex 19.392 -11.648 2.4
      vertex 19.13 -11.648 0
      vertex 19.392 -11.648 0
    endloop
  endfacet
  facet normal -0.986258 -0.165211 0
    outer loop
      vertex 19.458 -12.042 0
      vertex 19.392 -11.648 2.4
      vertex 19.392 -11.648 0
    endloop
  endfacet
  facet normal -0.986258 -0.165211 0
    outer loop
      vertex 19.392 -11.648 2.4
      vertex 19.458 -12.042 0
      vertex 19.458 -12.042 2.4
    endloop
  endfacet
  facet normal -0.89306 -0.449938 0
    outer loop
      vertex 19.59 -12.304 0
      vertex 19.458 -12.042 2.4
      vertex 19.458 -12.042 0
    endloop
  endfacet
  facet normal -0.89306 -0.449938 0
    outer loop
      vertex 19.458 -12.042 2.4
      vertex 19.59 -12.304 0
      vertex 19.59 -12.304 2.4
    endloop
  endfacet
  facet normal -0.99219 -0.124733 0
    outer loop
      vertex 19.656 -12.829 0
      vertex 19.59 -12.304 2.4
      vertex 19.59 -12.304 0
    endloop
  endfacet
  facet normal -0.99219 -0.124733 0
    outer loop
      vertex 19.59 -12.304 2.4
      vertex 19.656 -12.829 0
      vertex 19.656 -12.829 2.4
    endloop
  endfacet
  facet normal -0.7179 -0.696146 0
    outer loop
      vertex 19.72 -12.895 0
      vertex 19.656 -12.829 2.4
      vertex 19.656 -12.829 0
    endloop
  endfacet
  facet normal -0.7179 -0.696146 0
    outer loop
      vertex 19.656 -12.829 2.4
      vertex 19.72 -12.895 0
      vertex 19.72 -12.895 2.4
    endloop
  endfacet
  facet normal -1 0 0
    outer loop
      vertex 19.72 -13.224 0
      vertex 19.72 -12.895 2.4
      vertex 19.72 -12.895 0
    endloop
  endfacet
  facet normal -1 -0 0
    outer loop
      vertex 19.72 -12.895 2.4
      vertex 19.72 -13.224 0
      vertex 19.72 -13.224 2.4
    endloop
  endfacet
  facet normal -0.927299 -0.374322 0
    outer loop
      vertex 19.852 -13.551 0
      vertex 19.72 -13.224 2.4
      vertex 19.72 -13.224 0
    endloop
  endfacet
  facet normal -0.927299 -0.374322 0
    outer loop
      vertex 19.72 -13.224 2.4
      vertex 19.852 -13.551 0
      vertex 19.852 -13.551 2.4
    endloop
  endfacet
  facet normal -1 0 0
    outer loop
      vertex 19.852 -14.01 0
      vertex 19.852 -13.551 2.4
      vertex 19.852 -13.551 0
    endloop
  endfacet
  facet normal -1 -0 0
    outer loop
      vertex 19.852 -13.551 2.4
      vertex 19.852 -14.01 0
      vertex 19.852 -14.01 2.4
    endloop
  endfacet
  facet normal -0.961366 -0.275272 0
    outer loop
      vertex 19.984 -14.471 0
      vertex 19.852 -14.01 2.4
      vertex 19.852 -14.01 0
    endloop
  endfacet
  facet normal -0.961366 -0.275272 0
    outer loop
      vertex 19.852 -14.01 2.4
      vertex 19.984 -14.471 0
      vertex 19.984 -14.471 2.4
    endloop
  endfacet
  facet normal -1 0 0
    outer loop
      vertex 19.984 -15.191 0
      vertex 19.984 -14.471 2.4
      vertex 19.984 -14.471 0
    endloop
  endfacet
  facet normal -1 -0 0
    outer loop
      vertex 19.984 -14.471 2.4
      vertex 19.984 -15.191 0
      vertex 19.984 -15.191 2.4
    endloop
  endfacet
  facet normal -0.717738 -0.696313 0
    outer loop
      vertex 20.049 -15.258 0
      vertex 19.984 -15.191 2.4
      vertex 19.984 -15.191 0
    endloop
  endfacet
  facet normal -0.717738 -0.696313 0
    outer loop
      vertex 19.984 -15.191 2.4
      vertex 20.049 -15.258 0
      vertex 20.049 -15.258 2.4
    endloop
  endfacet
  facet normal -1 0 0
    outer loop
      vertex 20.049 -16.044 0
      vertex 20.049 -15.258 2.4
      vertex 20.049 -15.258 0
    endloop
  endfacet
  facet normal -1 -0 0
    outer loop
      vertex 20.049 -15.258 2.4
      vertex 20.049 -16.044 0
      vertex 20.049 -16.044 2.4
    endloop
  endfacet
  facet normal -0.717738 -0.696313 0
    outer loop
      vertex 20.114 -16.111 0
      vertex 20.049 -16.044 2.4
      vertex 20.049 -16.044 0
    endloop
  endfacet
  facet normal -0.717738 -0.696313 0
    outer loop
      vertex 20.049 -16.044 2.4
      vertex 20.114 -16.111 0
      vertex 20.114 -16.111 2.4
    endloop
  endfacet
  facet normal -1 0 0
    outer loop
      vertex 20.114 -17.489 0
      vertex 20.114 -16.111 2.4
      vertex 20.114 -16.111 0
    endloop
  endfacet
  facet normal -1 -0 0
    outer loop
      vertex 20.114 -16.111 2.4
      vertex 20.114 -17.489 0
      vertex 20.114 -17.489 2.4
    endloop
  endfacet
  facet normal -0.707107 0.707107 0
    outer loop
      vertex 20.114 -17.489 0
      vertex 20.049 -17.554 2.4
      vertex 20.114 -17.489 2.4
    endloop
  endfacet
  facet normal -0.707107 0.707107 0
    outer loop
      vertex 20.049 -17.554 2.4
      vertex 20.114 -17.489 0
      vertex 20.049 -17.554 0
    endloop
  endfacet
  facet normal -0.999275 0.0380732 0
    outer loop
      vertex 19.984 -19.26 0
      vertex 20.049 -17.554 2.4
      vertex 20.049 -17.554 0
    endloop
  endfacet
  facet normal -0.999275 0.0380732 0
    outer loop
      vertex 20.049 -17.554 2.4
      vertex 19.984 -19.26 0
      vertex 19.984 -19.26 2.4
    endloop
  endfacet
  facet normal -0.707107 0.707107 0
    outer loop
      vertex 19.918 -19.326 0
      vertex 19.984 -19.26 2.4
      vertex 19.984 -19.26 0
    endloop
  endfacet
  facet normal -0.707107 0.707107 0
    outer loop
      vertex 19.984 -19.26 2.4
      vertex 19.918 -19.326 0
      vertex 19.918 -19.326 2.4
    endloop
  endfacet
  facet normal -0.99702 0.0771434 0
    outer loop
      vertex 19.852 -20.179 0
      vertex 19.918 -19.326 2.4
      vertex 19.918 -19.326 0
    endloop
  endfacet
  facet normal -0.99702 0.0771434 0
    outer loop
      vertex 19.918 -19.326 2.4
      vertex 19.852 -20.179 0
      vertex 19.852 -20.179 2.4
    endloop
  endfacet
  facet normal -0.717738 0.696313 0
    outer loop
      vertex 19.787 -20.246 0
      vertex 19.852 -20.179 2.4
      vertex 19.852 -20.179 0
    endloop
  endfacet
  facet normal -0.717738 0.696313 0
    outer loop
      vertex 19.852 -20.179 2.4
      vertex 19.787 -20.246 0
      vertex 19.787 -20.246 2.4
    endloop
  endfacet
  facet normal -0.993592 0.113023 0
    outer loop
      vertex 19.72 -20.835 0
      vertex 19.787 -20.246 2.4
      vertex 19.787 -20.246 0
    endloop
  endfacet
  facet normal -0.993592 0.113023 0
    outer loop
      vertex 19.787 -20.246 2.4
      vertex 19.72 -20.835 0
      vertex 19.72 -20.835 2.4
    endloop
  endfacet
  facet normal -0.930028 0.367488 0
    outer loop
      vertex 19.59 -21.164 0
      vertex 19.72 -20.835 2.4
      vertex 19.72 -20.835 0
    endloop
  endfacet
  facet normal -0.930028 0.367488 0
    outer loop
      vertex 19.72 -20.835 2.4
      vertex 19.59 -21.164 0
      vertex 19.59 -21.164 2.4
    endloop
  endfacet
  facet normal -1 0 0
    outer loop
      vertex 19.59 -21.426 0
      vertex 19.59 -21.164 2.4
      vertex 19.59 -21.164 0
    endloop
  endfacet
  facet normal -1 -0 0
    outer loop
      vertex 19.59 -21.164 2.4
      vertex 19.59 -21.426 0
      vertex 19.59 -21.426 2.4
    endloop
  endfacet
  facet normal -0.553724 0.8327 0
    outer loop
      vertex 19.59 -21.426 0
      vertex 19.196 -21.688 2.4
      vertex 19.59 -21.426 2.4
    endloop
  endfacet
  facet normal -0.553724 0.8327 0
    outer loop
      vertex 19.196 -21.688 2.4
      vertex 19.59 -21.426 0
      vertex 19.196 -21.688 0
    endloop
  endfacet
  facet normal -0.218331 0.975875 0
    outer loop
      vertex 19.196 -21.688 0
      vertex 18.606 -21.82 2.4
      vertex 19.196 -21.688 2.4
    endloop
  endfacet
  facet normal -0.218331 0.975875 0
    outer loop
      vertex 18.606 -21.82 2.4
      vertex 19.196 -21.688 0
      vertex 18.606 -21.82 0
    endloop
  endfacet
  facet normal -0.553724 0.8327 0
    outer loop
      vertex 18.606 -21.82 0
      vertex 18.409 -21.951 2.4
      vertex 18.606 -21.82 2.4
    endloop
  endfacet
  facet normal -0.553724 0.8327 0
    outer loop
      vertex 18.409 -21.951 2.4
      vertex 18.606 -21.82 0
      vertex 18.409 -21.951 0
    endloop
  endfacet
  facet normal 0 1 -0
    outer loop
      vertex 18.409 -21.951 0
      vertex 18.146 -21.951 2.4
      vertex 18.409 -21.951 2.4
    endloop
  endfacet
  facet normal 0 1 0
    outer loop
      vertex 18.146 -21.951 2.4
      vertex 18.409 -21.951 0
      vertex 18.146 -21.951 0
    endloop
  endfacet
  facet normal -0.341116 0.940021 0
    outer loop
      vertex 18.146 -21.951 0
      vertex 17.424 -22.213 2.4
      vertex 18.146 -21.951 2.4
    endloop
  endfacet
  facet normal -0.341116 0.940021 0
    outer loop
      vertex 17.424 -22.213 2.4
      vertex 18.146 -21.951 0
      vertex 17.424 -22.213 0
    endloop
  endfacet
  facet normal 0 1 -0
    outer loop
      vertex 17.424 -22.213 0
      vertex 17.162 -22.213 2.4
      vertex 17.424 -22.213 2.4
    endloop
  endfacet
  facet normal 0 1 0
    outer loop
      vertex 17.162 -22.213 2.4
      vertex 17.424 -22.213 0
      vertex 17.162 -22.213 0
    endloop
  endfacet
  facet normal -0.444497 0.89578 0
    outer loop
      vertex 17.162 -22.213 0
      vertex 16.898 -22.344 2.4
      vertex 17.162 -22.213 2.4
    endloop
  endfacet
  facet normal -0.444497 0.89578 0
    outer loop
      vertex 16.898 -22.344 2.4
      vertex 17.162 -22.213 0
      vertex 16.898 -22.344 0
    endloop
  endfacet
  facet normal 0 1 -0
    outer loop
      vertex 16.898 -22.344 0
      vertex 16.636 -22.344 2.4
      vertex 16.898 -22.344 2.4
    endloop
  endfacet
  facet normal 0 1 0
    outer loop
      vertex 16.636 -22.344 2.4
      vertex 16.898 -22.344 0
      vertex 16.636 -22.344 0
    endloop
  endfacet
  facet normal -0.712484 0.701689 0
    outer loop
      vertex 16.571 -22.41 0
      vertex 16.636 -22.344 2.4
      vertex 16.636 -22.344 0
    endloop
  endfacet
  facet normal -0.712484 0.701689 0
    outer loop
      vertex 16.636 -22.344 2.4
      vertex 16.571 -22.41 0
      vertex 16.571 -22.41 2.4
    endloop
  endfacet
  facet normal -0.174843 0.984596 0
    outer loop
      vertex 16.571 -22.41 0
      vertex 15.456 -22.608 2.4
      vertex 16.571 -22.41 2.4
    endloop
  endfacet
  facet normal -0.174843 0.984596 0
    outer loop
      vertex 15.456 -22.608 2.4
      vertex 16.571 -22.41 0
      vertex 15.456 -22.608 0
    endloop
  endfacet
  facet normal -0.368961 0.929445 0
    outer loop
      vertex 15.456 -22.608 0
      vertex 15.126 -22.739 2.4
      vertex 15.456 -22.608 2.4
    endloop
  endfacet
  facet normal -0.368961 0.929445 0
    outer loop
      vertex 15.126 -22.739 2.4
      vertex 15.456 -22.608 0
      vertex 15.126 -22.739 0
    endloop
  endfacet
  facet normal 0 1 -0
    outer loop
      vertex 15.126 -22.739 0
      vertex 14.799 -22.739 2.4
      vertex 15.126 -22.739 2.4
    endloop
  endfacet
  facet normal 0 1 0
    outer loop
      vertex 14.799 -22.739 2.4
      vertex 15.126 -22.739 0
      vertex 14.799 -22.739 0
    endloop
  endfacet
  facet normal 0.948563 -0.316589 0
    outer loop
      vertex 14.799 -22.739 2.4
      vertex 15.062 -21.951 0
      vertex 15.062 -21.951 2.4
    endloop
  endfacet
  facet normal 0.948563 -0.316589 0
    outer loop
      vertex 15.062 -21.951 0
      vertex 14.799 -22.739 2.4
      vertex 14.799 -22.739 0
    endloop
  endfacet
  facet normal 1 -0 0
    outer loop
      vertex 15.062 -21.951 2.4
      vertex 15.062 -21.754 0
      vertex 15.062 -21.754 2.4
    endloop
  endfacet
  facet normal 1 0 0
    outer loop
      vertex 15.062 -21.754 0
      vertex 15.062 -21.951 2.4
      vertex 15.062 -21.951 0
    endloop
  endfacet
  facet normal 0.894427 -0.447214 0
    outer loop
      vertex 15.062 -21.754 2.4
      vertex 15.193 -21.492 0
      vertex 15.193 -21.492 2.4
    endloop
  endfacet
  facet normal 0.894427 -0.447214 0
    outer loop
      vertex 15.193 -21.492 0
      vertex 15.062 -21.754 2.4
      vertex 15.062 -21.754 0
    endloop
  endfacet
  facet normal 0.986462 -0.163993 0
    outer loop
      vertex 15.193 -21.492 2.4
      vertex 15.324 -20.704 0
      vertex 15.324 -20.704 2.4
    endloop
  endfacet
  facet normal 0.986462 -0.163993 0
    outer loop
      vertex 15.324 -20.704 0
      vertex 15.193 -21.492 2.4
      vertex 15.193 -21.492 0
    endloop
  endfacet
  facet normal 0.893747 -0.448572 0
    outer loop
      vertex 15.324 -20.704 2.4
      vertex 15.456 -20.441 0
      vertex 15.456 -20.441 2.4
    endloop
  endfacet
  facet normal 0.893747 -0.448572 0
    outer loop
      vertex 15.456 -20.441 0
      vertex 15.324 -20.704 2.4
      vertex 15.324 -20.704 0
    endloop
  endfacet
  facet normal 0.99526 -0.0972468 0
    outer loop
      vertex 15.456 -20.441 2.4
      vertex 15.52 -19.786 0
      vertex 15.52 -19.786 2.4
    endloop
  endfacet
  facet normal 0.99526 -0.0972468 0
    outer loop
      vertex 15.52 -19.786 0
      vertex 15.456 -20.441 2.4
      vertex 15.456 -20.441 0
    endloop
  endfacet
  facet normal 0.707107 -0.707107 0
    outer loop
      vertex 15.52 -19.786 2.4
      vertex 15.586 -19.72 0
      vertex 15.586 -19.72 2.4
    endloop
  endfacet
  facet normal 0.707107 -0.707107 0
    outer loop
      vertex 15.586 -19.72 0
      vertex 15.52 -19.786 2.4
      vertex 15.52 -19.786 0
    endloop
  endfacet
  facet normal 1 -0 0
    outer loop
      vertex 15.586 -19.72 2.4
      vertex 15.586 -19.326 0
      vertex 15.586 -19.326 2.4
    endloop
  endfacet
  facet normal 1 0 0
    outer loop
      vertex 15.586 -19.326 0
      vertex 15.586 -19.72 2.4
      vertex 15.586 -19.72 0
    endloop
  endfacet
  facet normal 0.712484 -0.701689 0
    outer loop
      vertex 15.586 -19.326 2.4
      vertex 15.651 -19.26 0
      vertex 15.651 -19.26 2.4
    endloop
  endfacet
  facet normal 0.712484 -0.701689 0
    outer loop
      vertex 15.651 -19.26 0
      vertex 15.586 -19.326 2.4
      vertex 15.586 -19.326 0
    endloop
  endfacet
  facet normal 1 -0 0
    outer loop
      vertex 15.651 -19.26 2.4
      vertex 15.651 -18.867 0
      vertex 15.651 -18.867 2.4
    endloop
  endfacet
  facet normal 1 0 0
    outer loop
      vertex 15.651 -18.867 0
      vertex 15.651 -19.26 2.4
      vertex 15.651 -19.26 0
    endloop
  endfacet
  facet normal 0.70177 -0.712403 0
    outer loop
      vertex 15.651 -18.867 0
      vertex 15.718 -18.801 2.4
      vertex 15.651 -18.867 2.4
    endloop
  endfacet
  facet normal 0.70177 -0.712403 0
    outer loop
      vertex 15.718 -18.801 2.4
      vertex 15.651 -18.867 0
      vertex 15.718 -18.801 0
    endloop
  endfacet
  facet normal 1 -0 0
    outer loop
      vertex 15.718 -18.801 2.4
      vertex 15.718 -18.146 0
      vertex 15.718 -18.146 2.4
    endloop
  endfacet
  facet normal 1 0 0
    outer loop
      vertex 15.718 -18.146 0
      vertex 15.718 -18.801 2.4
      vertex 15.718 -18.801 0
    endloop
  endfacet
  facet normal 0.712403 -0.70177 0
    outer loop
      vertex 15.718 -18.146 2.4
      vertex 15.784 -18.079 0
      vertex 15.784 -18.079 2.4
    endloop
  endfacet
  facet normal 0.712403 -0.70177 0
    outer loop
      vertex 15.784 -18.079 0
      vertex 15.718 -18.146 2.4
      vertex 15.718 -18.146 0
    endloop
  endfacet
  facet normal 1 -0 0
    outer loop
      vertex 15.784 -18.079 2.4
      vertex 15.784 -16.898 0
      vertex 15.784 -16.898 2.4
    endloop
  endfacet
  facet normal 1 0 0
    outer loop
      vertex 15.784 -16.898 0
      vertex 15.784 -18.079 2.4
      vertex 15.784 -18.079 0
    endloop
  endfacet
  facet normal 0.712484 -0.701689 0
    outer loop
      vertex 15.784 -16.898 2.4
      vertex 15.849 -16.832 0
      vertex 15.849 -16.832 2.4
    endloop
  endfacet
  facet normal 0.712484 -0.701689 0
    outer loop
      vertex 15.849 -16.832 0
      vertex 15.784 -16.898 2.4
      vertex 15.784 -16.898 0
    endloop
  endfacet
  facet normal 0.998548 0.0538755 0
    outer loop
      vertex 15.849 -16.832 2.4
      vertex 15.718 -14.404 0
      vertex 15.718 -14.404 2.4
    endloop
  endfacet
  facet normal 0.998548 0.0538755 0
    outer loop
      vertex 15.718 -14.404 0
      vertex 15.849 -16.832 2.4
      vertex 15.849 -16.832 0
    endloop
  endfacet
  facet normal 0.70177 0.712403 -0
    outer loop
      vertex 15.718 -14.404 0
      vertex 15.651 -14.338 2.4
      vertex 15.718 -14.404 2.4
    endloop
  endfacet
  facet normal 0.70177 0.712403 0
    outer loop
      vertex 15.651 -14.338 2.4
      vertex 15.718 -14.404 0
      vertex 15.651 -14.338 0
    endloop
  endfacet
  facet normal 0.991754 0.128159 0
    outer loop
      vertex 15.651 -14.338 2.4
      vertex 15.456 -12.829 0
      vertex 15.456 -12.829 2.4
    endloop
  endfacet
  facet normal 0.991754 0.128159 0
    outer loop
      vertex 15.456 -12.829 0
      vertex 15.651 -14.338 2.4
      vertex 15.651 -14.338 0
    endloop
  endfacet
  facet normal 0.957343 0.288954 0
    outer loop
      vertex 15.456 -12.829 2.4
      vertex 15.258 -12.173 0
      vertex 15.258 -12.173 2.4
    endloop
  endfacet
  facet normal 0.957343 0.288954 0
    outer loop
      vertex 15.258 -12.173 0
      vertex 15.456 -12.829 2.4
      vertex 15.456 -12.829 0
    endloop
  endfacet
  facet normal 1 -0 0
    outer loop
      vertex 15.258 -12.173 2.4
      vertex 15.258 -11.844 0
      vertex 15.258 -11.844 2.4
    endloop
  endfacet
  facet normal 1 0 0
    outer loop
      vertex 15.258 -11.844 0
      vertex 15.258 -12.173 2.4
      vertex 15.258 -12.173 0
    endloop
  endfacet
  facet normal 0.131966 -0.991254 0
    outer loop
      vertex 15.258 -11.844 0
      vertex 16.242 -11.713 2.4
      vertex 15.258 -11.844 2.4
    endloop
  endfacet
  facet normal 0.131966 -0.991254 0
    outer loop
      vertex 16.242 -11.713 2.4
      vertex 15.258 -11.844 0
      vertex 16.242 -11.713 0
    endloop
  endfacet
  facet normal 0.696313 -0.717738 0
    outer loop
      vertex 16.242 -11.713 0
      vertex 16.309 -11.648 2.4
      vertex 16.242 -11.713 2.4
    endloop
  endfacet
  facet normal 0.696313 -0.717738 0
    outer loop
      vertex 16.309 -11.648 2.4
      vertex 16.242 -11.713 0
      vertex 16.309 -11.648 0
    endloop
  endfacet
  facet normal 0 -1 0
    outer loop
      vertex 16.309 -11.648 0
      vertex 17.03 -11.648 2.4
      vertex 16.309 -11.648 2.4
    endloop
  endfacet
  facet normal 0 -1 -0
    outer loop
      vertex 17.03 -11.648 2.4
      vertex 16.309 -11.648 0
      vertex 17.03 -11.648 0
    endloop
  endfacet
  facet normal 0.707107 -0.707107 0
    outer loop
      vertex 17.03 -11.648 2.4
      vertex 17.096 -11.582 0
      vertex 17.096 -11.582 2.4
    endloop
  endfacet
  facet normal 0.707107 -0.707107 0
    outer loop
      vertex 17.096 -11.582 0
      vertex 17.03 -11.648 2.4
      vertex 17.03 -11.648 0
    endloop
  endfacet
  facet normal 0 -1 0
    outer loop
      vertex 17.096 -11.582 0
      vertex 19.065 -11.582 2.4
      vertex 17.096 -11.582 2.4
    endloop
  endfacet
  facet normal 0 -1 -0
    outer loop
      vertex 19.065 -11.582 2.4
      vertex 17.096 -11.582 0
      vertex 19.065 -11.582 0
    endloop
  endfacet
  facet normal -0.712484 -0.701689 0
    outer loop
      vertex 19.13 -11.648 0
      vertex 19.065 -11.582 2.4
      vertex 19.065 -11.582 0
    endloop
  endfacet
  facet normal -0.712484 -0.701689 0
    outer loop
      vertex 19.065 -11.582 2.4
      vertex 19.13 -11.648 0
      vertex 19.13 -11.648 2.4
    endloop
  endfacet
  facet normal 0.0870851 0.996201 -0
    outer loop
      vertex 41.902 27.53 0
      vertex 40.392 27.662 2.4
      vertex 41.902 27.53 2.4
    endloop
  endfacet
  facet normal 0.0870851 0.996201 0
    outer loop
      vertex 40.392 27.662 2.4
      vertex 41.902 27.53 0
      vertex 40.392 27.662 0
    endloop
  endfacet
  facet normal 0.696146 0.7179 -0
    outer loop
      vertex 40.392 27.662 0
      vertex 40.326 27.726 2.4
      vertex 40.392 27.662 2.4
    endloop
  endfacet
  facet normal 0.696146 0.7179 0
    outer loop
      vertex 40.326 27.726 2.4
      vertex 40.392 27.662 0
      vertex 40.326 27.726 0
    endloop
  endfacet
  facet normal 0 1 -0
    outer loop
      vertex 40.326 27.726 0
      vertex 39.933 27.726 2.4
      vertex 40.326 27.726 2.4
    endloop
  endfacet
  facet normal 0 1 0
    outer loop
      vertex 39.933 27.726 2.4
      vertex 40.326 27.726 0
      vertex 39.933 27.726 0
    endloop
  endfacet
  facet normal 0.712484 0.701689 0
    outer loop
      vertex 39.933 27.726 2.4
      vertex 39.868 27.792 0
      vertex 39.868 27.792 2.4
    endloop
  endfacet
  facet normal 0.712484 0.701689 0
    outer loop
      vertex 39.868 27.792 0
      vertex 39.933 27.726 2.4
      vertex 39.933 27.726 0
    endloop
  endfacet
  facet normal 0 1 -0
    outer loop
      vertex 39.868 27.792 0
      vertex 39.276 27.792 2.4
      vertex 39.868 27.792 2.4
    endloop
  endfacet
  facet normal 0 1 0
    outer loop
      vertex 39.276 27.792 2.4
      vertex 39.868 27.792 0
      vertex 39.276 27.792 0
    endloop
  endfacet
  facet normal 0.7179 0.696146 0
    outer loop
      vertex 39.276 27.792 2.4
      vertex 39.212 27.858 0
      vertex 39.212 27.858 2.4
    endloop
  endfacet
  facet normal 0.7179 0.696146 0
    outer loop
      vertex 39.212 27.858 0
      vertex 39.276 27.792 2.4
      vertex 39.276 27.792 0
    endloop
  endfacet
  facet normal 0 1 -0
    outer loop
      vertex 39.212 27.858 0
      vertex 38.817 27.858 2.4
      vertex 39.212 27.858 2.4
    endloop
  endfacet
  facet normal 0 1 0
    outer loop
      vertex 38.817 27.858 2.4
      vertex 39.212 27.858 0
      vertex 38.817 27.858 0
    endloop
  endfacet
  facet normal 0.712484 0.701689 0
    outer loop
      vertex 38.817 27.858 2.4
      vertex 38.752 27.924 0
      vertex 38.752 27.924 2.4
    endloop
  endfacet
  facet normal 0.712484 0.701689 0
    outer loop
      vertex 38.752 27.924 0
      vertex 38.817 27.858 2.4
      vertex 38.817 27.858 0
    endloop
  endfacet
  facet normal 0.0871424 0.996196 -0
    outer loop
      vertex 38.752 27.924 0
      vertex 37.243 28.056 2.4
      vertex 38.752 27.924 2.4
    endloop
  endfacet
  facet normal 0.0871424 0.996196 0
    outer loop
      vertex 37.243 28.056 2.4
      vertex 38.752 27.924 0
      vertex 37.243 28.056 0
    endloop
  endfacet
  facet normal 0.696146 0.7179 -0
    outer loop
      vertex 37.243 28.056 0
      vertex 37.177 28.12 2.4
      vertex 37.243 28.056 2.4
    endloop
  endfacet
  facet normal 0.696146 0.7179 0
    outer loop
      vertex 37.177 28.12 2.4
      vertex 37.243 28.056 0
      vertex 37.177 28.12 0
    endloop
  endfacet
  facet normal 0 1 -0
    outer loop
      vertex 37.177 28.12 0
      vertex 36.784 28.12 2.4
      vertex 37.177 28.12 2.4
    endloop
  endfacet
  facet normal 0 1 0
    outer loop
      vertex 36.784 28.12 2.4
      vertex 37.177 28.12 0
      vertex 36.784 28.12 0
    endloop
  endfacet
  facet normal 0.712403 0.70177 0
    outer loop
      vertex 36.784 28.12 2.4
      vertex 36.718 28.187 0
      vertex 36.718 28.187 2.4
    endloop
  endfacet
  facet normal 0.712403 0.70177 0
    outer loop
      vertex 36.718 28.187 0
      vertex 36.784 28.12 2.4
      vertex 36.784 28.12 0
    endloop
  endfacet
  facet normal 0 1 -0
    outer loop
      vertex 36.718 28.187 0
      vertex 36.192 28.187 2.4
      vertex 36.718 28.187 2.4
    endloop
  endfacet
  facet normal 0 1 0
    outer loop
      vertex 36.192 28.187 2.4
      vertex 36.718 28.187 0
      vertex 36.192 28.187 0
    endloop
  endfacet
  facet normal 0.707107 0.707107 0
    outer loop
      vertex 36.192 28.187 2.4
      vertex 36.127 28.252 0
      vertex 36.127 28.252 2.4
    endloop
  endfacet
  facet normal 0.707107 0.707107 0
    outer loop
      vertex 36.127 28.252 0
      vertex 36.192 28.187 2.4
      vertex 36.192 28.187 0
    endloop
  endfacet
  facet normal 0 1 -0
    outer loop
      vertex 36.127 28.252 0
      vertex 35.734 28.252 2.4
      vertex 36.127 28.252 2.4
    endloop
  endfacet
  facet normal 0 1 0
    outer loop
      vertex 35.734 28.252 2.4
      vertex 36.127 28.252 0
      vertex 35.734 28.252 0
    endloop
  endfacet
  facet normal 0.707107 0.707107 0
    outer loop
      vertex 35.734 28.252 2.4
      vertex 35.668 28.318 0
      vertex 35.668 28.318 2.4
    endloop
  endfacet
  facet normal 0.707107 0.707107 0
    outer loop
      vertex 35.668 28.318 0
      vertex 35.734 28.252 2.4
      vertex 35.734 28.252 0
    endloop
  endfacet
  facet normal 0 1 -0
    outer loop
      vertex 35.668 28.318 0
      vertex 35.142 28.318 2.4
      vertex 35.668 28.318 2.4
    endloop
  endfacet
  facet normal 0 1 0
    outer loop
      vertex 35.142 28.318 2.4
      vertex 35.668 28.318 0
      vertex 35.142 28.318 0
    endloop
  endfacet
  facet normal 0.707107 0.707107 -0
    outer loop
      vertex 35.142 28.318 0
      vertex 35.076 28.384 2.4
      vertex 35.142 28.318 2.4
    endloop
  endfacet
  facet normal 0.707107 0.707107 0
    outer loop
      vertex 35.076 28.384 2.4
      vertex 35.142 28.318 0
      vertex 35.076 28.384 0
    endloop
  endfacet
  facet normal 0 1 -0
    outer loop
      vertex 35.076 28.384 0
      vertex 34.683 28.384 2.4
      vertex 35.076 28.384 2.4
    endloop
  endfacet
  facet normal 0 1 0
    outer loop
      vertex 34.683 28.384 2.4
      vertex 35.076 28.384 0
      vertex 34.683 28.384 0
    endloop
  endfacet
  facet normal 0.707107 0.707107 0
    outer loop
      vertex 34.683 28.384 2.4
      vertex 34.618 28.449 0
      vertex 34.618 28.449 2.4
    endloop
  endfacet
  facet normal 0.707107 0.707107 0
    outer loop
      vertex 34.618 28.449 0
      vertex 34.683 28.384 2.4
      vertex 34.683 28.384 0
    endloop
  endfacet
  facet normal 0 1 -0
    outer loop
      vertex 34.618 28.449 0
      vertex 34.026 28.449 2.4
      vertex 34.618 28.449 2.4
    endloop
  endfacet
  facet normal 0 1 0
    outer loop
      vertex 34.026 28.449 2.4
      vertex 34.618 28.449 0
      vertex 34.026 28.449 0
    endloop
  endfacet
  facet normal -0.712567 0.701604 0
    outer loop
      vertex 33.962 28.384 0
      vertex 34.026 28.449 2.4
      vertex 34.026 28.449 0
    endloop
  endfacet
  facet normal -0.712567 0.701604 0
    outer loop
      vertex 34.026 28.449 2.4
      vertex 33.962 28.384 0
      vertex 33.962 28.384 2.4
    endloop
  endfacet
  facet normal -0.80291 -0.5961 0
    outer loop
      vertex 34.158 28.12 0
      vertex 33.962 28.384 2.4
      vertex 33.962 28.384 0
    endloop
  endfacet
  facet normal -0.80291 -0.5961 0
    outer loop
      vertex 33.962 28.384 2.4
      vertex 34.158 28.12 0
      vertex 34.158 28.12 2.4
    endloop
  endfacet
  facet normal -0.580568 -0.814212 0
    outer loop
      vertex 34.158 28.12 0
      vertex 34.618 27.792 2.4
      vertex 34.158 28.12 2.4
    endloop
  endfacet
  facet normal -0.580568 -0.814212 -0
    outer loop
      vertex 34.618 27.792 2.4
      vertex 34.158 28.12 0
      vertex 34.618 27.792 0
    endloop
  endfacet
  facet normal -0.672724 -0.739894 0
    outer loop
      vertex 34.618 27.792 0
      vertex 36.061 26.48 2.4
      vertex 34.618 27.792 2.4
    endloop
  endfacet
  facet normal -0.672724 -0.739894 -0
    outer loop
      vertex 36.061 26.48 2.4
      vertex 34.618 27.792 0
      vertex 36.061 26.48 0
    endloop
  endfacet
  facet normal -0.706823 -0.70739 0
    outer loop
      vertex 36.061 26.48 0
      vertex 37.308 25.234 2.4
      vertex 36.061 26.48 2.4
    endloop
  endfacet
  facet normal -0.706823 -0.70739 -0
    outer loop
      vertex 37.308 25.234 2.4
      vertex 36.061 26.48 0
      vertex 37.308 25.234 0
    endloop
  endfacet
  facet normal -0.745429 -0.666585 0
    outer loop
      vertex 38.424 23.986 0
      vertex 37.308 25.234 2.4
      vertex 37.308 25.234 0
    endloop
  endfacet
  facet normal -0.745429 -0.666585 0
    outer loop
      vertex 37.308 25.234 2.4
      vertex 38.424 23.986 0
      vertex 38.424 23.986 2.4
    endloop
  endfacet
  facet normal -0.809803 -0.586702 0
    outer loop
      vertex 39.802 22.084 0
      vertex 38.424 23.986 2.4
      vertex 38.424 23.986 0
    endloop
  endfacet
  facet normal -0.809803 -0.586702 0
    outer loop
      vertex 38.424 23.986 2.4
      vertex 39.802 22.084 0
      vertex 39.802 22.084 2.4
    endloop
  endfacet
  facet normal -0.894427 -0.447214 0
    outer loop
      vertex 40.59 20.508 0
      vertex 39.802 22.084 2.4
      vertex 39.802 22.084 0
    endloop
  endfacet
  facet normal -0.894427 -0.447214 0
    outer loop
      vertex 39.802 22.084 2.4
      vertex 40.59 20.508 0
      vertex 40.59 20.508 2.4
    endloop
  endfacet
  facet normal -0.948924 -0.315505 0
    outer loop
      vertex 40.852 19.72 0
      vertex 40.59 20.508 2.4
      vertex 40.59 20.508 0
    endloop
  endfacet
  facet normal -0.948924 -0.315505 0
    outer loop
      vertex 40.59 20.508 2.4
      vertex 40.852 19.72 0
      vertex 40.852 19.72 2.4
    endloop
  endfacet
  facet normal -1 0 0
    outer loop
      vertex 40.852 19.524 0
      vertex 40.852 19.72 2.4
      vertex 40.852 19.72 0
    endloop
  endfacet
  facet normal -1 -0 0
    outer loop
      vertex 40.852 19.72 2.4
      vertex 40.852 19.524 0
      vertex 40.852 19.524 2.4
    endloop
  endfacet
  facet normal -0.89306 -0.449938 0
    outer loop
      vertex 40.984 19.262 0
      vertex 40.852 19.524 2.4
      vertex 40.852 19.524 0
    endloop
  endfacet
  facet normal -0.89306 -0.449938 0
    outer loop
      vertex 40.852 19.524 2.4
      vertex 40.984 19.262 0
      vertex 40.984 19.262 2.4
    endloop
  endfacet
  facet normal -1 0 0
    outer loop
      vertex 40.984 18.998 0
      vertex 40.984 19.262 2.4
      vertex 40.984 19.262 0
    endloop
  endfacet
  facet normal -1 -0 0
    outer loop
      vertex 40.984 19.262 2.4
      vertex 40.984 18.998 0
      vertex 40.984 18.998 2.4
    endloop
  endfacet
  facet normal -0.894427 -0.447214 0
    outer loop
      vertex 41.115 18.736 0
      vertex 40.984 18.998 2.4
      vertex 40.984 18.998 0
    endloop
  endfacet
  facet normal -0.894427 -0.447214 0
    outer loop
      vertex 40.984 18.998 2.4
      vertex 41.115 18.736 0
      vertex 41.115 18.736 2.4
    endloop
  endfacet
  facet normal -0.996607 -0.0823119 0
    outer loop
      vertex 41.18 17.949 0
      vertex 41.115 18.736 2.4
      vertex 41.115 18.736 0
    endloop
  endfacet
  facet normal -0.996607 -0.0823119 0
    outer loop
      vertex 41.115 18.736 2.4
      vertex 41.18 17.949 0
      vertex 41.18 17.949 2.4
    endloop
  endfacet
  facet normal -0.701689 -0.712484 0
    outer loop
      vertex 41.18 17.949 0
      vertex 41.246 17.884 2.4
      vertex 41.18 17.949 2.4
    endloop
  endfacet
  facet normal -0.701689 -0.712484 -0
    outer loop
      vertex 41.246 17.884 2.4
      vertex 41.18 17.949 0
      vertex 41.246 17.884 0
    endloop
  endfacet
  facet normal -1 0 0
    outer loop
      vertex 41.246 15.718 0
      vertex 41.246 17.884 2.4
      vertex 41.246 17.884 0
    endloop
  endfacet
  facet normal -1 -0 0
    outer loop
      vertex 41.246 17.884 2.4
      vertex 41.246 15.718 0
      vertex 41.246 15.718 2.4
    endloop
  endfacet
  facet normal -0.707107 0.707107 0
    outer loop
      vertex 41.18 15.652 0
      vertex 41.246 15.718 2.4
      vertex 41.246 15.718 0
    endloop
  endfacet
  facet normal -0.707107 0.707107 0
    outer loop
      vertex 41.246 15.718 2.4
      vertex 41.18 15.652 0
      vertex 41.18 15.652 2.4
    endloop
  endfacet
  facet normal -0.996615 0.0822081 0
    outer loop
      vertex 41.115 14.864 0
      vertex 41.18 15.652 2.4
      vertex 41.18 15.652 0
    endloop
  endfacet
  facet normal -0.996615 0.0822081 0
    outer loop
      vertex 41.18 15.652 2.4
      vertex 41.115 14.864 0
      vertex 41.115 14.864 2.4
    endloop
  endfacet
  facet normal -0.707107 0.707107 0
    outer loop
      vertex 41.049 14.798 0
      vertex 41.115 14.864 2.4
      vertex 41.115 14.864 0
    endloop
  endfacet
  facet normal -0.707107 0.707107 0
    outer loop
      vertex 41.115 14.864 2.4
      vertex 41.049 14.798 0
      vertex 41.049 14.798 2.4
    endloop
  endfacet
  facet normal -0.980504 0.1965 0
    outer loop
      vertex 40.852 13.815 0
      vertex 41.049 14.798 2.4
      vertex 41.049 14.798 0
    endloop
  endfacet
  facet normal -0.980504 0.1965 0
    outer loop
      vertex 41.049 14.798 2.4
      vertex 40.852 13.815 0
      vertex 40.852 13.815 2.4
    endloop
  endfacet
  facet normal -0.83075 0.556645 0
    outer loop
      vertex 40.72 13.618 0
      vertex 40.852 13.815 2.4
      vertex 40.852 13.815 0
    endloop
  endfacet
  facet normal -0.83075 0.556645 0
    outer loop
      vertex 40.852 13.815 2.4
      vertex 40.72 13.618 0
      vertex 40.72 13.618 2.4
    endloop
  endfacet
  facet normal -0.948924 0.315505 0
    outer loop
      vertex 40.458 12.83 0
      vertex 40.72 13.618 2.4
      vertex 40.72 13.618 0
    endloop
  endfacet
  facet normal -0.948924 0.315505 0
    outer loop
      vertex 40.72 13.618 2.4
      vertex 40.458 12.83 0
      vertex 40.458 12.83 2.4
    endloop
  endfacet
  facet normal -0.704413 0.70979 0
    outer loop
      vertex 40.458 12.83 0
      vertex 40.326 12.699 2.4
      vertex 40.458 12.83 2.4
    endloop
  endfacet
  facet normal -0.704413 0.70979 0
    outer loop
      vertex 40.326 12.699 2.4
      vertex 40.458 12.83 0
      vertex 40.326 12.699 0
    endloop
  endfacet
  facet normal -1 0 0
    outer loop
      vertex 40.326 12.568 0
      vertex 40.326 12.699 2.4
      vertex 40.326 12.699 0
    endloop
  endfacet
  facet normal -1 -0 0
    outer loop
      vertex 40.326 12.699 2.4
      vertex 40.326 12.568 0
      vertex 40.326 12.568 2.4
    endloop
  endfacet
  facet normal -0.868708 0.495324 0
    outer loop
      vertex 39.802 11.649 0
      vertex 40.326 12.568 2.4
      vertex 40.326 12.568 0
    endloop
  endfacet
  facet normal -0.868708 0.495324 0
    outer loop
      vertex 40.326 12.568 2.4
      vertex 39.802 11.649 0
      vertex 39.802 11.649 2.4
    endloop
  endfacet
  facet normal -0.793893 0.608058 0
    outer loop
      vertex 38.948 10.534 0
      vertex 39.802 11.649 2.4
      vertex 39.802 11.649 0
    endloop
  endfacet
  facet normal -0.793893 0.608058 0
    outer loop
      vertex 39.802 11.649 2.4
      vertex 38.948 10.534 0
      vertex 38.948 10.534 2.4
    endloop
  endfacet
  facet normal -0.707828 0.706385 0
    outer loop
      vertex 37.964 9.54799 0
      vertex 38.948 10.534 2.4
      vertex 38.948 10.534 0
    endloop
  endfacet
  facet normal -0.707828 0.706385 0
    outer loop
      vertex 38.948 10.534 2.4
      vertex 37.964 9.54799 0
      vertex 37.964 9.54799 2.4
    endloop
  endfacet
  facet normal -0.617665 0.786441 0
    outer loop
      vertex 37.964 9.54799 0
      vertex 37.046 8.827 2.4
      vertex 37.964 9.54799 2.4
    endloop
  endfacet
  facet normal -0.617665 0.786441 0
    outer loop
      vertex 37.046 8.827 2.4
      vertex 37.964 9.54799 0
      vertex 37.046 8.827 0
    endloop
  endfacet
  facet normal -0.540903 0.841085 0
    outer loop
      vertex 37.046 8.827 0
      vertex 36.127 8.23599 2.4
      vertex 37.046 8.827 2.4
    endloop
  endfacet
  facet normal -0.540903 0.841085 0
    outer loop
      vertex 36.127 8.23599 2.4
      vertex 37.046 8.827 0
      vertex 36.127 8.23599 0
    endloop
  endfacet
  facet normal -0.418889 0.908037 0
    outer loop
      vertex 36.127 8.23599 0
      vertex 34.421 7.44899 2.4
      vertex 36.127 8.23599 2.4
    endloop
  endfacet
  facet normal -0.418889 0.908037 0
    outer loop
      vertex 34.421 7.44899 2.4
      vertex 36.127 8.23599 0
      vertex 34.421 7.44899 0
    endloop
  endfacet
  facet normal -0.315855 0.948807 0
    outer loop
      vertex 34.421 7.44899 0
      vertex 33.634 7.187 2.4
      vertex 34.421 7.44899 2.4
    endloop
  endfacet
  facet normal -0.315855 0.948807 0
    outer loop
      vertex 33.634 7.187 2.4
      vertex 34.421 7.44899 0
      vertex 33.634 7.187 0
    endloop
  endfacet
  facet normal 0 1 -0
    outer loop
      vertex 33.634 7.187 0
      vertex 33.436 7.187 2.4
      vertex 33.634 7.187 2.4
    endloop
  endfacet
  facet normal 0 1 0
    outer loop
      vertex 33.436 7.187 2.4
      vertex 33.634 7.187 0
      vertex 33.436 7.187 0
    endloop
  endfacet
  facet normal -0.447214 0.894427 0
    outer loop
      vertex 33.436 7.187 0
      vertex 33.174 7.056 2.4
      vertex 33.436 7.187 2.4
    endloop
  endfacet
  facet normal -0.447214 0.894427 0
    outer loop
      vertex 33.174 7.056 2.4
      vertex 33.436 7.187 0
      vertex 33.174 7.056 0
    endloop
  endfacet
  facet normal -0.165355 0.986234 0
    outer loop
      vertex 33.174 7.056 0
      vertex 31.993 6.85799 2.4
      vertex 33.174 7.056 2.4
    endloop
  endfacet
  facet normal -0.165355 0.986234 0
    outer loop
      vertex 31.993 6.85799 2.4
      vertex 33.174 7.056 0
      vertex 31.993 6.85799 0
    endloop
  endfacet
  facet normal -0.707107 0.707107 0
    outer loop
      vertex 31.993 6.85799 0
      vertex 31.927 6.79199 2.4
      vertex 31.993 6.85799 2.4
    endloop
  endfacet
  facet normal -0.707107 0.707107 0
    outer loop
      vertex 31.927 6.79199 2.4
      vertex 31.993 6.85799 0
      vertex 31.927 6.79199 0
    endloop
  endfacet
  facet normal -0.0520544 0.998644 0
    outer loop
      vertex 31.927 6.79199 0
      vertex 30.68 6.72699 2.4
      vertex 31.927 6.79199 2.4
    endloop
  endfacet
  facet normal -0.0520544 0.998644 0
    outer loop
      vertex 30.68 6.72699 2.4
      vertex 31.927 6.79199 0
      vertex 30.68 6.72699 0
    endloop
  endfacet
  facet normal -0.707107 0.707107 0
    outer loop
      vertex 30.615 6.66199 0
      vertex 30.68 6.72699 2.4
      vertex 30.68 6.72699 0
    endloop
  endfacet
  facet normal -0.707107 0.707107 0
    outer loop
      vertex 30.68 6.72699 2.4
      vertex 30.615 6.66199 0
      vertex 30.615 6.66199 2.4
    endloop
  endfacet
  facet normal 0 1 -0
    outer loop
      vertex 30.615 6.66199 0
      vertex 29.302 6.66199 2.4
      vertex 30.615 6.66199 2.4
    endloop
  endfacet
  facet normal 0 1 0
    outer loop
      vertex 29.302 6.66199 2.4
      vertex 30.615 6.66199 0
      vertex 29.302 6.66199 0
    endloop
  endfacet
  facet normal 0.707107 0.707107 0
    outer loop
      vertex 29.302 6.66199 2.4
      vertex 29.237 6.72699 0
      vertex 29.237 6.72699 2.4
    endloop
  endfacet
  facet normal 0.707107 0.707107 0
    outer loop
      vertex 29.237 6.72699 0
      vertex 29.302 6.66199 2.4
      vertex 29.302 6.66199 0
    endloop
  endfacet
  facet normal 0.0520544 0.998644 -0
    outer loop
      vertex 29.237 6.72699 0
      vertex 27.99 6.79199 2.4
      vertex 29.237 6.72699 2.4
    endloop
  endfacet
  facet normal 0.0520544 0.998644 0
    outer loop
      vertex 27.99 6.79199 2.4
      vertex 29.237 6.72699 0
      vertex 27.99 6.79199 0
    endloop
  endfacet
  facet normal 0.707107 0.707107 0
    outer loop
      vertex 27.99 6.79199 2.4
      vertex 27.924 6.85799 0
      vertex 27.924 6.85799 2.4
    endloop
  endfacet
  facet normal 0.707107 0.707107 0
    outer loop
      vertex 27.924 6.85799 0
      vertex 27.99 6.79199 2.4
      vertex 27.99 6.79199 0
    endloop
  endfacet
  facet normal 0.156824 0.987627 -0
    outer loop
      vertex 27.924 6.85799 0
      vertex 26.677 7.056 2.4
      vertex 27.924 6.85799 2.4
    endloop
  endfacet
  facet normal 0.156824 0.987627 0
    outer loop
      vertex 26.677 7.056 2.4
      vertex 27.924 6.85799 0
      vertex 26.677 7.056 0
    endloop
  endfacet
  facet normal 0.315138 0.949046 -0
    outer loop
      vertex 26.677 7.056 0
      vertex 25.102 7.57899 2.4
      vertex 26.677 7.056 2.4
    endloop
  endfacet
  facet normal 0.315138 0.949046 0
    outer loop
      vertex 25.102 7.57899 2.4
      vertex 26.677 7.056 0
      vertex 25.102 7.57899 0
    endloop
  endfacet
  facet normal 0.447759 0.894154 -0
    outer loop
      vertex 25.102 7.57899 0
      vertex 23.79 8.23599 2.4
      vertex 25.102 7.57899 2.4
    endloop
  endfacet
  facet normal 0.447759 0.894154 0
    outer loop
      vertex 23.79 8.23599 2.4
      vertex 25.102 7.57899 0
      vertex 23.79 8.23599 0
    endloop
  endfacet
  facet normal 0.554895 0.83192 -0
    outer loop
      vertex 23.79 8.23599 0
      vertex 22.805 8.89299 2.4
      vertex 23.79 8.23599 2.4
    endloop
  endfacet
  facet normal 0.554895 0.83192 0
    outer loop
      vertex 22.805 8.89299 2.4
      vertex 23.79 8.23599 0
      vertex 22.805 8.89299 0
    endloop
  endfacet
  facet normal 0.672446 0.740146 -0
    outer loop
      vertex 22.805 8.89299 0
      vertex 21.362 10.204 2.4
      vertex 22.805 8.89299 2.4
    endloop
  endfacet
  facet normal 0.672446 0.740146 0
    outer loop
      vertex 21.362 10.204 2.4
      vertex 22.805 8.89299 0
      vertex 21.362 10.204 0
    endloop
  endfacet
  facet normal 0.781178 0.624308 0
    outer loop
      vertex 21.362 10.204 2.4
      vertex 20.574 11.19 0
      vertex 20.574 11.19 2.4
    endloop
  endfacet
  facet normal 0.781178 0.624308 0
    outer loop
      vertex 20.574 11.19 0
      vertex 21.362 10.204 2.4
      vertex 21.362 10.204 0
    endloop
  endfacet
  facet normal 0.831888 0.554944 0
    outer loop
      vertex 20.574 11.19 2.4
      vertex 20.049 11.977 0
      vertex 20.049 11.977 2.4
    endloop
  endfacet
  facet normal 0.831888 0.554944 0
    outer loop
      vertex 20.049 11.977 0
      vertex 20.574 11.19 2.4
      vertex 20.574 11.19 0
    endloop
  endfacet
  facet normal 0.914194 0.405277 0
    outer loop
      vertex 20.049 11.977 2.4
      vertex 19.787 12.568 0
      vertex 19.787 12.568 2.4
    endloop
  endfacet
  facet normal 0.914194 0.405277 0
    outer loop
      vertex 19.787 12.568 0
      vertex 20.049 11.977 2.4
      vertex 20.049 11.977 0
    endloop
  endfacet
  facet normal 0.831725 0.555187 0
    outer loop
      vertex 19.787 12.568 2.4
      vertex 19.524 12.962 0
      vertex 19.524 12.962 2.4
    endloop
  endfacet
  facet normal 0.831725 0.555187 0
    outer loop
      vertex 19.524 12.962 0
      vertex 19.787 12.568 2.4
      vertex 19.787 12.568 0
    endloop
  endfacet
  facet normal 0.960888 0.276937 0
    outer loop
      vertex 19.524 12.962 2.4
      vertex 19.392 13.42 0
      vertex 19.392 13.42 2.4
    endloop
  endfacet
  facet normal 0.960888 0.276937 0
    outer loop
      vertex 19.392 13.42 0
      vertex 19.524 12.962 2.4
      vertex 19.524 12.962 0
    endloop
  endfacet
  facet normal 0.858415 0.512955 0
    outer loop
      vertex 19.392 13.42 2.4
      vertex 19.196 13.748 0
      vertex 19.196 13.748 2.4
    endloop
  endfacet
  facet normal 0.858415 0.512955 0
    outer loop
      vertex 19.196 13.748 0
      vertex 19.392 13.42 2.4
      vertex 19.392 13.42 0
    endloop
  endfacet
  facet normal 0.952882 0.30334 0
    outer loop
      vertex 19.196 13.748 2.4
      vertex 18.736 15.193 0
      vertex 18.736 15.193 2.4
    endloop
  endfacet
  facet normal 0.952882 0.30334 0
    outer loop
      vertex 18.736 15.193 0
      vertex 19.196 13.748 2.4
      vertex 19.196 13.748 0
    endloop
  endfacet
  facet normal 1 -0 0
    outer loop
      vertex 18.736 15.193 2.4
      vertex 18.736 15.456 0
      vertex 18.736 15.456 2.4
    endloop
  endfacet
  facet normal 1 0 0
    outer loop
      vertex 18.736 15.456 0
      vertex 18.736 15.193 2.4
      vertex 18.736 15.193 0
    endloop
  endfacet
  facet normal 0.463093 -0.886309 0
    outer loop
      vertex 18.736 15.456 0
      vertex 20.114 16.176 2.4
      vertex 18.736 15.456 2.4
    endloop
  endfacet
  facet normal 0.463093 -0.886309 0
    outer loop
      vertex 20.114 16.176 2.4
      vertex 18.736 15.456 0
      vertex 20.114 16.176 0
    endloop
  endfacet
  facet normal 0.524431 -0.851453 0
    outer loop
      vertex 20.114 16.176 0
      vertex 20.968 16.702 2.4
      vertex 20.114 16.176 2.4
    endloop
  endfacet
  facet normal 0.524431 -0.851453 0
    outer loop
      vertex 20.968 16.702 2.4
      vertex 20.114 16.176 0
      vertex 20.968 16.702 0
    endloop
  endfacet
  facet normal 0 -1 0
    outer loop
      vertex 20.968 16.702 0
      vertex 21.098 16.702 2.4
      vertex 20.968 16.702 2.4
    endloop
  endfacet
  facet normal 0 -1 -0
    outer loop
      vertex 21.098 16.702 2.4
      vertex 20.968 16.702 0
      vertex 21.098 16.702 0
    endloop
  endfacet
  facet normal 0.707107 -0.707107 0
    outer loop
      vertex 21.098 16.702 2.4
      vertex 21.23 16.834 0
      vertex 21.23 16.834 2.4
    endloop
  endfacet
  facet normal 0.707107 -0.707107 0
    outer loop
      vertex 21.23 16.834 0
      vertex 21.098 16.702 2.4
      vertex 21.098 16.702 0
    endloop
  endfacet
  facet normal 0.405277 -0.914194 0
    outer loop
      vertex 21.23 16.834 0
      vertex 21.821 17.096 2.4
      vertex 21.23 16.834 2.4
    endloop
  endfacet
  facet normal 0.405277 -0.914194 0
    outer loop
      vertex 21.821 17.096 2.4
      vertex 21.23 16.834 0
      vertex 21.821 17.096 0
    endloop
  endfacet
  facet normal 0.704392 -0.709811 0
    outer loop
      vertex 21.821 17.096 0
      vertex 21.952 17.226 2.4
      vertex 21.821 17.096 2.4
    endloop
  endfacet
  facet normal 0.704392 -0.709811 0
    outer loop
      vertex 21.952 17.226 2.4
      vertex 21.821 17.096 0
      vertex 21.952 17.226 0
    endloop
  endfacet
  facet normal 0.407858 -0.913045 0
    outer loop
      vertex 21.952 17.226 0
      vertex 22.543 17.49 2.4
      vertex 21.952 17.226 2.4
    endloop
  endfacet
  facet normal 0.407858 -0.913045 0
    outer loop
      vertex 22.543 17.49 2.4
      vertex 21.952 17.226 0
      vertex 22.543 17.49 0
    endloop
  endfacet
  facet normal 0.523428 -0.85207 0
    outer loop
      vertex 22.543 17.49 0
      vertex 23.396 18.014 2.4
      vertex 22.543 17.49 2.4
    endloop
  endfacet
  facet normal 0.523428 -0.85207 0
    outer loop
      vertex 23.396 18.014 2.4
      vertex 22.543 17.49 0
      vertex 23.396 18.014 0
    endloop
  endfacet
  facet normal 0 -1 0
    outer loop
      vertex 23.396 18.014 0
      vertex 23.526 18.014 2.4
      vertex 23.396 18.014 2.4
    endloop
  endfacet
  facet normal 0 -1 -0
    outer loop
      vertex 23.526 18.014 2.4
      vertex 23.396 18.014 0
      vertex 23.526 18.014 0
    endloop
  endfacet
  facet normal 0.524431 -0.851453 0
    outer loop
      vertex 23.526 18.014 0
      vertex 24.38 18.54 2.4
      vertex 23.526 18.014 2.4
    endloop
  endfacet
  facet normal 0.524431 -0.851453 0
    outer loop
      vertex 24.38 18.54 2.4
      vertex 23.526 18.014 0
      vertex 24.38 18.54 0
    endloop
  endfacet
  facet normal 0 -1 0
    outer loop
      vertex 24.38 18.54 0
      vertex 24.511 18.54 2.4
      vertex 24.38 18.54 2.4
    endloop
  endfacet
  facet normal 0 -1 -0
    outer loop
      vertex 24.511 18.54 2.4
      vertex 24.38 18.54 0
      vertex 24.511 18.54 0
    endloop
  endfacet
  facet normal 0.5547 -0.83205 0
    outer loop
      vertex 24.511 18.54 0
      vertex 25.102 18.934 2.4
      vertex 24.511 18.54 2.4
    endloop
  endfacet
  facet normal 0.5547 -0.83205 0
    outer loop
      vertex 25.102 18.934 2.4
      vertex 24.511 18.54 0
      vertex 25.102 18.934 0
    endloop
  endfacet
  facet normal 0 -1 0
    outer loop
      vertex 25.102 18.934 0
      vertex 25.234 18.934 2.4
      vertex 25.102 18.934 2.4
    endloop
  endfacet
  facet normal 0 -1 -0
    outer loop
      vertex 25.234 18.934 2.4
      vertex 25.102 18.934 0
      vertex 25.234 18.934 0
    endloop
  endfacet
  facet normal 0.707107 -0.707107 0
    outer loop
      vertex 25.234 18.934 2.4
      vertex 25.365 19.065 0
      vertex 25.365 19.065 2.4
    endloop
  endfacet
  facet normal 0.707107 -0.707107 0
    outer loop
      vertex 25.365 19.065 0
      vertex 25.234 18.934 2.4
      vertex 25.234 18.934 0
    endloop
  endfacet
  facet normal 0.446532 -0.894768 0
    outer loop
      vertex 25.365 19.065 0
      vertex 25.89 19.327 2.4
      vertex 25.365 19.065 2.4
    endloop
  endfacet
  facet normal 0.446532 -0.894768 0
    outer loop
      vertex 25.89 19.327 2.4
      vertex 25.365 19.065 0
      vertex 25.89 19.327 0
    endloop
  endfacet
  facet normal 0 -1 0
    outer loop
      vertex 25.89 19.327 0
      vertex 26.02 19.327 2.4
      vertex 25.89 19.327 2.4
    endloop
  endfacet
  facet normal 0 -1 -0
    outer loop
      vertex 26.02 19.327 2.4
      vertex 25.89 19.327 0
      vertex 26.02 19.327 0
    endloop
  endfacet
  facet normal -0.89306 -0.449938 0
    outer loop
      vertex 26.086 19.196 0
      vertex 26.02 19.327 2.4
      vertex 26.02 19.327 0
    endloop
  endfacet
  facet normal -0.89306 -0.449938 0
    outer loop
      vertex 26.02 19.327 2.4
      vertex 26.086 19.196 0
      vertex 26.086 19.196 2.4
    endloop
  endfacet
  facet normal -0.997431 -0.0716327 0
    outer loop
      vertex 26.152 18.277 0
      vertex 26.086 19.196 2.4
      vertex 26.086 19.196 0
    endloop
  endfacet
  facet normal -0.997431 -0.0716327 0
    outer loop
      vertex 26.086 19.196 2.4
      vertex 26.152 18.277 0
      vertex 26.152 18.277 2.4
    endloop
  endfacet
  facet normal -0.959352 -0.282213 0
    outer loop
      vertex 26.48 17.162 0
      vertex 26.152 18.277 2.4
      vertex 26.152 18.277 0
    endloop
  endfacet
  facet normal -0.959352 -0.282213 0
    outer loop
      vertex 26.152 18.277 2.4
      vertex 26.48 17.162 0
      vertex 26.48 17.162 2.4
    endloop
  endfacet
  facet normal -0.894971 -0.446125 0
    outer loop
      vertex 26.808 16.504 0
      vertex 26.48 17.162 2.4
      vertex 26.48 17.162 0
    endloop
  endfacet
  facet normal -0.894971 -0.446125 0
    outer loop
      vertex 26.48 17.162 2.4
      vertex 26.808 16.504 0
      vertex 26.808 16.504 2.4
    endloop
  endfacet
  facet normal -0.813013 -0.582245 0
    outer loop
      vertex 27.136 16.046 0
      vertex 26.808 16.504 2.4
      vertex 26.808 16.504 0
    endloop
  endfacet
  facet normal -0.813013 -0.582245 0
    outer loop
      vertex 26.808 16.504 2.4
      vertex 27.136 16.046 0
      vertex 27.136 16.046 2.4
    endloop
  endfacet
  facet normal -0.707107 -0.707107 0
    outer loop
      vertex 27.136 16.046 0
      vertex 27.596 15.586 2.4
      vertex 27.136 16.046 2.4
    endloop
  endfacet
  facet normal -0.707107 -0.707107 -0
    outer loop
      vertex 27.596 15.586 2.4
      vertex 27.136 16.046 0
      vertex 27.596 15.586 0
    endloop
  endfacet
  facet normal -0.537859 -0.843035 0
    outer loop
      vertex 27.596 15.586 0
      vertex 28.317 15.126 2.4
      vertex 27.596 15.586 2.4
    endloop
  endfacet
  facet normal -0.537859 -0.843035 -0
    outer loop
      vertex 28.317 15.126 2.4
      vertex 27.596 15.586 0
      vertex 28.317 15.126 0
    endloop
  endfacet
  facet normal -0.312618 -0.949879 0
    outer loop
      vertex 28.317 15.126 0
      vertex 28.712 14.996 2.4
      vertex 28.317 15.126 2.4
    endloop
  endfacet
  facet normal -0.312618 -0.949879 -0
    outer loop
      vertex 28.712 14.996 2.4
      vertex 28.317 15.126 0
      vertex 28.712 14.996 0
    endloop
  endfacet
  facet normal 0 -1 0
    outer loop
      vertex 28.712 14.996 0
      vertex 29.106 14.996 2.4
      vertex 28.712 14.996 2.4
    endloop
  endfacet
  facet normal 0 -1 -0
    outer loop
      vertex 29.106 14.996 2.4
      vertex 28.712 14.996 0
      vertex 29.106 14.996 0
    endloop
  endfacet
  facet normal -0.712484 -0.701689 0
    outer loop
      vertex 29.171 14.93 0
      vertex 29.106 14.996 2.4
      vertex 29.106 14.996 0
    endloop
  endfacet
  facet normal -0.712484 -0.701689 0
    outer loop
      vertex 29.106 14.996 2.4
      vertex 29.171 14.93 0
      vertex 29.171 14.93 2.4
    endloop
  endfacet
  facet normal 0.0716327 -0.997431 0
    outer loop
      vertex 29.171 14.93 0
      vertex 30.09 14.996 2.4
      vertex 29.171 14.93 2.4
    endloop
  endfacet
  facet normal 0.0716327 -0.997431 0
    outer loop
      vertex 30.09 14.996 2.4
      vertex 29.171 14.93 0
      vertex 30.09 14.996 0
    endloop
  endfacet
  facet normal 0.550783 -0.834648 0
    outer loop
      vertex 30.09 14.996 0
      vertex 30.287 15.126 2.4
      vertex 30.09 14.996 2.4
    endloop
  endfacet
  facet normal 0.550783 -0.834648 0
    outer loop
      vertex 30.287 15.126 2.4
      vertex 30.09 14.996 0
      vertex 30.287 15.126 0
    endloop
  endfacet
  facet normal 0.278312 -0.960491 0
    outer loop
      vertex 30.287 15.126 0
      vertex 30.746 15.259 2.4
      vertex 30.287 15.126 2.4
    endloop
  endfacet
  facet normal 0.278312 -0.960491 0
    outer loop
      vertex 30.746 15.259 2.4
      vertex 30.287 15.126 0
      vertex 30.746 15.259 0
    endloop
  endfacet
  facet normal 0.553724 -0.8327 0
    outer loop
      vertex 30.746 15.259 0
      vertex 31.14 15.521 2.4
      vertex 30.746 15.259 2.4
    endloop
  endfacet
  facet normal 0.553724 -0.8327 0
    outer loop
      vertex 31.14 15.521 2.4
      vertex 30.746 15.259 0
      vertex 31.14 15.521 0
    endloop
  endfacet
  facet normal 0.739661 -0.672979 0
    outer loop
      vertex 31.14 15.521 2.4
      vertex 31.796 16.242 0
      vertex 31.796 16.242 2.4
    endloop
  endfacet
  facet normal 0.739661 -0.672979 0
    outer loop
      vertex 31.796 16.242 0
      vertex 31.14 15.521 2.4
      vertex 31.14 15.521 0
    endloop
  endfacet
  facet normal 0.923216 -0.384283 0
    outer loop
      vertex 31.796 16.242 2.4
      vertex 32.124 17.03 0
      vertex 32.124 17.03 2.4
    endloop
  endfacet
  facet normal 0.923216 -0.384283 0
    outer loop
      vertex 32.124 17.03 0
      vertex 31.796 16.242 2.4
      vertex 31.796 16.242 0
    endloop
  endfacet
  facet normal 1 -0 0
    outer loop
      vertex 32.124 17.03 2.4
      vertex 32.124 18.146 0
      vertex 32.124 18.146 2.4
    endloop
  endfacet
  facet normal 1 0 0
    outer loop
      vertex 32.124 18.146 0
      vertex 32.124 17.03 2.4
      vertex 32.124 17.03 0
    endloop
  endfacet
  facet normal 0.936256 0.351319 0
    outer loop
      vertex 32.124 18.146 2.4
      vertex 31.73 19.196 0
      vertex 31.73 19.196 2.4
    endloop
  endfacet
  facet normal 0.936256 0.351319 0
    outer loop
      vertex 31.73 19.196 0
      vertex 32.124 18.146 2.4
      vertex 32.124 18.146 0
    endloop
  endfacet
  facet normal 0.822123 0.56931 0
    outer loop
      vertex 31.73 19.196 2.4
      vertex 31.14 20.048 0
      vertex 31.14 20.048 2.4
    endloop
  endfacet
  facet normal 0.822123 0.56931 0
    outer loop
      vertex 31.14 20.048 0
      vertex 31.73 19.196 2.4
      vertex 31.73 19.196 0
    endloop
  endfacet
  facet normal 0.768541 0.639801 0
    outer loop
      vertex 31.14 20.048 2.4
      vertex 30.484 20.836 0
      vertex 30.484 20.836 2.4
    endloop
  endfacet
  facet normal 0.768541 0.639801 0
    outer loop
      vertex 30.484 20.836 0
      vertex 31.14 20.048 2.4
      vertex 31.14 20.048 0
    endloop
  endfacet
  facet normal 0.707107 0.707107 -0
    outer loop
      vertex 30.484 20.836 0
      vertex 28.121 23.199 2.4
      vertex 30.484 20.836 2.4
    endloop
  endfacet
  facet normal 0.707107 0.707107 0
    outer loop
      vertex 28.121 23.199 2.4
      vertex 30.484 20.836 0
      vertex 28.121 23.199 0
    endloop
  endfacet
  facet normal 0.660607 0.750732 -0
    outer loop
      vertex 28.121 23.199 0
      vertex 26.48 24.643 2.4
      vertex 28.121 23.199 2.4
    endloop
  endfacet
  facet normal 0.660607 0.750732 0
    outer loop
      vertex 26.48 24.643 2.4
      vertex 28.121 23.199 0
      vertex 26.48 24.643 0
    endloop
  endfacet
  facet normal 0.62987 0.776701 -0
    outer loop
      vertex 26.48 24.643 0
      vertex 24.052 26.612 2.4
      vertex 26.48 24.643 2.4
    endloop
  endfacet
  facet normal 0.62987 0.776701 0
    outer loop
      vertex 24.052 26.612 2.4
      vertex 26.48 24.643 0
      vertex 24.052 26.612 0
    endloop
  endfacet
  facet normal 0.603645 0.797253 -0
    outer loop
      vertex 24.052 26.612 0
      vertex 21.886 28.252 2.4
      vertex 24.052 26.612 2.4
    endloop
  endfacet
  facet normal 0.603645 0.797253 0
    outer loop
      vertex 21.886 28.252 2.4
      vertex 24.052 26.612 0
      vertex 21.886 28.252 0
    endloop
  endfacet
  facet normal 0.563124 0.826373 -0
    outer loop
      vertex 21.886 28.252 0
      vertex 18.998 30.22 2.4
      vertex 21.886 28.252 2.4
    endloop
  endfacet
  facet normal 0.563124 0.826373 0
    outer loop
      vertex 18.998 30.22 2.4
      vertex 21.886 28.252 0
      vertex 18.998 30.22 0
    endloop
  endfacet
  facet normal 0.710687 0.703508 0
    outer loop
      vertex 18.998 30.22 2.4
      vertex 18.802 30.418 0
      vertex 18.802 30.418 2.4
    endloop
  endfacet
  facet normal 0.710687 0.703508 0
    outer loop
      vertex 18.802 30.418 0
      vertex 18.998 30.22 2.4
      vertex 18.998 30.22 0
    endloop
  endfacet
  facet normal 1 -0 0
    outer loop
      vertex 18.802 30.418 2.4
      vertex 18.802 36.062 0
      vertex 18.802 36.062 2.4
    endloop
  endfacet
  facet normal 1 0 0
    outer loop
      vertex 18.802 36.062 0
      vertex 18.802 30.418 2.4
      vertex 18.802 30.418 0
    endloop
  endfacet
  facet normal 0.696146 -0.7179 0
    outer loop
      vertex 18.802 36.062 0
      vertex 18.868 36.126 2.4
      vertex 18.802 36.062 2.4
    endloop
  endfacet
  facet normal 0.696146 -0.7179 0
    outer loop
      vertex 18.868 36.126 2.4
      vertex 18.802 36.062 0
      vertex 18.868 36.126 0
    endloop
  endfacet
  facet normal 0 -1 0
    outer loop
      vertex 18.868 36.126 0
      vertex 41.902 36.126 2.4
      vertex 18.868 36.126 2.4
    endloop
  endfacet
  facet normal 0 -1 -0
    outer loop
      vertex 41.902 36.126 2.4
      vertex 18.868 36.126 0
      vertex 41.902 36.126 0
    endloop
  endfacet
  facet normal -1 0 0
    outer loop
      vertex 41.902 27.53 0
      vertex 41.902 36.126 2.4
      vertex 41.902 36.126 0
    endloop
  endfacet
  facet normal -1 -0 0
    outer loop
      vertex 41.902 36.126 2.4
      vertex 41.902 27.53 0
      vertex 41.902 27.53 2.4
    endloop
  endfacet
  facet normal -1 0 0
    outer loop
      vertex -1.60799 6.924 0
      vertex -1.60799 16.44 2.4
      vertex -1.60799 16.44 0
    endloop
  endfacet
  facet normal -1 -0 0
    outer loop
      vertex -1.60799 16.44 2.4
      vertex -1.60799 6.924 0
      vertex -1.60799 6.924 2.4
    endloop
  endfacet
  facet normal -0.558629 0.829417 0
    outer loop
      vertex -1.60799 6.924 0
      vertex -1.80399 6.79199 2.4
      vertex -1.60799 6.924 2.4
    endloop
  endfacet
  facet normal -0.558629 0.829417 0
    outer loop
      vertex -1.80399 6.79199 2.4
      vertex -1.60799 6.924 0
      vertex -1.80399 6.79199 0
    endloop
  endfacet
  facet normal 0 1 -0
    outer loop
      vertex -1.80399 6.79199 0
      vertex -4.758 6.79199 2.4
      vertex -1.80399 6.79199 2.4
    endloop
  endfacet
  facet normal 0 1 0
    outer loop
      vertex -4.758 6.79199 2.4
      vertex -1.80399 6.79199 0
      vertex -4.758 6.79199 0
    endloop
  endfacet
  facet normal 0.449966 0.893046 -0
    outer loop
      vertex -4.758 6.79199 0
      vertex -4.88899 6.85799 2.4
      vertex -4.758 6.79199 2.4
    endloop
  endfacet
  facet normal 0.449966 0.893046 0
    outer loop
      vertex -4.88899 6.85799 2.4
      vertex -4.758 6.79199 0
      vertex -4.88899 6.85799 0
    endloop
  endfacet
  facet normal 1 -0 0
    outer loop
      vertex -4.88899 6.85799 2.4
      vertex -4.88899 10.402 0
      vertex -4.88899 10.402 2.4
    endloop
  endfacet
  facet normal 1 0 0
    outer loop
      vertex -4.88899 10.402 0
      vertex -4.88899 6.85799 2.4
      vertex -4.88899 6.85799 0
    endloop
  endfacet
  facet normal 0.5586 0.829437 -0
    outer loop
      vertex -4.88899 10.402 0
      vertex -5.08499 10.534 2.4
      vertex -4.88899 10.402 2.4
    endloop
  endfacet
  facet normal 0.5586 0.829437 0
    outer loop
      vertex -5.08499 10.534 2.4
      vertex -4.88899 10.402 0
      vertex -5.08499 10.534 0
    endloop
  endfacet
  facet normal -0.511615 0.859215 0
    outer loop
      vertex -5.08499 10.534 0
      vertex -10.926 7.056 2.4
      vertex -5.08499 10.534 2.4
    endloop
  endfacet
  facet normal -0.511615 0.859215 0
    outer loop
      vertex -10.926 7.056 2.4
      vertex -5.08499 10.534 0
      vertex -10.926 7.056 0
    endloop
  endfacet
  facet normal -0.581752 0.813367 0
    outer loop
      vertex -10.926 7.056 0
      vertex -11.386 6.72699 2.4
      vertex -10.926 7.056 2.4
    endloop
  endfacet
  facet normal -0.581752 0.813367 0
    outer loop
      vertex -11.386 6.72699 2.4
      vertex -10.926 7.056 0
      vertex -11.386 6.72699 0
    endloop
  endfacet
  facet normal 0.447214 0.894427 -0
    outer loop
      vertex -11.386 6.72699 0
      vertex -11.516 6.79199 2.4
      vertex -11.386 6.72699 2.4
    endloop
  endfacet
  facet normal 0.447214 0.894427 0
    outer loop
      vertex -11.516 6.79199 2.4
      vertex -11.386 6.72699 0
      vertex -11.516 6.79199 0
    endloop
  endfacet
  facet normal 1 -0 0
    outer loop
      vertex -11.516 6.79199 2.4
      vertex -11.516 16.374 0
      vertex -11.516 16.374 2.4
    endloop
  endfacet
  facet normal 1 0 0
    outer loop
      vertex -11.516 16.374 0
      vertex -11.516 6.79199 2.4
      vertex -11.516 6.79199 0
    endloop
  endfacet
  facet normal 0.7179 -0.696146 0
    outer loop
      vertex -11.516 16.374 2.4
      vertex -11.452 16.44 0
      vertex -11.452 16.44 2.4
    endloop
  endfacet
  facet normal 0.7179 -0.696146 0
    outer loop
      vertex -11.452 16.44 0
      vertex -11.516 16.374 2.4
      vertex -11.516 16.374 0
    endloop
  endfacet
  facet normal 0 -1 0
    outer loop
      vertex -11.452 16.44 0
      vertex -8.30099 16.44 2.4
      vertex -11.452 16.44 2.4
    endloop
  endfacet
  facet normal 0 -1 -0
    outer loop
      vertex -8.30099 16.44 2.4
      vertex -11.452 16.44 0
      vertex -8.30099 16.44 0
    endloop
  endfacet
  facet normal -0.712484 -0.701689 0
    outer loop
      vertex -8.23599 16.374 0
      vertex -8.30099 16.44 2.4
      vertex -8.30099 16.44 0
    endloop
  endfacet
  facet normal -0.712484 -0.701689 0
    outer loop
      vertex -8.30099 16.44 2.4
      vertex -8.23599 16.374 0
      vertex -8.23599 16.374 2.4
    endloop
  endfacet
  facet normal -1 0 0
    outer loop
      vertex -8.23599 12.83 0
      vertex -8.23599 16.374 2.4
      vertex -8.23599 16.374 0
    endloop
  endfacet
  facet normal -1 -0 0
    outer loop
      vertex -8.23599 16.374 2.4
      vertex -8.23599 12.83 0
      vertex -8.23599 12.83 2.4
    endloop
  endfacet
  facet normal -0.707134 -0.70708 0
    outer loop
      vertex -8.105 12.699 0
      vertex -8.23599 12.83 2.4
      vertex -8.23599 12.83 0
    endloop
  endfacet
  facet normal -0.707134 -0.70708 0
    outer loop
      vertex -8.23599 12.83 2.4
      vertex -8.105 12.699 0
      vertex -8.105 12.699 2.4
    endloop
  endfacet
  facet normal 0.504903 -0.863176 0
    outer loop
      vertex -8.105 12.699 0
      vertex -4.62599 14.734 2.4
      vertex -8.105 12.699 2.4
    endloop
  endfacet
  facet normal 0.504903 -0.863176 0
    outer loop
      vertex -4.62599 14.734 2.4
      vertex -8.105 12.699 0
      vertex -4.62599 14.734 0
    endloop
  endfacet
  facet normal 0.624114 -0.781333 0
    outer loop
      vertex -4.62599 14.734 0
      vertex -4.29799 14.996 2.4
      vertex -4.62599 14.734 2.4
    endloop
  endfacet
  facet normal 0.624114 -0.781333 0
    outer loop
      vertex -4.29799 14.996 2.4
      vertex -4.62599 14.734 0
      vertex -4.29799 14.996 0
    endloop
  endfacet
  facet normal 0.507698 -0.861535 0
    outer loop
      vertex -4.29799 14.996 0
      vertex -1.739 16.504 2.4
      vertex -4.29799 14.996 2.4
    endloop
  endfacet
  facet normal 0.507698 -0.861535 0
    outer loop
      vertex -1.739 16.504 2.4
      vertex -4.29799 14.996 0
      vertex -1.739 16.504 0
    endloop
  endfacet
  facet normal -0.438937 -0.898518 0
    outer loop
      vertex -1.739 16.504 0
      vertex -1.60799 16.44 2.4
      vertex -1.739 16.504 2.4
    endloop
  endfacet
  facet normal -0.438937 -0.898518 -0
    outer loop
      vertex -1.60799 16.44 2.4
      vertex -1.739 16.504 0
      vertex -1.60799 16.44 0
    endloop
  endfacet
  facet normal -1 0 0
    outer loop
      vertex -24.444 14.274 0
      vertex -24.444 16.374 2.4
      vertex -24.444 16.374 0
    endloop
  endfacet
  facet normal -1 -0 0
    outer loop
      vertex -24.444 16.374 2.4
      vertex -24.444 14.274 0
      vertex -24.444 14.274 2.4
    endloop
  endfacet
  facet normal -0.707107 0.707107 0
    outer loop
      vertex -24.444 14.274 0
      vertex -24.51 14.208 2.4
      vertex -24.444 14.274 2.4
    endloop
  endfacet
  facet normal -0.707107 0.707107 0
    outer loop
      vertex -24.51 14.208 2.4
      vertex -24.444 14.274 0
      vertex -24.51 14.208 0
    endloop
  endfacet
  facet normal 0 1 -0
    outer loop
      vertex -24.51 14.208 0
      vertex -28.252 14.208 2.4
      vertex -24.51 14.208 2.4
    endloop
  endfacet
  facet normal 0 1 0
    outer loop
      vertex -28.252 14.208 2.4
      vertex -24.51 14.208 0
      vertex -28.252 14.208 0
    endloop
  endfacet
  facet normal -0.555679 0.831397 0
    outer loop
      vertex -28.252 14.208 0
      vertex -28.448 14.077 2.4
      vertex -28.252 14.208 2.4
    endloop
  endfacet
  facet normal -0.555679 0.831397 0
    outer loop
      vertex -28.448 14.077 2.4
      vertex -28.252 14.208 0
      vertex -28.448 14.077 0
    endloop
  endfacet
  facet normal -1 0 0
    outer loop
      vertex -28.448 6.85799 0
      vertex -28.448 14.077 2.4
      vertex -28.448 14.077 0
    endloop
  endfacet
  facet normal -1 -0 0
    outer loop
      vertex -28.448 14.077 2.4
      vertex -28.448 6.85799 0
      vertex -28.448 6.85799 2.4
    endloop
  endfacet
  facet normal -0.707107 0.707107 0
    outer loop
      vertex -28.514 6.79199 0
      vertex -28.448 6.85799 2.4
      vertex -28.448 6.85799 0
    endloop
  endfacet
  facet normal -0.707107 0.707107 0
    outer loop
      vertex -28.448 6.85799 2.4
      vertex -28.514 6.79199 0
      vertex -28.514 6.79199 2.4
    endloop
  endfacet
  facet normal 0 1 -0
    outer loop
      vertex -28.514 6.79199 0
      vertex -31.598 6.79199 2.4
      vertex -28.514 6.79199 2.4
    endloop
  endfacet
  facet normal 0 1 0
    outer loop
      vertex -31.598 6.79199 2.4
      vertex -28.514 6.79199 0
      vertex -31.598 6.79199 0
    endloop
  endfacet
  facet normal 0.709817 0.704386 0
    outer loop
      vertex -31.598 6.79199 2.4
      vertex -31.729 6.924 0
      vertex -31.729 6.924 2.4
    endloop
  endfacet
  facet normal 0.709817 0.704386 0
    outer loop
      vertex -31.729 6.924 0
      vertex -31.598 6.79199 2.4
      vertex -31.598 6.79199 0
    endloop
  endfacet
  facet normal 1 -0 0
    outer loop
      vertex -31.729 6.924 2.4
      vertex -31.729 16.374 0
      vertex -31.729 16.374 2.4
    endloop
  endfacet
  facet normal 1 0 0
    outer loop
      vertex -31.729 16.374 0
      vertex -31.729 6.924 2.4
      vertex -31.729 6.924 0
    endloop
  endfacet
  facet normal 0.712484 -0.701689 0
    outer loop
      vertex -31.729 16.374 2.4
      vertex -31.664 16.44 0
      vertex -31.664 16.44 2.4
    endloop
  endfacet
  facet normal 0.712484 -0.701689 0
    outer loop
      vertex -31.664 16.44 0
      vertex -31.729 16.374 2.4
      vertex -31.729 16.374 0
    endloop
  endfacet
  facet normal 0 -1 0
    outer loop
      vertex -31.664 16.44 0
      vertex -24.51 16.44 2.4
      vertex -31.664 16.44 2.4
    endloop
  endfacet
  facet normal 0 -1 -0
    outer loop
      vertex -24.51 16.44 2.4
      vertex -31.664 16.44 0
      vertex -24.51 16.44 0
    endloop
  endfacet
  facet normal -0.707107 -0.707107 0
    outer loop
      vertex -24.51 16.44 0
      vertex -24.444 16.374 2.4
      vertex -24.51 16.44 2.4
    endloop
  endfacet
  facet normal -0.707107 -0.707107 -0
    outer loop
      vertex -24.444 16.374 2.4
      vertex -24.51 16.44 0
      vertex -24.444 16.374 0
    endloop
  endfacet
  facet normal -1 0 0
    outer loop
      vertex -38.094 14.012 0
      vertex -38.094 16.374 2.4
      vertex -38.094 16.374 0
    endloop
  endfacet
  facet normal -1 -0 0
    outer loop
      vertex -38.094 16.374 2.4
      vertex -38.094 14.012 0
      vertex -38.094 14.012 2.4
    endloop
  endfacet
  facet normal -0.708904 -0.705305 0
    outer loop
      vertex -37.898 13.815 0
      vertex -38.094 14.012 2.4
      vertex -38.094 14.012 0
    endloop
  endfacet
  facet normal -0.708904 -0.705305 0
    outer loop
      vertex -38.094 14.012 2.4
      vertex -37.898 13.815 0
      vertex -37.898 13.815 2.4
    endloop
  endfacet
  facet normal 0 -1 0
    outer loop
      vertex -37.898 13.815 0
      vertex -36.06 13.815 2.4
      vertex -37.898 13.815 2.4
    endloop
  endfacet
  facet normal 0 -1 -0
    outer loop
      vertex -36.06 13.815 2.4
      vertex -37.898 13.815 0
      vertex -36.06 13.815 0
    endloop
  endfacet
  facet normal -0.370902 -0.928672 0
    outer loop
      vertex -36.06 13.815 0
      vertex -35.732 13.684 2.4
      vertex -36.06 13.815 2.4
    endloop
  endfacet
  facet normal -0.370902 -0.928672 -0
    outer loop
      vertex -35.732 13.684 2.4
      vertex -36.06 13.815 0
      vertex -35.732 13.684 0
    endloop
  endfacet
  facet normal 0 -1 0
    outer loop
      vertex -35.732 13.684 0
      vertex -35.47 13.684 2.4
      vertex -35.732 13.684 2.4
    endloop
  endfacet
  facet normal 0 -1 -0
    outer loop
      vertex -35.47 13.684 2.4
      vertex -35.732 13.684 0
      vertex -35.47 13.684 0
    endloop
  endfacet
  facet normal -0.343414 -0.939184 0
    outer loop
      vertex -35.47 13.684 0
      vertex -34.748 13.42 2.4
      vertex -35.47 13.684 2.4
    endloop
  endfacet
  facet normal -0.343414 -0.939184 -0
    outer loop
      vertex -34.748 13.42 2.4
      vertex -35.47 13.684 0
      vertex -34.748 13.42 0
    endloop
  endfacet
  facet normal -0.522983 -0.852343 0
    outer loop
      vertex -34.748 13.42 0
      vertex -33.894 12.896 2.4
      vertex -34.748 13.42 2.4
    endloop
  endfacet
  facet normal -0.522983 -0.852343 -0
    outer loop
      vertex -33.894 12.896 2.4
      vertex -34.748 13.42 0
      vertex -33.894 12.896 0
    endloop
  endfacet
  facet normal -0.740126 -0.672469 0
    outer loop
      vertex -33.238 12.174 0
      vertex -33.894 12.896 2.4
      vertex -33.894 12.896 0
    endloop
  endfacet
  facet normal -0.740126 -0.672469 0
    outer loop
      vertex -33.894 12.896 2.4
      vertex -33.238 12.174 0
      vertex -33.238 12.174 2.4
    endloop
  endfacet
  facet normal -0.874017 -0.485894 0
    outer loop
      vertex -32.91 11.584 0
      vertex -33.238 12.174 2.4
      vertex -33.238 12.174 0
    endloop
  endfacet
  facet normal -0.874017 -0.485894 0
    outer loop
      vertex -33.238 12.174 2.4
      vertex -32.91 11.584 0
      vertex -32.91 11.584 2.4
    endloop
  endfacet
  facet normal -0.949643 -0.313334 0
    outer loop
      vertex -32.78 11.19 0
      vertex -32.91 11.584 2.4
      vertex -32.91 11.584 0
    endloop
  endfacet
  facet normal -0.949643 -0.313334 0
    outer loop
      vertex -32.91 11.584 2.4
      vertex -32.78 11.19 0
      vertex -32.78 11.19 2.4
    endloop
  endfacet
  facet normal -1 0 0
    outer loop
      vertex -32.78 10.926 0
      vertex -32.78 11.19 2.4
      vertex -32.78 11.19 0
    endloop
  endfacet
  facet normal -1 -0 0
    outer loop
      vertex -32.78 11.19 2.4
      vertex -32.78 10.926 0
      vertex -32.78 10.926 2.4
    endloop
  endfacet
  facet normal -0.690732 -0.72311 0
    outer loop
      vertex -32.78 10.926 0
      vertex -32.713 10.862 2.4
      vertex -32.78 10.926 2.4
    endloop
  endfacet
  facet normal -0.690732 -0.72311 -0
    outer loop
      vertex -32.713 10.862 2.4
      vertex -32.78 10.926 0
      vertex -32.713 10.862 0
    endloop
  endfacet
  facet normal -1 0 0
    outer loop
      vertex -32.713 9.67999 0
      vertex -32.713 10.862 2.4
      vertex -32.713 10.862 0
    endloop
  endfacet
  facet normal -1 -0 0
    outer loop
      vertex -32.713 10.862 2.4
      vertex -32.713 9.67999 0
      vertex -32.713 9.67999 2.4
    endloop
  endfacet
  facet normal -0.701716 0.712456 0
    outer loop
      vertex -32.713 9.67999 0
      vertex -32.78 9.614 2.4
      vertex -32.713 9.67999 2.4
    endloop
  endfacet
  facet normal -0.701716 0.712456 0
    outer loop
      vertex -32.78 9.614 2.4
      vertex -32.713 9.67999 0
      vertex -32.78 9.614 0
    endloop
  endfacet
  facet normal -1 0 0
    outer loop
      vertex -32.78 9.35199 0
      vertex -32.78 9.614 2.4
      vertex -32.78 9.614 0
    endloop
  endfacet
  facet normal -1 -0 0
    outer loop
      vertex -32.78 9.614 2.4
      vertex -32.78 9.35199 0
      vertex -32.78 9.35199 2.4
    endloop
  endfacet
  facet normal -0.918938 0.394402 0
    outer loop
      vertex -33.174 8.43399 0
      vertex -32.78 9.35199 2.4
      vertex -32.78 9.35199 0
    endloop
  endfacet
  facet normal -0.918938 0.394402 0
    outer loop
      vertex -32.78 9.35199 2.4
      vertex -33.174 8.43399 0
      vertex -33.174 8.43399 2.4
    endloop
  endfacet
  facet normal -0.744026 0.668151 0
    outer loop
      vertex -33.764 7.77699 0
      vertex -33.174 8.43399 2.4
      vertex -33.174 8.43399 0
    endloop
  endfacet
  facet normal -0.744026 0.668151 0
    outer loop
      vertex -33.174 8.43399 2.4
      vertex -33.764 7.77699 0
      vertex -33.764 7.77699 2.4
    endloop
  endfacet
  facet normal -0.536497 0.843902 0
    outer loop
      vertex -33.764 7.77699 0
      vertex -34.486 7.31799 2.4
      vertex -33.764 7.77699 2.4
    endloop
  endfacet
  facet normal -0.536497 0.843902 0
    outer loop
      vertex -34.486 7.31799 2.4
      vertex -33.764 7.77699 0
      vertex -34.486 7.31799 0
    endloop
  endfacet
  facet normal -0.341522 0.939874 0
    outer loop
      vertex -34.486 7.31799 0
      vertex -35.207 7.056 2.4
      vertex -34.486 7.31799 2.4
    endloop
  endfacet
  facet normal -0.341522 0.939874 0
    outer loop
      vertex -35.207 7.056 2.4
      vertex -34.486 7.31799 0
      vertex -35.207 7.056 0
    endloop
  endfacet
  facet normal -0.196977 0.980408 0
    outer loop
      vertex -35.207 7.056 0
      vertex -35.864 6.924 2.4
      vertex -35.207 7.056 2.4
    endloop
  endfacet
  facet normal -0.196977 0.980408 0
    outer loop
      vertex -35.864 6.924 2.4
      vertex -35.207 7.056 0
      vertex -35.864 6.924 0
    endloop
  endfacet
  facet normal 0.996511 0.0834652 0
    outer loop
      vertex -35.864 6.924 2.4
      vertex -35.93 7.71199 0
      vertex -35.93 7.71199 2.4
    endloop
  endfacet
  facet normal 0.996511 0.0834652 0
    outer loop
      vertex -35.93 7.71199 0
      vertex -35.864 6.924 2.4
      vertex -35.864 6.924 0
    endloop
  endfacet
  facet normal 0.712567 0.701604 0
    outer loop
      vertex -35.93 7.71199 2.4
      vertex -35.994 7.77699 0
      vertex -35.994 7.77699 2.4
    endloop
  endfacet
  facet normal 0.712567 0.701604 0
    outer loop
      vertex -35.994 7.77699 0
      vertex -35.93 7.71199 2.4
      vertex -35.93 7.71199 0
    endloop
  endfacet
  facet normal 1 -0 0
    outer loop
      vertex -35.994 7.77699 2.4
      vertex -35.994 8.30199 0
      vertex -35.994 8.30199 2.4
    endloop
  endfacet
  facet normal 1 0 0
    outer loop
      vertex -35.994 8.30199 0
      vertex -35.994 7.77699 2.4
      vertex -35.994 7.77699 0
    endloop
  endfacet
  facet normal 0.70716 0.707053 0
    outer loop
      vertex -35.994 8.30199 2.4
      vertex -36.06 8.368 0
      vertex -36.06 8.368 2.4
    endloop
  endfacet
  facet normal 0.70716 0.707053 0
    outer loop
      vertex -36.06 8.368 0
      vertex -35.994 8.30199 2.4
      vertex -35.994 8.30199 0
    endloop
  endfacet
  facet normal 1 -0 0
    outer loop
      vertex -36.06 8.368 2.4
      vertex -36.06 8.827 0
      vertex -36.06 8.827 2.4
    endloop
  endfacet
  facet normal 1 0 0
    outer loop
      vertex -36.06 8.827 0
      vertex -36.06 8.368 2.4
      vertex -36.06 8.368 0
    endloop
  endfacet
  facet normal 0.961048 0.27638 0
    outer loop
      vertex -36.06 8.827 2.4
      vertex -36.192 9.286 0
      vertex -36.192 9.286 2.4
    endloop
  endfacet
  facet normal 0.961048 0.27638 0
    outer loop
      vertex -36.192 9.286 0
      vertex -36.06 8.827 2.4
      vertex -36.06 8.827 0
    endloop
  endfacet
  facet normal 1 -0 0
    outer loop
      vertex -36.192 9.286 2.4
      vertex -36.192 9.48399 0
      vertex -36.192 9.48399 2.4
    endloop
  endfacet
  facet normal 1 0 0
    outer loop
      vertex -36.192 9.48399 0
      vertex -36.192 9.286 2.4
      vertex -36.192 9.286 0
    endloop
  endfacet
  facet normal 0.701716 -0.712457 0
    outer loop
      vertex -36.192 9.48399 0
      vertex -36.06 9.614 2.4
      vertex -36.192 9.48399 2.4
    endloop
  endfacet
  facet normal 0.701716 -0.712457 0
    outer loop
      vertex -36.06 9.614 2.4
      vertex -36.192 9.48399 0
      vertex -36.06 9.614 0
    endloop
  endfacet
  facet normal 0.919971 -0.391987 0
    outer loop
      vertex -36.06 9.614 2.4
      vertex -35.864 10.074 0
      vertex -35.864 10.074 2.4
    endloop
  endfacet
  facet normal 0.919971 -0.391987 0
    outer loop
      vertex -35.864 10.074 0
      vertex -36.06 9.614 2.4
      vertex -36.06 9.614 0
    endloop
  endfacet
  facet normal 0.994977 0.100104 0
    outer loop
      vertex -35.864 10.074 2.4
      vertex -35.93 10.73 0
      vertex -35.93 10.73 2.4
    endloop
  endfacet
  facet normal 0.994977 0.100104 0
    outer loop
      vertex -35.93 10.73 0
      vertex -35.864 10.074 2.4
      vertex -35.864 10.074 0
    endloop
  endfacet
  facet normal 0.895791 0.444476 0
    outer loop
      vertex -35.93 10.73 2.4
      vertex -36.06 10.992 0
      vertex -36.06 10.992 2.4
    endloop
  endfacet
  facet normal 0.895791 0.444476 0
    outer loop
      vertex -36.06 10.992 0
      vertex -35.93 10.73 2.4
      vertex -35.93 10.73 0
    endloop
  endfacet
  facet normal 0.601217 0.799086 -0
    outer loop
      vertex -36.06 10.992 0
      vertex -36.585 11.387 2.4
      vertex -36.06 10.992 2.4
    endloop
  endfacet
  facet normal 0.601217 0.799086 0
    outer loop
      vertex -36.585 11.387 2.4
      vertex -36.06 10.992 0
      vertex -36.585 11.387 0
    endloop
  endfacet
  facet normal 0.122871 0.992423 -0
    outer loop
      vertex -36.585 11.387 0
      vertex -37.11 11.452 2.4
      vertex -36.585 11.387 2.4
    endloop
  endfacet
  facet normal 0.122871 0.992423 0
    outer loop
      vertex -37.11 11.452 2.4
      vertex -36.585 11.387 0
      vertex -37.11 11.452 0
    endloop
  endfacet
  facet normal 0.707107 0.707107 -0
    outer loop
      vertex -37.11 11.452 0
      vertex -37.176 11.518 2.4
      vertex -37.11 11.452 2.4
    endloop
  endfacet
  facet normal 0.707107 0.707107 0
    outer loop
      vertex -37.176 11.518 2.4
      vertex -37.11 11.452 0
      vertex -37.176 11.518 0
    endloop
  endfacet
  facet normal 0 1 -0
    outer loop
      vertex -37.176 11.518 0
      vertex -37.898 11.518 2.4
      vertex -37.176 11.518 2.4
    endloop
  endfacet
  facet normal 0 1 0
    outer loop
      vertex -37.898 11.518 2.4
      vertex -37.176 11.518 0
      vertex -37.898 11.518 0
    endloop
  endfacet
  facet normal -0.708904 0.705305 0
    outer loop
      vertex -38.094 11.321 0
      vertex -37.898 11.518 2.4
      vertex -37.898 11.518 0
    endloop
  endfacet
  facet normal -0.708904 0.705305 0
    outer loop
      vertex -37.898 11.518 2.4
      vertex -38.094 11.321 0
      vertex -38.094 11.321 2.4
    endloop
  endfacet
  facet normal -1 0 0
    outer loop
      vertex -38.094 9.48399 0
      vertex -38.094 11.321 2.4
      vertex -38.094 11.321 0
    endloop
  endfacet
  facet normal -1 -0 0
    outer loop
      vertex -38.094 11.321 2.4
      vertex -38.094 9.48399 0
      vertex -38.094 9.48399 2.4
    endloop
  endfacet
  facet normal -0.948198 0.317679 0
    outer loop
      vertex -38.226 9.09 0
      vertex -38.094 9.48399 2.4
      vertex -38.094 9.48399 0
    endloop
  endfacet
  facet normal -0.948198 0.317679 0
    outer loop
      vertex -38.094 9.48399 2.4
      vertex -38.226 9.09 0
      vertex -38.226 9.09 2.4
    endloop
  endfacet
  facet normal -0.70716 -0.707053 0
    outer loop
      vertex -38.16 9.02399 0
      vertex -38.226 9.09 2.4
      vertex -38.226 9.09 0
    endloop
  endfacet
  facet normal -0.70716 -0.707053 0
    outer loop
      vertex -38.226 9.09 2.4
      vertex -38.16 9.02399 0
      vertex -38.16 9.02399 2.4
    endloop
  endfacet
  facet normal -0.707107 0.707107 0
    outer loop
      vertex -38.16 9.02399 0
      vertex -38.226 8.95799 2.4
      vertex -38.16 9.02399 2.4
    endloop
  endfacet
  facet normal -0.707107 0.707107 0
    outer loop
      vertex -38.226 8.95799 2.4
      vertex -38.16 9.02399 0
      vertex -38.226 8.95799 0
    endloop
  endfacet
  facet normal -1 0 0
    outer loop
      vertex -38.226 8.76199 0
      vertex -38.226 8.95799 2.4
      vertex -38.226 8.95799 0
    endloop
  endfacet
  facet normal -1 -0 0
    outer loop
      vertex -38.226 8.95799 2.4
      vertex -38.226 8.76199 0
      vertex -38.226 8.76199 2.4
    endloop
  endfacet
  facet normal -0.707053 -0.70716 0
    outer loop
      vertex -38.226 8.76199 0
      vertex -38.16 8.696 2.4
      vertex -38.226 8.76199 2.4
    endloop
  endfacet
  facet normal -0.707053 -0.70716 -0
    outer loop
      vertex -38.16 8.696 2.4
      vertex -38.226 8.76199 0
      vertex -38.16 8.696 0
    endloop
  endfacet
  facet normal -1 0 0
    outer loop
      vertex -38.16 8.17099 0
      vertex -38.16 8.696 2.4
      vertex -38.16 8.696 0
    endloop
  endfacet
  facet normal -1 -0 0
    outer loop
      vertex -38.16 8.696 2.4
      vertex -38.16 8.17099 0
      vertex -38.16 8.17099 2.4
    endloop
  endfacet
  facet normal -0.701689 -0.712484 0
    outer loop
      vertex -38.16 8.17099 0
      vertex -38.094 8.10599 2.4
      vertex -38.16 8.17099 2.4
    endloop
  endfacet
  facet normal -0.701689 -0.712484 -0
    outer loop
      vertex -38.094 8.10599 2.4
      vertex -38.16 8.17099 0
      vertex -38.094 8.10599 0
    endloop
  endfacet
  facet normal -1 0 0
    outer loop
      vertex -38.094 7.57899 0
      vertex -38.094 8.10599 2.4
      vertex -38.094 8.10599 0
    endloop
  endfacet
  facet normal -1 -0 0
    outer loop
      vertex -38.094 8.10599 2.4
      vertex -38.094 7.57899 0
      vertex -38.094 7.57899 2.4
    endloop
  endfacet
  facet normal -0.707052 -0.707162 0
    outer loop
      vertex -38.03 7.515 0
      vertex -38.094 7.57899 2.4
      vertex -38.094 7.57899 0
    endloop
  endfacet
  facet normal -0.707052 -0.707162 0
    outer loop
      vertex -38.094 7.57899 2.4
      vertex -38.03 7.515 0
      vertex -38.03 7.515 2.4
    endloop
  endfacet
  facet normal -0.995734 -0.0922728 0
    outer loop
      vertex -37.963 6.79199 0
      vertex -38.03 7.515 2.4
      vertex -38.03 7.515 0
    endloop
  endfacet
  facet normal -0.995734 -0.0922728 0
    outer loop
      vertex -38.03 7.515 2.4
      vertex -37.963 6.79199 0
      vertex -37.963 6.79199 2.4
    endloop
  endfacet
  facet normal 0 1 -0
    outer loop
      vertex -37.963 6.79199 0
      vertex -41.244 6.79199 2.4
      vertex -37.963 6.79199 2.4
    endloop
  endfacet
  facet normal 0 1 0
    outer loop
      vertex -41.244 6.79199 2.4
      vertex -37.963 6.79199 0
      vertex -41.244 6.79199 0
    endloop
  endfacet
  facet normal 0.447214 0.894427 -0
    outer loop
      vertex -41.244 6.79199 0
      vertex -41.376 6.85799 2.4
      vertex -41.244 6.79199 2.4
    endloop
  endfacet
  facet normal 0.447214 0.894427 0
    outer loop
      vertex -41.376 6.85799 2.4
      vertex -41.244 6.79199 0
      vertex -41.376 6.85799 0
    endloop
  endfacet
  facet normal 1 -0 0
    outer loop
      vertex -41.376 6.85799 2.4
      vertex -41.376 16.374 0
      vertex -41.376 16.374 2.4
    endloop
  endfacet
  facet normal 1 0 0
    outer loop
      vertex -41.376 16.374 0
      vertex -41.376 6.85799 2.4
      vertex -41.376 6.85799 0
    endloop
  endfacet
  facet normal 0.707107 -0.707107 0
    outer loop
      vertex -41.376 16.374 2.4
      vertex -41.31 16.44 0
      vertex -41.31 16.44 2.4
    endloop
  endfacet
  facet normal 0.707107 -0.707107 0
    outer loop
      vertex -41.31 16.44 0
      vertex -41.376 16.374 2.4
      vertex -41.376 16.374 0
    endloop
  endfacet
  facet normal 0 -1 0
    outer loop
      vertex -41.31 16.44 0
      vertex -38.16 16.44 2.4
      vertex -41.31 16.44 2.4
    endloop
  endfacet
  facet normal 0 -1 -0
    outer loop
      vertex -38.16 16.44 2.4
      vertex -41.31 16.44 0
      vertex -38.16 16.44 0
    endloop
  endfacet
  facet normal -0.707107 -0.707107 0
    outer loop
      vertex -38.094 16.374 0
      vertex -38.16 16.44 2.4
      vertex -38.16 16.44 0
    endloop
  endfacet
  facet normal -0.707107 -0.707107 0
    outer loop
      vertex -38.16 16.44 2.4
      vertex -38.094 16.374 0
      vertex -38.094 16.374 2.4
    endloop
  endfacet
  facet normal -0.906418 -0.422382 0
    outer loop
      vertex -19.851 15.324 0
      vertex -20.31 16.309 2.4
      vertex -20.31 16.309 0
    endloop
  endfacet
  facet normal -0.906418 -0.422382 0
    outer loop
      vertex -20.31 16.309 2.4
      vertex -19.851 15.324 0
      vertex -19.851 15.324 2.4
    endloop
  endfacet
  facet normal -0.553724 -0.8327 0
    outer loop
      vertex -19.851 15.324 0
      vertex -19.654 15.193 2.4
      vertex -19.851 15.324 2.4
    endloop
  endfacet
  facet normal -0.553724 -0.8327 -0
    outer loop
      vertex -19.654 15.193 2.4
      vertex -19.851 15.324 0
      vertex -19.654 15.193 0
    endloop
  endfacet
  facet normal 0 -1 0
    outer loop
      vertex -19.654 15.193 0
      vertex -16.241 15.193 2.4
      vertex -19.654 15.193 2.4
    endloop
  endfacet
  facet normal 0 -1 -0
    outer loop
      vertex -16.241 15.193 2.4
      vertex -19.654 15.193 0
      vertex -16.241 15.193 0
    endloop
  endfacet
  facet normal 0.449938 -0.89306 0
    outer loop
      vertex -16.241 15.193 0
      vertex -16.11 15.259 2.4
      vertex -16.241 15.193 2.4
    endloop
  endfacet
  facet normal 0.449938 -0.89306 0
    outer loop
      vertex -16.11 15.259 2.4
      vertex -16.241 15.193 0
      vertex -16.11 15.259 0
    endloop
  endfacet
  facet normal 0.800733 -0.599022 0
    outer loop
      vertex -16.11 15.259 2.4
      vertex -15.914 15.521 0
      vertex -15.914 15.521 2.4
    endloop
  endfacet
  facet normal 0.800733 -0.599022 0
    outer loop
      vertex -15.914 15.521 0
      vertex -16.11 15.259 2.4
      vertex -16.11 15.259 0
    endloop
  endfacet
  facet normal 1 -0 0
    outer loop
      vertex -15.914 15.521 2.4
      vertex -15.914 15.652 0
      vertex -15.914 15.652 2.4
    endloop
  endfacet
  facet normal 1 0 0
    outer loop
      vertex -15.914 15.652 0
      vertex -15.914 15.521 2.4
      vertex -15.914 15.521 0
    endloop
  endfacet
  facet normal 0.707107 -0.707107 0
    outer loop
      vertex -15.914 15.652 2.4
      vertex -15.782 15.784 0
      vertex -15.782 15.784 2.4
    endloop
  endfacet
  facet normal 0.707107 -0.707107 0
    outer loop
      vertex -15.782 15.784 0
      vertex -15.914 15.652 2.4
      vertex -15.914 15.652 0
    endloop
  endfacet
  facet normal 1 -0 0
    outer loop
      vertex -15.782 15.784 2.4
      vertex -15.782 15.914 0
      vertex -15.782 15.914 2.4
    endloop
  endfacet
  facet normal 1 0 0
    outer loop
      vertex -15.782 15.914 0
      vertex -15.782 15.784 2.4
      vertex -15.782 15.784 0
    endloop
  endfacet
  facet normal 0.848542 -0.529129 0
    outer loop
      vertex -15.782 15.914 2.4
      vertex -15.454 16.44 0
      vertex -15.454 16.44 2.4
    endloop
  endfacet
  facet normal 0.848542 -0.529129 0
    outer loop
      vertex -15.454 16.44 0
      vertex -15.782 15.914 2.4
      vertex -15.782 15.914 0
    endloop
  endfacet
  facet normal 0 -1 0
    outer loop
      vertex -15.454 16.44 0
      vertex -12.304 16.44 2.4
      vertex -15.454 16.44 2.4
    endloop
  endfacet
  facet normal 0 -1 -0
    outer loop
      vertex -12.304 16.44 2.4
      vertex -15.454 16.44 0
      vertex -12.304 16.44 0
    endloop
  endfacet
  facet normal -1 0 0
    outer loop
      vertex -12.304 16.309 0
      vertex -12.304 16.44 2.4
      vertex -12.304 16.44 0
    endloop
  endfacet
  facet normal -1 -0 0
    outer loop
      vertex -12.304 16.44 2.4
      vertex -12.304 16.309 0
      vertex -12.304 16.309 2.4
    endloop
  endfacet
  facet normal -0.878081 0.478512 0
    outer loop
      vertex -12.698 15.586 0
      vertex -12.304 16.309 2.4
      vertex -12.304 16.309 0
    endloop
  endfacet
  facet normal -0.878081 0.478512 0
    outer loop
      vertex -12.304 16.309 2.4
      vertex -12.698 15.586 0
      vertex -12.698 15.586 2.4
    endloop
  endfacet
  facet normal -0.832213 0.554456 0
    outer loop
      vertex -13.223 14.798 0
      vertex -12.698 15.586 2.4
      vertex -12.698 15.586 0
    endloop
  endfacet
  facet normal -0.832213 0.554456 0
    outer loop
      vertex -12.698 15.586 2.4
      vertex -13.223 14.798 0
      vertex -13.223 14.798 2.4
    endloop
  endfacet
  facet normal -0.894427 0.447214 0
    outer loop
      vertex -13.616 14.012 0
      vertex -13.223 14.798 2.4
      vertex -13.223 14.798 0
    endloop
  endfacet
  facet normal -0.894427 0.447214 0
    outer loop
      vertex -13.223 14.798 2.4
      vertex -13.616 14.012 0
      vertex -13.616 14.012 2.4
    endloop
  endfacet
  facet normal -0.831725 0.555187 0
    outer loop
      vertex -14.142 13.224 0
      vertex -13.616 14.012 2.4
      vertex -13.616 14.012 0
    endloop
  endfacet
  facet normal -0.831725 0.555187 0
    outer loop
      vertex -13.616 14.012 2.4
      vertex -14.142 13.224 0
      vertex -14.142 13.224 2.4
    endloop
  endfacet
  facet normal -0.928672 0.370902 0
    outer loop
      vertex -14.273 12.896 0
      vertex -14.142 13.224 2.4
      vertex -14.142 13.224 0
    endloop
  endfacet
  facet normal -0.928672 0.370902 0
    outer loop
      vertex -14.142 13.224 2.4
      vertex -14.273 12.896 0
      vertex -14.273 12.896 2.4
    endloop
  endfacet
  facet normal -0.832213 0.554456 0
    outer loop
      vertex -14.798 12.108 0
      vertex -14.273 12.896 2.4
      vertex -14.273 12.896 0
    endloop
  endfacet
  facet normal -0.832213 0.554456 0
    outer loop
      vertex -14.273 12.896 2.4
      vertex -14.798 12.108 0
      vertex -14.798 12.108 2.4
    endloop
  endfacet
  facet normal -0.894654 0.446759 0
    outer loop
      vertex -15.191 11.321 0
      vertex -14.798 12.108 2.4
      vertex -14.798 12.108 0
    endloop
  endfacet
  facet normal -0.894654 0.446759 0
    outer loop
      vertex -14.798 12.108 2.4
      vertex -15.191 11.321 0
      vertex -15.191 11.321 2.4
    endloop
  endfacet
  facet normal -0.831888 0.554944 0
    outer loop
      vertex -15.716 10.534 0
      vertex -15.191 11.321 2.4
      vertex -15.191 11.321 0
    endloop
  endfacet
  facet normal -0.831888 0.554944 0
    outer loop
      vertex -15.191 11.321 2.4
      vertex -15.716 10.534 0
      vertex -15.716 10.534 2.4
    endloop
  endfacet
  facet normal -0.928477 0.371391 0
    outer loop
      vertex -15.848 10.204 0
      vertex -15.716 10.534 2.4
      vertex -15.716 10.534 0
    endloop
  endfacet
  facet normal -0.928477 0.371391 0
    outer loop
      vertex -15.716 10.534 2.4
      vertex -15.848 10.204 0
      vertex -15.848 10.204 2.4
    endloop
  endfacet
  facet normal -0.831073 0.556163 0
    outer loop
      vertex -16.374 9.418 0
      vertex -15.848 10.204 2.4
      vertex -15.848 10.204 0
    endloop
  endfacet
  facet normal -0.831073 0.556163 0
    outer loop
      vertex -15.848 10.204 2.4
      vertex -16.374 9.418 0
      vertex -16.374 9.418 2.4
    endloop
  endfacet
  facet normal -0.895337 0.44539 0
    outer loop
      vertex -16.766 8.62999 0
      vertex -16.374 9.418 2.4
      vertex -16.374 9.418 0
    endloop
  endfacet
  facet normal -0.895337 0.44539 0
    outer loop
      vertex -16.374 9.418 2.4
      vertex -16.766 8.62999 0
      vertex -16.766 8.62999 2.4
    endloop
  endfacet
  facet normal -0.854773 0.519002 0
    outer loop
      vertex -17.882 6.79199 0
      vertex -16.766 8.62999 2.4
      vertex -16.766 8.62999 0
    endloop
  endfacet
  facet normal -0.854773 0.519002 0
    outer loop
      vertex -16.766 8.62999 2.4
      vertex -17.882 6.79199 0
      vertex -17.882 6.79199 2.4
    endloop
  endfacet
  facet normal 0 1 -0
    outer loop
      vertex -17.882 6.79199 0
      vertex -18.014 6.79199 2.4
      vertex -17.882 6.79199 2.4
    endloop
  endfacet
  facet normal 0 1 0
    outer loop
      vertex -18.014 6.79199 2.4
      vertex -17.882 6.79199 0
      vertex -18.014 6.79199 0
    endloop
  endfacet
  facet normal 0.87285 0.487988 0
    outer loop
      vertex -18.014 6.79199 2.4
      vertex -18.932 8.43399 0
      vertex -18.932 8.43399 2.4
    endloop
  endfacet
  facet normal 0.87285 0.487988 0
    outer loop
      vertex -18.932 8.43399 0
      vertex -18.014 6.79199 2.4
      vertex -18.014 6.79199 0
    endloop
  endfacet
  facet normal 0.8314 0.555675 0
    outer loop
      vertex -18.932 8.43399 2.4
      vertex -19.458 9.22099 0
      vertex -19.458 9.22099 2.4
    endloop
  endfacet
  facet normal 0.8314 0.555675 0
    outer loop
      vertex -19.458 9.22099 0
      vertex -18.932 8.43399 2.4
      vertex -18.932 8.43399 0
    endloop
  endfacet
  facet normal 0.929259 0.36943 0
    outer loop
      vertex -19.458 9.22099 2.4
      vertex -19.588 9.54799 0
      vertex -19.588 9.54799 2.4
    endloop
  endfacet
  facet normal 0.929259 0.36943 0
    outer loop
      vertex -19.588 9.54799 0
      vertex -19.458 9.22099 2.4
      vertex -19.458 9.22099 0
    endloop
  endfacet
  facet normal 0.831729 0.555182 0
    outer loop
      vertex -19.588 9.54799 2.4
      vertex -20.114 10.336 0
      vertex -20.114 10.336 2.4
    endloop
  endfacet
  facet normal 0.831729 0.555182 0
    outer loop
      vertex -20.114 10.336 0
      vertex -19.588 9.54799 2.4
      vertex -19.588 9.54799 0
    endloop
  endfacet
  facet normal 0.894427 0.447214 0
    outer loop
      vertex -20.114 10.336 2.4
      vertex -20.508 11.124 0
      vertex -20.508 11.124 2.4
    endloop
  endfacet
  facet normal 0.894427 0.447214 0
    outer loop
      vertex -20.508 11.124 0
      vertex -20.114 10.336 2.4
      vertex -20.114 10.336 0
    endloop
  endfacet
  facet normal 0.8327 0.553724 0
    outer loop
      vertex -20.508 11.124 2.4
      vertex -21.032 11.912 0
      vertex -21.032 11.912 2.4
    endloop
  endfacet
  facet normal 0.8327 0.553724 0
    outer loop
      vertex -21.032 11.912 0
      vertex -20.508 11.124 2.4
      vertex -20.508 11.124 0
    endloop
  endfacet
  facet normal 0.927694 0.37334 0
    outer loop
      vertex -21.032 11.912 2.4
      vertex -21.164 12.24 0
      vertex -21.164 12.24 2.4
    endloop
  endfacet
  facet normal 0.927694 0.37334 0
    outer loop
      vertex -21.164 12.24 0
      vertex -21.032 11.912 2.4
      vertex -21.032 11.912 0
    endloop
  endfacet
  facet normal 0.832376 0.554212 0
    outer loop
      vertex -21.164 12.24 2.4
      vertex -21.688 13.027 0
      vertex -21.688 13.027 2.4
    endloop
  endfacet
  facet normal 0.832376 0.554212 0
    outer loop
      vertex -21.688 13.027 0
      vertex -21.164 12.24 2.4
      vertex -21.164 12.24 0
    endloop
  endfacet
  facet normal 0.894427 0.447214 0
    outer loop
      vertex -21.688 13.027 2.4
      vertex -22.082 13.815 0
      vertex -22.082 13.815 2.4
    endloop
  endfacet
  facet normal 0.894427 0.447214 0
    outer loop
      vertex -22.082 13.815 0
      vertex -21.688 13.027 2.4
      vertex -21.688 13.027 0
    endloop
  endfacet
  facet normal 0.855428 0.517922 0
    outer loop
      vertex -22.082 13.815 2.4
      vertex -23.592 16.309 0
      vertex -23.592 16.309 2.4
    endloop
  endfacet
  facet normal 0.855428 0.517922 0
    outer loop
      vertex -23.592 16.309 0
      vertex -22.082 13.815 2.4
      vertex -22.082 13.815 0
    endloop
  endfacet
  facet normal 1 -0 0
    outer loop
      vertex -23.592 16.309 2.4
      vertex -23.592 16.44 0
      vertex -23.592 16.44 2.4
    endloop
  endfacet
  facet normal 1 0 0
    outer loop
      vertex -23.592 16.44 0
      vertex -23.592 16.309 2.4
      vertex -23.592 16.309 0
    endloop
  endfacet
  facet normal 0 -1 0
    outer loop
      vertex -23.592 16.44 0
      vertex -20.441 16.44 2.4
      vertex -23.592 16.44 2.4
    endloop
  endfacet
  facet normal 0 -1 -0
    outer loop
      vertex -20.441 16.44 2.4
      vertex -23.592 16.44 0
      vertex -20.441 16.44 0
    endloop
  endfacet
  facet normal -0.707107 -0.707107 0
    outer loop
      vertex -20.31 16.309 0
      vertex -20.441 16.44 2.4
      vertex -20.441 16.44 0
    endloop
  endfacet
  facet normal -0.707107 -0.707107 0
    outer loop
      vertex -20.441 16.44 2.4
      vertex -20.31 16.309 0
      vertex -20.31 16.309 2.4
    endloop
  endfacet
  facet normal -1 0 0
    outer loop
      vertex 6.66199 14.274 0
      vertex 6.66199 16.374 2.4
      vertex 6.66199 16.374 0
    endloop
  endfacet
  facet normal -1 -0 0
    outer loop
      vertex 6.66199 16.374 2.4
      vertex 6.66199 14.274 0
      vertex 6.66199 14.274 2.4
    endloop
  endfacet
  facet normal -0.707107 0.707107 0
    outer loop
      vertex 6.59599 14.208 0
      vertex 6.66199 14.274 2.4
      vertex 6.66199 14.274 0
    endloop
  endfacet
  facet normal -0.707107 0.707107 0
    outer loop
      vertex 6.66199 14.274 2.4
      vertex 6.59599 14.208 0
      vertex 6.59599 14.208 2.4
    endloop
  endfacet
  facet normal 0 1 -0
    outer loop
      vertex 6.59599 14.208 0
      vertex 2.855 14.208 2.4
      vertex 6.59599 14.208 2.4
    endloop
  endfacet
  facet normal 0 1 0
    outer loop
      vertex 2.855 14.208 2.4
      vertex 6.59599 14.208 0
      vertex 2.855 14.208 0
    endloop
  endfacet
  facet normal -0.555679 0.831397 0
    outer loop
      vertex 2.855 14.208 0
      vertex 2.659 14.077 2.4
      vertex 2.855 14.208 2.4
    endloop
  endfacet
  facet normal -0.555679 0.831397 0
    outer loop
      vertex 2.659 14.077 2.4
      vertex 2.855 14.208 0
      vertex 2.659 14.077 0
    endloop
  endfacet
  facet normal -1 0 0
    outer loop
      vertex 2.659 12.896 0
      vertex 2.659 14.077 2.4
      vertex 2.659 14.077 0
    endloop
  endfacet
  facet normal -1 -0 0
    outer loop
      vertex 2.659 14.077 2.4
      vertex 2.659 12.896 0
      vertex 2.659 12.896 2.4
    endloop
  endfacet
  facet normal -0.707134 -0.70708 0
    outer loop
      vertex 2.78999 12.765 0
      vertex 2.659 12.896 2.4
      vertex 2.659 12.896 0
    endloop
  endfacet
  facet normal -0.707134 -0.70708 0
    outer loop
      vertex 2.659 12.896 2.4
      vertex 2.78999 12.765 0
      vertex 2.78999 12.765 2.4
    endloop
  endfacet
  facet normal 0 -1 0
    outer loop
      vertex 2.78999 12.765 0
      vertex 6.59599 12.765 2.4
      vertex 2.78999 12.765 2.4
    endloop
  endfacet
  facet normal 0 -1 -0
    outer loop
      vertex 6.59599 12.765 2.4
      vertex 2.78999 12.765 0
      vertex 6.59599 12.765 0
    endloop
  endfacet
  facet normal -0.707107 -0.707107 0
    outer loop
      vertex 6.66199 12.699 0
      vertex 6.59599 12.765 2.4
      vertex 6.59599 12.765 0
    endloop
  endfacet
  facet normal -0.707107 -0.707107 0
    outer loop
      vertex 6.59599 12.765 2.4
      vertex 6.66199 12.699 0
      vertex 6.66199 12.699 2.4
    endloop
  endfacet
  facet normal -1 0 0
    outer loop
      vertex 6.66199 10.599 0
      vertex 6.66199 12.699 2.4
      vertex 6.66199 12.699 0
    endloop
  endfacet
  facet normal -1 -0 0
    outer loop
      vertex 6.66199 12.699 2.4
      vertex 6.66199 10.599 0
      vertex 6.66199 10.599 2.4
    endloop
  endfacet
  facet normal -0.701689 0.712484 0
    outer loop
      vertex 6.66199 10.599 0
      vertex 6.59599 10.534 2.4
      vertex 6.66199 10.599 2.4
    endloop
  endfacet
  facet normal -0.701689 0.712484 0
    outer loop
      vertex 6.59599 10.534 2.4
      vertex 6.66199 10.599 0
      vertex 6.59599 10.534 0
    endloop
  endfacet
  facet normal 0 1 -0
    outer loop
      vertex 6.59599 10.534 0
      vertex 2.855 10.534 2.4
      vertex 6.59599 10.534 2.4
    endloop
  endfacet
  facet normal 0 1 0
    outer loop
      vertex 2.855 10.534 2.4
      vertex 6.59599 10.534 0
      vertex 2.855 10.534 0
    endloop
  endfacet
  facet normal -0.5586 0.829437 0
    outer loop
      vertex 2.855 10.534 0
      vertex 2.659 10.402 2.4
      vertex 2.855 10.534 2.4
    endloop
  endfacet
  facet normal -0.5586 0.829437 0
    outer loop
      vertex 2.659 10.402 2.4
      vertex 2.855 10.534 0
      vertex 2.659 10.402 0
    endloop
  endfacet
  facet normal -1 0 0
    outer loop
      vertex 2.659 9.22099 0
      vertex 2.659 10.402 2.4
      vertex 2.659 10.402 0
    endloop
  endfacet
  facet normal -1 -0 0
    outer loop
      vertex 2.659 10.402 2.4
      vertex 2.659 9.22099 0
      vertex 2.659 9.22099 2.4
    endloop
  endfacet
  facet normal -0.707107 -0.707107 0
    outer loop
      vertex 2.78999 9.09 0
      vertex 2.659 9.22099 2.4
      vertex 2.659 9.22099 0
    endloop
  endfacet
  facet normal -0.707107 -0.707107 0
    outer loop
      vertex 2.659 9.22099 2.4
      vertex 2.78999 9.09 0
      vertex 2.78999 9.09 2.4
    endloop
  endfacet
  facet normal 0 -1 0
    outer loop
      vertex 2.78999 9.09 0
      vertex 6.59599 9.09 2.4
      vertex 2.78999 9.09 2.4
    endloop
  endfacet
  facet normal 0 -1 -0
    outer loop
      vertex 6.59599 9.09 2.4
      vertex 2.78999 9.09 0
      vertex 6.59599 9.09 0
    endloop
  endfacet
  facet normal -0.70716 -0.707053 0
    outer loop
      vertex 6.66199 9.02399 0
      vertex 6.59599 9.09 2.4
      vertex 6.59599 9.09 0
    endloop
  endfacet
  facet normal -0.70716 -0.707053 0
    outer loop
      vertex 6.59599 9.09 2.4
      vertex 6.66199 9.02399 0
      vertex 6.66199 9.02399 2.4
    endloop
  endfacet
  facet normal -1 0 0
    outer loop
      vertex 6.66199 6.924 0
      vertex 6.66199 9.02399 2.4
      vertex 6.66199 9.02399 0
    endloop
  endfacet
  facet normal -1 -0 0
    outer loop
      vertex 6.66199 9.02399 2.4
      vertex 6.66199 6.924 0
      vertex 6.66199 6.924 2.4
    endloop
  endfacet
  facet normal -0.70446 0.709743 0
    outer loop
      vertex 6.66199 6.924 0
      vertex 6.52899 6.79199 2.4
      vertex 6.66199 6.924 2.4
    endloop
  endfacet
  facet normal -0.70446 0.709743 0
    outer loop
      vertex 6.52899 6.79199 2.4
      vertex 6.66199 6.924 0
      vertex 6.52899 6.79199 0
    endloop
  endfacet
  facet normal 0 1 -0
    outer loop
      vertex 6.52899 6.79199 0
      vertex -0.491989 6.79199 2.4
      vertex 6.52899 6.79199 2.4
    endloop
  endfacet
  facet normal 0 1 0
    outer loop
      vertex -0.491989 6.79199 2.4
      vertex 6.52899 6.79199 0
      vertex -0.491989 6.79199 0
    endloop
  endfacet
  facet normal 0.447203 0.894433 -0
    outer loop
      vertex -0.491989 6.79199 0
      vertex -0.623993 6.85799 2.4
      vertex -0.491989 6.79199 2.4
    endloop
  endfacet
  facet normal 0.447203 0.894433 0
    outer loop
      vertex -0.623993 6.85799 2.4
      vertex -0.491989 6.79199 0
      vertex -0.623993 6.85799 0
    endloop
  endfacet
  facet normal 1 -0 0
    outer loop
      vertex -0.623993 6.85799 2.4
      vertex -0.623993 16.374 0
      vertex -0.623993 16.374 2.4
    endloop
  endfacet
  facet normal 1 0 0
    outer loop
      vertex -0.623993 16.374 0
      vertex -0.623993 6.85799 2.4
      vertex -0.623993 6.85799 0
    endloop
  endfacet
  facet normal 0.701765 -0.712408 0
    outer loop
      vertex -0.623993 16.374 0
      vertex -0.556992 16.44 2.4
      vertex -0.623993 16.374 2.4
    endloop
  endfacet
  facet normal 0.701765 -0.712408 0
    outer loop
      vertex -0.556992 16.44 2.4
      vertex -0.623993 16.374 0
      vertex -0.556992 16.44 0
    endloop
  endfacet
  facet normal 0 -1 0
    outer loop
      vertex -0.556992 16.44 0
      vertex 6.59599 16.44 2.4
      vertex -0.556992 16.44 2.4
    endloop
  endfacet
  facet normal 0 -1 -0
    outer loop
      vertex 6.59599 16.44 2.4
      vertex -0.556992 16.44 0
      vertex 6.59599 16.44 0
    endloop
  endfacet
  facet normal -0.707107 -0.707107 0
    outer loop
      vertex 6.66199 16.374 0
      vertex 6.59599 16.44 2.4
      vertex 6.59599 16.44 0
    endloop
  endfacet
  facet normal -0.707107 -0.707107 0
    outer loop
      vertex 6.59599 16.44 2.4
      vertex 6.66199 16.374 0
      vertex 6.66199 16.374 2.4
    endloop
  endfacet
  facet normal -1 0 0
    outer loop
      vertex 13.815 9.22099 0
      vertex 13.815 16.374 2.4
      vertex 13.815 16.374 0
    endloop
  endfacet
  facet normal -1 -0 0
    outer loop
      vertex 13.815 16.374 2.4
      vertex 13.815 9.22099 0
      vertex 13.815 9.22099 2.4
    endloop
  endfacet
  facet normal -0.70708 -0.707134 0
    outer loop
      vertex 13.815 9.22099 0
      vertex 13.946 9.09 2.4
      vertex 13.815 9.22099 2.4
    endloop
  endfacet
  facet normal -0.70708 -0.707134 -0
    outer loop
      vertex 13.946 9.09 2.4
      vertex 13.815 9.22099 0
      vertex 13.946 9.09 0
    endloop
  endfacet
  facet normal 0 -1 0
    outer loop
      vertex 13.946 9.09 0
      vertex 14.273 9.09 2.4
      vertex 13.946 9.09 2.4
    endloop
  endfacet
  facet normal 0 -1 -0
    outer loop
      vertex 14.273 9.09 2.4
      vertex 13.946 9.09 0
      vertex 14.273 9.09 0
    endloop
  endfacet
  facet normal 0.701716 -0.712456 0
    outer loop
      vertex 14.273 9.09 0
      vertex 14.34 9.15599 2.4
      vertex 14.273 9.09 2.4
    endloop
  endfacet
  facet normal 0.701716 -0.712456 0
    outer loop
      vertex 14.34 9.15599 2.4
      vertex 14.273 9.09 0
      vertex 14.34 9.15599 0
    endloop
  endfacet
  facet normal 0.0618452 -0.998086 0
    outer loop
      vertex 14.34 9.15599 0
      vertex 15.389 9.22099 2.4
      vertex 14.34 9.15599 2.4
    endloop
  endfacet
  facet normal 0.0618452 -0.998086 0
    outer loop
      vertex 15.389 9.22099 2.4
      vertex 14.34 9.15599 0
      vertex 15.389 9.22099 0
    endloop
  endfacet
  facet normal 0.696368 -0.717685 0
    outer loop
      vertex 15.389 9.22099 0
      vertex 15.456 9.286 2.4
      vertex 15.389 9.22099 2.4
    endloop
  endfacet
  facet normal 0.696368 -0.717685 0
    outer loop
      vertex 15.456 9.286 2.4
      vertex 15.389 9.22099 0
      vertex 15.456 9.286 0
    endloop
  endfacet
  facet normal 0.0627834 -0.998027 0
    outer loop
      vertex 15.456 9.286 0
      vertex 16.505 9.35199 2.4
      vertex 15.456 9.286 2.4
    endloop
  endfacet
  facet normal 0.0627834 -0.998027 0
    outer loop
      vertex 16.505 9.35199 2.4
      vertex 15.456 9.286 0
      vertex 16.505 9.35199 0
    endloop
  endfacet
  facet normal 0.70716 -0.707053 0
    outer loop
      vertex 16.505 9.35199 2.4
      vertex 16.571 9.418 0
      vertex 16.571 9.418 2.4
    endloop
  endfacet
  facet normal 0.70716 -0.707053 0
    outer loop
      vertex 16.571 9.418 0
      vertex 16.505 9.35199 2.4
      vertex 16.505 9.35199 0
    endloop
  endfacet
  facet normal -0.70979 -0.704413 0
    outer loop
      vertex 16.702 9.286 0
      vertex 16.571 9.418 2.4
      vertex 16.571 9.418 0
    endloop
  endfacet
  facet normal -0.70979 -0.704413 0
    outer loop
      vertex 16.571 9.418 2.4
      vertex 16.702 9.286 0
      vertex 16.702 9.286 2.4
    endloop
  endfacet
  facet normal -1 0 0
    outer loop
      vertex 16.702 6.924 0
      vertex 16.702 9.286 2.4
      vertex 16.702 9.286 0
    endloop
  endfacet
  facet normal -1 -0 0
    outer loop
      vertex 16.702 9.286 2.4
      vertex 16.702 6.924 0
      vertex 16.702 6.924 2.4
    endloop
  endfacet
  facet normal -0.709817 0.704386 0
    outer loop
      vertex 16.571 6.79199 0
      vertex 16.702 6.924 2.4
      vertex 16.702 6.924 0
    endloop
  endfacet
  facet normal -0.709817 0.704386 0
    outer loop
      vertex 16.702 6.924 2.4
      vertex 16.571 6.79199 0
      vertex 16.571 6.79199 2.4
    endloop
  endfacet
  facet normal 0 1 -0
    outer loop
      vertex 16.571 6.79199 0
      vertex 7.77599 6.79199 2.4
      vertex 16.571 6.79199 2.4
    endloop
  endfacet
  facet normal 0 1 0
    outer loop
      vertex 7.77599 6.79199 2.4
      vertex 16.571 6.79199 0
      vertex 7.77599 6.79199 0
    endloop
  endfacet
  facet normal 0.709817 0.704386 0
    outer loop
      vertex 7.77599 6.79199 2.4
      vertex 7.64499 6.924 0
      vertex 7.64499 6.924 2.4
    endloop
  endfacet
  facet normal 0.709817 0.704386 0
    outer loop
      vertex 7.64499 6.924 0
      vertex 7.77599 6.79199 2.4
      vertex 7.77599 6.79199 0
    endloop
  endfacet
  facet normal 1 -0 0
    outer loop
      vertex 7.64499 6.924 2.4
      vertex 7.64499 9.35199 0
      vertex 7.64499 9.35199 2.4
    endloop
  endfacet
  facet normal 1 0 0
    outer loop
      vertex 7.64499 9.35199 0
      vertex 7.64499 6.924 2.4
      vertex 7.64499 6.924 0
    endloop
  endfacet
  facet normal 0 -1 0
    outer loop
      vertex 7.64499 9.35199 0
      vertex 8.368 9.35199 2.4
      vertex 7.64499 9.35199 2.4
    endloop
  endfacet
  facet normal 0 -1 -0
    outer loop
      vertex 8.368 9.35199 2.4
      vertex 7.64499 9.35199 0
      vertex 8.368 9.35199 0
    endloop
  endfacet
  facet normal -0.707107 -0.707107 0
    outer loop
      vertex 8.43399 9.286 0
      vertex 8.368 9.35199 2.4
      vertex 8.368 9.35199 0
    endloop
  endfacet
  facet normal -0.707107 -0.707107 0
    outer loop
      vertex 8.368 9.35199 2.4
      vertex 8.43399 9.286 0
      vertex 8.43399 9.286 2.4
    endloop
  endfacet
  facet normal -0.0659227 -0.997825 0
    outer loop
      vertex 8.43399 9.286 0
      vertex 9.418 9.22099 2.4
      vertex 8.43399 9.286 2.4
    endloop
  endfacet
  facet normal -0.0659227 -0.997825 -0
    outer loop
      vertex 9.418 9.22099 2.4
      vertex 8.43399 9.286 0
      vertex 9.418 9.22099 0
    endloop
  endfacet
  facet normal -0.701743 -0.712431 0
    outer loop
      vertex 9.418 9.22099 0
      vertex 9.48399 9.15599 2.4
      vertex 9.418 9.22099 2.4
    endloop
  endfacet
  facet normal -0.701743 -0.712431 -0
    outer loop
      vertex 9.48399 9.15599 2.4
      vertex 9.418 9.22099 0
      vertex 9.48399 9.15599 0
    endloop
  endfacet
  facet normal 0 -1 0
    outer loop
      vertex 9.48399 9.15599 0
      vertex 9.87599 9.15599 2.4
      vertex 9.48399 9.15599 2.4
    endloop
  endfacet
  facet normal 0 -1 -0
    outer loop
      vertex 9.87599 9.15599 2.4
      vertex 9.48399 9.15599 0
      vertex 9.87599 9.15599 0
    endloop
  endfacet
  facet normal -0.701716 -0.712456 0
    outer loop
      vertex 9.87599 9.15599 0
      vertex 9.94299 9.09 2.4
      vertex 9.87599 9.15599 2.4
    endloop
  endfacet
  facet normal -0.701716 -0.712456 -0
    outer loop
      vertex 9.94299 9.09 2.4
      vertex 9.87599 9.15599 0
      vertex 9.94299 9.09 0
    endloop
  endfacet
  facet normal 0 -1 0
    outer loop
      vertex 9.94299 9.09 0
      vertex 10.468 9.09 2.4
      vertex 9.94299 9.09 2.4
    endloop
  endfacet
  facet normal 0 -1 -0
    outer loop
      vertex 10.468 9.09 2.4
      vertex 9.94299 9.09 0
      vertex 10.468 9.09 0
    endloop
  endfacet
  facet normal 0.707053 -0.70716 0
    outer loop
      vertex 10.468 9.09 0
      vertex 10.534 9.15599 2.4
      vertex 10.468 9.09 2.4
    endloop
  endfacet
  facet normal 0.707053 -0.70716 0
    outer loop
      vertex 10.534 9.15599 2.4
      vertex 10.468 9.09 0
      vertex 10.534 9.15599 0
    endloop
  endfacet
  facet normal 1 -0 0
    outer loop
      vertex 10.534 9.15599 2.4
      vertex 10.534 16.374 0
      vertex 10.534 16.374 2.4
    endloop
  endfacet
  facet normal 1 0 0
    outer loop
      vertex 10.534 16.374 0
      vertex 10.534 9.15599 2.4
      vertex 10.534 9.15599 0
    endloop
  endfacet
  facet normal 0.712484 -0.701689 0
    outer loop
      vertex 10.534 16.374 2.4
      vertex 10.599 16.44 0
      vertex 10.599 16.44 2.4
    endloop
  endfacet
  facet normal 0.712484 -0.701689 0
    outer loop
      vertex 10.599 16.44 0
      vertex 10.534 16.374 2.4
      vertex 10.534 16.374 0
    endloop
  endfacet
  facet normal 0 -1 0
    outer loop
      vertex 10.599 16.44 0
      vertex 13.748 16.44 2.4
      vertex 10.599 16.44 2.4
    endloop
  endfacet
  facet normal 0 -1 -0
    outer loop
      vertex 13.748 16.44 2.4
      vertex 10.599 16.44 0
      vertex 13.748 16.44 0
    endloop
  endfacet
  facet normal -0.70177 -0.712403 0
    outer loop
      vertex 13.748 16.44 0
      vertex 13.815 16.374 2.4
      vertex 13.748 16.44 2.4
    endloop
  endfacet
  facet normal -0.70177 -0.712403 -0
    outer loop
      vertex 13.815 16.374 2.4
      vertex 13.748 16.44 0
      vertex 13.815 16.374 0
    endloop
  endfacet
  facet normal 0 -1 0
    outer loop
      vertex 8.105 36.52 0
      vertex 8.49799 36.52 2.4
      vertex 8.105 36.52 2.4
    endloop
  endfacet
  facet normal 0 -1 -0
    outer loop
      vertex 8.49799 36.52 2.4
      vertex 8.105 36.52 0
      vertex 8.49799 36.52 0
    endloop
  endfacet
  facet normal -0.367479 -0.930032 0
    outer loop
      vertex 8.49799 36.52 0
      vertex 8.827 36.39 2.4
      vertex 8.49799 36.52 2.4
    endloop
  endfacet
  facet normal -0.367479 -0.930032 -0
    outer loop
      vertex 8.827 36.39 2.4
      vertex 8.49799 36.52 0
      vertex 8.827 36.39 0
    endloop
  endfacet
  facet normal 0 -1 0
    outer loop
      vertex 8.827 36.39 0
      vertex 9.09 36.39 2.4
      vertex 8.827 36.39 2.4
    endloop
  endfacet
  facet normal 0 -1 -0
    outer loop
      vertex 9.09 36.39 2.4
      vertex 8.827 36.39 0
      vertex 9.09 36.39 0
    endloop
  endfacet
  facet normal -0.449952 -0.893053 0
    outer loop
      vertex 9.09 36.39 0
      vertex 9.35199 36.258 2.4
      vertex 9.09 36.39 2.4
    endloop
  endfacet
  facet normal -0.449952 -0.893053 -0
    outer loop
      vertex 9.35199 36.258 2.4
      vertex 9.09 36.39 0
      vertex 9.35199 36.258 0
    endloop
  endfacet
  facet normal 0 -1 0
    outer loop
      vertex 9.35199 36.258 0
      vertex 9.549 36.258 2.4
      vertex 9.35199 36.258 2.4
    endloop
  endfacet
  facet normal 0 -1 -0
    outer loop
      vertex 9.549 36.258 2.4
      vertex 9.35199 36.258 0
      vertex 9.549 36.258 0
    endloop
  endfacet
  facet normal -0.315866 -0.948804 0
    outer loop
      vertex 9.549 36.258 0
      vertex 10.336 35.996 2.4
      vertex 9.549 36.258 2.4
    endloop
  endfacet
  facet normal -0.315866 -0.948804 -0
    outer loop
      vertex 10.336 35.996 2.4
      vertex 9.549 36.258 0
      vertex 10.336 35.996 0
    endloop
  endfacet
  facet normal -0.494918 -0.86894 0
    outer loop
      vertex 10.336 35.996 0
      vertex 10.796 35.734 2.4
      vertex 10.336 35.996 2.4
    endloop
  endfacet
  facet normal -0.494918 -0.86894 -0
    outer loop
      vertex 10.796 35.734 2.4
      vertex 10.336 35.996 0
      vertex 10.796 35.734 0
    endloop
  endfacet
  facet normal 0 -1 0
    outer loop
      vertex 10.796 35.734 0
      vertex 10.927 35.734 2.4
      vertex 10.796 35.734 2.4
    endloop
  endfacet
  facet normal 0 -1 -0
    outer loop
      vertex 10.927 35.734 2.4
      vertex 10.796 35.734 0
      vertex 10.927 35.734 0
    endloop
  endfacet
  facet normal -0.447214 -0.894427 0
    outer loop
      vertex 10.927 35.734 0
      vertex 11.715 35.34 2.4
      vertex 10.927 35.734 2.4
    endloop
  endfacet
  facet normal -0.447214 -0.894427 -0
    outer loop
      vertex 11.715 35.34 2.4
      vertex 10.927 35.734 0
      vertex 11.715 35.34 0
    endloop
  endfacet
  facet normal -0.555351 -0.831616 0
    outer loop
      vertex 11.715 35.34 0
      vertex 12.895 34.552 2.4
      vertex 11.715 35.34 2.4
    endloop
  endfacet
  facet normal -0.555351 -0.831616 -0
    outer loop
      vertex 12.895 34.552 2.4
      vertex 11.715 35.34 0
      vertex 12.895 34.552 0
    endloop
  endfacet
  facet normal -0.657845 -0.753153 0
    outer loop
      vertex 12.895 34.552 0
      vertex 13.946 33.634 2.4
      vertex 12.895 34.552 2.4
    endloop
  endfacet
  facet normal -0.657845 -0.753153 -0
    outer loop
      vertex 13.946 33.634 2.4
      vertex 12.895 34.552 0
      vertex 13.946 33.634 0
    endloop
  endfacet
  facet normal -0.774339 -0.63277 0
    outer loop
      vertex 15.126 32.19 0
      vertex 13.946 33.634 2.4
      vertex 13.946 33.634 0
    endloop
  endfacet
  facet normal -0.774339 -0.63277 0
    outer loop
      vertex 13.946 33.634 2.4
      vertex 15.126 32.19 0
      vertex 15.126 32.19 2.4
    endloop
  endfacet
  facet normal -0.857262 -0.51488 0
    outer loop
      vertex 15.52 31.534 0
      vertex 15.126 32.19 2.4
      vertex 15.126 32.19 0
    endloop
  endfacet
  facet normal -0.857262 -0.51488 0
    outer loop
      vertex 15.126 32.19 2.4
      vertex 15.52 31.534 0
      vertex 15.52 31.534 2.4
    endloop
  endfacet
  facet normal -0.903502 -0.428584 0
    outer loop
      vertex 16.112 30.286 0
      vertex 15.52 31.534 2.4
      vertex 15.52 31.534 0
    endloop
  endfacet
  facet normal -0.903502 -0.428584 0
    outer loop
      vertex 15.52 31.534 2.4
      vertex 16.112 30.286 0
      vertex 16.112 30.286 2.4
    endloop
  endfacet
  facet normal -0.948522 -0.31671 0
    outer loop
      vertex 16.309 29.696 0
      vertex 16.112 30.286 2.4
      vertex 16.112 30.286 0
    endloop
  endfacet
  facet normal -0.948522 -0.31671 0
    outer loop
      vertex 16.112 30.286 2.4
      vertex 16.309 29.696 0
      vertex 16.309 29.696 2.4
    endloop
  endfacet
  facet normal -1 0 0
    outer loop
      vertex 16.309 29.498 0
      vertex 16.309 29.696 2.4
      vertex 16.309 29.696 0
    endloop
  endfacet
  facet normal -1 -0 0
    outer loop
      vertex 16.309 29.696 2.4
      vertex 16.309 29.498 0
      vertex 16.309 29.498 2.4
    endloop
  endfacet
  facet normal -0.894427 -0.447214 0
    outer loop
      vertex 16.44 29.236 0
      vertex 16.309 29.498 2.4
      vertex 16.309 29.498 0
    endloop
  endfacet
  facet normal -0.894427 -0.447214 0
    outer loop
      vertex 16.309 29.498 2.4
      vertex 16.44 29.236 0
      vertex 16.44 29.236 2.4
    endloop
  endfacet
  facet normal -1 0 0
    outer loop
      vertex 16.44 28.974 0
      vertex 16.44 29.236 2.4
      vertex 16.44 29.236 0
    endloop
  endfacet
  facet normal -1 -0 0
    outer loop
      vertex 16.44 29.236 2.4
      vertex 16.44 28.974 0
      vertex 16.44 28.974 2.4
    endloop
  endfacet
  facet normal -0.928672 -0.370902 0
    outer loop
      vertex 16.571 28.646 0
      vertex 16.44 28.974 2.4
      vertex 16.44 28.974 0
    endloop
  endfacet
  facet normal -0.928672 -0.370902 0
    outer loop
      vertex 16.44 28.974 2.4
      vertex 16.571 28.646 0
      vertex 16.571 28.646 2.4
    endloop
  endfacet
  facet normal -1 0 0
    outer loop
      vertex 16.571 28.252 0
      vertex 16.571 28.646 2.4
      vertex 16.571 28.646 0
    endloop
  endfacet
  facet normal -1 -0 0
    outer loop
      vertex 16.571 28.646 2.4
      vertex 16.571 28.252 0
      vertex 16.571 28.252 2.4
    endloop
  endfacet
  facet normal -0.707107 -0.707107 0
    outer loop
      vertex 16.636 28.187 0
      vertex 16.571 28.252 2.4
      vertex 16.571 28.252 0
    endloop
  endfacet
  facet normal -0.707107 -0.707107 0
    outer loop
      vertex 16.571 28.252 2.4
      vertex 16.636 28.187 0
      vertex 16.636 28.187 2.4
    endloop
  endfacet
  facet normal -0.999192 -0.0401869 0
    outer loop
      vertex 16.702 26.546 0
      vertex 16.636 28.187 2.4
      vertex 16.636 28.187 0
    endloop
  endfacet
  facet normal -0.999192 -0.0401869 0
    outer loop
      vertex 16.636 28.187 2.4
      vertex 16.702 26.546 0
      vertex 16.702 26.546 2.4
    endloop
  endfacet
  facet normal -0.707107 0.707107 0
    outer loop
      vertex 16.702 26.546 0
      vertex 16.636 26.48 2.4
      vertex 16.702 26.546 2.4
    endloop
  endfacet
  facet normal -0.707107 0.707107 0
    outer loop
      vertex 16.636 26.48 2.4
      vertex 16.702 26.546 0
      vertex 16.636 26.48 0
    endloop
  endfacet
  facet normal -0.997825 0.0659133 0
    outer loop
      vertex 16.571 25.496 0
      vertex 16.636 26.48 2.4
      vertex 16.636 26.48 0
    endloop
  endfacet
  facet normal -0.997825 0.0659133 0
    outer loop
      vertex 16.636 26.48 2.4
      vertex 16.571 25.496 0
      vertex 16.571 25.496 2.4
    endloop
  endfacet
  facet normal -0.707107 0.707107 0
    outer loop
      vertex 16.571 25.496 0
      vertex 16.505 25.43 2.4
      vertex 16.571 25.496 2.4
    endloop
  endfacet
  facet normal -0.707107 0.707107 0
    outer loop
      vertex 16.505 25.43 2.4
      vertex 16.571 25.496 0
      vertex 16.505 25.43 0
    endloop
  endfacet
  facet normal -0.980734 0.195349 0
    outer loop
      vertex 16.309 24.446 0
      vertex 16.505 25.43 2.4
      vertex 16.505 25.43 0
    endloop
  endfacet
  facet normal -0.980734 0.195349 0
    outer loop
      vertex 16.505 25.43 2.4
      vertex 16.309 24.446 0
      vertex 16.309 24.446 2.4
    endloop
  endfacet
  facet normal -0.83205 0.5547 0
    outer loop
      vertex 16.177 24.248 0
      vertex 16.309 24.446 2.4
      vertex 16.309 24.446 0
    endloop
  endfacet
  facet normal -0.83205 0.5547 0
    outer loop
      vertex 16.309 24.446 2.4
      vertex 16.177 24.248 0
      vertex 16.177 24.248 2.4
    endloop
  endfacet
  facet normal -1 0 0
    outer loop
      vertex 16.177 24.052 0
      vertex 16.177 24.248 2.4
      vertex 16.177 24.248 0
    endloop
  endfacet
  facet normal -1 -0 0
    outer loop
      vertex 16.177 24.248 2.4
      vertex 16.177 24.052 0
      vertex 16.177 24.052 2.4
    endloop
  endfacet
  facet normal -0.831397 0.555679 0
    outer loop
      vertex 16.046 23.856 0
      vertex 16.177 24.052 2.4
      vertex 16.177 24.052 0
    endloop
  endfacet
  facet normal -0.831397 0.555679 0
    outer loop
      vertex 16.177 24.052 2.4
      vertex 16.046 23.856 0
      vertex 16.046 23.856 2.4
    endloop
  endfacet
  facet normal -1 0 0
    outer loop
      vertex 16.046 23.724 0
      vertex 16.046 23.856 2.4
      vertex 16.046 23.856 0
    endloop
  endfacet
  facet normal -1 -0 0
    outer loop
      vertex 16.046 23.856 2.4
      vertex 16.046 23.724 0
      vertex 16.046 23.724 2.4
    endloop
  endfacet
  facet normal -0.893745 0.448576 0
    outer loop
      vertex 15.651 22.937 0
      vertex 16.046 23.724 2.4
      vertex 16.046 23.724 0
    endloop
  endfacet
  facet normal -0.893745 0.448576 0
    outer loop
      vertex 16.046 23.724 2.4
      vertex 15.651 22.937 0
      vertex 15.651 22.937 2.4
    endloop
  endfacet
  facet normal -0.851624 0.524153 0
    outer loop
      vertex 15.126 22.084 0
      vertex 15.651 22.937 2.4
      vertex 15.651 22.937 0
    endloop
  endfacet
  facet normal -0.851624 0.524153 0
    outer loop
      vertex 15.651 22.937 2.4
      vertex 15.126 22.084 0
      vertex 15.126 22.084 2.4
    endloop
  endfacet
  facet normal -0.790932 0.611904 0
    outer loop
      vertex 14.668 21.492 0
      vertex 15.126 22.084 2.4
      vertex 15.126 22.084 0
    endloop
  endfacet
  facet normal -0.790932 0.611904 0
    outer loop
      vertex 15.126 22.084 2.4
      vertex 14.668 21.492 0
      vertex 14.668 21.492 2.4
    endloop
  endfacet
  facet normal -0.706508 0.707705 0
    outer loop
      vertex 14.668 21.492 0
      vertex 13.486 20.312 2.4
      vertex 14.668 21.492 2.4
    endloop
  endfacet
  facet normal -0.706508 0.707705 0
    outer loop
      vertex 13.486 20.312 2.4
      vertex 14.668 21.492 0
      vertex 13.486 20.312 0
    endloop
  endfacet
  facet normal -0.57116 0.820839 0
    outer loop
      vertex 13.486 20.312 0
      vertex 11.977 19.262 2.4
      vertex 13.486 20.312 2.4
    endloop
  endfacet
  facet normal -0.57116 0.820839 0
    outer loop
      vertex 11.977 19.262 2.4
      vertex 13.486 20.312 0
      vertex 11.977 19.262 0
    endloop
  endfacet
  facet normal -0.429832 0.902909 0
    outer loop
      vertex 11.977 19.262 0
      vertex 10.599 18.606 2.4
      vertex 11.977 19.262 2.4
    endloop
  endfacet
  facet normal -0.429832 0.902909 0
    outer loop
      vertex 10.599 18.606 2.4
      vertex 11.977 19.262 0
      vertex 10.599 18.606 0
    endloop
  endfacet
  facet normal -0.318034 0.948079 0
    outer loop
      vertex 10.599 18.606 0
      vertex 9.812 18.342 2.4
      vertex 10.599 18.606 2.4
    endloop
  endfacet
  facet normal -0.318034 0.948079 0
    outer loop
      vertex 9.812 18.342 2.4
      vertex 10.599 18.606 0
      vertex 9.812 18.342 0
    endloop
  endfacet
  facet normal 0 1 -0
    outer loop
      vertex 9.812 18.342 0
      vertex 9.614 18.342 2.4
      vertex 9.812 18.342 2.4
    endloop
  endfacet
  facet normal 0 1 0
    outer loop
      vertex 9.614 18.342 2.4
      vertex 9.812 18.342 0
      vertex 9.614 18.342 0
    endloop
  endfacet
  facet normal -0.444463 0.895797 0
    outer loop
      vertex 9.614 18.342 0
      vertex 9.35199 18.212 2.4
      vertex 9.614 18.342 2.4
    endloop
  endfacet
  facet normal -0.444463 0.895797 0
    outer loop
      vertex 9.35199 18.212 2.4
      vertex 9.614 18.342 0
      vertex 9.35199 18.212 0
    endloop
  endfacet
  facet normal 0 1 -0
    outer loop
      vertex 9.35199 18.212 0
      vertex 9.09 18.212 2.4
      vertex 9.35199 18.212 2.4
    endloop
  endfacet
  facet normal 0 1 0
    outer loop
      vertex 9.09 18.212 2.4
      vertex 9.35199 18.212 0
      vertex 9.09 18.212 0
    endloop
  endfacet
  facet normal -0.372353 0.928091 0
    outer loop
      vertex 9.09 18.212 0
      vertex 8.76099 18.08 2.4
      vertex 9.09 18.212 2.4
    endloop
  endfacet
  facet normal -0.372353 0.928091 0
    outer loop
      vertex 8.76099 18.08 2.4
      vertex 9.09 18.212 0
      vertex 8.76099 18.08 0
    endloop
  endfacet
  facet normal -0.0911584 0.995836 0
    outer loop
      vertex 8.76099 18.08 0
      vertex 8.03999 18.014 2.4
      vertex 8.76099 18.08 2.4
    endloop
  endfacet
  facet normal -0.0911584 0.995836 0
    outer loop
      vertex 8.03999 18.014 2.4
      vertex 8.76099 18.08 0
      vertex 8.03999 18.014 0
    endloop
  endfacet
  facet normal -0.701743 0.712431 0
    outer loop
      vertex 8.03999 18.014 0
      vertex 7.974 17.949 2.4
      vertex 8.03999 18.014 2.4
    endloop
  endfacet
  facet normal -0.701743 0.712431 0
    outer loop
      vertex 7.974 17.949 2.4
      vertex 8.03999 18.014 0
      vertex 7.974 17.949 0
    endloop
  endfacet
  facet normal 0 1 -0
    outer loop
      vertex 7.974 17.949 0
      vertex 7.187 17.949 2.4
      vertex 7.974 17.949 2.4
    endloop
  endfacet
  facet normal 0 1 0
    outer loop
      vertex 7.187 17.949 2.4
      vertex 7.974 17.949 0
      vertex 7.187 17.949 0
    endloop
  endfacet
  facet normal -0.696313 0.717738 0
    outer loop
      vertex 7.187 17.949 0
      vertex 7.12 17.884 2.4
      vertex 7.187 17.949 2.4
    endloop
  endfacet
  facet normal -0.696313 0.717738 0
    outer loop
      vertex 7.12 17.884 2.4
      vertex 7.187 17.949 0
      vertex 7.12 17.884 0
    endloop
  endfacet
  facet normal 0.99769 -0.0679321 0
    outer loop
      vertex 7.12 17.884 2.4
      vertex 7.187 18.868 0
      vertex 7.187 18.868 2.4
    endloop
  endfacet
  facet normal 0.99769 -0.0679321 0
    outer loop
      vertex 7.187 18.868 0
      vertex 7.12 17.884 2.4
      vertex 7.12 17.884 0
    endloop
  endfacet
  facet normal 0.712484 -0.701689 0
    outer loop
      vertex 7.187 18.868 2.4
      vertex 7.252 18.934 0
      vertex 7.252 18.934 2.4
    endloop
  endfacet
  facet normal 0.712484 -0.701689 0
    outer loop
      vertex 7.252 18.934 0
      vertex 7.187 18.868 2.4
      vertex 7.187 18.868 0
    endloop
  endfacet
  facet normal 1 -0 0
    outer loop
      vertex 7.252 18.934 2.4
      vertex 7.252 19.524 0
      vertex 7.252 19.524 2.4
    endloop
  endfacet
  facet normal 1 0 0
    outer loop
      vertex 7.252 19.524 0
      vertex 7.252 18.934 2.4
      vertex 7.252 18.934 0
    endloop
  endfacet
  facet normal 0.70716 -0.707053 0
    outer loop
      vertex 7.252 19.524 2.4
      vertex 7.31799 19.59 0
      vertex 7.31799 19.59 2.4
    endloop
  endfacet
  facet normal 0.70716 -0.707053 0
    outer loop
      vertex 7.31799 19.59 0
      vertex 7.252 19.524 2.4
      vertex 7.252 19.524 0
    endloop
  endfacet
  facet normal 1 -0 0
    outer loop
      vertex 7.31799 19.59 2.4
      vertex 7.31799 20.246 0
      vertex 7.31799 20.246 2.4
    endloop
  endfacet
  facet normal 1 0 0
    outer loop
      vertex 7.31799 20.246 0
      vertex 7.31799 19.59 2.4
      vertex 7.31799 19.59 0
    endloop
  endfacet
  facet normal 0.71243 -0.701743 0
    outer loop
      vertex 7.31799 20.246 2.4
      vertex 7.383 20.312 0
      vertex 7.383 20.312 2.4
    endloop
  endfacet
  facet normal 0.71243 -0.701743 0
    outer loop
      vertex 7.383 20.312 0
      vertex 7.31799 20.246 2.4
      vertex 7.31799 20.246 0
    endloop
  endfacet
  facet normal 1 -0 0
    outer loop
      vertex 7.383 20.312 2.4
      vertex 7.383 20.902 0
      vertex 7.383 20.902 2.4
    endloop
  endfacet
  facet normal 1 0 0
    outer loop
      vertex 7.383 20.902 0
      vertex 7.383 20.312 2.4
      vertex 7.383 20.312 0
    endloop
  endfacet
  facet normal 0.70716 -0.707053 0
    outer loop
      vertex 7.383 20.902 2.4
      vertex 7.44899 20.968 0
      vertex 7.44899 20.968 2.4
    endloop
  endfacet
  facet normal 0.70716 -0.707053 0
    outer loop
      vertex 7.44899 20.968 0
      vertex 7.383 20.902 2.4
      vertex 7.383 20.902 0
    endloop
  endfacet
  facet normal 1 -0 0
    outer loop
      vertex 7.44899 20.968 2.4
      vertex 7.44899 21.559 0
      vertex 7.44899 21.559 2.4
    endloop
  endfacet
  facet normal 1 0 0
    outer loop
      vertex 7.44899 21.559 0
      vertex 7.44899 20.968 2.4
      vertex 7.44899 20.968 0
    endloop
  endfacet
  facet normal 0.707107 -0.707107 0
    outer loop
      vertex 7.44899 21.559 2.4
      vertex 7.51399 21.624 0
      vertex 7.51399 21.624 2.4
    endloop
  endfacet
  facet normal 0.707107 -0.707107 0
    outer loop
      vertex 7.51399 21.624 0
      vertex 7.44899 21.559 2.4
      vertex 7.44899 21.559 0
    endloop
  endfacet
  facet normal 0.998701 -0.0509619 0
    outer loop
      vertex 7.51399 21.624 2.4
      vertex 7.58099 22.937 0
      vertex 7.58099 22.937 2.4
    endloop
  endfacet
  facet normal 0.998701 -0.0509619 0
    outer loop
      vertex 7.58099 22.937 0
      vertex 7.51399 21.624 2.4
      vertex 7.51399 21.624 0
    endloop
  endfacet
  facet normal 0.712567 -0.701604 0
    outer loop
      vertex 7.58099 22.937 2.4
      vertex 7.64499 23.002 0
      vertex 7.64499 23.002 2.4
    endloop
  endfacet
  facet normal 0.712567 -0.701604 0
    outer loop
      vertex 7.64499 23.002 0
      vertex 7.58099 22.937 2.4
      vertex 7.58099 22.937 0
    endloop
  endfacet
  facet normal 1 -0 0
    outer loop
      vertex 7.64499 23.002 2.4
      vertex 7.64499 23.33 0
      vertex 7.64499 23.33 2.4
    endloop
  endfacet
  facet normal 1 0 0
    outer loop
      vertex 7.64499 23.33 0
      vertex 7.64499 23.002 2.4
      vertex 7.64499 23.002 0
    endloop
  endfacet
  facet normal 0.7179 0.696146 0
    outer loop
      vertex 7.64499 23.33 2.4
      vertex 7.58099 23.396 0
      vertex 7.58099 23.396 2.4
    endloop
  endfacet
  facet normal 0.7179 0.696146 0
    outer loop
      vertex 7.58099 23.396 0
      vertex 7.64499 23.33 2.4
      vertex 7.64499 23.33 0
    endloop
  endfacet
  facet normal 0.342684 -0.939451 0
    outer loop
      vertex 7.58099 23.396 0
      vertex 8.30199 23.659 2.4
      vertex 7.58099 23.396 2.4
    endloop
  endfacet
  facet normal 0.342684 -0.939451 0
    outer loop
      vertex 8.30199 23.659 2.4
      vertex 7.58099 23.396 0
      vertex 8.30199 23.659 0
    endloop
  endfacet
  facet normal 0.554452 -0.832216 0
    outer loop
      vertex 8.30199 23.659 0
      vertex 9.09 24.184 2.4
      vertex 8.30199 23.659 2.4
    endloop
  endfacet
  facet normal 0.554452 -0.832216 0
    outer loop
      vertex 9.09 24.184 2.4
      vertex 8.30199 23.659 0
      vertex 9.09 24.184 0
    endloop
  endfacet
  facet normal 0.707107 -0.707107 0
    outer loop
      vertex 9.09 24.184 2.4
      vertex 9.549 24.643 0
      vertex 9.549 24.643 2.4
    endloop
  endfacet
  facet normal 0.707107 -0.707107 0
    outer loop
      vertex 9.549 24.643 0
      vertex 9.09 24.184 2.4
      vertex 9.09 24.184 0
    endloop
  endfacet
  facet normal 0.831888 -0.554944 0
    outer loop
      vertex 9.549 24.643 2.4
      vertex 10.074 25.43 0
      vertex 10.074 25.43 2.4
    endloop
  endfacet
  facet normal 0.831888 -0.554944 0
    outer loop
      vertex 10.074 25.43 0
      vertex 9.549 24.643 2.4
      vertex 9.549 24.643 0
    endloop
  endfacet
  facet normal 0.940021 -0.341116 0
    outer loop
      vertex 10.074 25.43 2.4
      vertex 10.336 26.152 0
      vertex 10.336 26.152 2.4
    endloop
  endfacet
  facet normal 0.940021 -0.341116 0
    outer loop
      vertex 10.336 26.152 0
      vertex 10.074 25.43 2.4
      vertex 10.074 25.43 0
    endloop
  endfacet
  facet normal 0.995972 -0.0896651 0
    outer loop
      vertex 10.336 26.152 2.4
      vertex 10.401 26.874 0
      vertex 10.401 26.874 2.4
    endloop
  endfacet
  facet normal 0.995972 -0.0896651 0
    outer loop
      vertex 10.401 26.874 0
      vertex 10.336 26.152 2.4
      vertex 10.336 26.152 0
    endloop
  endfacet
  facet normal 0.70177 -0.712403 0
    outer loop
      vertex 10.401 26.874 0
      vertex 10.468 26.94 2.4
      vertex 10.401 26.874 2.4
    endloop
  endfacet
  facet normal 0.70177 -0.712403 0
    outer loop
      vertex 10.468 26.94 2.4
      vertex 10.401 26.874 0
      vertex 10.468 26.94 0
    endloop
  endfacet
  facet normal 0.997347 0.0727911 0
    outer loop
      vertex 10.468 26.94 2.4
      vertex 10.401 27.858 0
      vertex 10.401 27.858 2.4
    endloop
  endfacet
  facet normal 0.997347 0.0727911 0
    outer loop
      vertex 10.401 27.858 0
      vertex 10.468 26.94 2.4
      vertex 10.468 26.94 0
    endloop
  endfacet
  facet normal 0.712484 0.701689 0
    outer loop
      vertex 10.401 27.858 2.4
      vertex 10.336 27.924 0
      vertex 10.336 27.924 2.4
    endloop
  endfacet
  facet normal 0.712484 0.701689 0
    outer loop
      vertex 10.336 27.924 0
      vertex 10.401 27.858 2.4
      vertex 10.401 27.858 0
    endloop
  endfacet
  facet normal 1 -0 0
    outer loop
      vertex 10.336 27.924 2.4
      vertex 10.336 28.187 0
      vertex 10.336 28.187 2.4
    endloop
  endfacet
  facet normal 1 0 0
    outer loop
      vertex 10.336 28.187 0
      vertex 10.336 27.924 2.4
      vertex 10.336 27.924 0
    endloop
  endfacet
  facet normal 0.949406 0.314053 0
    outer loop
      vertex 10.336 28.187 2.4
      vertex 10.206 28.58 0
      vertex 10.206 28.58 2.4
    endloop
  endfacet
  facet normal 0.949406 0.314053 0
    outer loop
      vertex 10.206 28.58 0
      vertex 10.336 28.187 2.4
      vertex 10.336 28.187 0
    endloop
  endfacet
  facet normal 0.868069 0.496444 0
    outer loop
      vertex 10.206 28.58 2.4
      vertex 9.681 29.498 0
      vertex 9.681 29.498 2.4
    endloop
  endfacet
  facet normal 0.868069 0.496444 0
    outer loop
      vertex 9.681 29.498 0
      vertex 10.206 28.58 2.4
      vertex 10.206 28.58 0
    endloop
  endfacet
  facet normal 0.7811 0.624405 0
    outer loop
      vertex 9.681 29.498 2.4
      vertex 9.418 29.827 0
      vertex 9.418 29.827 2.4
    endloop
  endfacet
  facet normal 0.7811 0.624405 0
    outer loop
      vertex 9.418 29.827 0
      vertex 9.681 29.498 2.4
      vertex 9.681 29.498 0
    endloop
  endfacet
  facet normal 0.664128 0.747619 -0
    outer loop
      vertex 9.418 29.827 0
      vertex 8.827 30.352 2.4
      vertex 9.418 29.827 2.4
    endloop
  endfacet
  facet normal 0.664128 0.747619 0
    outer loop
      vertex 8.827 30.352 2.4
      vertex 9.418 29.827 0
      vertex 8.827 30.352 0
    endloop
  endfacet
  facet normal 0.529846 0.848094 -0
    outer loop
      vertex 8.827 30.352 0
      vertex 8.30199 30.68 2.4
      vertex 8.827 30.352 2.4
    endloop
  endfacet
  facet normal 0.529846 0.848094 0
    outer loop
      vertex 8.30199 30.68 2.4
      vertex 8.827 30.352 0
      vertex 8.30199 30.68 0
    endloop
  endfacet
  facet normal 0.298174 0.954512 -0
    outer loop
      vertex 8.30199 30.68 0
      vertex 7.252 31.008 2.4
      vertex 8.30199 30.68 2.4
    endloop
  endfacet
  facet normal 0.298174 0.954512 0
    outer loop
      vertex 7.252 31.008 2.4
      vertex 8.30199 30.68 0
      vertex 7.252 31.008 0
    endloop
  endfacet
  facet normal 0.100103 0.994977 -0
    outer loop
      vertex 7.252 31.008 0
      vertex 6.59599 31.074 2.4
      vertex 7.252 31.008 2.4
    endloop
  endfacet
  facet normal 0.100103 0.994977 0
    outer loop
      vertex 6.59599 31.074 2.4
      vertex 7.252 31.008 0
      vertex 6.59599 31.074 0
    endloop
  endfacet
  facet normal -0.70177 0.712403 0
    outer loop
      vertex 6.59599 31.074 0
      vertex 6.52899 31.008 2.4
      vertex 6.59599 31.074 2.4
    endloop
  endfacet
  facet normal -0.70177 0.712403 0
    outer loop
      vertex 6.52899 31.008 2.4
      vertex 6.59599 31.074 0
      vertex 6.52899 31.008 0
    endloop
  endfacet
  facet normal 0 1 -0
    outer loop
      vertex 6.52899 31.008 0
      vertex 6.071 31.008 2.4
      vertex 6.52899 31.008 2.4
    endloop
  endfacet
  facet normal 0 1 0
    outer loop
      vertex 6.071 31.008 2.4
      vertex 6.52899 31.008 0
      vertex 6.071 31.008 0
    endloop
  endfacet
  facet normal -0.701635 0.712537 0
    outer loop
      vertex 6.071 31.008 0
      vertex 6.00499 30.943 2.4
      vertex 6.071 31.008 2.4
    endloop
  endfacet
  facet normal -0.701635 0.712537 0
    outer loop
      vertex 6.00499 30.943 2.4
      vertex 6.071 31.008 0
      vertex 6.00499 30.943 0
    endloop
  endfacet
  facet normal 0 1 -0
    outer loop
      vertex 6.00499 30.943 0
      vertex 5.74199 30.943 2.4
      vertex 6.00499 30.943 2.4
    endloop
  endfacet
  facet normal 0 1 0
    outer loop
      vertex 5.74199 30.943 2.4
      vertex 6.00499 30.943 0
      vertex 5.74199 30.943 0
    endloop
  endfacet
  facet normal -0.316235 0.948681 0
    outer loop
      vertex 5.74199 30.943 0
      vertex 5.349 30.812 2.4
      vertex 5.74199 30.943 2.4
    endloop
  endfacet
  facet normal -0.316235 0.948681 0
    outer loop
      vertex 5.349 30.812 2.4
      vertex 5.74199 30.943 0
      vertex 5.349 30.812 0
    endloop
  endfacet
  facet normal -0.474649 0.880175 0
    outer loop
      vertex 5.349 30.812 0
      vertex 4.49599 30.352 2.4
      vertex 5.349 30.812 2.4
    endloop
  endfacet
  facet normal -0.474649 0.880175 0
    outer loop
      vertex 4.49599 30.352 2.4
      vertex 5.349 30.812 0
      vertex 4.49599 30.352 0
    endloop
  endfacet
  facet normal -0.664757 0.74706 0
    outer loop
      vertex 4.49599 30.352 0
      vertex 3.90599 29.827 2.4
      vertex 4.49599 30.352 2.4
    endloop
  endfacet
  facet normal -0.664757 0.74706 0
    outer loop
      vertex 3.90599 29.827 2.4
      vertex 4.49599 30.352 0
      vertex 3.90599 29.827 0
    endloop
  endfacet
  facet normal -0.808639 0.588305 0
    outer loop
      vertex 3.37999 29.104 0
      vertex 3.90599 29.827 2.4
      vertex 3.90599 29.827 0
    endloop
  endfacet
  facet normal -0.808639 0.588305 0
    outer loop
      vertex 3.90599 29.827 2.4
      vertex 3.37999 29.104 0
      vertex 3.37999 29.104 2.4
    endloop
  endfacet
  facet normal -0.922868 0.385116 0
    outer loop
      vertex 3.05199 28.318 0
      vertex 3.37999 29.104 2.4
      vertex 3.37999 29.104 0
    endloop
  endfacet
  facet normal -0.922868 0.385116 0
    outer loop
      vertex 3.37999 29.104 2.4
      vertex 3.05199 28.318 0
      vertex 3.05199 28.318 2.4
    endloop
  endfacet
  facet normal -1 0 0
    outer loop
      vertex 3.05199 28.12 0
      vertex 3.05199 28.318 2.4
      vertex 3.05199 28.318 0
    endloop
  endfacet
  facet normal -1 -0 0
    outer loop
      vertex 3.05199 28.318 2.4
      vertex 3.05199 28.12 0
      vertex 3.05199 28.12 2.4
    endloop
  endfacet
  facet normal -0.928672 0.370902 0
    outer loop
      vertex 2.92099 27.792 0
      vertex 3.05199 28.12 2.4
      vertex 3.05199 28.12 0
    endloop
  endfacet
  facet normal -0.928672 0.370902 0
    outer loop
      vertex 3.05199 28.12 2.4
      vertex 2.92099 27.792 0
      vertex 2.92099 27.792 2.4
    endloop
  endfacet
  facet normal -1 0 0
    outer loop
      vertex 2.92099 26.612 0
      vertex 2.92099 27.792 2.4
      vertex 2.92099 27.792 0
    endloop
  endfacet
  facet normal -1 -0 0
    outer loop
      vertex 2.92099 27.792 2.4
      vertex 2.92099 26.612 0
      vertex 2.92099 26.612 2.4
    endloop
  endfacet
  facet normal -0.928672 -0.370902 0
    outer loop
      vertex 3.05199 26.284 0
      vertex 2.92099 26.612 2.4
      vertex 2.92099 26.612 0
    endloop
  endfacet
  facet normal -0.928672 -0.370902 0
    outer loop
      vertex 2.92099 26.612 2.4
      vertex 3.05199 26.284 0
      vertex 3.05199 26.284 2.4
    endloop
  endfacet
  facet normal -1 0 0
    outer loop
      vertex 3.05199 26.021 0
      vertex 3.05199 26.284 2.4
      vertex 3.05199 26.284 0
    endloop
  endfacet
  facet normal -1 -0 0
    outer loop
      vertex 3.05199 26.284 2.4
      vertex 3.05199 26.021 0
      vertex 3.05199 26.021 2.4
    endloop
  endfacet
  facet normal -0.83075 -0.556645 0
    outer loop
      vertex 3.18399 25.824 0
      vertex 3.05199 26.021 2.4
      vertex 3.05199 26.021 0
    endloop
  endfacet
  facet normal -0.83075 -0.556645 0
    outer loop
      vertex 3.05199 26.021 2.4
      vertex 3.18399 25.824 0
      vertex 3.18399 25.824 2.4
    endloop
  endfacet
  facet normal -0.96176 -0.273893 0
    outer loop
      vertex 3.31499 25.364 0
      vertex 3.18399 25.824 2.4
      vertex 3.18399 25.824 0
    endloop
  endfacet
  facet normal -0.96176 -0.273893 0
    outer loop
      vertex 3.18399 25.824 2.4
      vertex 3.31499 25.364 0
      vertex 3.31499 25.364 2.4
    endloop
  endfacet
  facet normal -0.848355 -0.529428 0
    outer loop
      vertex 3.642 24.84 0
      vertex 3.31499 25.364 2.4
      vertex 3.31499 25.364 0
    endloop
  endfacet
  facet normal -0.848355 -0.529428 0
    outer loop
      vertex 3.31499 25.364 2.4
      vertex 3.642 24.84 0
      vertex 3.642 24.84 2.4
    endloop
  endfacet
  facet normal -0.742962 -0.669334 0
    outer loop
      vertex 4.23299 24.184 0
      vertex 3.642 24.84 2.4
      vertex 3.642 24.84 0
    endloop
  endfacet
  facet normal -0.742962 -0.669334 0
    outer loop
      vertex 3.642 24.84 2.4
      vertex 4.23299 24.184 0
      vertex 4.23299 24.184 2.4
    endloop
  endfacet
  facet normal -0.600236 -0.799823 0
    outer loop
      vertex 4.23299 24.184 0
      vertex 4.758 23.79 2.4
      vertex 4.23299 24.184 2.4
    endloop
  endfacet
  facet normal -0.600236 -0.799823 -0
    outer loop
      vertex 4.758 23.79 2.4
      vertex 4.23299 24.184 0
      vertex 4.758 23.79 0
    endloop
  endfacet
  facet normal -0.448572 -0.893747 0
    outer loop
      vertex 4.758 23.79 0
      vertex 5.284 23.526 2.4
      vertex 4.758 23.79 2.4
    endloop
  endfacet
  facet normal -0.448572 -0.893747 -0
    outer loop
      vertex 5.284 23.526 2.4
      vertex 4.758 23.79 0
      vertex 5.284 23.526 0
    endloop
  endfacet
  facet normal -0.19208 -0.981379 0
    outer loop
      vertex 5.284 23.526 0
      vertex 5.61099 23.462 2.4
      vertex 5.284 23.526 2.4
    endloop
  endfacet
  facet normal -0.19208 -0.981379 -0
    outer loop
      vertex 5.61099 23.462 2.4
      vertex 5.284 23.526 0
      vertex 5.61099 23.462 0
    endloop
  endfacet
  facet normal -0.961766 0.273873 0
    outer loop
      vertex 5.48 23.002 0
      vertex 5.61099 23.462 2.4
      vertex 5.61099 23.462 0
    endloop
  endfacet
  facet normal -0.961766 0.273873 0
    outer loop
      vertex 5.61099 23.462 2.4
      vertex 5.48 23.002 0
      vertex 5.48 23.002 2.4
    endloop
  endfacet
  facet normal -1 0 0
    outer loop
      vertex 5.48 22.346 0
      vertex 5.48 23.002 2.4
      vertex 5.48 23.002 0
    endloop
  endfacet
  facet normal -1 -0 0
    outer loop
      vertex 5.48 23.002 2.4
      vertex 5.48 22.346 0
      vertex 5.48 22.346 2.4
    endloop
  endfacet
  facet normal -0.71243 0.701743 0
    outer loop
      vertex 5.41499 22.28 0
      vertex 5.48 22.346 2.4
      vertex 5.48 22.346 0
    endloop
  endfacet
  facet normal -0.71243 0.701743 0
    outer loop
      vertex 5.48 22.346 2.4
      vertex 5.41499 22.28 0
      vertex 5.41499 22.28 2.4
    endloop
  endfacet
  facet normal -0.998737 0.0502338 0
    outer loop
      vertex 5.349 20.968 0
      vertex 5.41499 22.28 2.4
      vertex 5.41499 22.28 0
    endloop
  endfacet
  facet normal -0.998737 0.0502338 0
    outer loop
      vertex 5.41499 22.28 2.4
      vertex 5.349 20.968 0
      vertex 5.349 20.968 2.4
    endloop
  endfacet
  facet normal -0.712484 0.701689 0
    outer loop
      vertex 5.284 20.902 0
      vertex 5.349 20.968 2.4
      vertex 5.349 20.968 0
    endloop
  endfacet
  facet normal -0.712484 0.701689 0
    outer loop
      vertex 5.349 20.968 2.4
      vertex 5.284 20.902 0
      vertex 5.284 20.902 2.4
    endloop
  endfacet
  facet normal -1 0 0
    outer loop
      vertex 5.284 20.312 0
      vertex 5.284 20.902 2.4
      vertex 5.284 20.902 0
    endloop
  endfacet
  facet normal -1 -0 0
    outer loop
      vertex 5.284 20.902 2.4
      vertex 5.284 20.312 0
      vertex 5.284 20.312 2.4
    endloop
  endfacet
  facet normal -0.707053 0.70716 0
    outer loop
      vertex 5.21799 20.246 0
      vertex 5.284 20.312 2.4
      vertex 5.284 20.312 0
    endloop
  endfacet
  facet normal -0.707053 0.70716 0
    outer loop
      vertex 5.284 20.312 2.4
      vertex 5.21799 20.246 0
      vertex 5.21799 20.246 2.4
    endloop
  endfacet
  facet normal -1 0 0
    outer loop
      vertex 5.21799 19.656 0
      vertex 5.21799 20.246 2.4
      vertex 5.21799 20.246 0
    endloop
  endfacet
  facet normal -1 -0 0
    outer loop
      vertex 5.21799 20.246 2.4
      vertex 5.21799 19.656 0
      vertex 5.21799 19.656 2.4
    endloop
  endfacet
  facet normal -0.70177 0.712403 0
    outer loop
      vertex 5.21799 19.656 0
      vertex 5.15099 19.59 2.4
      vertex 5.21799 19.656 2.4
    endloop
  endfacet
  facet normal -0.70177 0.712403 0
    outer loop
      vertex 5.15099 19.59 2.4
      vertex 5.21799 19.656 0
      vertex 5.15099 19.59 0
    endloop
  endfacet
  facet normal -1 0 0
    outer loop
      vertex 5.15099 18.934 0
      vertex 5.15099 19.59 2.4
      vertex 5.15099 19.59 0
    endloop
  endfacet
  facet normal -1 -0 0
    outer loop
      vertex 5.15099 19.59 2.4
      vertex 5.15099 18.934 0
      vertex 5.15099 18.934 2.4
    endloop
  endfacet
  facet normal -0.7179 0.696146 0
    outer loop
      vertex 5.08699 18.868 0
      vertex 5.15099 18.934 2.4
      vertex 5.15099 18.934 0
    endloop
  endfacet
  facet normal -0.7179 0.696146 0
    outer loop
      vertex 5.15099 18.934 2.4
      vertex 5.08699 18.868 0
      vertex 5.08699 18.868 2.4
    endloop
  endfacet
  facet normal -0.996937 0.078214 0
    outer loop
      vertex 5.01999 18.014 0
      vertex 5.08699 18.868 2.4
      vertex 5.08699 18.868 0
    endloop
  endfacet
  facet normal -0.996937 0.078214 0
    outer loop
      vertex 5.08699 18.868 2.4
      vertex 5.01999 18.014 0
      vertex 5.01999 18.014 2.4
    endloop
  endfacet
  facet normal 0.449938 0.89306 -0
    outer loop
      vertex 5.01999 18.014 0
      vertex 4.88899 18.08 2.4
      vertex 5.01999 18.014 2.4
    endloop
  endfacet
  facet normal 0.449938 0.89306 0
    outer loop
      vertex 4.88899 18.08 2.4
      vertex 5.01999 18.014 0
      vertex 4.88899 18.08 0
    endloop
  endfacet
  facet normal 0 1 -0
    outer loop
      vertex 4.88899 18.08 0
      vertex 4.49599 18.08 2.4
      vertex 4.88899 18.08 2.4
    endloop
  endfacet
  facet normal 0 1 0
    outer loop
      vertex 4.49599 18.08 2.4
      vertex 4.88899 18.08 0
      vertex 4.49599 18.08 0
    endloop
  endfacet
  facet normal 0.31587 0.948803 -0
    outer loop
      vertex 4.49599 18.08 0
      vertex 3.709 18.342 2.4
      vertex 4.49599 18.08 2.4
    endloop
  endfacet
  facet normal 0.31587 0.948803 0
    outer loop
      vertex 3.709 18.342 2.4
      vertex 4.49599 18.08 0
      vertex 3.709 18.342 0
    endloop
  endfacet
  facet normal 0 1 -0
    outer loop
      vertex 3.709 18.342 0
      vertex 3.51099 18.342 2.4
      vertex 3.709 18.342 2.4
    endloop
  endfacet
  facet normal 0 1 0
    outer loop
      vertex 3.51099 18.342 2.4
      vertex 3.709 18.342 0
      vertex 3.51099 18.342 0
    endloop
  endfacet
  facet normal 0.388652 0.921385 -0
    outer loop
      vertex 3.51099 18.342 0
      vertex 2.26399 18.868 2.4
      vertex 3.51099 18.342 2.4
    endloop
  endfacet
  facet normal 0.388652 0.921385 0
    outer loop
      vertex 2.26399 18.868 2.4
      vertex 3.51099 18.342 0
      vertex 2.26399 18.868 0
    endloop
  endfacet
  facet normal 0 1 -0
    outer loop
      vertex 2.26399 18.868 0
      vertex 2.133 18.868 2.4
      vertex 2.26399 18.868 2.4
    endloop
  endfacet
  facet normal 0 1 0
    outer loop
      vertex 2.133 18.868 2.4
      vertex 2.26399 18.868 0
      vertex 2.133 18.868 0
    endloop
  endfacet
  facet normal 0.704392 0.709811 -0
    outer loop
      vertex 2.133 18.868 0
      vertex 2.002 18.998 2.4
      vertex 2.133 18.868 2.4
    endloop
  endfacet
  facet normal 0.704392 0.709811 0
    outer loop
      vertex 2.002 18.998 2.4
      vertex 2.133 18.868 0
      vertex 2.002 18.998 0
    endloop
  endfacet
  facet normal 0 1 -0
    outer loop
      vertex 2.002 18.998 0
      vertex 1.87 18.998 2.4
      vertex 2.002 18.998 2.4
    endloop
  endfacet
  facet normal 0 1 0
    outer loop
      vertex 1.87 18.998 2.4
      vertex 2.002 18.998 0
      vertex 1.87 18.998 0
    endloop
  endfacet
  facet normal 0.70979 0.704413 0
    outer loop
      vertex 1.87 18.998 2.4
      vertex 1.739 19.13 0
      vertex 1.739 19.13 2.4
    endloop
  endfacet
  facet normal 0.70979 0.704413 0
    outer loop
      vertex 1.739 19.13 0
      vertex 1.87 18.998 2.4
      vertex 1.87 18.998 0
    endloop
  endfacet
  facet normal 0.44776 0.894154 -0
    outer loop
      vertex 1.739 19.13 0
      vertex 1.084 19.458 2.4
      vertex 1.739 19.13 2.4
    endloop
  endfacet
  facet normal 0.44776 0.894154 0
    outer loop
      vertex 1.084 19.458 2.4
      vertex 1.739 19.13 0
      vertex 1.084 19.458 0
    endloop
  endfacet
  facet normal 0.592848 0.805314 -0
    outer loop
      vertex 1.084 19.458 0
      vertex -0.162994 20.376 2.4
      vertex 1.084 19.458 2.4
    endloop
  endfacet
  facet normal 0.592848 0.805314 0
    outer loop
      vertex -0.162994 20.376 2.4
      vertex 1.084 19.458 0
      vertex -0.162994 20.376 0
    endloop
  endfacet
  facet normal 0.707467 0.706746 0
    outer loop
      vertex -0.162994 20.376 2.4
      vertex -1.14799 21.362 0
      vertex -1.14799 21.362 2.4
    endloop
  endfacet
  facet normal 0.707467 0.706746 0
    outer loop
      vertex -1.14799 21.362 0
      vertex -0.162994 20.376 2.4
      vertex -0.162994 20.376 0
    endloop
  endfacet
  facet normal 0.813531 0.581521 0
    outer loop
      vertex -1.14799 21.362 2.4
      vertex -2.133 22.74 0
      vertex -2.133 22.74 2.4
    endloop
  endfacet
  facet normal 0.813531 0.581521 0
    outer loop
      vertex -2.133 22.74 0
      vertex -1.14799 21.362 2.4
      vertex -1.14799 21.362 0
    endloop
  endfacet
  facet normal 0.903166 0.429292 0
    outer loop
      vertex -2.133 22.74 2.4
      vertex -2.78799 24.118 0
      vertex -2.78799 24.118 2.4
    endloop
  endfacet
  facet normal 0.903166 0.429292 0
    outer loop
      vertex -2.78799 24.118 0
      vertex -2.133 22.74 2.4
      vertex -2.133 22.74 0
    endloop
  endfacet
  facet normal 0.948563 0.316589 0
    outer loop
      vertex -2.78799 24.118 2.4
      vertex -3.05099 24.906 0
      vertex -3.05099 24.906 2.4
    endloop
  endfacet
  facet normal 0.948563 0.316589 0
    outer loop
      vertex -3.05099 24.906 0
      vertex -2.78799 24.118 2.4
      vertex -2.78799 24.118 0
    endloop
  endfacet
  facet normal 1 -0 0
    outer loop
      vertex -3.05099 24.906 2.4
      vertex -3.05099 25.168 0
      vertex -3.05099 25.168 2.4
    endloop
  endfacet
  facet normal 1 0 0
    outer loop
      vertex -3.05099 25.168 0
      vertex -3.05099 24.906 2.4
      vertex -3.05099 24.906 0
    endloop
  endfacet
  facet normal 0.707107 0.707107 0
    outer loop
      vertex -3.05099 25.168 2.4
      vertex -3.11699 25.234 0
      vertex -3.11699 25.234 2.4
    endloop
  endfacet
  facet normal 0.707107 0.707107 0
    outer loop
      vertex -3.11699 25.234 0
      vertex -3.05099 25.168 2.4
      vertex -3.05099 25.168 0
    endloop
  endfacet
  facet normal 0.993986 0.109507 0
    outer loop
      vertex -3.11699 25.234 2.4
      vertex -3.18199 25.824 0
      vertex -3.18199 25.824 2.4
    endloop
  endfacet
  facet normal 0.993986 0.109507 0
    outer loop
      vertex -3.18199 25.824 0
      vertex -3.11699 25.234 2.4
      vertex -3.11699 25.234 0
    endloop
  endfacet
  facet normal 0.707107 0.707107 0
    outer loop
      vertex -3.18199 25.824 2.4
      vertex -3.24799 25.89 0
      vertex -3.24799 25.89 2.4
    endloop
  endfacet
  facet normal 0.707107 0.707107 0
    outer loop
      vertex -3.24799 25.89 0
      vertex -3.18199 25.824 2.4
      vertex -3.18199 25.824 0
    endloop
  endfacet
  facet normal 1 -0 0
    outer loop
      vertex -3.24799 25.89 2.4
      vertex -3.24799 26.218 0
      vertex -3.24799 26.218 2.4
    endloop
  endfacet
  facet normal 1 0 0
    outer loop
      vertex -3.24799 26.218 0
      vertex -3.24799 25.89 2.4
      vertex -3.24799 25.89 0
    endloop
  endfacet
  facet normal 0.712484 0.701689 0
    outer loop
      vertex -3.24799 26.218 2.4
      vertex -3.31299 26.284 0
      vertex -3.31299 26.284 2.4
    endloop
  endfacet
  facet normal 0.712484 0.701689 0
    outer loop
      vertex -3.31299 26.284 0
      vertex -3.24799 26.218 2.4
      vertex -3.24799 26.218 0
    endloop
  endfacet
  facet normal 1 -0 0
    outer loop
      vertex -3.31299 26.284 2.4
      vertex -3.31299 28.252 0
      vertex -3.31299 28.252 2.4
    endloop
  endfacet
  facet normal 1 0 0
    outer loop
      vertex -3.31299 28.252 0
      vertex -3.31299 26.284 2.4
      vertex -3.31299 26.284 0
    endloop
  endfacet
  facet normal 0.712484 -0.701689 0
    outer loop
      vertex -3.31299 28.252 2.4
      vertex -3.24799 28.318 0
      vertex -3.24799 28.318 2.4
    endloop
  endfacet
  facet normal 0.712484 -0.701689 0
    outer loop
      vertex -3.24799 28.318 0
      vertex -3.31299 28.252 2.4
      vertex -3.31299 28.252 0
    endloop
  endfacet
  facet normal 1 -0 0
    outer loop
      vertex -3.24799 28.318 2.4
      vertex -3.24799 28.646 0
      vertex -3.24799 28.646 2.4
    endloop
  endfacet
  facet normal 1 0 0
    outer loop
      vertex -3.24799 28.646 0
      vertex -3.24799 28.318 2.4
      vertex -3.24799 28.318 0
    endloop
  endfacet
  facet normal 0.707107 -0.707107 0
    outer loop
      vertex -3.24799 28.646 2.4
      vertex -3.18199 28.712 0
      vertex -3.18199 28.712 2.4
    endloop
  endfacet
  facet normal 0.707107 -0.707107 0
    outer loop
      vertex -3.18199 28.712 0
      vertex -3.24799 28.646 2.4
      vertex -3.24799 28.646 0
    endloop
  endfacet
  facet normal 1 -0 0
    outer loop
      vertex -3.18199 28.712 2.4
      vertex -3.18199 29.04 0
      vertex -3.18199 29.04 2.4
    endloop
  endfacet
  facet normal 1 0 0
    outer loop
      vertex -3.18199 29.04 0
      vertex -3.18199 28.712 2.4
      vertex -3.18199 28.712 0
    endloop
  endfacet
  facet normal 0.928672 -0.370902 0
    outer loop
      vertex -3.18199 29.04 2.4
      vertex -3.05099 29.368 0
      vertex -3.05099 29.368 2.4
    endloop
  endfacet
  facet normal 0.928672 -0.370902 0
    outer loop
      vertex -3.05099 29.368 0
      vertex -3.18199 29.04 2.4
      vertex -3.18199 29.04 0
    endloop
  endfacet
  facet normal 1 -0 0
    outer loop
      vertex -3.05099 29.368 2.4
      vertex -3.05099 29.63 0
      vertex -3.05099 29.63 2.4
    endloop
  endfacet
  facet normal 1 0 0
    outer loop
      vertex -3.05099 29.63 0
      vertex -3.05099 29.368 2.4
      vertex -3.05099 29.368 0
    endloop
  endfacet
  facet normal 0.942962 -0.332901 0
    outer loop
      vertex -3.05099 29.63 2.4
      vertex -2.657 30.746 0
      vertex -2.657 30.746 2.4
    endloop
  endfacet
  facet normal 0.942962 -0.332901 0
    outer loop
      vertex -2.657 30.746 0
      vertex -3.05099 29.63 2.4
      vertex -3.05099 29.63 0
    endloop
  endfacet
  facet normal 0.894768 -0.446532 0
    outer loop
      vertex -2.657 30.746 2.4
      vertex -2.133 31.796 0
      vertex -2.133 31.796 2.4
    endloop
  endfacet
  facet normal 0.894768 -0.446532 0
    outer loop
      vertex -2.133 31.796 0
      vertex -2.657 30.746 2.4
      vertex -2.657 30.746 0
    endloop
  endfacet
  facet normal 0.808515 -0.588475 0
    outer loop
      vertex -2.133 31.796 2.4
      vertex -1.08199 33.24 0
      vertex -1.08199 33.24 2.4
    endloop
  endfacet
  facet normal 0.808515 -0.588475 0
    outer loop
      vertex -1.08199 33.24 0
      vertex -2.133 31.796 2.4
      vertex -2.133 31.796 0
    endloop
  endfacet
  facet normal 0.687637 -0.726055 0
    outer loop
      vertex -1.08199 33.24 0
      vertex 0.164993 34.421 2.4
      vertex -1.08199 33.24 2.4
    endloop
  endfacet
  facet normal 0.687637 -0.726055 0
    outer loop
      vertex 0.164993 34.421 2.4
      vertex -1.08199 33.24 0
      vertex 0.164993 34.421 0
    endloop
  endfacet
  facet normal 0.56459 -0.825372 0
    outer loop
      vertex 0.164993 34.421 0
      vertex 1.41199 35.274 2.4
      vertex 0.164993 34.421 2.4
    endloop
  endfacet
  facet normal 0.56459 -0.825372 0
    outer loop
      vertex 1.41199 35.274 2.4
      vertex 0.164993 34.421 0
      vertex 1.41199 35.274 0
    endloop
  endfacet
  facet normal 0.431604 -0.902063 0
    outer loop
      vertex 1.41199 35.274 0
      vertex 2.92099 35.996 2.4
      vertex 1.41199 35.274 2.4
    endloop
  endfacet
  facet normal 0.431604 -0.902063 0
    outer loop
      vertex 2.92099 35.996 2.4
      vertex 1.41199 35.274 0
      vertex 2.92099 35.996 0
    endloop
  endfacet
  facet normal 0.287616 -0.957746 0
    outer loop
      vertex 2.92099 35.996 0
      vertex 4.23299 36.39 2.4
      vertex 2.92099 35.996 2.4
    endloop
  endfacet
  facet normal 0.287616 -0.957746 0
    outer loop
      vertex 4.23299 36.39 2.4
      vertex 2.92099 35.996 0
      vertex 4.23299 36.39 0
    endloop
  endfacet
  facet normal 0 -1 0
    outer loop
      vertex 4.23299 36.39 0
      vertex 4.49599 36.39 2.4
      vertex 4.23299 36.39 2.4
    endloop
  endfacet
  facet normal 0 -1 -0
    outer loop
      vertex 4.49599 36.39 2.4
      vertex 4.23299 36.39 0
      vertex 4.49599 36.39 0
    endloop
  endfacet
  facet normal 0.368457 -0.929645 0
    outer loop
      vertex 4.49599 36.39 0
      vertex 4.82399 36.52 2.4
      vertex 4.49599 36.39 2.4
    endloop
  endfacet
  facet normal 0.368457 -0.929645 0
    outer loop
      vertex 4.82399 36.52 2.4
      vertex 4.49599 36.39 0
      vertex 4.82399 36.52 0
    endloop
  endfacet
  facet normal 0 -1 0
    outer loop
      vertex 4.82399 36.52 0
      vertex 5.21799 36.52 2.4
      vertex 4.82399 36.52 2.4
    endloop
  endfacet
  facet normal 0 -1 -0
    outer loop
      vertex 5.21799 36.52 2.4
      vertex 4.82399 36.52 0
      vertex 5.21799 36.52 0
    endloop
  endfacet
  facet normal 0.449925 -0.893066 0
    outer loop
      vertex 5.21799 36.52 0
      vertex 5.48 36.652 2.4
      vertex 5.21799 36.52 2.4
    endloop
  endfacet
  facet normal 0.449925 -0.893066 0
    outer loop
      vertex 5.48 36.652 2.4
      vertex 5.21799 36.52 0
      vertex 5.48 36.652 0
    endloop
  endfacet
  facet normal 0 -1 0
    outer loop
      vertex 5.48 36.652 0
      vertex 7.84299 36.652 2.4
      vertex 5.48 36.652 2.4
    endloop
  endfacet
  facet normal 0 -1 -0
    outer loop
      vertex 7.84299 36.652 2.4
      vertex 5.48 36.652 0
      vertex 7.84299 36.652 0
    endloop
  endfacet
  facet normal -0.449925 -0.893066 0
    outer loop
      vertex 7.84299 36.652 0
      vertex 8.105 36.52 2.4
      vertex 7.84299 36.652 2.4
    endloop
  endfacet
  facet normal -0.449925 -0.893066 -0
    outer loop
      vertex 8.105 36.52 2.4
      vertex 7.84299 36.652 0
      vertex 8.105 36.52 0
    endloop
  endfacet
  facet normal 0 -1 0
    outer loop
      vertex -13.813 36.52 0
      vertex -13.42 36.52 2.4
      vertex -13.813 36.52 2.4
    endloop
  endfacet
  facet normal 0 -1 -0
    outer loop
      vertex -13.42 36.52 2.4
      vertex -13.813 36.52 0
      vertex -13.42 36.52 0
    endloop
  endfacet
  facet normal -0.368457 -0.929645 0
    outer loop
      vertex -13.42 36.52 0
      vertex -13.092 36.39 2.4
      vertex -13.42 36.52 2.4
    endloop
  endfacet
  facet normal -0.368457 -0.929645 -0
    outer loop
      vertex -13.092 36.39 2.4
      vertex -13.42 36.52 0
      vertex -13.092 36.39 0
    endloop
  endfacet
  facet normal 0 -1 0
    outer loop
      vertex -13.092 36.39 0
      vertex -12.83 36.39 2.4
      vertex -13.092 36.39 2.4
    endloop
  endfacet
  facet normal 0 -1 -0
    outer loop
      vertex -12.83 36.39 2.4
      vertex -13.092 36.39 0
      vertex -12.83 36.39 0
    endloop
  endfacet
  facet normal -0.447214 -0.894427 0
    outer loop
      vertex -12.83 36.39 0
      vertex -12.566 36.258 2.4
      vertex -12.83 36.39 2.4
    endloop
  endfacet
  facet normal -0.447214 -0.894427 -0
    outer loop
      vertex -12.566 36.258 2.4
      vertex -12.83 36.39 0
      vertex -12.566 36.258 0
    endloop
  endfacet
  facet normal 0 -1 0
    outer loop
      vertex -12.566 36.258 0
      vertex -12.304 36.258 2.4
      vertex -12.566 36.258 2.4
    endloop
  endfacet
  facet normal 0 -1 -0
    outer loop
      vertex -12.304 36.258 2.4
      vertex -12.566 36.258 0
      vertex -12.304 36.258 0
    endloop
  endfacet
  facet normal -0.556645 -0.83075 0
    outer loop
      vertex -12.304 36.258 0
      vertex -12.107 36.126 2.4
      vertex -12.304 36.258 2.4
    endloop
  endfacet
  facet normal -0.556645 -0.83075 -0
    outer loop
      vertex -12.107 36.126 2.4
      vertex -12.304 36.258 0
      vertex -12.107 36.126 0
    endloop
  endfacet
  facet normal 0 -1 0
    outer loop
      vertex -12.107 36.126 0
      vertex -11.91 36.126 2.4
      vertex -12.107 36.126 2.4
    endloop
  endfacet
  facet normal 0 -1 -0
    outer loop
      vertex -11.91 36.126 2.4
      vertex -12.107 36.126 0
      vertex -11.91 36.126 0
    endloop
  endfacet
  facet normal -0.552736 -0.833356 0
    outer loop
      vertex -11.91 36.126 0
      vertex -11.714 35.996 2.4
      vertex -11.91 36.126 2.4
    endloop
  endfacet
  facet normal -0.552736 -0.833356 -0
    outer loop
      vertex -11.714 35.996 2.4
      vertex -11.91 36.126 0
      vertex -11.714 35.996 0
    endloop
  endfacet
  facet normal -0.315505 -0.948924 0
    outer loop
      vertex -11.714 35.996 0
      vertex -10.926 35.734 2.4
      vertex -11.714 35.996 2.4
    endloop
  endfacet
  facet normal -0.315505 -0.948924 -0
    outer loop
      vertex -10.926 35.734 2.4
      vertex -11.714 35.996 0
      vertex -10.926 35.734 0
    endloop
  endfacet
  facet normal -0.556645 -0.83075 0
    outer loop
      vertex -10.926 35.734 0
      vertex -10.532 35.47 2.4
      vertex -10.926 35.734 2.4
    endloop
  endfacet
  facet normal -0.556645 -0.83075 -0
    outer loop
      vertex -10.532 35.47 2.4
      vertex -10.926 35.734 0
      vertex -10.532 35.47 0
    endloop
  endfacet
  facet normal 0 -1 0
    outer loop
      vertex -10.532 35.47 0
      vertex -10.401 35.47 2.4
      vertex -10.532 35.47 2.4
    endloop
  endfacet
  facet normal 0 -1 -0
    outer loop
      vertex -10.401 35.47 2.4
      vertex -10.532 35.47 0
      vertex -10.401 35.47 0
    endloop
  endfacet
  facet normal -0.56761 -0.823298 0
    outer loop
      vertex -10.401 35.47 0
      vertex -8.49799 34.158 2.4
      vertex -10.401 35.47 2.4
    endloop
  endfacet
  facet normal -0.56761 -0.823298 -0
    outer loop
      vertex -8.49799 34.158 2.4
      vertex -10.401 35.47 0
      vertex -8.49799 34.158 0
    endloop
  endfacet
  facet normal -0.723978 -0.689823 0
    outer loop
      vertex -7.185 32.78 0
      vertex -8.49799 34.158 2.4
      vertex -8.49799 34.158 0
    endloop
  endfacet
  facet normal -0.723978 -0.689823 0
    outer loop
      vertex -8.49799 34.158 2.4
      vertex -7.185 32.78 0
      vertex -7.185 32.78 2.4
    endloop
  endfacet
  facet normal -0.842409 -0.538839 0
    outer loop
      vertex -6.13599 31.14 0
      vertex -7.185 32.78 2.4
      vertex -7.185 32.78 0
    endloop
  endfacet
  facet normal -0.842409 -0.538839 0
    outer loop
      vertex -7.185 32.78 2.4
      vertex -6.13599 31.14 0
      vertex -6.13599 31.14 2.4
    endloop
  endfacet
  facet normal -1 0 0
    outer loop
      vertex -6.13599 31.008 0
      vertex -6.13599 31.14 2.4
      vertex -6.13599 31.14 0
    endloop
  endfacet
  facet normal -1 -0 0
    outer loop
      vertex -6.13599 31.14 2.4
      vertex -6.13599 31.008 0
      vertex -6.13599 31.008 2.4
    endloop
  endfacet
  facet normal -0.894427 -0.447214 0
    outer loop
      vertex -5.74199 30.22 0
      vertex -6.13599 31.008 2.4
      vertex -6.13599 31.008 0
    endloop
  endfacet
  facet normal -0.894427 -0.447214 0
    outer loop
      vertex -6.13599 31.008 2.4
      vertex -5.74199 30.22 0
      vertex -5.74199 30.22 2.4
    endloop
  endfacet
  facet normal -0.976226 -0.216755 0
    outer loop
      vertex -5.61099 29.63 0
      vertex -5.74199 30.22 2.4
      vertex -5.74199 30.22 0
    endloop
  endfacet
  facet normal -0.976226 -0.216755 0
    outer loop
      vertex -5.74199 30.22 2.4
      vertex -5.61099 29.63 0
      vertex -5.61099 29.63 2.4
    endloop
  endfacet
  facet normal -0.831417 -0.555649 0
    outer loop
      vertex -5.48 29.434 0
      vertex -5.61099 29.63 2.4
      vertex -5.61099 29.63 0
    endloop
  endfacet
  facet normal -0.831417 -0.555649 0
    outer loop
      vertex -5.61099 29.63 2.4
      vertex -5.48 29.434 0
      vertex -5.48 29.434 2.4
    endloop
  endfacet
  facet normal -1 0 0
    outer loop
      vertex -5.48 29.17 0
      vertex -5.48 29.434 2.4
      vertex -5.48 29.434 0
    endloop
  endfacet
  facet normal -1 -0 0
    outer loop
      vertex -5.48 29.434 2.4
      vertex -5.48 29.17 0
      vertex -5.48 29.17 2.4
    endloop
  endfacet
  facet normal -0.701717 -0.712456 0
    outer loop
      vertex -5.48 29.17 0
      vertex -5.41299 29.104 2.4
      vertex -5.48 29.17 2.4
    endloop
  endfacet
  facet normal -0.701717 -0.712456 -0
    outer loop
      vertex -5.41299 29.104 2.4
      vertex -5.48 29.17 0
      vertex -5.41299 29.104 0
    endloop
  endfacet
  facet normal -0.99417 -0.107825 0
    outer loop
      vertex -5.349 28.514 0
      vertex -5.41299 29.104 2.4
      vertex -5.41299 29.104 0
    endloop
  endfacet
  facet normal -0.99417 -0.107825 0
    outer loop
      vertex -5.41299 29.104 2.4
      vertex -5.349 28.514 0
      vertex -5.349 28.514 2.4
    endloop
  endfacet
  facet normal -0.696313 -0.717738 0
    outer loop
      vertex -5.349 28.514 0
      vertex -5.282 28.449 2.4
      vertex -5.349 28.514 2.4
    endloop
  endfacet
  facet normal -0.696313 -0.717738 -0
    outer loop
      vertex -5.282 28.449 2.4
      vertex -5.349 28.514 0
      vertex -5.282 28.449 0
    endloop
  endfacet
  facet normal -1 0 0
    outer loop
      vertex -5.282 28.12 0
      vertex -5.282 28.449 2.4
      vertex -5.282 28.449 0
    endloop
  endfacet
  facet normal -1 -0 0
    outer loop
      vertex -5.282 28.449 2.4
      vertex -5.282 28.12 0
      vertex -5.282 28.12 2.4
    endloop
  endfacet
  facet normal -0.696091 -0.717953 0
    outer loop
      vertex -5.282 28.12 0
      vertex -5.21599 28.056 2.4
      vertex -5.282 28.12 2.4
    endloop
  endfacet
  facet normal -0.696091 -0.717953 -0
    outer loop
      vertex -5.21599 28.056 2.4
      vertex -5.282 28.12 0
      vertex -5.21599 28.056 0
    endloop
  endfacet
  facet normal -1 0 0
    outer loop
      vertex -5.21599 26.086 0
      vertex -5.21599 28.056 2.4
      vertex -5.21599 28.056 0
    endloop
  endfacet
  facet normal -1 -0 0
    outer loop
      vertex -5.21599 28.056 2.4
      vertex -5.21599 26.086 0
      vertex -5.21599 26.086 2.4
    endloop
  endfacet
  facet normal -0.701635 0.712537 0
    outer loop
      vertex -5.21599 26.086 0
      vertex -5.282 26.021 2.4
      vertex -5.21599 26.086 2.4
    endloop
  endfacet
  facet normal -0.701635 0.712537 0
    outer loop
      vertex -5.282 26.021 2.4
      vertex -5.21599 26.086 0
      vertex -5.282 26.021 0
    endloop
  endfacet
  facet normal -0.995734 0.0922741 0
    outer loop
      vertex -5.349 25.298 0
      vertex -5.282 26.021 2.4
      vertex -5.282 26.021 0
    endloop
  endfacet
  facet normal -0.995734 0.0922741 0
    outer loop
      vertex -5.282 26.021 2.4
      vertex -5.349 25.298 0
      vertex -5.349 25.298 2.4
    endloop
  endfacet
  facet normal -0.948687 0.316217 0
    outer loop
      vertex -5.61099 24.512 0
      vertex -5.349 25.298 2.4
      vertex -5.349 25.298 0
    endloop
  endfacet
  facet normal -0.948687 0.316217 0
    outer loop
      vertex -5.349 25.298 2.4
      vertex -5.61099 24.512 0
      vertex -5.61099 24.512 2.4
    endloop
  endfacet
  facet normal -1 0 0
    outer loop
      vertex -5.61099 24.315 0
      vertex -5.61099 24.512 2.4
      vertex -5.61099 24.512 0
    endloop
  endfacet
  facet normal -1 -0 0
    outer loop
      vertex -5.61099 24.512 2.4
      vertex -5.61099 24.315 0
      vertex -5.61099 24.315 2.4
    endloop
  endfacet
  facet normal -0.8327 0.553724 0
    outer loop
      vertex -5.74199 24.118 0
      vertex -5.61099 24.315 2.4
      vertex -5.61099 24.315 0
    endloop
  endfacet
  facet normal -0.8327 0.553724 0
    outer loop
      vertex -5.61099 24.315 2.4
      vertex -5.74199 24.118 0
      vertex -5.74199 24.118 2.4
    endloop
  endfacet
  facet normal -0.961048 0.27638 0
    outer loop
      vertex -5.87399 23.659 0
      vertex -5.74199 24.118 2.4
      vertex -5.74199 24.118 0
    endloop
  endfacet
  facet normal -0.961048 0.27638 0
    outer loop
      vertex -5.74199 24.118 2.4
      vertex -5.87399 23.659 0
      vertex -5.87399 23.659 2.4
    endloop
  endfacet
  facet normal -0.885303 0.465015 0
    outer loop
      vertex -6.52899 22.412 0
      vertex -5.87399 23.659 2.4
      vertex -5.87399 23.659 0
    endloop
  endfacet
  facet normal -0.885303 0.465015 0
    outer loop
      vertex -5.87399 23.659 2.4
      vertex -6.52899 22.412 0
      vertex -6.52899 22.412 2.4
    endloop
  endfacet
  facet normal -0.794499 0.607265 0
    outer loop
      vertex -7.38199 21.296 0
      vertex -6.52899 22.412 2.4
      vertex -6.52899 22.412 0
    endloop
  endfacet
  facet normal -0.794499 0.607265 0
    outer loop
      vertex -6.52899 22.412 2.4
      vertex -7.38199 21.296 0
      vertex -7.38199 21.296 2.4
    endloop
  endfacet
  facet normal -0.687648 0.726044 0
    outer loop
      vertex -7.38199 21.296 0
      vertex -8.62999 20.114 2.4
      vertex -7.38199 21.296 2.4
    endloop
  endfacet
  facet normal -0.687648 0.726044 0
    outer loop
      vertex -8.62999 20.114 2.4
      vertex -7.38199 21.296 0
      vertex -8.62999 20.114 0
    endloop
  endfacet
  facet normal -0.546469 0.83748 0
    outer loop
      vertex -8.62999 20.114 0
      vertex -10.138 19.13 2.4
      vertex -8.62999 20.114 2.4
    endloop
  endfacet
  facet normal -0.546469 0.83748 0
    outer loop
      vertex -10.138 19.13 2.4
      vertex -8.62999 20.114 0
      vertex -10.138 19.13 0
    endloop
  endfacet
  facet normal 0 1 -0
    outer loop
      vertex -10.138 19.13 0
      vertex -10.269 19.13 2.4
      vertex -10.138 19.13 2.4
    endloop
  endfacet
  facet normal 0 1 0
    outer loop
      vertex -10.269 19.13 2.4
      vertex -10.138 19.13 0
      vertex -10.269 19.13 0
    endloop
  endfacet
  facet normal -0.552751 0.833346 0
    outer loop
      vertex -10.269 19.13 0
      vertex -10.664 18.868 2.4
      vertex -10.269 19.13 2.4
    endloop
  endfacet
  facet normal -0.552751 0.833346 0
    outer loop
      vertex -10.664 18.868 2.4
      vertex -10.269 19.13 0
      vertex -10.664 18.868 0
    endloop
  endfacet
  facet normal 0 1 -0
    outer loop
      vertex -10.664 18.868 0
      vertex -10.794 18.868 2.4
      vertex -10.664 18.868 2.4
    endloop
  endfacet
  facet normal 0 1 0
    outer loop
      vertex -10.794 18.868 2.4
      vertex -10.664 18.868 0
      vertex -10.794 18.868 0
    endloop
  endfacet
  facet normal -0.418923 0.908022 0
    outer loop
      vertex -10.794 18.868 0
      vertex -11.648 18.474 2.4
      vertex -10.794 18.868 2.4
    endloop
  endfacet
  facet normal -0.418923 0.908022 0
    outer loop
      vertex -11.648 18.474 2.4
      vertex -10.794 18.868 0
      vertex -11.648 18.474 0
    endloop
  endfacet
  facet normal 0 1 -0
    outer loop
      vertex -11.648 18.474 0
      vertex -11.844 18.474 2.4
      vertex -11.648 18.474 2.4
    endloop
  endfacet
  facet normal 0 1 0
    outer loop
      vertex -11.844 18.474 2.4
      vertex -11.648 18.474 0
      vertex -11.844 18.474 0
    endloop
  endfacet
  facet normal -0.5547 0.83205 0
    outer loop
      vertex -11.844 18.474 0
      vertex -12.042 18.342 2.4
      vertex -11.844 18.474 2.4
    endloop
  endfacet
  facet normal -0.5547 0.83205 0
    outer loop
      vertex -12.042 18.342 2.4
      vertex -11.844 18.474 0
      vertex -12.042 18.342 0
    endloop
  endfacet
  facet normal 0 1 -0
    outer loop
      vertex -12.042 18.342 0
      vertex -12.238 18.342 2.4
      vertex -12.042 18.342 2.4
    endloop
  endfacet
  facet normal 0 1 0
    outer loop
      vertex -12.238 18.342 2.4
      vertex -12.042 18.342 0
      vertex -12.238 18.342 0
    endloop
  endfacet
  facet normal -0.441768 0.897129 0
    outer loop
      vertex -12.238 18.342 0
      vertex -12.502 18.212 2.4
      vertex -12.238 18.342 2.4
    endloop
  endfacet
  facet normal -0.441768 0.897129 0
    outer loop
      vertex -12.502 18.212 2.4
      vertex -12.238 18.342 0
      vertex -12.502 18.212 0
    endloop
  endfacet
  facet normal 0 1 -0
    outer loop
      vertex -12.502 18.212 0
      vertex -12.764 18.212 2.4
      vertex -12.502 18.212 2.4
    endloop
  endfacet
  facet normal 0 1 0
    outer loop
      vertex -12.764 18.212 2.4
      vertex -12.502 18.212 0
      vertex -12.764 18.212 0
    endloop
  endfacet
  facet normal -0.37334 0.927694 0
    outer loop
      vertex -12.764 18.212 0
      vertex -13.092 18.08 2.4
      vertex -12.764 18.212 2.4
    endloop
  endfacet
  facet normal -0.37334 0.927694 0
    outer loop
      vertex -13.092 18.08 2.4
      vertex -12.764 18.212 0
      vertex -13.092 18.08 0
    endloop
  endfacet
  facet normal -0.0911584 0.995836 0
    outer loop
      vertex -13.092 18.08 0
      vertex -13.813 18.014 2.4
      vertex -13.092 18.08 2.4
    endloop
  endfacet
  facet normal -0.0911584 0.995836 0
    outer loop
      vertex -13.813 18.014 2.4
      vertex -13.092 18.08 0
      vertex -13.813 18.014 0
    endloop
  endfacet
  facet normal -0.696313 0.717738 0
    outer loop
      vertex -13.813 18.014 0
      vertex -13.88 17.949 2.4
      vertex -13.813 18.014 2.4
    endloop
  endfacet
  facet normal -0.696313 0.717738 0
    outer loop
      vertex -13.88 17.949 2.4
      vertex -13.813 18.014 0
      vertex -13.88 17.949 0
    endloop
  endfacet
  facet normal 0 1 -0
    outer loop
      vertex -13.88 17.949 0
      vertex -14.666 17.949 2.4
      vertex -13.88 17.949 2.4
    endloop
  endfacet
  facet normal 0 1 0
    outer loop
      vertex -14.666 17.949 2.4
      vertex -13.88 17.949 0
      vertex -14.666 17.949 0
    endloop
  endfacet
  facet normal -0.701689 0.712484 0
    outer loop
      vertex -14.666 17.949 0
      vertex -14.732 17.884 2.4
      vertex -14.666 17.949 2.4
    endloop
  endfacet
  facet normal -0.701689 0.712484 0
    outer loop
      vertex -14.732 17.884 2.4
      vertex -14.666 17.949 0
      vertex -14.732 17.884 0
    endloop
  endfacet
  facet normal 0.99825 -0.0591423 0
    outer loop
      vertex -14.732 17.884 2.4
      vertex -14.666 18.998 0
      vertex -14.666 18.998 2.4
    endloop
  endfacet
  facet normal 0.99825 -0.0591423 0
    outer loop
      vertex -14.666 18.998 0
      vertex -14.732 17.884 2.4
      vertex -14.732 17.884 0
    endloop
  endfacet
  facet normal 0.717738 -0.696313 0
    outer loop
      vertex -14.666 18.998 2.4
      vertex -14.601 19.065 0
      vertex -14.601 19.065 2.4
    endloop
  endfacet
  facet normal 0.717738 -0.696313 0
    outer loop
      vertex -14.601 19.065 0
      vertex -14.666 18.998 2.4
      vertex -14.666 18.998 0
    endloop
  endfacet
  facet normal 1 -0 0
    outer loop
      vertex -14.601 19.065 2.4
      vertex -14.601 19.786 0
      vertex -14.601 19.786 2.4
    endloop
  endfacet
  facet normal 1 0 0
    outer loop
      vertex -14.601 19.786 0
      vertex -14.601 19.065 2.4
      vertex -14.601 19.065 0
    endloop
  endfacet
  facet normal 0.707107 -0.707107 0
    outer loop
      vertex -14.601 19.786 0
      vertex -14.535 19.852 2.4
      vertex -14.601 19.786 2.4
    endloop
  endfacet
  facet normal 0.707107 -0.707107 0
    outer loop
      vertex -14.535 19.852 2.4
      vertex -14.601 19.786 0
      vertex -14.535 19.852 0
    endloop
  endfacet
  facet normal 1 -0 0
    outer loop
      vertex -14.535 19.852 2.4
      vertex -14.535 20.574 0
      vertex -14.535 20.574 2.4
    endloop
  endfacet
  facet normal 1 0 0
    outer loop
      vertex -14.535 20.574 0
      vertex -14.535 19.852 2.4
      vertex -14.535 19.852 0
    endloop
  endfacet
  facet normal 0.712484 -0.701689 0
    outer loop
      vertex -14.535 20.574 2.4
      vertex -14.47 20.64 0
      vertex -14.47 20.64 2.4
    endloop
  endfacet
  facet normal 0.712484 -0.701689 0
    outer loop
      vertex -14.47 20.64 0
      vertex -14.535 20.574 2.4
      vertex -14.535 20.574 0
    endloop
  endfacet
  facet normal 1 -0 0
    outer loop
      vertex -14.47 20.64 2.4
      vertex -14.47 21.296 0
      vertex -14.47 21.296 2.4
    endloop
  endfacet
  facet normal 1 0 0
    outer loop
      vertex -14.47 21.296 0
      vertex -14.47 20.64 2.4
      vertex -14.47 20.64 0
    endloop
  endfacet
  facet normal 0.707107 -0.707107 0
    outer loop
      vertex -14.47 21.296 2.4
      vertex -14.404 21.362 0
      vertex -14.404 21.362 2.4
    endloop
  endfacet
  facet normal 0.707107 -0.707107 0
    outer loop
      vertex -14.404 21.362 0
      vertex -14.47 21.296 2.4
      vertex -14.47 21.296 0
    endloop
  endfacet
  facet normal 1 -0 0
    outer loop
      vertex -14.404 21.362 2.4
      vertex -14.404 22.084 0
      vertex -14.404 22.084 2.4
    endloop
  endfacet
  facet normal 1 0 0
    outer loop
      vertex -14.404 22.084 0
      vertex -14.404 21.362 2.4
      vertex -14.404 21.362 0
    endloop
  endfacet
  facet normal 0.696146 -0.7179 0
    outer loop
      vertex -14.404 22.084 0
      vertex -14.338 22.148 2.4
      vertex -14.404 22.084 2.4
    endloop
  endfacet
  facet normal 0.696146 -0.7179 0
    outer loop
      vertex -14.338 22.148 2.4
      vertex -14.404 22.084 0
      vertex -14.338 22.148 0
    endloop
  endfacet
  facet normal 1 -0 0
    outer loop
      vertex -14.338 22.148 2.4
      vertex -14.338 22.87 0
      vertex -14.338 22.87 2.4
    endloop
  endfacet
  facet normal 1 0 0
    outer loop
      vertex -14.338 22.87 0
      vertex -14.338 22.148 2.4
      vertex -14.338 22.148 0
    endloop
  endfacet
  facet normal 0.717738 -0.696313 0
    outer loop
      vertex -14.338 22.87 2.4
      vertex -14.273 22.937 0
      vertex -14.273 22.937 2.4
    endloop
  endfacet
  facet normal 0.717738 -0.696313 0
    outer loop
      vertex -14.273 22.937 0
      vertex -14.338 22.87 2.4
      vertex -14.338 22.87 0
    endloop
  endfacet
  facet normal 1 -0 0
    outer loop
      vertex -14.273 22.937 2.4
      vertex -14.273 23.33 0
      vertex -14.273 23.33 2.4
    endloop
  endfacet
  facet normal 1 0 0
    outer loop
      vertex -14.273 23.33 0
      vertex -14.273 22.937 2.4
      vertex -14.273 22.937 0
    endloop
  endfacet
  facet normal 0.712484 0.701689 0
    outer loop
      vertex -14.273 23.33 2.4
      vertex -14.338 23.396 0
      vertex -14.338 23.396 2.4
    endloop
  endfacet
  facet normal 0.712484 0.701689 0
    outer loop
      vertex -14.338 23.396 0
      vertex -14.273 23.33 2.4
      vertex -14.273 23.33 0
    endloop
  endfacet
  facet normal 0.273056 -0.961998 0
    outer loop
      vertex -14.338 23.396 0
      vertex -13.88 23.526 2.4
      vertex -14.338 23.396 2.4
    endloop
  endfacet
  facet normal 0.273056 -0.961998 0
    outer loop
      vertex -13.88 23.526 2.4
      vertex -14.338 23.396 0
      vertex -13.88 23.526 0
    endloop
  endfacet
  facet normal 0.448845 -0.89361 0
    outer loop
      vertex -13.88 23.526 0
      vertex -13.223 23.856 2.4
      vertex -13.88 23.526 2.4
    endloop
  endfacet
  facet normal 0.448845 -0.89361 0
    outer loop
      vertex -13.223 23.856 2.4
      vertex -13.88 23.526 0
      vertex -13.223 23.856 0
    endloop
  endfacet
  facet normal 0.683802 -0.729667 0
    outer loop
      vertex -13.223 23.856 0
      vertex -12.173 24.84 2.4
      vertex -13.223 23.856 2.4
    endloop
  endfacet
  facet normal 0.683802 -0.729667 0
    outer loop
      vertex -12.173 24.84 2.4
      vertex -13.223 23.856 0
      vertex -12.173 24.84 0
    endloop
  endfacet
  facet normal 0.882278 -0.470728 0
    outer loop
      vertex -12.173 24.84 2.4
      vertex -11.648 25.824 0
      vertex -11.648 25.824 2.4
    endloop
  endfacet
  facet normal 0.882278 -0.470728 0
    outer loop
      vertex -11.648 25.824 0
      vertex -12.173 24.84 2.4
      vertex -12.173 24.84 0
    endloop
  endfacet
  facet normal 0.961208 -0.275825 0
    outer loop
      vertex -11.648 25.824 2.4
      vertex -11.516 26.284 0
      vertex -11.516 26.284 2.4
    endloop
  endfacet
  facet normal 0.961208 -0.275825 0
    outer loop
      vertex -11.516 26.284 0
      vertex -11.648 25.824 2.4
      vertex -11.648 25.824 0
    endloop
  endfacet
  facet normal 1 -0 0
    outer loop
      vertex -11.516 26.284 2.4
      vertex -11.516 26.546 0
      vertex -11.516 26.546 2.4
    endloop
  endfacet
  facet normal 1 0 0
    outer loop
      vertex -11.516 26.546 0
      vertex -11.516 26.284 2.4
      vertex -11.516 26.284 0
    endloop
  endfacet
  facet normal 0.7179 -0.696146 0
    outer loop
      vertex -11.516 26.546 2.4
      vertex -11.452 26.612 0
      vertex -11.452 26.612 2.4
    endloop
  endfacet
  facet normal 0.7179 -0.696146 0
    outer loop
      vertex -11.452 26.612 0
      vertex -11.516 26.546 2.4
      vertex -11.516 26.546 0
    endloop
  endfacet
  facet normal 1 -0 0
    outer loop
      vertex -11.452 26.612 2.4
      vertex -11.452 27.726 0
      vertex -11.452 27.726 2.4
    endloop
  endfacet
  facet normal 1 0 0
    outer loop
      vertex -11.452 27.726 0
      vertex -11.452 26.612 2.4
      vertex -11.452 26.612 0
    endloop
  endfacet
  facet normal 0.96176 0.273893 0
    outer loop
      vertex -11.452 27.726 2.4
      vertex -11.714 28.646 0
      vertex -11.714 28.646 2.4
    endloop
  endfacet
  facet normal 0.96176 0.273893 0
    outer loop
      vertex -11.714 28.646 0
      vertex -11.452 27.726 2.4
      vertex -11.452 27.726 0
    endloop
  endfacet
  facet normal 0.868708 0.495324 0
    outer loop
      vertex -11.714 28.646 2.4
      vertex -12.238 29.565 0
      vertex -12.238 29.565 2.4
    endloop
  endfacet
  facet normal 0.868708 0.495324 0
    outer loop
      vertex -12.238 29.565 0
      vertex -11.714 28.646 2.4
      vertex -11.714 28.646 0
    endloop
  endfacet
  facet normal 0.706617 0.707597 -0
    outer loop
      vertex -12.238 29.565 0
      vertex -12.96 30.286 2.4
      vertex -12.238 29.565 2.4
    endloop
  endfacet
  facet normal 0.706617 0.707597 0
    outer loop
      vertex -12.96 30.286 2.4
      vertex -12.238 29.565 0
      vertex -12.96 30.286 0
    endloop
  endfacet
  facet normal 0.496342 0.868127 -0
    outer loop
      vertex -12.96 30.286 0
      vertex -13.88 30.812 2.4
      vertex -12.96 30.286 2.4
    endloop
  endfacet
  facet normal 0.496342 0.868127 0
    outer loop
      vertex -13.88 30.812 2.4
      vertex -12.96 30.286 0
      vertex -13.88 30.812 0
    endloop
  endfacet
  facet normal 0.316228 0.948683 -0
    outer loop
      vertex -13.88 30.812 0
      vertex -14.273 30.943 2.4
      vertex -13.88 30.812 2.4
    endloop
  endfacet
  facet normal 0.316228 0.948683 0
    outer loop
      vertex -14.273 30.943 2.4
      vertex -13.88 30.812 0
      vertex -14.273 30.943 0
    endloop
  endfacet
  facet normal 0 1 -0
    outer loop
      vertex -14.273 30.943 0
      vertex -14.535 30.943 2.4
      vertex -14.273 30.943 2.4
    endloop
  endfacet
  facet normal 0 1 0
    outer loop
      vertex -14.535 30.943 2.4
      vertex -14.273 30.943 0
      vertex -14.535 30.943 0
    endloop
  endfacet
  facet normal 0.701689 0.712484 -0
    outer loop
      vertex -14.535 30.943 0
      vertex -14.601 31.008 2.4
      vertex -14.535 30.943 2.4
    endloop
  endfacet
  facet normal 0.701689 0.712484 0
    outer loop
      vertex -14.601 31.008 2.4
      vertex -14.535 30.943 0
      vertex -14.601 31.008 0
    endloop
  endfacet
  facet normal 0 1 -0
    outer loop
      vertex -14.601 31.008 0
      vertex -15.126 31.008 2.4
      vertex -14.601 31.008 2.4
    endloop
  endfacet
  facet normal 0 1 0
    outer loop
      vertex -15.126 31.008 2.4
      vertex -14.601 31.008 0
      vertex -15.126 31.008 0
    endloop
  endfacet
  facet normal 0.316228 0.948683 -0
    outer loop
      vertex -15.126 31.008 0
      vertex -15.324 31.074 2.4
      vertex -15.126 31.008 2.4
    endloop
  endfacet
  facet normal 0.316228 0.948683 0
    outer loop
      vertex -15.324 31.074 2.4
      vertex -15.126 31.008 0
      vertex -15.324 31.074 0
    endloop
  endfacet
  facet normal -0.7179 0.696146 0
    outer loop
      vertex -15.388 31.008 0
      vertex -15.324 31.074 2.4
      vertex -15.324 31.074 0
    endloop
  endfacet
  facet normal -0.7179 0.696146 0
    outer loop
      vertex -15.324 31.074 2.4
      vertex -15.388 31.008 0
      vertex -15.388 31.008 2.4
    endloop
  endfacet
  facet normal 0 1 -0
    outer loop
      vertex -15.388 31.008 0
      vertex -15.848 31.008 2.4
      vertex -15.388 31.008 2.4
    endloop
  endfacet
  facet normal 0 1 0
    outer loop
      vertex -15.848 31.008 2.4
      vertex -15.388 31.008 0
      vertex -15.848 31.008 0
    endloop
  endfacet
  facet normal -0.701689 0.712484 0
    outer loop
      vertex -15.848 31.008 0
      vertex -15.914 30.943 2.4
      vertex -15.848 31.008 2.4
    endloop
  endfacet
  facet normal -0.701689 0.712484 0
    outer loop
      vertex -15.914 30.943 2.4
      vertex -15.848 31.008 0
      vertex -15.914 30.943 0
    endloop
  endfacet
  facet normal 0 1 -0
    outer loop
      vertex -15.914 30.943 0
      vertex -16.176 30.943 2.4
      vertex -15.914 30.943 2.4
    endloop
  endfacet
  facet normal 0 1 0
    outer loop
      vertex -16.176 30.943 2.4
      vertex -15.914 30.943 0
      vertex -16.176 30.943 0
    endloop
  endfacet
  facet normal -0.316228 0.948683 0
    outer loop
      vertex -16.176 30.943 0
      vertex -16.569 30.812 2.4
      vertex -16.176 30.943 2.4
    endloop
  endfacet
  facet normal -0.316228 0.948683 0
    outer loop
      vertex -16.569 30.812 2.4
      vertex -16.176 30.943 0
      vertex -16.569 30.812 0
    endloop
  endfacet
  facet normal -0.478512 0.878081 0
    outer loop
      vertex -16.569 30.812 0
      vertex -17.292 30.418 2.4
      vertex -16.569 30.812 2.4
    endloop
  endfacet
  facet normal -0.478512 0.878081 0
    outer loop
      vertex -17.292 30.418 2.4
      vertex -16.569 30.812 0
      vertex -17.292 30.418 0
    endloop
  endfacet
  facet normal -0.678996 0.734142 0
    outer loop
      vertex -17.292 30.418 0
      vertex -18.144 29.63 2.4
      vertex -17.292 30.418 2.4
    endloop
  endfacet
  facet normal -0.678996 0.734142 0
    outer loop
      vertex -18.144 29.63 2.4
      vertex -17.292 30.418 0
      vertex -18.144 29.63 0
    endloop
  endfacet
  facet normal -0.831616 0.555351 0
    outer loop
      vertex -18.538 29.04 0
      vertex -18.144 29.63 2.4
      vertex -18.144 29.63 0
    endloop
  endfacet
  facet normal -0.831616 0.555351 0
    outer loop
      vertex -18.144 29.63 2.4
      vertex -18.538 29.04 0
      vertex -18.538 29.04 2.4
    endloop
  endfacet
  facet normal -0.933374 0.358906 0
    outer loop
      vertex -18.866 28.187 0
      vertex -18.538 29.04 2.4
      vertex -18.538 29.04 0
    endloop
  endfacet
  facet normal -0.933374 0.358906 0
    outer loop
      vertex -18.538 29.04 2.4
      vertex -18.866 28.187 0
      vertex -18.866 28.187 2.4
    endloop
  endfacet
  facet normal -0.995859 0.0909083 0
    outer loop
      vertex -18.932 27.464 0
      vertex -18.866 28.187 2.4
      vertex -18.866 28.187 0
    endloop
  endfacet
  facet normal -0.995859 0.0909083 0
    outer loop
      vertex -18.866 28.187 2.4
      vertex -18.932 27.464 0
      vertex -18.932 27.464 2.4
    endloop
  endfacet
  facet normal -0.707107 0.707107 0
    outer loop
      vertex -18.998 27.398 0
      vertex -18.932 27.464 2.4
      vertex -18.932 27.464 0
    endloop
  endfacet
  facet normal -0.707107 0.707107 0
    outer loop
      vertex -18.932 27.464 2.4
      vertex -18.998 27.398 0
      vertex -18.998 27.398 2.4
    endloop
  endfacet
  facet normal -0.997013 -0.0772334 0
    outer loop
      vertex -18.932 26.546 0
      vertex -18.998 27.398 2.4
      vertex -18.998 27.398 0
    endloop
  endfacet
  facet normal -0.997013 -0.0772334 0
    outer loop
      vertex -18.998 27.398 2.4
      vertex -18.932 26.546 0
      vertex -18.932 26.546 2.4
    endloop
  endfacet
  facet normal -0.707107 -0.707107 0
    outer loop
      vertex -18.866 26.48 0
      vertex -18.932 26.546 2.4
      vertex -18.932 26.546 0
    endloop
  endfacet
  facet normal -0.707107 -0.707107 0
    outer loop
      vertex -18.932 26.546 2.4
      vertex -18.866 26.48 0
      vertex -18.866 26.48 2.4
    endloop
  endfacet
  facet normal -1 0 0
    outer loop
      vertex -18.866 26.152 0
      vertex -18.866 26.48 2.4
      vertex -18.866 26.48 0
    endloop
  endfacet
  facet normal -1 -0 0
    outer loop
      vertex -18.866 26.48 2.4
      vertex -18.866 26.152 0
      vertex -18.866 26.152 2.4
    endloop
  endfacet
  facet normal -0.834648 -0.550783 0
    outer loop
      vertex -18.736 25.955 0
      vertex -18.866 26.152 2.4
      vertex -18.866 26.152 0
    endloop
  endfacet
  facet normal -0.834648 -0.550783 0
    outer loop
      vertex -18.866 26.152 2.4
      vertex -18.736 25.955 0
      vertex -18.736 25.955 2.4
    endloop
  endfacet
  facet normal -1 0 0
    outer loop
      vertex -18.736 25.758 0
      vertex -18.736 25.955 2.4
      vertex -18.736 25.955 0
    endloop
  endfacet
  facet normal -1 -0 0
    outer loop
      vertex -18.736 25.955 2.4
      vertex -18.736 25.758 0
      vertex -18.736 25.758 2.4
    endloop
  endfacet
  facet normal -0.894427 -0.447214 0
    outer loop
      vertex -18.408 25.102 0
      vertex -18.736 25.758 2.4
      vertex -18.736 25.758 0
    endloop
  endfacet
  facet normal -0.894427 -0.447214 0
    outer loop
      vertex -18.736 25.758 2.4
      vertex -18.408 25.102 0
      vertex -18.408 25.102 2.4
    endloop
  endfacet
  facet normal -0.813614 -0.581406 0
    outer loop
      vertex -18.08 24.643 0
      vertex -18.408 25.102 2.4
      vertex -18.408 25.102 0
    endloop
  endfacet
  facet normal -0.813614 -0.581406 0
    outer loop
      vertex -18.408 25.102 2.4
      vertex -18.08 24.643 0
      vertex -18.08 24.643 2.4
    endloop
  endfacet
  facet normal -0.706509 -0.707704 0
    outer loop
      vertex -18.08 24.643 0
      vertex -17.488 24.052 2.4
      vertex -18.08 24.643 2.4
    endloop
  endfacet
  facet normal -0.706509 -0.707704 -0
    outer loop
      vertex -17.488 24.052 2.4
      vertex -18.08 24.643 0
      vertex -17.488 24.052 0
    endloop
  endfacet
  facet normal -0.553724 -0.8327 0
    outer loop
      vertex -17.488 24.052 0
      vertex -17.094 23.79 2.4
      vertex -17.488 24.052 2.4
    endloop
  endfacet
  facet normal -0.553724 -0.8327 -0
    outer loop
      vertex -17.094 23.79 2.4
      vertex -17.488 24.052 0
      vertex -17.094 23.79 0
    endloop
  endfacet
  facet normal -0.384699 -0.923042 0
    outer loop
      vertex -17.094 23.79 0
      vertex -16.307 23.462 2.4
      vertex -17.094 23.79 2.4
    endloop
  endfacet
  facet normal -0.384699 -0.923042 -0
    outer loop
      vertex -16.307 23.462 2.4
      vertex -17.094 23.79 0
      vertex -16.307 23.462 0
    endloop
  endfacet
  facet normal -0.70177 0.712403 0
    outer loop
      vertex -16.307 23.462 0
      vertex -16.374 23.396 2.4
      vertex -16.307 23.462 2.4
    endloop
  endfacet
  facet normal -0.70177 0.712403 0
    outer loop
      vertex -16.374 23.396 2.4
      vertex -16.307 23.462 0
      vertex -16.374 23.396 0
    endloop
  endfacet
  facet normal -1 0 0
    outer loop
      vertex -16.374 23.002 0
      vertex -16.374 23.396 2.4
      vertex -16.374 23.396 0
    endloop
  endfacet
  facet normal -1 -0 0
    outer loop
      vertex -16.374 23.396 2.4
      vertex -16.374 23.002 0
      vertex -16.374 23.002 2.4
    endloop
  endfacet
  facet normal -0.712567 0.701604 0
    outer loop
      vertex -16.438 22.937 0
      vertex -16.374 23.002 2.4
      vertex -16.374 23.002 0
    endloop
  endfacet
  facet normal -0.712567 0.701604 0
    outer loop
      vertex -16.374 23.002 2.4
      vertex -16.438 22.937 0
      vertex -16.438 22.937 2.4
    endloop
  endfacet
  facet normal -1 0 0
    outer loop
      vertex -16.438 22.214 0
      vertex -16.438 22.937 2.4
      vertex -16.438 22.937 0
    endloop
  endfacet
  facet normal -1 -0 0
    outer loop
      vertex -16.438 22.937 2.4
      vertex -16.438 22.214 0
      vertex -16.438 22.214 2.4
    endloop
  endfacet
  facet normal -0.707107 0.707107 0
    outer loop
      vertex -16.438 22.214 0
      vertex -16.504 22.148 2.4
      vertex -16.438 22.214 2.4
    endloop
  endfacet
  facet normal -0.707107 0.707107 0
    outer loop
      vertex -16.504 22.148 2.4
      vertex -16.438 22.214 0
      vertex -16.504 22.148 0
    endloop
  endfacet
  facet normal -1 0 0
    outer loop
      vertex -16.504 21.426 0
      vertex -16.504 22.148 2.4
      vertex -16.504 22.148 0
    endloop
  endfacet
  facet normal -1 -0 0
    outer loop
      vertex -16.504 22.148 2.4
      vertex -16.504 21.426 0
      vertex -16.504 21.426 2.4
    endloop
  endfacet
  facet normal -0.701604 0.712567 0
    outer loop
      vertex -16.504 21.426 0
      vertex -16.569 21.362 2.4
      vertex -16.504 21.426 2.4
    endloop
  endfacet
  facet normal -0.701604 0.712567 0
    outer loop
      vertex -16.569 21.362 2.4
      vertex -16.504 21.426 0
      vertex -16.569 21.362 0
    endloop
  endfacet
  facet normal -1 0 0
    outer loop
      vertex -16.569 20.64 0
      vertex -16.569 21.362 2.4
      vertex -16.569 21.362 0
    endloop
  endfacet
  facet normal -1 -0 0
    outer loop
      vertex -16.569 21.362 2.4
      vertex -16.569 20.64 0
      vertex -16.569 20.64 2.4
    endloop
  endfacet
  facet normal -0.70177 0.712403 0
    outer loop
      vertex -16.569 20.64 0
      vertex -16.636 20.574 2.4
      vertex -16.569 20.64 2.4
    endloop
  endfacet
  facet normal -0.70177 0.712403 0
    outer loop
      vertex -16.636 20.574 2.4
      vertex -16.569 20.64 0
      vertex -16.636 20.574 0
    endloop
  endfacet
  facet normal -1 0 0
    outer loop
      vertex -16.636 19.918 0
      vertex -16.636 20.574 2.4
      vertex -16.636 20.574 0
    endloop
  endfacet
  facet normal -1 -0 0
    outer loop
      vertex -16.636 20.574 2.4
      vertex -16.636 19.918 0
      vertex -16.636 19.918 2.4
    endloop
  endfacet
  facet normal -0.707107 0.707107 0
    outer loop
      vertex -16.702 19.852 0
      vertex -16.636 19.918 2.4
      vertex -16.636 19.918 0
    endloop
  endfacet
  facet normal -0.707107 0.707107 0
    outer loop
      vertex -16.636 19.918 2.4
      vertex -16.702 19.852 0
      vertex -16.702 19.852 2.4
    endloop
  endfacet
  facet normal -1 0 0
    outer loop
      vertex -16.702 19.13 0
      vertex -16.702 19.852 2.4
      vertex -16.702 19.852 0
    endloop
  endfacet
  facet normal -1 -0 0
    outer loop
      vertex -16.702 19.852 2.4
      vertex -16.702 19.13 0
      vertex -16.702 19.13 2.4
    endloop
  endfacet
  facet normal -0.712567 0.701604 0
    outer loop
      vertex -16.766 19.065 0
      vertex -16.702 19.13 2.4
      vertex -16.702 19.13 0
    endloop
  endfacet
  facet normal -0.712567 0.701604 0
    outer loop
      vertex -16.702 19.13 2.4
      vertex -16.766 19.065 0
      vertex -16.766 19.065 2.4
    endloop
  endfacet
  facet normal -0.998034 0.0626739 0
    outer loop
      vertex -16.832 18.014 0
      vertex -16.766 19.065 2.4
      vertex -16.766 19.065 0
    endloop
  endfacet
  facet normal -0.998034 0.0626739 0
    outer loop
      vertex -16.766 19.065 2.4
      vertex -16.832 18.014 0
      vertex -16.832 18.014 2.4
    endloop
  endfacet
  facet normal 0.174691 0.984623 -0
    outer loop
      vertex -16.832 18.014 0
      vertex -17.948 18.212 2.4
      vertex -16.832 18.014 2.4
    endloop
  endfacet
  facet normal 0.174691 0.984623 0
    outer loop
      vertex -17.948 18.212 2.4
      vertex -16.832 18.014 0
      vertex -17.948 18.212 0
    endloop
  endfacet
  facet normal 0.327841 0.944733 -0
    outer loop
      vertex -17.948 18.212 0
      vertex -19.458 18.736 2.4
      vertex -17.948 18.212 2.4
    endloop
  endfacet
  facet normal 0.327841 0.944733 0
    outer loop
      vertex -19.458 18.736 2.4
      vertex -17.948 18.212 0
      vertex -19.458 18.736 0
    endloop
  endfacet
  facet normal 0.466419 0.884564 -0
    outer loop
      vertex -19.458 18.736 0
      vertex -20.704 19.393 2.4
      vertex -19.458 18.736 2.4
    endloop
  endfacet
  facet normal 0.466419 0.884564 0
    outer loop
      vertex -20.704 19.393 2.4
      vertex -19.458 18.736 0
      vertex -20.704 19.393 0
    endloop
  endfacet
  facet normal 0.576654 0.816988 -0
    outer loop
      vertex -20.704 19.393 0
      vertex -21.819 20.18 2.4
      vertex -20.704 19.393 2.4
    endloop
  endfacet
  facet normal 0.576654 0.816988 0
    outer loop
      vertex -21.819 20.18 2.4
      vertex -20.704 19.393 0
      vertex -21.819 20.18 0
    endloop
  endfacet
  facet normal 0.659012 0.752133 -0
    outer loop
      vertex -21.819 20.18 0
      vertex -22.344 20.64 2.4
      vertex -21.819 20.18 2.4
    endloop
  endfacet
  facet normal 0.659012 0.752133 0
    outer loop
      vertex -22.344 20.64 2.4
      vertex -21.819 20.18 0
      vertex -22.344 20.64 0
    endloop
  endfacet
  facet normal 0.732538 0.680726 0
    outer loop
      vertex -22.344 20.64 2.4
      vertex -23.198 21.559 0
      vertex -23.198 21.559 2.4
    endloop
  endfacet
  facet normal 0.732538 0.680726 0
    outer loop
      vertex -23.198 21.559 0
      vertex -22.344 20.64 2.4
      vertex -22.344 20.64 0
    endloop
  endfacet
  facet normal 0.82495 0.565206 0
    outer loop
      vertex -23.198 21.559 2.4
      vertex -24.051 22.804 0
      vertex -24.051 22.804 2.4
    endloop
  endfacet
  facet normal 0.82495 0.565206 0
    outer loop
      vertex -24.051 22.804 0
      vertex -23.198 21.559 2.4
      vertex -23.198 21.559 0
    endloop
  endfacet
  facet normal 0.903782 0.427993 0
    outer loop
      vertex -24.051 22.804 2.4
      vertex -24.642 24.052 0
      vertex -24.642 24.052 2.4
    endloop
  endfacet
  facet normal 0.903782 0.427993 0
    outer loop
      vertex -24.642 24.052 0
      vertex -24.051 22.804 2.4
      vertex -24.051 22.804 0
    endloop
  endfacet
  facet normal 0.948924 0.315505 0
    outer loop
      vertex -24.642 24.052 2.4
      vertex -24.904 24.84 0
      vertex -24.904 24.84 2.4
    endloop
  endfacet
  facet normal 0.948924 0.315505 0
    outer loop
      vertex -24.904 24.84 0
      vertex -24.642 24.052 2.4
      vertex -24.642 24.052 0
    endloop
  endfacet
  facet normal 0.992161 0.124967 0
    outer loop
      vertex -24.904 24.84 2.4
      vertex -24.97 25.364 0
      vertex -24.97 25.364 2.4
    endloop
  endfacet
  facet normal 0.992161 0.124967 0
    outer loop
      vertex -24.97 25.364 0
      vertex -24.904 24.84 2.4
      vertex -24.904 24.84 0
    endloop
  endfacet
  facet normal 0.92906 0.36993 0
    outer loop
      vertex -24.97 25.364 2.4
      vertex -25.101 25.693 0
      vertex -25.101 25.693 2.4
    endloop
  endfacet
  facet normal 0.92906 0.36993 0
    outer loop
      vertex -25.101 25.693 0
      vertex -24.97 25.364 2.4
      vertex -24.97 25.364 0
    endloop
  endfacet
  facet normal 1 -0 0
    outer loop
      vertex -25.101 25.693 2.4
      vertex -25.101 26.086 0
      vertex -25.101 26.086 2.4
    endloop
  endfacet
  facet normal 1 0 0
    outer loop
      vertex -25.101 26.086 0
      vertex -25.101 25.693 2.4
      vertex -25.101 25.693 0
    endloop
  endfacet
  facet normal 0.712484 0.701689 0
    outer loop
      vertex -25.101 26.086 2.4
      vertex -25.166 26.152 0
      vertex -25.166 26.152 2.4
    endloop
  endfacet
  facet normal 0.712484 0.701689 0
    outer loop
      vertex -25.166 26.152 0
      vertex -25.101 26.086 2.4
      vertex -25.101 26.086 0
    endloop
  endfacet
  facet normal 0.999191 0.0402114 0
    outer loop
      vertex -25.166 26.152 2.4
      vertex -25.232 27.792 0
      vertex -25.232 27.792 2.4
    endloop
  endfacet
  facet normal 0.999191 0.0402114 0
    outer loop
      vertex -25.232 27.792 0
      vertex -25.166 26.152 2.4
      vertex -25.166 26.152 0
    endloop
  endfacet
  facet normal 0.707107 -0.707107 0
    outer loop
      vertex -25.232 27.792 0
      vertex -25.166 27.858 2.4
      vertex -25.232 27.792 2.4
    endloop
  endfacet
  facet normal 0.707107 -0.707107 0
    outer loop
      vertex -25.166 27.858 2.4
      vertex -25.232 27.792 0
      vertex -25.166 27.858 0
    endloop
  endfacet
  facet normal 1 -0 0
    outer loop
      vertex -25.166 27.858 2.4
      vertex -25.166 28.384 0
      vertex -25.166 28.384 2.4
    endloop
  endfacet
  facet normal 1 0 0
    outer loop
      vertex -25.166 28.384 0
      vertex -25.166 27.858 2.4
      vertex -25.166 27.858 0
    endloop
  endfacet
  facet normal 0.707107 -0.707107 0
    outer loop
      vertex -25.166 28.384 2.4
      vertex -25.101 28.449 0
      vertex -25.101 28.449 2.4
    endloop
  endfacet
  facet normal 0.707107 -0.707107 0
    outer loop
      vertex -25.101 28.449 0
      vertex -25.166 28.384 2.4
      vertex -25.166 28.384 0
    endloop
  endfacet
  facet normal 1 -0 0
    outer loop
      vertex -25.101 28.449 2.4
      vertex -25.101 28.842 0
      vertex -25.101 28.842 2.4
    endloop
  endfacet
  facet normal 1 0 0
    outer loop
      vertex -25.101 28.842 0
      vertex -25.101 28.449 2.4
      vertex -25.101 28.449 0
    endloop
  endfacet
  facet normal 0.712484 -0.701689 0
    outer loop
      vertex -25.101 28.842 2.4
      vertex -25.036 28.908 0
      vertex -25.036 28.908 2.4
    endloop
  endfacet
  facet normal 0.712484 -0.701689 0
    outer loop
      vertex -25.036 28.908 0
      vertex -25.101 28.842 2.4
      vertex -25.101 28.842 0
    endloop
  endfacet
  facet normal 0.986258 -0.165211 0
    outer loop
      vertex -25.036 28.908 2.4
      vertex -24.904 29.696 0
      vertex -24.904 29.696 2.4
    endloop
  endfacet
  facet normal 0.986258 -0.165211 0
    outer loop
      vertex -24.904 29.696 0
      vertex -25.036 28.908 2.4
      vertex -25.036 28.908 0
    endloop
  endfacet
  facet normal 0.948924 -0.315505 0
    outer loop
      vertex -24.904 29.696 2.4
      vertex -24.642 30.484 0
      vertex -24.642 30.484 2.4
    endloop
  endfacet
  facet normal 0.948924 -0.315505 0
    outer loop
      vertex -24.642 30.484 0
      vertex -24.904 29.696 2.4
      vertex -24.904 29.696 0
    endloop
  endfacet
  facet normal 0.903516 -0.428554 0
    outer loop
      vertex -24.642 30.484 2.4
      vertex -24.051 31.73 0
      vertex -24.051 31.73 2.4
    endloop
  endfacet
  facet normal 0.903516 -0.428554 0
    outer loop
      vertex -24.051 31.73 0
      vertex -24.642 30.484 2.4
      vertex -24.642 30.484 0
    endloop
  endfacet
  facet normal 0.819261 -0.57342 0
    outer loop
      vertex -24.051 31.73 2.4
      vertex -23.132 33.043 0
      vertex -23.132 33.043 2.4
    endloop
  endfacet
  facet normal 0.819261 -0.57342 0
    outer loop
      vertex -23.132 33.043 0
      vertex -24.051 31.73 2.4
      vertex -24.051 31.73 0
    endloop
  endfacet
  facet normal 0.70739 -0.706823 0
    outer loop
      vertex -23.132 33.043 2.4
      vertex -21.886 34.29 0
      vertex -21.886 34.29 2.4
    endloop
  endfacet
  facet normal 0.70739 -0.706823 0
    outer loop
      vertex -21.886 34.29 0
      vertex -23.132 33.043 2.4
      vertex -23.132 33.043 0
    endloop
  endfacet
  facet normal 0.59935 -0.800487 0
    outer loop
      vertex -21.886 34.29 0
      vertex -21.098 34.88 2.4
      vertex -21.886 34.29 2.4
    endloop
  endfacet
  facet normal 0.59935 -0.800487 0
    outer loop
      vertex -21.098 34.88 2.4
      vertex -21.886 34.29 0
      vertex -21.098 34.88 0
    endloop
  endfacet
  facet normal 0.514239 -0.857647 0
    outer loop
      vertex -21.098 34.88 0
      vertex -20.114 35.47 2.4
      vertex -21.098 34.88 2.4
    endloop
  endfacet
  facet normal 0.514239 -0.857647 0
    outer loop
      vertex -20.114 35.47 2.4
      vertex -21.098 34.88 0
      vertex -20.114 35.47 0
    endloop
  endfacet
  facet normal 0.39846 -0.917186 0
    outer loop
      vertex -20.114 35.47 0
      vertex -18.604 36.126 2.4
      vertex -20.114 35.47 2.4
    endloop
  endfacet
  facet normal 0.39846 -0.917186 0
    outer loop
      vertex -18.604 36.126 2.4
      vertex -20.114 35.47 0
      vertex -18.604 36.126 0
    endloop
  endfacet
  facet normal 0 -1 0
    outer loop
      vertex -18.604 36.126 0
      vertex -18.408 36.126 2.4
      vertex -18.604 36.126 2.4
    endloop
  endfacet
  facet normal 0 -1 -0
    outer loop
      vertex -18.408 36.126 2.4
      vertex -18.604 36.126 0
      vertex -18.408 36.126 0
    endloop
  endfacet
  facet normal 0.342995 -0.939337 0
    outer loop
      vertex -18.408 36.126 0
      vertex -17.685 36.39 2.4
      vertex -18.408 36.126 2.4
    endloop
  endfacet
  facet normal 0.342995 -0.939337 0
    outer loop
      vertex -17.685 36.39 2.4
      vertex -18.408 36.126 0
      vertex -17.685 36.39 0
    endloop
  endfacet
  facet normal 0 -1 0
    outer loop
      vertex -17.685 36.39 0
      vertex -17.423 36.39 2.4
      vertex -17.685 36.39 2.4
    endloop
  endfacet
  facet normal 0 -1 -0
    outer loop
      vertex -17.423 36.39 2.4
      vertex -17.685 36.39 0
      vertex -17.423 36.39 0
    endloop
  endfacet
  facet normal 0.314053 -0.949406 0
    outer loop
      vertex -17.423 36.39 0
      vertex -17.03 36.52 2.4
      vertex -17.423 36.39 2.4
    endloop
  endfacet
  facet normal 0.314053 -0.949406 0
    outer loop
      vertex -17.03 36.52 2.4
      vertex -17.423 36.39 0
      vertex -17.03 36.52 0
    endloop
  endfacet
  facet normal 0 -1 0
    outer loop
      vertex -17.03 36.52 0
      vertex -16.636 36.52 2.4
      vertex -17.03 36.52 2.4
    endloop
  endfacet
  facet normal 0 -1 -0
    outer loop
      vertex -16.636 36.52 2.4
      vertex -17.03 36.52 0
      vertex -16.636 36.52 0
    endloop
  endfacet
  facet normal 0.5547 -0.83205 0
    outer loop
      vertex -16.636 36.52 0
      vertex -16.438 36.652 2.4
      vertex -16.636 36.52 2.4
    endloop
  endfacet
  facet normal 0.5547 -0.83205 0
    outer loop
      vertex -16.438 36.652 2.4
      vertex -16.636 36.52 0
      vertex -16.438 36.652 0
    endloop
  endfacet
  facet normal 0 -1 0
    outer loop
      vertex -16.438 36.652 0
      vertex -14.01 36.652 2.4
      vertex -16.438 36.652 2.4
    endloop
  endfacet
  facet normal 0 -1 -0
    outer loop
      vertex -14.01 36.652 2.4
      vertex -16.438 36.652 0
      vertex -14.01 36.652 0
    endloop
  endfacet
  facet normal -0.556645 -0.83075 0
    outer loop
      vertex -14.01 36.652 0
      vertex -13.813 36.52 2.4
      vertex -14.01 36.652 2.4
    endloop
  endfacet
  facet normal -0.556645 -0.83075 -0
    outer loop
      vertex -13.813 36.52 2.4
      vertex -14.01 36.652 0
      vertex -13.813 36.52 0
    endloop
  endfacet
  facet normal 0 -1 0
    outer loop
      vertex 18.08 20.771 0
      vertex 18.276 20.771 2.4
      vertex 18.08 20.771 2.4
    endloop
  endfacet
  facet normal 0 -1 -0
    outer loop
      vertex 18.276 20.771 2.4
      vertex 18.08 20.771 0
      vertex 18.276 20.771 0
    endloop
  endfacet
  facet normal -0.496342 -0.868127 0
    outer loop
      vertex 18.276 20.771 0
      vertex 18.736 20.508 2.4
      vertex 18.276 20.771 2.4
    endloop
  endfacet
  facet normal -0.496342 -0.868127 -0
    outer loop
      vertex 18.736 20.508 2.4
      vertex 18.276 20.771 0
      vertex 18.736 20.508 0
    endloop
  endfacet
  facet normal -0.767582 -0.640951 0
    outer loop
      vertex 19.065 20.114 0
      vertex 18.736 20.508 2.4
      vertex 18.736 20.508 0
    endloop
  endfacet
  facet normal -0.767582 -0.640951 0
    outer loop
      vertex 18.736 20.508 2.4
      vertex 19.065 20.114 0
      vertex 19.065 20.114 2.4
    endloop
  endfacet
  facet normal -0.958147 -0.286276 0
    outer loop
      vertex 19.261 19.458 0
      vertex 19.065 20.114 2.4
      vertex 19.065 20.114 0
    endloop
  endfacet
  facet normal -0.958147 -0.286276 0
    outer loop
      vertex 19.065 20.114 2.4
      vertex 19.261 19.458 0
      vertex 19.261 19.458 2.4
    endloop
  endfacet
  facet normal -0.992394 0.123102 0
    outer loop
      vertex 19.196 18.934 0
      vertex 19.261 19.458 2.4
      vertex 19.261 19.458 0
    endloop
  endfacet
  facet normal -0.992394 0.123102 0
    outer loop
      vertex 19.261 19.458 2.4
      vertex 19.196 18.934 0
      vertex 19.196 18.934 2.4
    endloop
  endfacet
  facet normal -0.874714 0.484639 0
    outer loop
      vertex 18.868 18.342 0
      vertex 19.196 18.934 2.4
      vertex 19.196 18.934 0
    endloop
  endfacet
  facet normal -0.874714 0.484639 0
    outer loop
      vertex 19.196 18.934 2.4
      vertex 18.868 18.342 0
      vertex 18.868 18.342 2.4
    endloop
  endfacet
  facet normal -0.624114 0.781333 0
    outer loop
      vertex 18.868 18.342 0
      vertex 18.54 18.08 2.4
      vertex 18.868 18.342 2.4
    endloop
  endfacet
  facet normal -0.624114 0.781333 0
    outer loop
      vertex 18.54 18.08 2.4
      vertex 18.868 18.342 0
      vertex 18.54 18.08 0
    endloop
  endfacet
  facet normal 0.969706 0.244277 0
    outer loop
      vertex 18.54 18.08 2.4
      vertex 18.474 18.342 0
      vertex 18.474 18.342 2.4
    endloop
  endfacet
  facet normal 0.969706 0.244277 0
    outer loop
      vertex 18.474 18.342 0
      vertex 18.54 18.08 2.4
      vertex 18.54 18.08 0
    endloop
  endfacet
  facet normal 0.707107 -0.707107 0
    outer loop
      vertex 18.474 18.342 2.4
      vertex 18.868 18.736 0
      vertex 18.868 18.736 2.4
    endloop
  endfacet
  facet normal 0.707107 -0.707107 0
    outer loop
      vertex 18.868 18.736 0
      vertex 18.474 18.342 2.4
      vertex 18.474 18.342 0
    endloop
  endfacet
  facet normal 1 -0 0
    outer loop
      vertex 18.868 18.736 2.4
      vertex 18.868 18.868 0
      vertex 18.868 18.868 2.4
    endloop
  endfacet
  facet normal 1 0 0
    outer loop
      vertex 18.868 18.868 0
      vertex 18.868 18.736 2.4
      vertex 18.868 18.736 0
    endloop
  endfacet
  facet normal 0.834648 -0.550783 0
    outer loop
      vertex 18.868 18.868 2.4
      vertex 18.998 19.065 0
      vertex 18.998 19.065 2.4
    endloop
  endfacet
  facet normal 0.834648 -0.550783 0
    outer loop
      vertex 18.998 19.065 0
      vertex 18.868 18.868 2.4
      vertex 18.868 18.868 0
    endloop
  endfacet
  facet normal 1 -0 0
    outer loop
      vertex 18.998 19.065 2.4
      vertex 18.998 19.656 0
      vertex 18.998 19.656 2.4
    endloop
  endfacet
  facet normal 1 0 0
    outer loop
      vertex 18.998 19.656 0
      vertex 18.998 19.065 2.4
      vertex 18.998 19.065 0
    endloop
  endfacet
  facet normal 0.929645 0.368457 0
    outer loop
      vertex 18.998 19.656 2.4
      vertex 18.868 19.984 0
      vertex 18.868 19.984 2.4
    endloop
  endfacet
  facet normal 0.929645 0.368457 0
    outer loop
      vertex 18.868 19.984 0
      vertex 18.998 19.656 2.4
      vertex 18.998 19.656 0
    endloop
  endfacet
  facet normal 0.707107 0.707107 0
    outer loop
      vertex 18.868 19.984 2.4
      vertex 18.409 20.443 0
      vertex 18.409 20.443 2.4
    endloop
  endfacet
  facet normal 0.707107 0.707107 0
    outer loop
      vertex 18.409 20.443 0
      vertex 18.868 19.984 2.4
      vertex 18.868 19.984 0
    endloop
  endfacet
  facet normal 0.445852 0.895107 -0
    outer loop
      vertex 18.409 20.443 0
      vertex 18.146 20.574 2.4
      vertex 18.409 20.443 2.4
    endloop
  endfacet
  facet normal 0.445852 0.895107 0
    outer loop
      vertex 18.146 20.574 2.4
      vertex 18.409 20.443 0
      vertex 18.146 20.574 0
    endloop
  endfacet
  facet normal 0 1 -0
    outer loop
      vertex 18.146 20.574 0
      vertex 17.424 20.574 2.4
      vertex 18.146 20.574 2.4
    endloop
  endfacet
  facet normal 0 1 0
    outer loop
      vertex 17.424 20.574 2.4
      vertex 18.146 20.574 0
      vertex 17.424 20.574 0
    endloop
  endfacet
  facet normal -0.494918 0.86894 0
    outer loop
      vertex 17.424 20.574 0
      vertex 16.964 20.312 2.4
      vertex 17.424 20.574 2.4
    endloop
  endfacet
  facet normal -0.494918 0.86894 0
    outer loop
      vertex 16.964 20.312 2.4
      vertex 17.424 20.574 0
      vertex 16.964 20.312 0
    endloop
  endfacet
  facet normal -0.710687 0.703508 0
    outer loop
      vertex 16.768 20.114 0
      vertex 16.964 20.312 2.4
      vertex 16.964 20.312 0
    endloop
  endfacet
  facet normal -0.710687 0.703508 0
    outer loop
      vertex 16.964 20.312 2.4
      vertex 16.768 20.114 0
      vertex 16.768 20.114 2.4
    endloop
  endfacet
  facet normal -0.894427 0.447214 0
    outer loop
      vertex 16.571 19.72 0
      vertex 16.768 20.114 2.4
      vertex 16.768 20.114 0
    endloop
  endfacet
  facet normal -0.894427 0.447214 0
    outer loop
      vertex 16.768 20.114 2.4
      vertex 16.571 19.72 0
      vertex 16.571 19.72 2.4
    endloop
  endfacet
  facet normal -1 0 0
    outer loop
      vertex 16.571 18.998 0
      vertex 16.571 19.72 2.4
      vertex 16.571 19.72 0
    endloop
  endfacet
  facet normal -1 -0 0
    outer loop
      vertex 16.571 19.72 2.4
      vertex 16.571 18.998 0
      vertex 16.571 18.998 2.4
    endloop
  endfacet
  facet normal -0.701604 -0.712567 0
    outer loop
      vertex 16.571 18.998 0
      vertex 16.636 18.934 2.4
      vertex 16.571 18.998 2.4
    endloop
  endfacet
  facet normal -0.701604 -0.712567 -0
    outer loop
      vertex 16.636 18.934 2.4
      vertex 16.571 18.998 0
      vertex 16.636 18.934 0
    endloop
  endfacet
  facet normal -1 0 0
    outer loop
      vertex 16.636 18.736 0
      vertex 16.636 18.934 2.4
      vertex 16.636 18.934 0
    endloop
  endfacet
  facet normal -1 -0 0
    outer loop
      vertex 16.636 18.934 2.4
      vertex 16.636 18.736 0
      vertex 16.636 18.736 2.4
    endloop
  endfacet
  facet normal -0.894427 0.447214 0
    outer loop
      vertex 16.571 18.606 0
      vertex 16.636 18.736 2.4
      vertex 16.636 18.736 0
    endloop
  endfacet
  facet normal -0.894427 0.447214 0
    outer loop
      vertex 16.636 18.736 2.4
      vertex 16.571 18.606 0
      vertex 16.571 18.606 2.4
    endloop
  endfacet
  facet normal 0 1 -0
    outer loop
      vertex 16.571 18.606 0
      vertex 16.505 18.606 2.4
      vertex 16.571 18.606 2.4
    endloop
  endfacet
  facet normal 0 1 0
    outer loop
      vertex 16.505 18.606 2.4
      vertex 16.571 18.606 0
      vertex 16.505 18.606 0
    endloop
  endfacet
  facet normal 0.936623 0.35034 0
    outer loop
      vertex 16.505 18.606 2.4
      vertex 16.309 19.13 0
      vertex 16.309 19.13 2.4
    endloop
  endfacet
  facet normal 0.936623 0.35034 0
    outer loop
      vertex 16.309 19.13 0
      vertex 16.505 18.606 2.4
      vertex 16.505 18.606 0
    endloop
  endfacet
  facet normal 1 -0 0
    outer loop
      vertex 16.309 19.13 2.4
      vertex 16.309 19.656 0
      vertex 16.309 19.656 2.4
    endloop
  endfacet
  facet normal 1 0 0
    outer loop
      vertex 16.309 19.656 0
      vertex 16.309 19.13 2.4
      vertex 16.309 19.13 0
    endloop
  endfacet
  facet normal 0.913939 -0.405851 0
    outer loop
      vertex 16.309 19.656 2.4
      vertex 16.571 20.246 0
      vertex 16.571 20.246 2.4
    endloop
  endfacet
  facet normal 0.913939 -0.405851 0
    outer loop
      vertex 16.571 20.246 0
      vertex 16.309 19.656 2.4
      vertex 16.309 19.656 0
    endloop
  endfacet
  facet normal 0.708186 -0.706026 0
    outer loop
      vertex 16.571 20.246 2.4
      vertex 16.898 20.574 0
      vertex 16.898 20.574 2.4
    endloop
  endfacet
  facet normal 0.708186 -0.706026 0
    outer loop
      vertex 16.898 20.574 0
      vertex 16.571 20.246 2.4
      vertex 16.571 20.246 0
    endloop
  endfacet
  facet normal 0.36993 -0.92906 0
    outer loop
      vertex 16.898 20.574 0
      vertex 17.556 20.836 2.4
      vertex 16.898 20.574 2.4
    endloop
  endfacet
  facet normal 0.36993 -0.92906 0
    outer loop
      vertex 17.556 20.836 2.4
      vertex 16.898 20.574 0
      vertex 17.556 20.836 0
    endloop
  endfacet
  facet normal 0 -1 0
    outer loop
      vertex 17.556 20.836 0
      vertex 18.014 20.836 2.4
      vertex 17.556 20.836 2.4
    endloop
  endfacet
  facet normal 0 -1 -0
    outer loop
      vertex 18.014 20.836 2.4
      vertex 17.556 20.836 0
      vertex 18.014 20.836 0
    endloop
  endfacet
  facet normal -0.701689 -0.712484 0
    outer loop
      vertex 18.014 20.836 0
      vertex 18.08 20.771 2.4
      vertex 18.014 20.836 2.4
    endloop
  endfacet
  facet normal -0.701689 -0.712484 -0
    outer loop
      vertex 18.08 20.771 2.4
      vertex 18.014 20.836 0
      vertex 18.08 20.771 0
    endloop
  endfacet
  facet normal -0.701604 0.712567 0
    outer loop
      vertex -26.479 31.598 0
      vertex -26.544 31.534 2.4
      vertex -26.479 31.598 2.4
    endloop
  endfacet
  facet normal -0.701604 0.712567 0
    outer loop
      vertex -26.544 31.534 2.4
      vertex -26.479 31.598 0
      vertex -26.544 31.534 0
    endloop
  endfacet
  facet normal 0.0599107 0.998204 -0
    outer loop
      vertex -26.544 31.534 0
      vertex -28.71 31.664 2.4
      vertex -26.544 31.534 2.4
    endloop
  endfacet
  facet normal 0.0599107 0.998204 0
    outer loop
      vertex -28.71 31.664 2.4
      vertex -26.544 31.534 0
      vertex -28.71 31.664 0
    endloop
  endfacet
  facet normal 0.707107 0.707107 0
    outer loop
      vertex -28.71 31.664 2.4
      vertex -28.776 31.73 0
      vertex -28.776 31.73 2.4
    endloop
  endfacet
  facet normal 0.707107 0.707107 0
    outer loop
      vertex -28.776 31.73 0
      vertex -28.71 31.664 2.4
      vertex -28.71 31.664 0
    endloop
  endfacet
  facet normal 0 1 -0
    outer loop
      vertex -28.776 31.73 0
      vertex -29.76 31.73 2.4
      vertex -28.776 31.73 2.4
    endloop
  endfacet
  facet normal 0 1 0
    outer loop
      vertex -29.76 31.73 2.4
      vertex -28.776 31.73 0
      vertex -29.76 31.73 0
    endloop
  endfacet
  facet normal 0.707107 0.707107 0
    outer loop
      vertex -29.76 31.73 2.4
      vertex -29.826 31.796 0
      vertex -29.826 31.796 2.4
    endloop
  endfacet
  facet normal 0.707107 0.707107 0
    outer loop
      vertex -29.826 31.796 0
      vertex -29.76 31.73 2.4
      vertex -29.76 31.73 0
    endloop
  endfacet
  facet normal 0 1 -0
    outer loop
      vertex -29.826 31.796 0
      vertex -30.548 31.796 2.4
      vertex -29.826 31.796 2.4
    endloop
  endfacet
  facet normal 0 1 0
    outer loop
      vertex -30.548 31.796 2.4
      vertex -29.826 31.796 0
      vertex -30.548 31.796 0
    endloop
  endfacet
  facet normal 0.707107 0.707107 0
    outer loop
      vertex -30.548 31.796 2.4
      vertex -30.614 31.862 0
      vertex -30.614 31.862 2.4
    endloop
  endfacet
  facet normal 0.707107 0.707107 0
    outer loop
      vertex -30.614 31.862 0
      vertex -30.548 31.796 2.4
      vertex -30.548 31.796 0
    endloop
  endfacet
  facet normal 0 1 -0
    outer loop
      vertex -30.614 31.862 0
      vertex -31.664 31.862 2.4
      vertex -30.614 31.862 2.4
    endloop
  endfacet
  facet normal 0 1 0
    outer loop
      vertex -31.664 31.862 2.4
      vertex -30.614 31.862 0
      vertex -31.664 31.862 0
    endloop
  endfacet
  facet normal 0.701604 0.712567 -0
    outer loop
      vertex -31.664 31.862 0
      vertex -31.729 31.926 2.4
      vertex -31.664 31.862 2.4
    endloop
  endfacet
  facet normal 0.701604 0.712567 0
    outer loop
      vertex -31.729 31.926 2.4
      vertex -31.664 31.862 0
      vertex -31.729 31.926 0
    endloop
  endfacet
  facet normal 0 1 -0
    outer loop
      vertex -31.729 31.926 0
      vertex -32.386 31.926 2.4
      vertex -31.729 31.926 2.4
    endloop
  endfacet
  facet normal 0 1 0
    outer loop
      vertex -32.386 31.926 2.4
      vertex -31.729 31.926 0
      vertex -32.386 31.926 0
    endloop
  endfacet
  facet normal 0.712484 0.701689 0
    outer loop
      vertex -32.386 31.926 2.4
      vertex -32.451 31.992 0
      vertex -32.451 31.992 2.4
    endloop
  endfacet
  facet normal 0.712484 0.701689 0
    outer loop
      vertex -32.451 31.992 0
      vertex -32.386 31.926 2.4
      vertex -32.386 31.926 0
    endloop
  endfacet
  facet normal 0 1 -0
    outer loop
      vertex -32.451 31.992 0
      vertex -32.78 31.992 2.4
      vertex -32.451 31.992 2.4
    endloop
  endfacet
  facet normal 0 1 0
    outer loop
      vertex -32.78 31.992 2.4
      vertex -32.451 31.992 0
      vertex -32.78 31.992 0
    endloop
  endfacet
  facet normal -0.950605 0.310402 0
    outer loop
      vertex -32.844 31.796 0
      vertex -32.78 31.992 2.4
      vertex -32.78 31.992 0
    endloop
  endfacet
  facet normal -0.950605 0.310402 0
    outer loop
      vertex -32.78 31.992 2.4
      vertex -32.844 31.796 0
      vertex -32.844 31.796 2.4
    endloop
  endfacet
  facet normal -0.892518 -0.451012 0
    outer loop
      vertex -29.76 25.693 0
      vertex -32.844 31.796 2.4
      vertex -32.844 31.796 0
    endloop
  endfacet
  facet normal -0.892518 -0.451012 0
    outer loop
      vertex -32.844 31.796 2.4
      vertex -29.76 25.693 0
      vertex -29.76 25.693 2.4
    endloop
  endfacet
  facet normal -0.709811 -0.704392 0
    outer loop
      vertex -29.63 25.562 0
      vertex -29.76 25.693 2.4
      vertex -29.76 25.693 0
    endloop
  endfacet
  facet normal -0.709811 -0.704392 0
    outer loop
      vertex -29.76 25.693 2.4
      vertex -29.63 25.562 0
      vertex -29.63 25.562 2.4
    endloop
  endfacet
  facet normal -1 0 0
    outer loop
      vertex -29.63 25.43 0
      vertex -29.63 25.562 2.4
      vertex -29.63 25.562 0
    endloop
  endfacet
  facet normal -1 -0 0
    outer loop
      vertex -29.63 25.562 2.4
      vertex -29.63 25.43 0
      vertex -29.63 25.43 2.4
    endloop
  endfacet
  facet normal -0.707107 -0.707107 0
    outer loop
      vertex -29.498 25.298 0
      vertex -29.63 25.43 2.4
      vertex -29.63 25.43 0
    endloop
  endfacet
  facet normal -0.707107 -0.707107 0
    outer loop
      vertex -29.63 25.43 2.4
      vertex -29.498 25.298 0
      vertex -29.498 25.298 2.4
    endloop
  endfacet
  facet normal -1 0 0
    outer loop
      vertex -29.498 25.168 0
      vertex -29.498 25.298 2.4
      vertex -29.498 25.298 0
    endloop
  endfacet
  facet normal -1 -0 0
    outer loop
      vertex -29.498 25.298 2.4
      vertex -29.498 25.168 0
      vertex -29.498 25.168 2.4
    endloop
  endfacet
  facet normal -0.704413 -0.70979 0
    outer loop
      vertex -29.498 25.168 0
      vertex -29.366 25.037 2.4
      vertex -29.498 25.168 2.4
    endloop
  endfacet
  facet normal -0.704413 -0.70979 -0
    outer loop
      vertex -29.366 25.037 2.4
      vertex -29.498 25.168 0
      vertex -29.366 25.037 0
    endloop
  endfacet
  facet normal -0.899333 -0.437263 0
    outer loop
      vertex -28.185 22.608 0
      vertex -29.366 25.037 2.4
      vertex -29.366 25.037 0
    endloop
  endfacet
  facet normal -0.899333 -0.437263 0
    outer loop
      vertex -29.366 25.037 2.4
      vertex -28.185 22.608 0
      vertex -28.185 22.608 2.4
    endloop
  endfacet
  facet normal -0.70979 -0.704413 0
    outer loop
      vertex -28.054 22.476 0
      vertex -28.185 22.608 2.4
      vertex -28.185 22.608 0
    endloop
  endfacet
  facet normal -0.70979 -0.704413 0
    outer loop
      vertex -28.185 22.608 2.4
      vertex -28.054 22.476 0
      vertex -28.054 22.476 2.4
    endloop
  endfacet
  facet normal -1 0 0
    outer loop
      vertex -28.054 22.346 0
      vertex -28.054 22.476 2.4
      vertex -28.054 22.476 0
    endloop
  endfacet
  facet normal -1 -0 0
    outer loop
      vertex -28.054 22.476 2.4
      vertex -28.054 22.346 0
      vertex -28.054 22.346 2.4
    endloop
  endfacet
  facet normal -0.70979 -0.704413 0
    outer loop
      vertex -27.923 22.214 0
      vertex -28.054 22.346 2.4
      vertex -28.054 22.346 0
    endloop
  endfacet
  facet normal -0.70979 -0.704413 0
    outer loop
      vertex -28.054 22.346 2.4
      vertex -27.923 22.214 0
      vertex -27.923 22.214 2.4
    endloop
  endfacet
  facet normal -1 0 0
    outer loop
      vertex -27.923 22.084 0
      vertex -27.923 22.214 2.4
      vertex -27.923 22.214 0
    endloop
  endfacet
  facet normal -1 -0 0
    outer loop
      vertex -27.923 22.214 2.4
      vertex -27.923 22.084 0
      vertex -27.923 22.084 2.4
    endloop
  endfacet
  facet normal -0.70979 -0.704413 0
    outer loop
      vertex -27.792 21.952 0
      vertex -27.923 22.084 2.4
      vertex -27.923 22.084 0
    endloop
  endfacet
  facet normal -0.70979 -0.704413 0
    outer loop
      vertex -27.923 22.084 2.4
      vertex -27.792 21.952 0
      vertex -27.792 21.952 2.4
    endloop
  endfacet
  facet normal -0.898662 -0.438641 0
    outer loop
      vertex -26.479 19.262 0
      vertex -27.792 21.952 2.4
      vertex -27.792 21.952 0
    endloop
  endfacet
  facet normal -0.898662 -0.438641 0
    outer loop
      vertex -27.792 21.952 2.4
      vertex -26.479 19.262 0
      vertex -26.479 19.262 2.4
    endloop
  endfacet
  facet normal -0.70979 -0.704413 0
    outer loop
      vertex -26.348 19.13 0
      vertex -26.479 19.262 2.4
      vertex -26.479 19.262 0
    endloop
  endfacet
  facet normal -0.70979 -0.704413 0
    outer loop
      vertex -26.479 19.262 2.4
      vertex -26.348 19.13 0
      vertex -26.348 19.13 2.4
    endloop
  endfacet
  facet normal -1 0 0
    outer loop
      vertex -26.348 18.998 0
      vertex -26.348 19.13 2.4
      vertex -26.348 19.13 0
    endloop
  endfacet
  facet normal -1 -0 0
    outer loop
      vertex -26.348 19.13 2.4
      vertex -26.348 18.998 0
      vertex -26.348 18.998 2.4
    endloop
  endfacet
  facet normal -0.701689 -0.712484 0
    outer loop
      vertex -26.348 18.998 0
      vertex -26.216 18.868 2.4
      vertex -26.348 18.998 2.4
    endloop
  endfacet
  facet normal -0.701689 -0.712484 -0
    outer loop
      vertex -26.216 18.868 2.4
      vertex -26.348 18.998 0
      vertex -26.216 18.868 0
    endloop
  endfacet
  facet normal -0.949643 -0.313334 0
    outer loop
      vertex -26.086 18.474 0
      vertex -26.216 18.868 2.4
      vertex -26.216 18.868 0
    endloop
  endfacet
  facet normal -0.949643 -0.313334 0
    outer loop
      vertex -26.216 18.868 2.4
      vertex -26.086 18.474 0
      vertex -26.086 18.474 2.4
    endloop
  endfacet
  facet normal -0.707107 0.707107 0
    outer loop
      vertex -26.152 18.408 0
      vertex -26.086 18.474 2.4
      vertex -26.086 18.474 0
    endloop
  endfacet
  facet normal -0.707107 0.707107 0
    outer loop
      vertex -26.086 18.474 2.4
      vertex -26.152 18.408 0
      vertex -26.152 18.408 2.4
    endloop
  endfacet
  facet normal 0 1 -0
    outer loop
      vertex -26.152 18.408 0
      vertex -41.31 18.408 2.4
      vertex -26.152 18.408 2.4
    endloop
  endfacet
  facet normal 0 1 0
    outer loop
      vertex -41.31 18.408 2.4
      vertex -26.152 18.408 0
      vertex -41.31 18.408 0
    endloop
  endfacet
  facet normal 0.894427 0.447214 0
    outer loop
      vertex -41.31 18.408 2.4
      vertex -41.376 18.54 0
      vertex -41.376 18.54 2.4
    endloop
  endfacet
  facet normal 0.894427 0.447214 0
    outer loop
      vertex -41.376 18.54 0
      vertex -41.31 18.408 2.4
      vertex -41.31 18.408 0
    endloop
  endfacet
  facet normal 1 -0 0
    outer loop
      vertex -41.376 18.54 2.4
      vertex -41.376 23.134 0
      vertex -41.376 23.134 2.4
    endloop
  endfacet
  facet normal 1 0 0
    outer loop
      vertex -41.376 23.134 0
      vertex -41.376 18.54 2.4
      vertex -41.376 18.54 0
    endloop
  endfacet
  facet normal 0.701689 -0.712484 0
    outer loop
      vertex -41.376 23.134 0
      vertex -41.31 23.199 2.4
      vertex -41.376 23.134 2.4
    endloop
  endfacet
  facet normal 0.701689 -0.712484 0
    outer loop
      vertex -41.31 23.199 2.4
      vertex -41.376 23.134 0
      vertex -41.31 23.199 0
    endloop
  endfacet
  facet normal -0.0282988 -0.9996 0
    outer loop
      vertex -41.31 23.199 0
      vertex -39.014 23.134 2.4
      vertex -41.31 23.199 2.4
    endloop
  endfacet
  facet normal -0.0282988 -0.9996 -0
    outer loop
      vertex -39.014 23.134 2.4
      vertex -41.31 23.199 0
      vertex -39.014 23.134 0
    endloop
  endfacet
  facet normal -0.707107 -0.707107 0
    outer loop
      vertex -38.948 23.068 0
      vertex -39.014 23.134 2.4
      vertex -39.014 23.134 0
    endloop
  endfacet
  facet normal -0.707107 -0.707107 0
    outer loop
      vertex -39.014 23.134 2.4
      vertex -38.948 23.068 0
      vertex -38.948 23.068 2.4
    endloop
  endfacet
  facet normal 0 -1 0
    outer loop
      vertex -38.948 23.068 0
      vertex -38.094 23.068 2.4
      vertex -38.948 23.068 2.4
    endloop
  endfacet
  facet normal 0 -1 -0
    outer loop
      vertex -38.094 23.068 2.4
      vertex -38.948 23.068 0
      vertex -38.094 23.068 0
    endloop
  endfacet
  facet normal -0.7179 -0.696146 0
    outer loop
      vertex -38.03 23.002 0
      vertex -38.094 23.068 2.4
      vertex -38.094 23.068 0
    endloop
  endfacet
  facet normal -0.7179 -0.696146 0
    outer loop
      vertex -38.094 23.068 2.4
      vertex -38.03 23.002 0
      vertex -38.03 23.002 2.4
    endloop
  endfacet
  facet normal 0 -1 0
    outer loop
      vertex -38.03 23.002 0
      vertex -36.782 23.002 2.4
      vertex -38.03 23.002 2.4
    endloop
  endfacet
  facet normal 0 -1 -0
    outer loop
      vertex -36.782 23.002 2.4
      vertex -38.03 23.002 0
      vertex -36.782 23.002 0
    endloop
  endfacet
  facet normal -0.701689 -0.712484 0
    outer loop
      vertex -36.782 23.002 0
      vertex -36.716 22.937 2.4
      vertex -36.782 23.002 2.4
    endloop
  endfacet
  facet normal -0.701689 -0.712484 -0
    outer loop
      vertex -36.716 22.937 2.4
      vertex -36.782 23.002 0
      vertex -36.716 22.937 0
    endloop
  endfacet
  facet normal 0 -1 0
    outer loop
      vertex -36.716 22.937 0
      vertex -35.864 22.937 2.4
      vertex -36.716 22.937 2.4
    endloop
  endfacet
  facet normal 0 -1 -0
    outer loop
      vertex -35.864 22.937 2.4
      vertex -36.716 22.937 0
      vertex -35.864 22.937 0
    endloop
  endfacet
  facet normal -0.712403 -0.70177 0
    outer loop
      vertex -35.798 22.87 0
      vertex -35.864 22.937 2.4
      vertex -35.864 22.937 0
    endloop
  endfacet
  facet normal -0.712403 -0.70177 0
    outer loop
      vertex -35.864 22.937 2.4
      vertex -35.798 22.87 0
      vertex -35.798 22.87 2.4
    endloop
  endfacet
  facet normal 0 -1 0
    outer loop
      vertex -35.798 22.87 0
      vertex -35.338 22.87 2.4
      vertex -35.798 22.87 2.4
    endloop
  endfacet
  facet normal 0 -1 -0
    outer loop
      vertex -35.338 22.87 2.4
      vertex -35.798 22.87 0
      vertex -35.338 22.87 0
    endloop
  endfacet
  facet normal 0.72311 -0.690732 0
    outer loop
      vertex -35.338 22.87 2.4
      vertex -35.274 22.937 0
      vertex -35.274 22.937 2.4
    endloop
  endfacet
  facet normal 0.72311 -0.690732 0
    outer loop
      vertex -35.274 22.937 0
      vertex -35.338 22.87 2.4
      vertex -35.338 22.87 0
    endloop
  endfacet
  facet normal 1 -0 0
    outer loop
      vertex -35.274 22.937 2.4
      vertex -35.274 23.134 0
      vertex -35.274 23.134 2.4
    endloop
  endfacet
  facet normal 1 0 0
    outer loop
      vertex -35.274 23.134 0
      vertex -35.274 22.937 2.4
      vertex -35.274 22.937 0
    endloop
  endfacet
  facet normal 0.800733 0.599022 0
    outer loop
      vertex -35.274 23.134 2.4
      vertex -35.47 23.396 0
      vertex -35.47 23.396 2.4
    endloop
  endfacet
  facet normal 0.800733 0.599022 0
    outer loop
      vertex -35.47 23.396 0
      vertex -35.274 23.134 2.4
      vertex -35.274 23.134 0
    endloop
  endfacet
  facet normal 1 -0 0
    outer loop
      vertex -35.47 23.396 2.4
      vertex -35.47 23.526 0
      vertex -35.47 23.526 2.4
    endloop
  endfacet
  facet normal 1 0 0
    outer loop
      vertex -35.47 23.526 0
      vertex -35.47 23.396 2.4
      vertex -35.47 23.396 0
    endloop
  endfacet
  facet normal 0.70977 0.704433 0
    outer loop
      vertex -35.47 23.526 2.4
      vertex -35.602 23.659 0
      vertex -35.602 23.659 2.4
    endloop
  endfacet
  facet normal 0.70977 0.704433 0
    outer loop
      vertex -35.602 23.659 0
      vertex -35.47 23.526 2.4
      vertex -35.47 23.526 0
    endloop
  endfacet
  facet normal 0.900679 0.434484 0
    outer loop
      vertex -35.602 23.659 2.4
      vertex -36.52 25.562 0
      vertex -36.52 25.562 2.4
    endloop
  endfacet
  facet normal 0.900679 0.434484 0
    outer loop
      vertex -36.52 25.562 0
      vertex -35.602 23.659 2.4
      vertex -35.602 23.659 0
    endloop
  endfacet
  facet normal 0.704413 0.70979 -0
    outer loop
      vertex -36.52 25.562 0
      vertex -36.652 25.693 2.4
      vertex -36.52 25.562 2.4
    endloop
  endfacet
  facet normal 0.704413 0.70979 0
    outer loop
      vertex -36.652 25.693 2.4
      vertex -36.52 25.562 0
      vertex -36.652 25.693 0
    endloop
  endfacet
  facet normal 1 -0 0
    outer loop
      vertex -36.652 25.693 2.4
      vertex -36.652 25.824 0
      vertex -36.652 25.824 2.4
    endloop
  endfacet
  facet normal 1 0 0
    outer loop
      vertex -36.652 25.824 0
      vertex -36.652 25.693 2.4
      vertex -36.652 25.693 0
    endloop
  endfacet
  facet normal 0.709811 0.704392 0
    outer loop
      vertex -36.652 25.824 2.4
      vertex -36.782 25.955 0
      vertex -36.782 25.955 2.4
    endloop
  endfacet
  facet normal 0.709811 0.704392 0
    outer loop
      vertex -36.782 25.955 0
      vertex -36.652 25.824 2.4
      vertex -36.652 25.824 0
    endloop
  endfacet
  facet normal 0.894387 0.447294 0
    outer loop
      vertex -36.782 25.955 2.4
      vertex -39.014 30.418 0
      vertex -39.014 30.418 2.4
    endloop
  endfacet
  facet normal 0.894387 0.447294 0
    outer loop
      vertex -39.014 30.418 0
      vertex -36.782 25.955 2.4
      vertex -36.782 25.955 0
    endloop
  endfacet
  facet normal 0.707107 0.707107 -0
    outer loop
      vertex -39.014 30.418 0
      vertex -39.144 30.548 2.4
      vertex -39.014 30.418 2.4
    endloop
  endfacet
  facet normal 0.707107 0.707107 0
    outer loop
      vertex -39.144 30.548 2.4
      vertex -39.014 30.418 0
      vertex -39.144 30.548 0
    endloop
  endfacet
  facet normal 1 -0 0
    outer loop
      vertex -39.144 30.548 2.4
      vertex -39.144 30.68 0
      vertex -39.144 30.68 2.4
    endloop
  endfacet
  facet normal 1 0 0
    outer loop
      vertex -39.144 30.68 0
      vertex -39.144 30.548 2.4
      vertex -39.144 30.548 0
    endloop
  endfacet
  facet normal 0.707107 0.707107 0
    outer loop
      vertex -39.144 30.68 2.4
      vertex -39.276 30.812 0
      vertex -39.276 30.812 2.4
    endloop
  endfacet
  facet normal 0.707107 0.707107 0
    outer loop
      vertex -39.276 30.812 0
      vertex -39.144 30.68 2.4
      vertex -39.144 30.68 0
    endloop
  endfacet
  facet normal 1 -0 0
    outer loop
      vertex -39.276 30.812 2.4
      vertex -39.276 30.943 0
      vertex -39.276 30.943 2.4
    endloop
  endfacet
  facet normal 1 0 0
    outer loop
      vertex -39.276 30.943 0
      vertex -39.276 30.812 2.4
      vertex -39.276 30.812 0
    endloop
  endfacet
  facet normal 0.704413 0.70979 -0
    outer loop
      vertex -39.276 30.943 0
      vertex -39.408 31.074 2.4
      vertex -39.276 30.943 2.4
    endloop
  endfacet
  facet normal 0.704413 0.70979 0
    outer loop
      vertex -39.408 31.074 2.4
      vertex -39.276 30.943 0
      vertex -39.408 31.074 0
    endloop
  endfacet
  facet normal 0.90059 0.43467 0
    outer loop
      vertex -39.408 31.074 2.4
      vertex -40.326 32.976 0
      vertex -40.326 32.976 2.4
    endloop
  endfacet
  facet normal 0.90059 0.43467 0
    outer loop
      vertex -40.326 32.976 0
      vertex -39.408 31.074 2.4
      vertex -39.408 31.074 0
    endloop
  endfacet
  facet normal 0.70979 0.704413 0
    outer loop
      vertex -40.326 32.976 2.4
      vertex -40.457 33.108 0
      vertex -40.457 33.108 2.4
    endloop
  endfacet
  facet normal 0.70979 0.704413 0
    outer loop
      vertex -40.457 33.108 0
      vertex -40.326 32.976 2.4
      vertex -40.326 32.976 0
    endloop
  endfacet
  facet normal 1 -0 0
    outer loop
      vertex -40.457 33.108 2.4
      vertex -40.457 33.24 0
      vertex -40.457 33.24 2.4
    endloop
  endfacet
  facet normal 1 0 0
    outer loop
      vertex -40.457 33.24 0
      vertex -40.457 33.108 2.4
      vertex -40.457 33.108 0
    endloop
  endfacet
  facet normal 0.704392 0.709811 -0
    outer loop
      vertex -40.457 33.24 0
      vertex -40.588 33.37 2.4
      vertex -40.457 33.24 2.4
    endloop
  endfacet
  facet normal 0.704392 0.709811 0
    outer loop
      vertex -40.588 33.37 2.4
      vertex -40.457 33.24 0
      vertex -40.588 33.37 0
    endloop
  endfacet
  facet normal 1 -0 0
    outer loop
      vertex -40.588 33.37 2.4
      vertex -40.588 33.502 0
      vertex -40.588 33.502 2.4
    endloop
  endfacet
  facet normal 1 0 0
    outer loop
      vertex -40.588 33.502 0
      vertex -40.588 33.37 2.4
      vertex -40.588 33.37 0
    endloop
  endfacet
  facet normal 0.707107 0.707107 0
    outer loop
      vertex -40.588 33.502 2.4
      vertex -40.72 33.634 0
      vertex -40.72 33.634 2.4
    endloop
  endfacet
  facet normal 0.707107 0.707107 0
    outer loop
      vertex -40.72 33.634 0
      vertex -40.588 33.502 2.4
      vertex -40.588 33.502 0
    endloop
  endfacet
  facet normal 0.900679 0.434484 0
    outer loop
      vertex -40.72 33.634 2.4
      vertex -41.638 35.537 0
      vertex -41.638 35.537 2.4
    endloop
  endfacet
  facet normal 0.900679 0.434484 0
    outer loop
      vertex -41.638 35.537 0
      vertex -40.72 33.634 2.4
      vertex -40.72 33.634 0
    endloop
  endfacet
  facet normal 0.704413 0.70979 -0
    outer loop
      vertex -41.638 35.537 0
      vertex -41.77 35.668 2.4
      vertex -41.638 35.537 2.4
    endloop
  endfacet
  facet normal 0.704413 0.70979 0
    outer loop
      vertex -41.77 35.668 2.4
      vertex -41.638 35.537 0
      vertex -41.77 35.668 0
    endloop
  endfacet
  facet normal 1 -0 0
    outer loop
      vertex -41.77 35.668 2.4
      vertex -41.77 35.799 0
      vertex -41.77 35.799 2.4
    endloop
  endfacet
  facet normal 1 0 0
    outer loop
      vertex -41.77 35.799 0
      vertex -41.77 35.668 2.4
      vertex -41.77 35.668 0
    endloop
  endfacet
  facet normal 0.704413 0.70979 -0
    outer loop
      vertex -41.77 35.799 0
      vertex -41.902 35.93 2.4
      vertex -41.77 35.799 2.4
    endloop
  endfacet
  facet normal 0.704413 0.70979 0
    outer loop
      vertex -41.902 35.93 2.4
      vertex -41.77 35.799 0
      vertex -41.902 35.93 0
    endloop
  endfacet
  facet normal 1 -0 0
    outer loop
      vertex -41.902 35.93 2.4
      vertex -41.902 36.126 0
      vertex -41.902 36.126 2.4
    endloop
  endfacet
  facet normal 1 0 0
    outer loop
      vertex -41.902 36.126 0
      vertex -41.902 35.93 2.4
      vertex -41.902 35.93 0
    endloop
  endfacet
  facet normal 0 -1 0
    outer loop
      vertex -41.902 36.126 0
      vertex -26.479 36.126 2.4
      vertex -41.902 36.126 2.4
    endloop
  endfacet
  facet normal 0 -1 -0
    outer loop
      vertex -26.479 36.126 2.4
      vertex -41.902 36.126 0
      vertex -26.479 36.126 0
    endloop
  endfacet
  facet normal -1 0 0
    outer loop
      vertex -26.479 31.598 0
      vertex -26.479 36.126 2.4
      vertex -26.479 36.126 0
    endloop
  endfacet
  facet normal -1 -0 0
    outer loop
      vertex -26.479 36.126 2.4
      vertex -26.479 31.598 0
      vertex -26.479 31.598 2.4
    endloop
  endfacet
  facet normal -0.707107 -0.707107 0
    outer loop
      vertex 17.49 19.524 0
      vertex 17.358 19.656 2.4
      vertex 17.358 19.656 0
    endloop
  endfacet
  facet normal -0.707107 -0.707107 0
    outer loop
      vertex 17.358 19.656 2.4
      vertex 17.49 19.524 0
      vertex 17.49 19.524 2.4
    endloop
  endfacet
  facet normal 0 -1 0
    outer loop
      vertex 17.49 19.524 0
      vertex 17.687 19.524 2.4
      vertex 17.49 19.524 2.4
    endloop
  endfacet
  facet normal 0 -1 -0
    outer loop
      vertex 17.687 19.524 2.4
      vertex 17.49 19.524 0
      vertex 17.687 19.524 0
    endloop
  endfacet
  facet normal 0.707107 -0.707107 0
    outer loop
      vertex 17.687 19.524 2.4
      vertex 17.883 19.72 0
      vertex 17.883 19.72 2.4
    endloop
  endfacet
  facet normal 0.707107 -0.707107 0
    outer loop
      vertex 17.883 19.72 0
      vertex 17.687 19.524 2.4
      vertex 17.687 19.524 0
    endloop
  endfacet
  facet normal 0.894427 -0.447214 0
    outer loop
      vertex 17.883 19.72 2.4
      vertex 18.08 20.114 0
      vertex 18.08 20.114 2.4
    endloop
  endfacet
  facet normal 0.894427 -0.447214 0
    outer loop
      vertex 18.08 20.114 0
      vertex 17.883 19.72 2.4
      vertex 17.883 19.72 0
    endloop
  endfacet
  facet normal 0 -1 0
    outer loop
      vertex 18.08 20.114 0
      vertex 18.342 20.114 2.4
      vertex 18.08 20.114 2.4
    endloop
  endfacet
  facet normal 0 -1 -0
    outer loop
      vertex 18.342 20.114 2.4
      vertex 18.08 20.114 0
      vertex 18.342 20.114 0
    endloop
  endfacet
  facet normal -1 0 0
    outer loop
      vertex 18.342 19.984 0
      vertex 18.342 20.114 2.4
      vertex 18.342 20.114 0
    endloop
  endfacet
  facet normal -1 -0 0
    outer loop
      vertex 18.342 20.114 2.4
      vertex 18.342 19.984 0
      vertex 18.342 19.984 2.4
    endloop
  endfacet
  facet normal -0.8327 0.553724 0
    outer loop
      vertex 18.08 19.59 0
      vertex 18.342 19.984 2.4
      vertex 18.342 19.984 0
    endloop
  endfacet
  facet normal -0.8327 0.553724 0
    outer loop
      vertex 18.342 19.984 2.4
      vertex 18.08 19.59 0
      vertex 18.08 19.59 2.4
    endloop
  endfacet
  facet normal -1 0 0
    outer loop
      vertex 18.08 19.458 0
      vertex 18.08 19.59 2.4
      vertex 18.08 19.59 0
    endloop
  endfacet
  facet normal -1 -0 0
    outer loop
      vertex 18.08 19.59 2.4
      vertex 18.08 19.458 0
      vertex 18.08 19.458 2.4
    endloop
  endfacet
  facet normal -0.781333 -0.624114 0
    outer loop
      vertex 18.342 19.13 0
      vertex 18.08 19.458 2.4
      vertex 18.08 19.458 0
    endloop
  endfacet
  facet normal -0.781333 -0.624114 0
    outer loop
      vertex 18.08 19.458 2.4
      vertex 18.342 19.13 0
      vertex 18.342 19.13 2.4
    endloop
  endfacet
  facet normal -1 0 0
    outer loop
      vertex 18.342 18.868 0
      vertex 18.342 19.13 2.4
      vertex 18.342 19.13 0
    endloop
  endfacet
  facet normal -1 -0 0
    outer loop
      vertex 18.342 19.13 2.4
      vertex 18.342 18.868 0
      vertex 18.342 18.868 2.4
    endloop
  endfacet
  facet normal 0.53058 0.847635 -0
    outer loop
      vertex 18.342 18.868 0
      vertex 17.818 19.196 2.4
      vertex 18.342 18.868 2.4
    endloop
  endfacet
  facet normal 0.53058 0.847635 0
    outer loop
      vertex 17.818 19.196 2.4
      vertex 18.342 18.868 0
      vertex 17.818 19.196 0
    endloop
  endfacet
  facet normal 0 1 -0
    outer loop
      vertex 17.818 19.196 0
      vertex 17.556 19.196 2.4
      vertex 17.818 19.196 2.4
    endloop
  endfacet
  facet normal 0 1 0
    outer loop
      vertex 17.556 19.196 2.4
      vertex 17.818 19.196 0
      vertex 17.556 19.196 0
    endloop
  endfacet
  facet normal 0.707107 0.707107 -0
    outer loop
      vertex 17.556 19.196 0
      vertex 17.49 19.262 2.4
      vertex 17.556 19.196 2.4
    endloop
  endfacet
  facet normal 0.707107 0.707107 0
    outer loop
      vertex 17.49 19.262 2.4
      vertex 17.556 19.196 0
      vertex 17.49 19.262 0
    endloop
  endfacet
  facet normal -0.707107 0.707107 0
    outer loop
      vertex 17.424 19.196 0
      vertex 17.49 19.262 2.4
      vertex 17.49 19.262 0
    endloop
  endfacet
  facet normal -0.707107 0.707107 0
    outer loop
      vertex 17.49 19.262 2.4
      vertex 17.424 19.196 0
      vertex 17.424 19.196 2.4
    endloop
  endfacet
  facet normal 0 1 -0
    outer loop
      vertex 17.424 19.196 0
      vertex 17.162 19.196 2.4
      vertex 17.424 19.196 2.4
    endloop
  endfacet
  facet normal 0 1 0
    outer loop
      vertex 17.162 19.196 2.4
      vertex 17.424 19.196 0
      vertex 17.162 19.196 0
    endloop
  endfacet
  facet normal 1 -0 0
    outer loop
      vertex 17.162 19.196 2.4
      vertex 17.162 20.114 0
      vertex 17.162 20.114 2.4
    endloop
  endfacet
  facet normal 1 0 0
    outer loop
      vertex 17.162 20.114 0
      vertex 17.162 19.196 2.4
      vertex 17.162 19.196 0
    endloop
  endfacet
  facet normal 0 -1 0
    outer loop
      vertex 17.162 20.114 0
      vertex 17.358 20.114 2.4
      vertex 17.162 20.114 2.4
    endloop
  endfacet
  facet normal 0 -1 -0
    outer loop
      vertex 17.358 20.114 2.4
      vertex 17.162 20.114 0
      vertex 17.358 20.114 0
    endloop
  endfacet
  facet normal -1 0 0
    outer loop
      vertex 17.358 19.656 0
      vertex 17.358 20.114 2.4
      vertex 17.358 20.114 0
    endloop
  endfacet
  facet normal -1 -0 0
    outer loop
      vertex 17.358 20.114 2.4
      vertex 17.358 19.656 0
      vertex 17.358 19.656 2.4
    endloop
  endfacet
endsolid OpenSCAD_Model
