solid OpenSCAD_Model
  facet normal 0.0654172 -0.997858 0
    outer loop
      vertex 36 -50 5.72205e-07
      vertex 37.8274 -49.8802 94.4
      vertex 36 -50 94.4
    endloop
  endfacet
  facet normal 0.0654172 -0.997858 0
    outer loop
      vertex 37.8274 -49.8802 94.4
      vertex 36 -50 5.72205e-07
      vertex 37.8274 -49.8802 5.72205e-07
    endloop
  endfacet
  facet normal 0.44227 0.896882 -0
    outer loop
      vertex 43 48.1244 5.72205e-07
      vertex 41.3576 48.9343 94.4
      vertex 43 48.1244 94.4
    endloop
  endfacet
  facet normal 0.44227 0.896882 0
    outer loop
      vertex 41.3576 48.9343 94.4
      vertex 43 48.1244 5.72205e-07
      vertex 41.3576 48.9343 5.72205e-07
    endloop
  endfacet
  facet normal -0.44227 0.896882 0
    outer loop
      vertex -41.3576 48.9343 5.72205e-07
      vertex -43 48.1244 94.4
      vertex -41.3576 48.9343 94.4
    endloop
  endfacet
  facet normal -0.44227 0.896882 0
    outer loop
      vertex -43 48.1244 94.4
      vertex -41.3576 48.9343 5.72205e-07
      vertex -43 48.1244 5.72205e-07
    endloop
  endfacet
  facet normal 0.555595 -0.831453 0
    outer loop
      vertex 43 -48.1244 5.72205e-07
      vertex 44.5227 -47.1069 94.4
      vertex 43 -48.1244 94.4
    endloop
  endfacet
  facet normal 0.555595 -0.831453 0
    outer loop
      vertex 44.5227 -47.1069 94.4
      vertex 43 -48.1244 5.72205e-07
      vertex 44.5227 -47.1069 5.72205e-07
    endloop
  endfacet
  facet normal 0.946921 0.321465 0
    outer loop
      vertex 49.523 39.6235 94.4
      vertex 48.9343 41.3576 5.72205e-07
      vertex 48.9343 41.3576 94.4
    endloop
  endfacet
  facet normal 0.946921 0.321465 0
    outer loop
      vertex 48.9343 41.3576 5.72205e-07
      vertex 49.523 39.6235 94.4
      vertex 49.523 39.6235 5.72205e-07
    endloop
  endfacet
  facet normal -0.659339 -0.751846 0
    outer loop
      vertex -45.8995 -45.8995 5.72205e-07
      vertex -44.5227 -47.1069 94.4
      vertex -45.8995 -45.8995 94.4
    endloop
  endfacet
  facet normal -0.659339 -0.751846 -0
    outer loop
      vertex -44.5227 -47.1069 94.4
      vertex -45.8995 -45.8995 5.72205e-07
      vertex -44.5227 -47.1069 5.72205e-07
    endloop
  endfacet
  facet normal -0.44227 -0.896882 0
    outer loop
      vertex -43 -48.1244 5.72205e-07
      vertex -41.3576 -48.9343 94.4
      vertex -43 -48.1244 94.4
    endloop
  endfacet
  facet normal -0.44227 -0.896882 -0
    outer loop
      vertex -41.3576 -48.9343 94.4
      vertex -43 -48.1244 5.72205e-07
      vertex -41.3576 -48.9343 5.72205e-07
    endloop
  endfacet
  facet normal -0.980792 -0.195055 0
    outer loop
      vertex -49.523 -39.6235 5.72205e-07
      vertex -49.8802 -37.8274 94.4
      vertex -49.8802 -37.8274 5.72205e-07
    endloop
  endfacet
  facet normal -0.980792 -0.195055 0
    outer loop
      vertex -49.8802 -37.8274 94.4
      vertex -49.523 -39.6235 5.72205e-07
      vertex -49.523 -39.6235 94.4
    endloop
  endfacet
  facet normal -0.946921 -0.321465 0
    outer loop
      vertex -48.9343 -41.3576 5.72205e-07
      vertex -49.523 -39.6235 94.4
      vertex -49.523 -39.6235 5.72205e-07
    endloop
  endfacet
  facet normal -0.946921 -0.321465 0
    outer loop
      vertex -49.523 -39.6235 94.4
      vertex -48.9343 -41.3576 5.72205e-07
      vertex -48.9343 -41.3576 94.4
    endloop
  endfacet
  facet normal -0.0654172 -0.997858 0
    outer loop
      vertex -37.8274 -49.8802 5.72205e-07
      vertex -36 -50 94.4
      vertex -37.8274 -49.8802 94.4
    endloop
  endfacet
  facet normal -0.0654172 -0.997858 -0
    outer loop
      vertex -36 -50 94.4
      vertex -37.8274 -49.8802 5.72205e-07
      vertex -36 -50 5.72205e-07
    endloop
  endfacet
  facet normal -0.751846 -0.659339 0
    outer loop
      vertex -45.8995 -45.8995 5.72205e-07
      vertex -47.1069 -44.5227 94.4
      vertex -47.1069 -44.5227 5.72205e-07
    endloop
  endfacet
  facet normal -0.751846 -0.659339 0
    outer loop
      vertex -47.1069 -44.5227 94.4
      vertex -45.8995 -45.8995 5.72205e-07
      vertex -45.8995 -45.8995 94.4
    endloop
  endfacet
  facet normal -0.831453 -0.555595 0
    outer loop
      vertex -47.1069 -44.5227 5.72205e-07
      vertex -48.1244 -43 94.4
      vertex -48.1244 -43 5.72205e-07
    endloop
  endfacet
  facet normal -0.831453 -0.555595 0
    outer loop
      vertex -48.1244 -43 94.4
      vertex -47.1069 -44.5227 5.72205e-07
      vertex -47.1069 -44.5227 94.4
    endloop
  endfacet
  facet normal -0.896882 0.44227 0
    outer loop
      vertex -48.9343 41.3576 5.72205e-07
      vertex -48.1244 43 94.4
      vertex -48.1244 43 5.72205e-07
    endloop
  endfacet
  facet normal -0.896882 0.44227 0
    outer loop
      vertex -48.1244 43 94.4
      vertex -48.9343 41.3576 5.72205e-07
      vertex -48.9343 41.3576 94.4
    endloop
  endfacet
  facet normal -0.831453 0.555595 0
    outer loop
      vertex -48.1244 43 5.72205e-07
      vertex -47.1069 44.5227 94.4
      vertex -47.1069 44.5227 5.72205e-07
    endloop
  endfacet
  facet normal -0.831453 0.555595 0
    outer loop
      vertex -47.1069 44.5227 94.4
      vertex -48.1244 43 5.72205e-07
      vertex -48.1244 43 94.4
    endloop
  endfacet
  facet normal -0.659339 0.751846 0
    outer loop
      vertex -44.5227 47.1069 5.72205e-07
      vertex -45.8995 45.8995 94.4
      vertex -44.5227 47.1069 94.4
    endloop
  endfacet
  facet normal -0.659339 0.751846 0
    outer loop
      vertex -45.8995 45.8995 94.4
      vertex -44.5227 47.1069 5.72205e-07
      vertex -45.8995 45.8995 5.72205e-07
    endloop
  endfacet
  facet normal 0 -1 0
    outer loop
      vertex -17 -50 5.72205e-07
      vertex 17 -50 1.39001
      vertex -17 -50 1.39001
    endloop
  endfacet
  facet normal 0 -1 -0
    outer loop
      vertex 17 -50 1.39001
      vertex -17 -50 5.72205e-07
      vertex 17 -50 5.72205e-07
    endloop
  endfacet
  facet normal 0 -1 0
    outer loop
      vertex -17 -50 1.39001
      vertex -36 -50 94.4
      vertex -33 -50 1.39001
    endloop
  endfacet
  facet normal 0 -1 0
    outer loop
      vertex -36 -50 5.72205e-07
      vertex -33 -50 1.39001
      vertex -36 -50 94.4
    endloop
  endfacet
  facet normal 0 -1 -0
    outer loop
      vertex -33 -50 1.39001
      vertex -36 -50 5.72205e-07
      vertex -33 -50 5.72205e-07
    endloop
  endfacet
  facet normal 0 -1 0
    outer loop
      vertex -36 -50 94.4
      vertex -17 -50 1.39001
      vertex 36 -50 94.4
    endloop
  endfacet
  facet normal 0 -1 0
    outer loop
      vertex 17 -50 1.39001
      vertex 36 -50 94.4
      vertex -17 -50 1.39001
    endloop
  endfacet
  facet normal 0 -1 0
    outer loop
      vertex 33 -50 1.39001
      vertex 36 -50 94.4
      vertex 17 -50 1.39001
    endloop
  endfacet
  facet normal 0 -1 0
    outer loop
      vertex 36 -50 5.72205e-07
      vertex 33 -50 1.39001
      vertex 33 -50 5.72205e-07
    endloop
  endfacet
  facet normal 0 -1 0
    outer loop
      vertex 33 -50 1.39001
      vertex 36 -50 5.72205e-07
      vertex 36 -50 94.4
    endloop
  endfacet
  facet normal 0.659339 0.751846 -0
    outer loop
      vertex 45.8995 45.8995 5.72205e-07
      vertex 44.5227 47.1069 94.4
      vertex 45.8995 45.8995 94.4
    endloop
  endfacet
  facet normal 0.659339 0.751846 0
    outer loop
      vertex 44.5227 47.1069 94.4
      vertex 45.8995 45.8995 5.72205e-07
      vertex 44.5227 47.1069 5.72205e-07
    endloop
  endfacet
  facet normal 0.997858 0.0654172 0
    outer loop
      vertex 50 36 94.4
      vertex 49.8802 37.8274 5.72205e-07
      vertex 49.8802 37.8274 94.4
    endloop
  endfacet
  facet normal 0.997858 0.0654172 0
    outer loop
      vertex 49.8802 37.8274 5.72205e-07
      vertex 50 36 94.4
      vertex 50 36 5.72205e-07
    endloop
  endfacet
  facet normal -0.195055 -0.980792 0
    outer loop
      vertex -39.6235 -49.523 5.72205e-07
      vertex -37.8274 -49.8802 94.4
      vertex -39.6235 -49.523 94.4
    endloop
  endfacet
  facet normal -0.195055 -0.980792 -0
    outer loop
      vertex -37.8274 -49.8802 94.4
      vertex -39.6235 -49.523 5.72205e-07
      vertex -37.8274 -49.8802 5.72205e-07
    endloop
  endfacet
  facet normal 0 1 -0
    outer loop
      vertex 36 50 5.72205e-07
      vertex -36 50 94.4
      vertex 36 50 94.4
    endloop
  endfacet
  facet normal 0 1 0
    outer loop
      vertex -36 50 94.4
      vertex 36 50 5.72205e-07
      vertex -36 50 5.72205e-07
    endloop
  endfacet
  facet normal -0.980792 0.195055 0
    outer loop
      vertex -49.8802 37.8274 5.72205e-07
      vertex -49.523 39.6235 94.4
      vertex -49.523 39.6235 5.72205e-07
    endloop
  endfacet
  facet normal -0.980792 0.195055 0
    outer loop
      vertex -49.523 39.6235 94.4
      vertex -49.8802 37.8274 5.72205e-07
      vertex -49.8802 37.8274 94.4
    endloop
  endfacet
  facet normal -0.0654172 0.997858 0
    outer loop
      vertex -36 50 5.72205e-07
      vertex -37.8274 49.8802 94.4
      vertex -36 50 94.4
    endloop
  endfacet
  facet normal -0.0654172 0.997858 0
    outer loop
      vertex -37.8274 49.8802 94.4
      vertex -36 50 5.72205e-07
      vertex -37.8274 49.8802 5.72205e-07
    endloop
  endfacet
  facet normal 0.980792 0.195055 0
    outer loop
      vertex 49.8802 37.8274 94.4
      vertex 49.523 39.6235 5.72205e-07
      vertex 49.523 39.6235 94.4
    endloop
  endfacet
  facet normal 0.980792 0.195055 0
    outer loop
      vertex 49.523 39.6235 5.72205e-07
      vertex 49.8802 37.8274 94.4
      vertex 49.8802 37.8274 5.72205e-07
    endloop
  endfacet
  facet normal -0.751846 0.659339 0
    outer loop
      vertex -47.1069 44.5227 5.72205e-07
      vertex -45.8995 45.8995 94.4
      vertex -45.8995 45.8995 5.72205e-07
    endloop
  endfacet
  facet normal -0.751846 0.659339 0
    outer loop
      vertex -45.8995 45.8995 94.4
      vertex -47.1069 44.5227 5.72205e-07
      vertex -47.1069 44.5227 94.4
    endloop
  endfacet
  facet normal 0 0 1
    outer loop
      vertex 47.6 36 94.4
      vertex 50 36 94.4
      vertex 49.8802 37.8274 94.4
    endloop
  endfacet
  facet normal 0 0 1
    outer loop
      vertex 50 36 94.4
      vertex 47.6 36 94.4
      vertex 50 -36 94.4
    endloop
  endfacet
  facet normal 0 0 1
    outer loop
      vertex 47.5008 37.5141 94.4
      vertex 49.8802 37.8274 94.4
      vertex 49.523 39.6235 94.4
    endloop
  endfacet
  facet normal 0 0 1
    outer loop
      vertex 47.6 -36 94.4
      vertex 50 -36 94.4
      vertex 47.6 36 94.4
    endloop
  endfacet
  facet normal 0 0 1
    outer loop
      vertex 47.2047 39.0023 94.4
      vertex 49.523 39.6235 94.4
      vertex 48.9343 41.3576 94.4
    endloop
  endfacet
  facet normal 0 0 1
    outer loop
      vertex 50 -36 94.4
      vertex 47.6 -36 94.4
      vertex 49.8802 -37.8274 94.4
    endloop
  endfacet
  facet normal 0 0 1
    outer loop
      vertex 46.717 40.4391 94.4
      vertex 48.9343 41.3576 94.4
      vertex 48.1244 43 94.4
    endloop
  endfacet
  facet normal -0 0 1
    outer loop
      vertex 47.5008 -37.5141 94.4
      vertex 49.8802 -37.8274 94.4
      vertex 47.6 -36 94.4
    endloop
  endfacet
  facet normal 0 0 1
    outer loop
      vertex 49.8802 -37.8274 94.4
      vertex 47.5008 -37.5141 94.4
      vertex 49.523 -39.6235 94.4
    endloop
  endfacet
  facet normal 0 0 1
    outer loop
      vertex 49.8802 37.8274 94.4
      vertex 47.5008 37.5141 94.4
      vertex 47.6 36 94.4
    endloop
  endfacet
  facet normal 0 0 1
    outer loop
      vertex 49.523 39.6235 94.4
      vertex 47.2047 39.0023 94.4
      vertex 47.5008 37.5141 94.4
    endloop
  endfacet
  facet normal 0 0 1
    outer loop
      vertex 46.0459 41.8 94.4
      vertex 48.1244 43 94.4
      vertex 47.1069 44.5227 94.4
    endloop
  endfacet
  facet normal 0 0 1
    outer loop
      vertex 48.9343 41.3576 94.4
      vertex 46.717 40.4391 94.4
      vertex 47.2047 39.0023 94.4
    endloop
  endfacet
  facet normal 0 0 1
    outer loop
      vertex 48.1244 43 94.4
      vertex 46.0459 41.8 94.4
      vertex 46.717 40.4391 94.4
    endloop
  endfacet
  facet normal 0 0 1
    outer loop
      vertex 45.2029 43.0616 94.4
      vertex 47.1069 44.5227 94.4
      vertex 45.8995 45.8995 94.4
    endloop
  endfacet
  facet normal 0 0 1
    outer loop
      vertex 47.1069 44.5227 94.4
      vertex 45.2029 43.0616 94.4
      vertex 46.0459 41.8 94.4
    endloop
  endfacet
  facet normal 0 0 1
    outer loop
      vertex 44.2024 44.2024 94.4
      vertex 45.8995 45.8995 94.4
      vertex 44.5227 47.1069 94.4
    endloop
  endfacet
  facet normal 0 0 1
    outer loop
      vertex 45.8995 45.8995 94.4
      vertex 44.2024 44.2024 94.4
      vertex 45.2029 43.0616 94.4
    endloop
  endfacet
  facet normal 0 0 1
    outer loop
      vertex 44.5227 47.1069 94.4
      vertex 43.0616 45.2029 94.4
      vertex 44.2024 44.2024 94.4
    endloop
  endfacet
  facet normal 0 0 1
    outer loop
      vertex 43 48.1244 94.4
      vertex 43.0616 45.2029 94.4
      vertex 44.5227 47.1069 94.4
    endloop
  endfacet
  facet normal 0 0 1
    outer loop
      vertex 43 48.1244 94.4
      vertex 41.8 46.0459 94.4
      vertex 43.0616 45.2029 94.4
    endloop
  endfacet
  facet normal 0 0 1
    outer loop
      vertex 41.3576 48.9343 94.4
      vertex 41.8 46.0459 94.4
      vertex 43 48.1244 94.4
    endloop
  endfacet
  facet normal 0 0 1
    outer loop
      vertex 41.3576 48.9343 94.4
      vertex 40.4391 46.717 94.4
      vertex 41.8 46.0459 94.4
    endloop
  endfacet
  facet normal 0 0 1
    outer loop
      vertex 39.6235 49.523 94.4
      vertex 40.4391 46.717 94.4
      vertex 41.3576 48.9343 94.4
    endloop
  endfacet
  facet normal 0 0 1
    outer loop
      vertex 39.6235 49.523 94.4
      vertex 39.0023 47.2047 94.4
      vertex 40.4391 46.717 94.4
    endloop
  endfacet
  facet normal 0 0 1
    outer loop
      vertex 37.8274 49.8802 94.4
      vertex 39.0023 47.2047 94.4
      vertex 39.6235 49.523 94.4
    endloop
  endfacet
  facet normal 0 0 1
    outer loop
      vertex 37.8274 49.8802 94.4
      vertex 37.5141 47.5008 94.4
      vertex 39.0023 47.2047 94.4
    endloop
  endfacet
  facet normal 0 0 1
    outer loop
      vertex 36 50 94.4
      vertex 37.5141 47.5008 94.4
      vertex 37.8274 49.8802 94.4
    endloop
  endfacet
  facet normal 0 0 1
    outer loop
      vertex 36 50 94.4
      vertex 36 47.6 94.4
      vertex 37.5141 47.5008 94.4
    endloop
  endfacet
  facet normal -0 0 1
    outer loop
      vertex -36 50 94.4
      vertex 36 47.6 94.4
      vertex 36 50 94.4
    endloop
  endfacet
  facet normal 0 0 1
    outer loop
      vertex -36 50 94.4
      vertex -36 47.6 94.4
      vertex 36 47.6 94.4
    endloop
  endfacet
  facet normal 0 0 1
    outer loop
      vertex -36 50 94.4
      vertex -37.5141 47.5008 94.4
      vertex -36 47.6 94.4
    endloop
  endfacet
  facet normal -0 0 1
    outer loop
      vertex -37.8274 49.8802 94.4
      vertex -37.5141 47.5008 94.4
      vertex -36 50 94.4
    endloop
  endfacet
  facet normal 0 0 1
    outer loop
      vertex -37.8274 49.8802 94.4
      vertex -39.0023 47.2047 94.4
      vertex -37.5141 47.5008 94.4
    endloop
  endfacet
  facet normal -0 0 1
    outer loop
      vertex -39.6235 49.523 94.4
      vertex -39.0023 47.2047 94.4
      vertex -37.8274 49.8802 94.4
    endloop
  endfacet
  facet normal 0 0 1
    outer loop
      vertex -39.6235 49.523 94.4
      vertex -40.4391 46.717 94.4
      vertex -39.0023 47.2047 94.4
    endloop
  endfacet
  facet normal -0 0 1
    outer loop
      vertex -41.3576 48.9343 94.4
      vertex -40.4391 46.717 94.4
      vertex -39.6235 49.523 94.4
    endloop
  endfacet
  facet normal 0 0 1
    outer loop
      vertex -41.3576 48.9343 94.4
      vertex -41.8 46.0459 94.4
      vertex -40.4391 46.717 94.4
    endloop
  endfacet
  facet normal -0 0 1
    outer loop
      vertex -43 48.1244 94.4
      vertex -41.8 46.0459 94.4
      vertex -41.3576 48.9343 94.4
    endloop
  endfacet
  facet normal 0 0 1
    outer loop
      vertex -43 48.1244 94.4
      vertex -43.0616 45.2029 94.4
      vertex -41.8 46.0459 94.4
    endloop
  endfacet
  facet normal -0 0 1
    outer loop
      vertex -44.5227 47.1069 94.4
      vertex -43.0616 45.2029 94.4
      vertex -43 48.1244 94.4
    endloop
  endfacet
  facet normal 0 0 1
    outer loop
      vertex -43.0616 45.2029 94.4
      vertex -44.5227 47.1069 94.4
      vertex -44.2024 44.2024 94.4
    endloop
  endfacet
  facet normal -0 0 1
    outer loop
      vertex -45.8995 45.8995 94.4
      vertex -44.2024 44.2024 94.4
      vertex -44.5227 47.1069 94.4
    endloop
  endfacet
  facet normal 0 0 1
    outer loop
      vertex -44.2024 44.2024 94.4
      vertex -45.8995 45.8995 94.4
      vertex -45.2029 43.0616 94.4
    endloop
  endfacet
  facet normal -0 0 1
    outer loop
      vertex -47.1069 44.5227 94.4
      vertex -45.2029 43.0616 94.4
      vertex -45.8995 45.8995 94.4
    endloop
  endfacet
  facet normal 0 0 1
    outer loop
      vertex -45.2029 43.0616 94.4
      vertex -47.1069 44.5227 94.4
      vertex -46.0459 41.8 94.4
    endloop
  endfacet
  facet normal -0 0 1
    outer loop
      vertex -48.1244 43 94.4
      vertex -46.0459 41.8 94.4
      vertex -47.1069 44.5227 94.4
    endloop
  endfacet
  facet normal 0 0 1
    outer loop
      vertex -46.0459 41.8 94.4
      vertex -48.1244 43 94.4
      vertex -46.717 40.4391 94.4
    endloop
  endfacet
  facet normal -0 0 1
    outer loop
      vertex -48.9343 41.3576 94.4
      vertex -46.717 40.4391 94.4
      vertex -48.1244 43 94.4
    endloop
  endfacet
  facet normal 0 0 1
    outer loop
      vertex -46.717 40.4391 94.4
      vertex -48.9343 41.3576 94.4
      vertex -47.2047 39.0023 94.4
    endloop
  endfacet
  facet normal 0 0 1
    outer loop
      vertex -47.2047 39.0023 94.4
      vertex -49.523 39.6235 94.4
      vertex -47.5008 37.5141 94.4
    endloop
  endfacet
  facet normal -0 0 1
    outer loop
      vertex -49.523 39.6235 94.4
      vertex -47.2047 39.0023 94.4
      vertex -48.9343 41.3576 94.4
    endloop
  endfacet
  facet normal -0 0 1
    outer loop
      vertex 47.2047 -39.0023 94.4
      vertex 49.523 -39.6235 94.4
      vertex 47.5008 -37.5141 94.4
    endloop
  endfacet
  facet normal 0 0 1
    outer loop
      vertex 49.523 -39.6235 94.4
      vertex 47.2047 -39.0023 94.4
      vertex 48.9343 -41.3576 94.4
    endloop
  endfacet
  facet normal -0 0 1
    outer loop
      vertex 46.717 -40.4391 94.4
      vertex 48.9343 -41.3576 94.4
      vertex 47.2047 -39.0023 94.4
    endloop
  endfacet
  facet normal 0 0 1
    outer loop
      vertex 48.9343 -41.3576 94.4
      vertex 46.717 -40.4391 94.4
      vertex 48.1244 -43 94.4
    endloop
  endfacet
  facet normal -0 0 1
    outer loop
      vertex 46.0459 -41.8 94.4
      vertex 48.1244 -43 94.4
      vertex 46.717 -40.4391 94.4
    endloop
  endfacet
  facet normal 0 0 1
    outer loop
      vertex 48.1244 -43 94.4
      vertex 46.0459 -41.8 94.4
      vertex 47.1069 -44.5227 94.4
    endloop
  endfacet
  facet normal -0 0 1
    outer loop
      vertex 45.2029 -43.0616 94.4
      vertex 47.1069 -44.5227 94.4
      vertex 46.0459 -41.8 94.4
    endloop
  endfacet
  facet normal 0 0 1
    outer loop
      vertex 47.1069 -44.5227 94.4
      vertex 45.2029 -43.0616 94.4
      vertex 45.8995 -45.8995 94.4
    endloop
  endfacet
  facet normal -0 0 1
    outer loop
      vertex 44.2024 -44.2024 94.4
      vertex 45.8995 -45.8995 94.4
      vertex 45.2029 -43.0616 94.4
    endloop
  endfacet
  facet normal 0 0 1
    outer loop
      vertex 45.8995 -45.8995 94.4
      vertex 44.2024 -44.2024 94.4
      vertex 44.5227 -47.1069 94.4
    endloop
  endfacet
  facet normal -0 0 1
    outer loop
      vertex 43.0616 -45.2029 94.4
      vertex 44.5227 -47.1069 94.4
      vertex 44.2024 -44.2024 94.4
    endloop
  endfacet
  facet normal 0 0 1
    outer loop
      vertex 43.0616 -45.2029 94.4
      vertex 43 -48.1244 94.4
      vertex 44.5227 -47.1069 94.4
    endloop
  endfacet
  facet normal -0 0 1
    outer loop
      vertex 41.8 -46.0459 94.4
      vertex 43 -48.1244 94.4
      vertex 43.0616 -45.2029 94.4
    endloop
  endfacet
  facet normal 0 0 1
    outer loop
      vertex 41.8 -46.0459 94.4
      vertex 41.3576 -48.9343 94.4
      vertex 43 -48.1244 94.4
    endloop
  endfacet
  facet normal -0 0 1
    outer loop
      vertex 40.4391 -46.717 94.4
      vertex 41.3576 -48.9343 94.4
      vertex 41.8 -46.0459 94.4
    endloop
  endfacet
  facet normal 0 0 1
    outer loop
      vertex 40.4391 -46.717 94.4
      vertex 39.6235 -49.523 94.4
      vertex 41.3576 -48.9343 94.4
    endloop
  endfacet
  facet normal -0 0 1
    outer loop
      vertex 39.0023 -47.2047 94.4
      vertex 39.6235 -49.523 94.4
      vertex 40.4391 -46.717 94.4
    endloop
  endfacet
  facet normal 0 0 1
    outer loop
      vertex 39.0023 -47.2047 94.4
      vertex 37.8274 -49.8802 94.4
      vertex 39.6235 -49.523 94.4
    endloop
  endfacet
  facet normal -0 0 1
    outer loop
      vertex 37.5141 -47.5008 94.4
      vertex 37.8274 -49.8802 94.4
      vertex 39.0023 -47.2047 94.4
    endloop
  endfacet
  facet normal -0 0 1
    outer loop
      vertex 36 -47.6 94.4
      vertex 37.8274 -49.8802 94.4
      vertex 37.5141 -47.5008 94.4
    endloop
  endfacet
  facet normal 0 0 1
    outer loop
      vertex 36 -47.6 94.4
      vertex 36 -50 94.4
      vertex 37.8274 -49.8802 94.4
    endloop
  endfacet
  facet normal -0 0 1
    outer loop
      vertex -36 -47.6 94.4
      vertex 36 -50 94.4
      vertex 36 -47.6 94.4
    endloop
  endfacet
  facet normal 0 0 1
    outer loop
      vertex -36 -47.6 94.4
      vertex -36 -50 94.4
      vertex 36 -50 94.4
    endloop
  endfacet
  facet normal 0 0 1
    outer loop
      vertex -37.5141 -47.5008 94.4
      vertex -36 -50 94.4
      vertex -36 -47.6 94.4
    endloop
  endfacet
  facet normal 0 0 1
    outer loop
      vertex -37.5141 -47.5008 94.4
      vertex -37.8274 -49.8802 94.4
      vertex -36 -50 94.4
    endloop
  endfacet
  facet normal 0 0 1
    outer loop
      vertex -39.0023 -47.2047 94.4
      vertex -37.8274 -49.8802 94.4
      vertex -37.5141 -47.5008 94.4
    endloop
  endfacet
  facet normal 0 0 1
    outer loop
      vertex -39.0023 -47.2047 94.4
      vertex -39.6235 -49.523 94.4
      vertex -37.8274 -49.8802 94.4
    endloop
  endfacet
  facet normal 0 0 1
    outer loop
      vertex -40.4391 -46.717 94.4
      vertex -39.6235 -49.523 94.4
      vertex -39.0023 -47.2047 94.4
    endloop
  endfacet
  facet normal 0 0 1
    outer loop
      vertex -40.4391 -46.717 94.4
      vertex -41.3576 -48.9343 94.4
      vertex -39.6235 -49.523 94.4
    endloop
  endfacet
  facet normal 0 0 1
    outer loop
      vertex -41.8 -46.0459 94.4
      vertex -41.3576 -48.9343 94.4
      vertex -40.4391 -46.717 94.4
    endloop
  endfacet
  facet normal 0 0 1
    outer loop
      vertex -41.8 -46.0459 94.4
      vertex -43 -48.1244 94.4
      vertex -41.3576 -48.9343 94.4
    endloop
  endfacet
  facet normal 0 0 1
    outer loop
      vertex -43.0616 -45.2029 94.4
      vertex -43 -48.1244 94.4
      vertex -41.8 -46.0459 94.4
    endloop
  endfacet
  facet normal 0 0 1
    outer loop
      vertex -44.5227 -47.1069 94.4
      vertex -43.0616 -45.2029 94.4
      vertex -44.2024 -44.2024 94.4
    endloop
  endfacet
  facet normal 0 0 1
    outer loop
      vertex -43.0616 -45.2029 94.4
      vertex -44.5227 -47.1069 94.4
      vertex -43 -48.1244 94.4
    endloop
  endfacet
  facet normal 0 0 1
    outer loop
      vertex -45.8995 -45.8995 94.4
      vertex -44.2024 -44.2024 94.4
      vertex -45.2029 -43.0616 94.4
    endloop
  endfacet
  facet normal 0 0 1
    outer loop
      vertex -44.2024 -44.2024 94.4
      vertex -45.8995 -45.8995 94.4
      vertex -44.5227 -47.1069 94.4
    endloop
  endfacet
  facet normal 0 0 1
    outer loop
      vertex -47.1069 -44.5227 94.4
      vertex -45.2029 -43.0616 94.4
      vertex -46.0459 -41.8 94.4
    endloop
  endfacet
  facet normal 0 0 1
    outer loop
      vertex -48.1244 -43 94.4
      vertex -46.0459 -41.8 94.4
      vertex -46.717 -40.4391 94.4
    endloop
  endfacet
  facet normal 0 0 1
    outer loop
      vertex -45.2029 -43.0616 94.4
      vertex -47.1069 -44.5227 94.4
      vertex -45.8995 -45.8995 94.4
    endloop
  endfacet
  facet normal 0 0 1
    outer loop
      vertex -48.9343 -41.3576 94.4
      vertex -46.717 -40.4391 94.4
      vertex -47.2047 -39.0023 94.4
    endloop
  endfacet
  facet normal 0 0 1
    outer loop
      vertex -49.523 -39.6235 94.4
      vertex -47.2047 -39.0023 94.4
      vertex -47.5008 -37.5141 94.4
    endloop
  endfacet
  facet normal 0 0 1
    outer loop
      vertex -49.8802 -37.8274 94.4
      vertex -47.5008 -37.5141 94.4
      vertex -47.6 -36 94.4
    endloop
  endfacet
  facet normal 0 0 1
    outer loop
      vertex -46.0459 -41.8 94.4
      vertex -48.1244 -43 94.4
      vertex -47.1069 -44.5227 94.4
    endloop
  endfacet
  facet normal 0 0 1
    outer loop
      vertex -47.6 36 94.4
      vertex -50 36 94.4
      vertex -47.6 -36 94.4
    endloop
  endfacet
  facet normal -0 0 1
    outer loop
      vertex -49.8802 37.8274 94.4
      vertex -47.5008 37.5141 94.4
      vertex -49.523 39.6235 94.4
    endloop
  endfacet
  facet normal 0 0 1
    outer loop
      vertex -50 -36 94.4
      vertex -47.6 -36 94.4
      vertex -50 36 94.4
    endloop
  endfacet
  facet normal 0 0 1
    outer loop
      vertex -47.5008 37.5141 94.4
      vertex -49.8802 37.8274 94.4
      vertex -47.6 36 94.4
    endloop
  endfacet
  facet normal 0 -0 1
    outer loop
      vertex -49.8802 -37.8274 94.4
      vertex -47.6 -36 94.4
      vertex -50 -36 94.4
    endloop
  endfacet
  facet normal 0 0 1
    outer loop
      vertex -47.6 36 94.4
      vertex -49.8802 37.8274 94.4
      vertex -50 36 94.4
    endloop
  endfacet
  facet normal 0 0 1
    outer loop
      vertex -46.717 -40.4391 94.4
      vertex -48.9343 -41.3576 94.4
      vertex -48.1244 -43 94.4
    endloop
  endfacet
  facet normal 0 0 1
    outer loop
      vertex -47.2047 -39.0023 94.4
      vertex -49.523 -39.6235 94.4
      vertex -48.9343 -41.3576 94.4
    endloop
  endfacet
  facet normal 0 0 1
    outer loop
      vertex -47.5008 -37.5141 94.4
      vertex -49.8802 -37.8274 94.4
      vertex -49.523 -39.6235 94.4
    endloop
  endfacet
  facet normal -0.946921 0.321465 0
    outer loop
      vertex -49.523 39.6235 5.72205e-07
      vertex -48.9343 41.3576 94.4
      vertex -48.9343 41.3576 5.72205e-07
    endloop
  endfacet
  facet normal -0.946921 0.321465 0
    outer loop
      vertex -48.9343 41.3576 94.4
      vertex -49.523 39.6235 5.72205e-07
      vertex -49.523 39.6235 94.4
    endloop
  endfacet
  facet normal -0.195055 0.980792 0
    outer loop
      vertex -37.8274 49.8802 5.72205e-07
      vertex -39.6235 49.523 94.4
      vertex -37.8274 49.8802 94.4
    endloop
  endfacet
  facet normal -0.195055 0.980792 0
    outer loop
      vertex -39.6235 49.523 94.4
      vertex -37.8274 49.8802 5.72205e-07
      vertex -39.6235 49.523 5.72205e-07
    endloop
  endfacet
  facet normal -0.321465 -0.946921 0
    outer loop
      vertex -41.3576 -48.9343 5.72205e-07
      vertex -39.6235 -49.523 94.4
      vertex -41.3576 -48.9343 94.4
    endloop
  endfacet
  facet normal -0.321465 -0.946921 -0
    outer loop
      vertex -39.6235 -49.523 94.4
      vertex -41.3576 -48.9343 5.72205e-07
      vertex -39.6235 -49.523 5.72205e-07
    endloop
  endfacet
  facet normal 0.659339 -0.751846 0
    outer loop
      vertex 44.5227 -47.1069 5.72205e-07
      vertex 45.8995 -45.8995 94.4
      vertex 44.5227 -47.1069 94.4
    endloop
  endfacet
  facet normal 0.659339 -0.751846 0
    outer loop
      vertex 45.8995 -45.8995 94.4
      vertex 44.5227 -47.1069 5.72205e-07
      vertex 45.8995 -45.8995 5.72205e-07
    endloop
  endfacet
  facet normal -0.997858 0.0654172 0
    outer loop
      vertex -50 36 5.72205e-07
      vertex -49.8802 37.8274 94.4
      vertex -49.8802 37.8274 5.72205e-07
    endloop
  endfacet
  facet normal -0.997858 0.0654172 0
    outer loop
      vertex -49.8802 37.8274 94.4
      vertex -50 36 5.72205e-07
      vertex -50 36 94.4
    endloop
  endfacet
  facet normal 0.555595 0.831453 -0
    outer loop
      vertex 44.5227 47.1069 5.72205e-07
      vertex 43 48.1244 94.4
      vertex 44.5227 47.1069 94.4
    endloop
  endfacet
  facet normal 0.555595 0.831453 0
    outer loop
      vertex 43 48.1244 94.4
      vertex 44.5227 47.1069 5.72205e-07
      vertex 43 48.1244 5.72205e-07
    endloop
  endfacet
  facet normal 0.896882 -0.44227 0
    outer loop
      vertex 48.1244 -43 94.4
      vertex 48.9343 -41.3576 5.72205e-07
      vertex 48.9343 -41.3576 94.4
    endloop
  endfacet
  facet normal 0.896882 -0.44227 0
    outer loop
      vertex 48.9343 -41.3576 5.72205e-07
      vertex 48.1244 -43 94.4
      vertex 48.1244 -43 5.72205e-07
    endloop
  endfacet
  facet normal 0.0654172 0.997858 -0
    outer loop
      vertex 37.8274 49.8802 5.72205e-07
      vertex 36 50 94.4
      vertex 37.8274 49.8802 94.4
    endloop
  endfacet
  facet normal 0.0654172 0.997858 0
    outer loop
      vertex 36 50 94.4
      vertex 37.8274 49.8802 5.72205e-07
      vertex 36 50 5.72205e-07
    endloop
  endfacet
  facet normal -0.555595 -0.831453 0
    outer loop
      vertex -44.5227 -47.1069 5.72205e-07
      vertex -43 -48.1244 94.4
      vertex -44.5227 -47.1069 94.4
    endloop
  endfacet
  facet normal -0.555595 -0.831453 -0
    outer loop
      vertex -43 -48.1244 94.4
      vertex -44.5227 -47.1069 5.72205e-07
      vertex -43 -48.1244 5.72205e-07
    endloop
  endfacet
  facet normal -0.997858 -0.0654172 0
    outer loop
      vertex -49.8802 -37.8274 5.72205e-07
      vertex -50 -36 94.4
      vertex -50 -36 5.72205e-07
    endloop
  endfacet
  facet normal -0.997858 -0.0654172 0
    outer loop
      vertex -50 -36 94.4
      vertex -49.8802 -37.8274 5.72205e-07
      vertex -49.8802 -37.8274 94.4
    endloop
  endfacet
  facet normal 0.831453 -0.555595 0
    outer loop
      vertex 47.1069 -44.5227 94.4
      vertex 48.1244 -43 5.72205e-07
      vertex 48.1244 -43 94.4
    endloop
  endfacet
  facet normal 0.831453 -0.555595 0
    outer loop
      vertex 48.1244 -43 5.72205e-07
      vertex 47.1069 -44.5227 94.4
      vertex 47.1069 -44.5227 5.72205e-07
    endloop
  endfacet
  facet normal 0.44227 -0.896882 0
    outer loop
      vertex 41.3576 -48.9343 5.72205e-07
      vertex 43 -48.1244 94.4
      vertex 41.3576 -48.9343 94.4
    endloop
  endfacet
  facet normal 0.44227 -0.896882 0
    outer loop
      vertex 43 -48.1244 94.4
      vertex 41.3576 -48.9343 5.72205e-07
      vertex 43 -48.1244 5.72205e-07
    endloop
  endfacet
  facet normal 0.946921 -0.321465 0
    outer loop
      vertex 48.9343 -41.3576 94.4
      vertex 49.523 -39.6235 5.72205e-07
      vertex 49.523 -39.6235 94.4
    endloop
  endfacet
  facet normal 0.946921 -0.321465 0
    outer loop
      vertex 49.523 -39.6235 5.72205e-07
      vertex 48.9343 -41.3576 94.4
      vertex 48.9343 -41.3576 5.72205e-07
    endloop
  endfacet
  facet normal -0.321465 0.946921 0
    outer loop
      vertex -39.6235 49.523 5.72205e-07
      vertex -41.3576 48.9343 94.4
      vertex -39.6235 49.523 94.4
    endloop
  endfacet
  facet normal -0.321465 0.946921 0
    outer loop
      vertex -41.3576 48.9343 94.4
      vertex -39.6235 49.523 5.72205e-07
      vertex -41.3576 48.9343 5.72205e-07
    endloop
  endfacet
  facet normal 0.751846 0.659339 0
    outer loop
      vertex 47.1069 44.5227 94.4
      vertex 45.8995 45.8995 5.72205e-07
      vertex 45.8995 45.8995 94.4
    endloop
  endfacet
  facet normal 0.751846 0.659339 0
    outer loop
      vertex 45.8995 45.8995 5.72205e-07
      vertex 47.1069 44.5227 94.4
      vertex 47.1069 44.5227 5.72205e-07
    endloop
  endfacet
  facet normal -0.896882 -0.44227 0
    outer loop
      vertex -48.1244 -43 5.72205e-07
      vertex -48.9343 -41.3576 94.4
      vertex -48.9343 -41.3576 5.72205e-07
    endloop
  endfacet
  facet normal -0.896882 -0.44227 0
    outer loop
      vertex -48.9343 -41.3576 94.4
      vertex -48.1244 -43 5.72205e-07
      vertex -48.1244 -43 94.4
    endloop
  endfacet
  facet normal 0.195055 -0.980792 0
    outer loop
      vertex 37.8274 -49.8802 5.72205e-07
      vertex 39.6235 -49.523 94.4
      vertex 37.8274 -49.8802 94.4
    endloop
  endfacet
  facet normal 0.195055 -0.980792 0
    outer loop
      vertex 39.6235 -49.523 94.4
      vertex 37.8274 -49.8802 5.72205e-07
      vertex 39.6235 -49.523 5.72205e-07
    endloop
  endfacet
  facet normal 0.321465 0.946921 -0
    outer loop
      vertex 41.3576 48.9343 5.72205e-07
      vertex 39.6235 49.523 94.4
      vertex 41.3576 48.9343 94.4
    endloop
  endfacet
  facet normal 0.321465 0.946921 0
    outer loop
      vertex 39.6235 49.523 94.4
      vertex 41.3576 48.9343 5.72205e-07
      vertex 39.6235 49.523 5.72205e-07
    endloop
  endfacet
  facet normal -1 0 0
    outer loop
      vertex -50 -36 5.72205e-07
      vertex -50 36 94.4
      vertex -50 36 5.72205e-07
    endloop
  endfacet
  facet normal -1 -0 0
    outer loop
      vertex -50 36 94.4
      vertex -50 -36 5.72205e-07
      vertex -50 -36 94.4
    endloop
  endfacet
  facet normal 0.751846 -0.659339 0
    outer loop
      vertex 45.8995 -45.8995 94.4
      vertex 47.1069 -44.5227 5.72205e-07
      vertex 47.1069 -44.5227 94.4
    endloop
  endfacet
  facet normal 0.751846 -0.659339 0
    outer loop
      vertex 47.1069 -44.5227 5.72205e-07
      vertex 45.8995 -45.8995 94.4
      vertex 45.8995 -45.8995 5.72205e-07
    endloop
  endfacet
  facet normal -0.555595 0.831453 0
    outer loop
      vertex -43 48.1244 5.72205e-07
      vertex -44.5227 47.1069 94.4
      vertex -43 48.1244 94.4
    endloop
  endfacet
  facet normal -0.555595 0.831453 0
    outer loop
      vertex -44.5227 47.1069 94.4
      vertex -43 48.1244 5.72205e-07
      vertex -44.5227 47.1069 5.72205e-07
    endloop
  endfacet
  facet normal 0.980792 -0.195055 0
    outer loop
      vertex 49.523 -39.6235 94.4
      vertex 49.8802 -37.8274 5.72205e-07
      vertex 49.8802 -37.8274 94.4
    endloop
  endfacet
  facet normal 0.980792 -0.195055 0
    outer loop
      vertex 49.8802 -37.8274 5.72205e-07
      vertex 49.523 -39.6235 94.4
      vertex 49.523 -39.6235 5.72205e-07
    endloop
  endfacet
  facet normal 0.997858 -0.0654172 0
    outer loop
      vertex 49.8802 -37.8274 94.4
      vertex 50 -36 5.72205e-07
      vertex 50 -36 94.4
    endloop
  endfacet
  facet normal 0.997858 -0.0654172 0
    outer loop
      vertex 50 -36 5.72205e-07
      vertex 49.8802 -37.8274 94.4
      vertex 49.8802 -37.8274 5.72205e-07
    endloop
  endfacet
  facet normal 1 -0 0
    outer loop
      vertex 50 -36 94.4
      vertex 50 36 5.72205e-07
      vertex 50 36 94.4
    endloop
  endfacet
  facet normal 1 0 0
    outer loop
      vertex 50 36 5.72205e-07
      vertex 50 -36 94.4
      vertex 50 -36 5.72205e-07
    endloop
  endfacet
  facet normal 0.831453 0.555595 0
    outer loop
      vertex 48.1244 43 94.4
      vertex 47.1069 44.5227 5.72205e-07
      vertex 47.1069 44.5227 94.4
    endloop
  endfacet
  facet normal 0.831453 0.555595 0
    outer loop
      vertex 47.1069 44.5227 5.72205e-07
      vertex 48.1244 43 94.4
      vertex 48.1244 43 5.72205e-07
    endloop
  endfacet
  facet normal 0.195055 0.980792 -0
    outer loop
      vertex 39.6235 49.523 5.72205e-07
      vertex 37.8274 49.8802 94.4
      vertex 39.6235 49.523 94.4
    endloop
  endfacet
  facet normal 0.195055 0.980792 0
    outer loop
      vertex 37.8274 49.8802 94.4
      vertex 39.6235 49.523 5.72205e-07
      vertex 37.8274 49.8802 5.72205e-07
    endloop
  endfacet
  facet normal 0 0 -1
    outer loop
      vertex -33 -50 5.72205e-07
      vertex -36 -50 5.72205e-07
      vertex -33 -48.61 5.72205e-07
    endloop
  endfacet
  facet normal 0 0 -1
    outer loop
      vertex 17 -50 5.72205e-07
      vertex -17 -50 5.72205e-07
      vertex 17 -48.61 5.72205e-07
    endloop
  endfacet
  facet normal 0 0 -1
    outer loop
      vertex 47.6 -36 5.72205e-07
      vertex 50 -36 5.72205e-07
      vertex 49.8802 -37.8274 5.72205e-07
    endloop
  endfacet
  facet normal 0 0 -1
    outer loop
      vertex 50 -36 5.72205e-07
      vertex 47.6 -36 5.72205e-07
      vertex 50 36 5.72205e-07
    endloop
  endfacet
  facet normal 0 0 -1
    outer loop
      vertex 47.5008 -37.5141 5.72205e-07
      vertex 49.8802 -37.8274 5.72205e-07
      vertex 49.523 -39.6235 5.72205e-07
    endloop
  endfacet
  facet normal 0 0 -1
    outer loop
      vertex 47.6 36 5.72205e-07
      vertex 50 36 5.72205e-07
      vertex 47.6 -36 5.72205e-07
    endloop
  endfacet
  facet normal 0 0 -1
    outer loop
      vertex 47.2047 -39.0023 5.72205e-07
      vertex 49.523 -39.6235 5.72205e-07
      vertex 48.9343 -41.3576 5.72205e-07
    endloop
  endfacet
  facet normal 0 0 -1
    outer loop
      vertex 50 36 5.72205e-07
      vertex 47.6 36 5.72205e-07
      vertex 49.8802 37.8274 5.72205e-07
    endloop
  endfacet
  facet normal 0 0 -1
    outer loop
      vertex 46.717 -40.4391 5.72205e-07
      vertex 48.9343 -41.3576 5.72205e-07
      vertex 48.1244 -43 5.72205e-07
    endloop
  endfacet
  facet normal 0 0 -1
    outer loop
      vertex 47.5008 37.5141 5.72205e-07
      vertex 49.8802 37.8274 5.72205e-07
      vertex 47.6 36 5.72205e-07
    endloop
  endfacet
  facet normal -0 0 -1
    outer loop
      vertex 49.8802 37.8274 5.72205e-07
      vertex 47.5008 37.5141 5.72205e-07
      vertex 49.523 39.6235 5.72205e-07
    endloop
  endfacet
  facet normal 0 0 -1
    outer loop
      vertex 49.8802 -37.8274 5.72205e-07
      vertex 47.5008 -37.5141 5.72205e-07
      vertex 47.6 -36 5.72205e-07
    endloop
  endfacet
  facet normal 0 0 -1
    outer loop
      vertex 49.523 -39.6235 5.72205e-07
      vertex 47.2047 -39.0023 5.72205e-07
      vertex 47.5008 -37.5141 5.72205e-07
    endloop
  endfacet
  facet normal 0 0 -1
    outer loop
      vertex 46.0459 -41.8 5.72205e-07
      vertex 48.1244 -43 5.72205e-07
      vertex 47.1069 -44.5227 5.72205e-07
    endloop
  endfacet
  facet normal 0 0 -1
    outer loop
      vertex 48.9343 -41.3576 5.72205e-07
      vertex 46.717 -40.4391 5.72205e-07
      vertex 47.2047 -39.0023 5.72205e-07
    endloop
  endfacet
  facet normal 0 0 -1
    outer loop
      vertex 48.1244 -43 5.72205e-07
      vertex 46.0459 -41.8 5.72205e-07
      vertex 46.717 -40.4391 5.72205e-07
    endloop
  endfacet
  facet normal 0 0 -1
    outer loop
      vertex 45.2029 -43.0616 5.72205e-07
      vertex 47.1069 -44.5227 5.72205e-07
      vertex 45.8995 -45.8995 5.72205e-07
    endloop
  endfacet
  facet normal 0 0 -1
    outer loop
      vertex 47.1069 -44.5227 5.72205e-07
      vertex 45.2029 -43.0616 5.72205e-07
      vertex 46.0459 -41.8 5.72205e-07
    endloop
  endfacet
  facet normal 0 0 -1
    outer loop
      vertex 44.2024 -44.2024 5.72205e-07
      vertex 45.8995 -45.8995 5.72205e-07
      vertex 44.5227 -47.1069 5.72205e-07
    endloop
  endfacet
  facet normal 0 0 -1
    outer loop
      vertex 45.8995 -45.8995 5.72205e-07
      vertex 44.2024 -44.2024 5.72205e-07
      vertex 45.2029 -43.0616 5.72205e-07
    endloop
  endfacet
  facet normal 0 0 -1
    outer loop
      vertex 44.5227 -47.1069 5.72205e-07
      vertex 43.0616 -45.2029 5.72205e-07
      vertex 44.2024 -44.2024 5.72205e-07
    endloop
  endfacet
  facet normal 0 0 -1
    outer loop
      vertex 43 -48.1244 5.72205e-07
      vertex 43.0616 -45.2029 5.72205e-07
      vertex 44.5227 -47.1069 5.72205e-07
    endloop
  endfacet
  facet normal 0 0 -1
    outer loop
      vertex 43 -48.1244 5.72205e-07
      vertex 41.8 -46.0459 5.72205e-07
      vertex 43.0616 -45.2029 5.72205e-07
    endloop
  endfacet
  facet normal 0 0 -1
    outer loop
      vertex 41.3576 -48.9343 5.72205e-07
      vertex 41.8 -46.0459 5.72205e-07
      vertex 43 -48.1244 5.72205e-07
    endloop
  endfacet
  facet normal 0 0 -1
    outer loop
      vertex 41.3576 -48.9343 5.72205e-07
      vertex 40.4391 -46.717 5.72205e-07
      vertex 41.8 -46.0459 5.72205e-07
    endloop
  endfacet
  facet normal 0 0 -1
    outer loop
      vertex 39.6235 -49.523 5.72205e-07
      vertex 40.4391 -46.717 5.72205e-07
      vertex 41.3576 -48.9343 5.72205e-07
    endloop
  endfacet
  facet normal 0 0 -1
    outer loop
      vertex 39.6235 -49.523 5.72205e-07
      vertex 39.0023 -47.2047 5.72205e-07
      vertex 40.4391 -46.717 5.72205e-07
    endloop
  endfacet
  facet normal 0 0 -1
    outer loop
      vertex 37.8274 -49.8802 5.72205e-07
      vertex 39.0023 -47.2047 5.72205e-07
      vertex 39.6235 -49.523 5.72205e-07
    endloop
  endfacet
  facet normal 0 0 -1
    outer loop
      vertex 37.8274 -49.8802 5.72205e-07
      vertex 37.5141 -47.5008 5.72205e-07
      vertex 39.0023 -47.2047 5.72205e-07
    endloop
  endfacet
  facet normal 0 0 -1
    outer loop
      vertex 36 -50 5.72205e-07
      vertex 37.5141 -47.5008 5.72205e-07
      vertex 37.8274 -49.8802 5.72205e-07
    endloop
  endfacet
  facet normal 0 0 -1
    outer loop
      vertex 36 -50 5.72205e-07
      vertex 36 -47.6 5.72205e-07
      vertex 37.5141 -47.5008 5.72205e-07
    endloop
  endfacet
  facet normal 0 0 -1
    outer loop
      vertex 33 -48.61 5.72205e-07
      vertex 36 -50 5.72205e-07
      vertex 33 -50 5.72205e-07
    endloop
  endfacet
  facet normal 0 0 -1
    outer loop
      vertex 36 -50 5.72205e-07
      vertex 33 -48.61 5.72205e-07
      vertex 36 -47.6 5.72205e-07
    endloop
  endfacet
  facet normal 0 0 -1
    outer loop
      vertex 17 -48.61 5.72205e-07
      vertex 36 -47.6 5.72205e-07
      vertex 33 -48.61 5.72205e-07
    endloop
  endfacet
  facet normal 0 0 -1
    outer loop
      vertex -17 -48.61 5.72205e-07
      vertex 17 -48.61 5.72205e-07
      vertex -17 -50 5.72205e-07
    endloop
  endfacet
  facet normal 0 0 -1
    outer loop
      vertex 17 -48.61 5.72205e-07
      vertex -17 -48.61 5.72205e-07
      vertex 36 -47.6 5.72205e-07
    endloop
  endfacet
  facet normal 0 0 -1
    outer loop
      vertex -36 -47.6 5.72205e-07
      vertex -17 -48.61 5.72205e-07
      vertex -33 -48.61 5.72205e-07
    endloop
  endfacet
  facet normal 0 0 -1
    outer loop
      vertex -17 -48.61 5.72205e-07
      vertex -36 -47.6 5.72205e-07
      vertex 36 -47.6 5.72205e-07
    endloop
  endfacet
  facet normal 0 0 -1
    outer loop
      vertex -36 -50 5.72205e-07
      vertex -36 -47.6 5.72205e-07
      vertex -33 -48.61 5.72205e-07
    endloop
  endfacet
  facet normal 0 0 -1
    outer loop
      vertex -36 -50 5.72205e-07
      vertex -37.5141 -47.5008 5.72205e-07
      vertex -36 -47.6 5.72205e-07
    endloop
  endfacet
  facet normal 0 0 -1
    outer loop
      vertex -37.8274 -49.8802 5.72205e-07
      vertex -37.5141 -47.5008 5.72205e-07
      vertex -36 -50 5.72205e-07
    endloop
  endfacet
  facet normal 0 0 -1
    outer loop
      vertex -37.8274 -49.8802 5.72205e-07
      vertex -39.0023 -47.2047 5.72205e-07
      vertex -37.5141 -47.5008 5.72205e-07
    endloop
  endfacet
  facet normal 0 0 -1
    outer loop
      vertex -39.6235 -49.523 5.72205e-07
      vertex -39.0023 -47.2047 5.72205e-07
      vertex -37.8274 -49.8802 5.72205e-07
    endloop
  endfacet
  facet normal 0 0 -1
    outer loop
      vertex -39.6235 -49.523 5.72205e-07
      vertex -40.4391 -46.717 5.72205e-07
      vertex -39.0023 -47.2047 5.72205e-07
    endloop
  endfacet
  facet normal 0 0 -1
    outer loop
      vertex -41.3576 -48.9343 5.72205e-07
      vertex -40.4391 -46.717 5.72205e-07
      vertex -39.6235 -49.523 5.72205e-07
    endloop
  endfacet
  facet normal 0 0 -1
    outer loop
      vertex -41.3576 -48.9343 5.72205e-07
      vertex -41.8 -46.0459 5.72205e-07
      vertex -40.4391 -46.717 5.72205e-07
    endloop
  endfacet
  facet normal 0 0 -1
    outer loop
      vertex -43 -48.1244 5.72205e-07
      vertex -41.8 -46.0459 5.72205e-07
      vertex -41.3576 -48.9343 5.72205e-07
    endloop
  endfacet
  facet normal 0 0 -1
    outer loop
      vertex -43 -48.1244 5.72205e-07
      vertex -43.0616 -45.2029 5.72205e-07
      vertex -41.8 -46.0459 5.72205e-07
    endloop
  endfacet
  facet normal 0 0 -1
    outer loop
      vertex -44.5227 -47.1069 5.72205e-07
      vertex -43.0616 -45.2029 5.72205e-07
      vertex -43 -48.1244 5.72205e-07
    endloop
  endfacet
  facet normal -0 0 -1
    outer loop
      vertex -43.0616 -45.2029 5.72205e-07
      vertex -44.5227 -47.1069 5.72205e-07
      vertex -44.2024 -44.2024 5.72205e-07
    endloop
  endfacet
  facet normal 0 0 -1
    outer loop
      vertex -45.8995 -45.8995 5.72205e-07
      vertex -44.2024 -44.2024 5.72205e-07
      vertex -44.5227 -47.1069 5.72205e-07
    endloop
  endfacet
  facet normal -0 0 -1
    outer loop
      vertex -44.2024 -44.2024 5.72205e-07
      vertex -45.8995 -45.8995 5.72205e-07
      vertex -45.2029 -43.0616 5.72205e-07
    endloop
  endfacet
  facet normal 0 0 -1
    outer loop
      vertex -47.1069 -44.5227 5.72205e-07
      vertex -45.2029 -43.0616 5.72205e-07
      vertex -45.8995 -45.8995 5.72205e-07
    endloop
  endfacet
  facet normal -0 0 -1
    outer loop
      vertex -45.2029 -43.0616 5.72205e-07
      vertex -47.1069 -44.5227 5.72205e-07
      vertex -46.0459 -41.8 5.72205e-07
    endloop
  endfacet
  facet normal 0 0 -1
    outer loop
      vertex -48.1244 -43 5.72205e-07
      vertex -46.0459 -41.8 5.72205e-07
      vertex -47.1069 -44.5227 5.72205e-07
    endloop
  endfacet
  facet normal -0 0 -1
    outer loop
      vertex -46.0459 -41.8 5.72205e-07
      vertex -48.1244 -43 5.72205e-07
      vertex -46.717 -40.4391 5.72205e-07
    endloop
  endfacet
  facet normal 0 0 -1
    outer loop
      vertex -48.9343 -41.3576 5.72205e-07
      vertex -46.717 -40.4391 5.72205e-07
      vertex -48.1244 -43 5.72205e-07
    endloop
  endfacet
  facet normal -0 0 -1
    outer loop
      vertex -46.717 -40.4391 5.72205e-07
      vertex -48.9343 -41.3576 5.72205e-07
      vertex -47.2047 -39.0023 5.72205e-07
    endloop
  endfacet
  facet normal -0 0 -1
    outer loop
      vertex -47.2047 -39.0023 5.72205e-07
      vertex -49.523 -39.6235 5.72205e-07
      vertex -47.5008 -37.5141 5.72205e-07
    endloop
  endfacet
  facet normal 0 0 -1
    outer loop
      vertex -49.523 -39.6235 5.72205e-07
      vertex -47.2047 -39.0023 5.72205e-07
      vertex -48.9343 -41.3576 5.72205e-07
    endloop
  endfacet
  facet normal 0 0 -1
    outer loop
      vertex 47.2047 39.0023 5.72205e-07
      vertex 49.523 39.6235 5.72205e-07
      vertex 47.5008 37.5141 5.72205e-07
    endloop
  endfacet
  facet normal -0 0 -1
    outer loop
      vertex 49.523 39.6235 5.72205e-07
      vertex 47.2047 39.0023 5.72205e-07
      vertex 48.9343 41.3576 5.72205e-07
    endloop
  endfacet
  facet normal 0 0 -1
    outer loop
      vertex 46.717 40.4391 5.72205e-07
      vertex 48.9343 41.3576 5.72205e-07
      vertex 47.2047 39.0023 5.72205e-07
    endloop
  endfacet
  facet normal -0 0 -1
    outer loop
      vertex 48.9343 41.3576 5.72205e-07
      vertex 46.717 40.4391 5.72205e-07
      vertex 48.1244 43 5.72205e-07
    endloop
  endfacet
  facet normal 0 0 -1
    outer loop
      vertex 46.0459 41.8 5.72205e-07
      vertex 48.1244 43 5.72205e-07
      vertex 46.717 40.4391 5.72205e-07
    endloop
  endfacet
  facet normal -0 0 -1
    outer loop
      vertex 48.1244 43 5.72205e-07
      vertex 46.0459 41.8 5.72205e-07
      vertex 47.1069 44.5227 5.72205e-07
    endloop
  endfacet
  facet normal 0 0 -1
    outer loop
      vertex 45.2029 43.0616 5.72205e-07
      vertex 47.1069 44.5227 5.72205e-07
      vertex 46.0459 41.8 5.72205e-07
    endloop
  endfacet
  facet normal -0 0 -1
    outer loop
      vertex 47.1069 44.5227 5.72205e-07
      vertex 45.2029 43.0616 5.72205e-07
      vertex 45.8995 45.8995 5.72205e-07
    endloop
  endfacet
  facet normal 0 0 -1
    outer loop
      vertex 44.2024 44.2024 5.72205e-07
      vertex 45.8995 45.8995 5.72205e-07
      vertex 45.2029 43.0616 5.72205e-07
    endloop
  endfacet
  facet normal -0 0 -1
    outer loop
      vertex 45.8995 45.8995 5.72205e-07
      vertex 44.2024 44.2024 5.72205e-07
      vertex 44.5227 47.1069 5.72205e-07
    endloop
  endfacet
  facet normal 0 0 -1
    outer loop
      vertex 43.0616 45.2029 5.72205e-07
      vertex 44.5227 47.1069 5.72205e-07
      vertex 44.2024 44.2024 5.72205e-07
    endloop
  endfacet
  facet normal 0 0 -1
    outer loop
      vertex 43.0616 45.2029 5.72205e-07
      vertex 43 48.1244 5.72205e-07
      vertex 44.5227 47.1069 5.72205e-07
    endloop
  endfacet
  facet normal 0 0 -1
    outer loop
      vertex 41.8 46.0459 5.72205e-07
      vertex 43 48.1244 5.72205e-07
      vertex 43.0616 45.2029 5.72205e-07
    endloop
  endfacet
  facet normal 0 0 -1
    outer loop
      vertex 41.8 46.0459 5.72205e-07
      vertex 41.3576 48.9343 5.72205e-07
      vertex 43 48.1244 5.72205e-07
    endloop
  endfacet
  facet normal 0 0 -1
    outer loop
      vertex 40.4391 46.717 5.72205e-07
      vertex 41.3576 48.9343 5.72205e-07
      vertex 41.8 46.0459 5.72205e-07
    endloop
  endfacet
  facet normal 0 0 -1
    outer loop
      vertex 40.4391 46.717 5.72205e-07
      vertex 39.6235 49.523 5.72205e-07
      vertex 41.3576 48.9343 5.72205e-07
    endloop
  endfacet
  facet normal 0 0 -1
    outer loop
      vertex 39.0023 47.2047 5.72205e-07
      vertex 39.6235 49.523 5.72205e-07
      vertex 40.4391 46.717 5.72205e-07
    endloop
  endfacet
  facet normal 0 0 -1
    outer loop
      vertex 39.0023 47.2047 5.72205e-07
      vertex 37.8274 49.8802 5.72205e-07
      vertex 39.6235 49.523 5.72205e-07
    endloop
  endfacet
  facet normal 0 0 -1
    outer loop
      vertex 37.5141 47.5008 5.72205e-07
      vertex 37.8274 49.8802 5.72205e-07
      vertex 39.0023 47.2047 5.72205e-07
    endloop
  endfacet
  facet normal 0 0 -1
    outer loop
      vertex 36 47.6 5.72205e-07
      vertex 37.8274 49.8802 5.72205e-07
      vertex 37.5141 47.5008 5.72205e-07
    endloop
  endfacet
  facet normal 0 0 -1
    outer loop
      vertex 36 47.6 5.72205e-07
      vertex 36 50 5.72205e-07
      vertex 37.8274 49.8802 5.72205e-07
    endloop
  endfacet
  facet normal 0 0 -1
    outer loop
      vertex -36 47.6 5.72205e-07
      vertex 36 50 5.72205e-07
      vertex 36 47.6 5.72205e-07
    endloop
  endfacet
  facet normal 0 0 -1
    outer loop
      vertex -36 47.6 5.72205e-07
      vertex -36 50 5.72205e-07
      vertex 36 50 5.72205e-07
    endloop
  endfacet
  facet normal 0 0 -1
    outer loop
      vertex -37.5141 47.5008 5.72205e-07
      vertex -36 50 5.72205e-07
      vertex -36 47.6 5.72205e-07
    endloop
  endfacet
  facet normal 0 0 -1
    outer loop
      vertex -37.5141 47.5008 5.72205e-07
      vertex -37.8274 49.8802 5.72205e-07
      vertex -36 50 5.72205e-07
    endloop
  endfacet
  facet normal 0 0 -1
    outer loop
      vertex -39.0023 47.2047 5.72205e-07
      vertex -37.8274 49.8802 5.72205e-07
      vertex -37.5141 47.5008 5.72205e-07
    endloop
  endfacet
  facet normal 0 0 -1
    outer loop
      vertex -39.0023 47.2047 5.72205e-07
      vertex -39.6235 49.523 5.72205e-07
      vertex -37.8274 49.8802 5.72205e-07
    endloop
  endfacet
  facet normal 0 0 -1
    outer loop
      vertex -40.4391 46.717 5.72205e-07
      vertex -39.6235 49.523 5.72205e-07
      vertex -39.0023 47.2047 5.72205e-07
    endloop
  endfacet
  facet normal 0 0 -1
    outer loop
      vertex -40.4391 46.717 5.72205e-07
      vertex -41.3576 48.9343 5.72205e-07
      vertex -39.6235 49.523 5.72205e-07
    endloop
  endfacet
  facet normal 0 0 -1
    outer loop
      vertex -41.8 46.0459 5.72205e-07
      vertex -41.3576 48.9343 5.72205e-07
      vertex -40.4391 46.717 5.72205e-07
    endloop
  endfacet
  facet normal 0 0 -1
    outer loop
      vertex -41.8 46.0459 5.72205e-07
      vertex -43 48.1244 5.72205e-07
      vertex -41.3576 48.9343 5.72205e-07
    endloop
  endfacet
  facet normal 0 0 -1
    outer loop
      vertex -43.0616 45.2029 5.72205e-07
      vertex -43 48.1244 5.72205e-07
      vertex -41.8 46.0459 5.72205e-07
    endloop
  endfacet
  facet normal 0 0 -1
    outer loop
      vertex -44.5227 47.1069 5.72205e-07
      vertex -43.0616 45.2029 5.72205e-07
      vertex -44.2024 44.2024 5.72205e-07
    endloop
  endfacet
  facet normal 0 0 -1
    outer loop
      vertex -43.0616 45.2029 5.72205e-07
      vertex -44.5227 47.1069 5.72205e-07
      vertex -43 48.1244 5.72205e-07
    endloop
  endfacet
  facet normal 0 0 -1
    outer loop
      vertex -45.8995 45.8995 5.72205e-07
      vertex -44.2024 44.2024 5.72205e-07
      vertex -45.2029 43.0616 5.72205e-07
    endloop
  endfacet
  facet normal 0 0 -1
    outer loop
      vertex -44.2024 44.2024 5.72205e-07
      vertex -45.8995 45.8995 5.72205e-07
      vertex -44.5227 47.1069 5.72205e-07
    endloop
  endfacet
  facet normal 0 0 -1
    outer loop
      vertex -47.1069 44.5227 5.72205e-07
      vertex -45.2029 43.0616 5.72205e-07
      vertex -46.0459 41.8 5.72205e-07
    endloop
  endfacet
  facet normal 0 0 -1
    outer loop
      vertex -48.1244 43 5.72205e-07
      vertex -46.0459 41.8 5.72205e-07
      vertex -46.717 40.4391 5.72205e-07
    endloop
  endfacet
  facet normal 0 0 -1
    outer loop
      vertex -45.2029 43.0616 5.72205e-07
      vertex -47.1069 44.5227 5.72205e-07
      vertex -45.8995 45.8995 5.72205e-07
    endloop
  endfacet
  facet normal 0 0 -1
    outer loop
      vertex -48.9343 41.3576 5.72205e-07
      vertex -46.717 40.4391 5.72205e-07
      vertex -47.2047 39.0023 5.72205e-07
    endloop
  endfacet
  facet normal 0 0 -1
    outer loop
      vertex -49.523 39.6235 5.72205e-07
      vertex -47.2047 39.0023 5.72205e-07
      vertex -47.5008 37.5141 5.72205e-07
    endloop
  endfacet
  facet normal 0 0 -1
    outer loop
      vertex -49.8802 37.8274 5.72205e-07
      vertex -47.5008 37.5141 5.72205e-07
      vertex -47.6 36 5.72205e-07
    endloop
  endfacet
  facet normal 0 0 -1
    outer loop
      vertex -46.0459 41.8 5.72205e-07
      vertex -48.1244 43 5.72205e-07
      vertex -47.1069 44.5227 5.72205e-07
    endloop
  endfacet
  facet normal 0 0 -1
    outer loop
      vertex -47.6 -36 5.72205e-07
      vertex -50 -36 5.72205e-07
      vertex -47.6 36 5.72205e-07
    endloop
  endfacet
  facet normal 0 0 -1
    outer loop
      vertex -49.8802 -37.8274 5.72205e-07
      vertex -47.5008 -37.5141 5.72205e-07
      vertex -49.523 -39.6235 5.72205e-07
    endloop
  endfacet
  facet normal 0 0 -1
    outer loop
      vertex -50 36 5.72205e-07
      vertex -47.6 36 5.72205e-07
      vertex -50 -36 5.72205e-07
    endloop
  endfacet
  facet normal -0 0 -1
    outer loop
      vertex -47.5008 -37.5141 5.72205e-07
      vertex -49.8802 -37.8274 5.72205e-07
      vertex -47.6 -36 5.72205e-07
    endloop
  endfacet
  facet normal 0 -0 -1
    outer loop
      vertex -49.8802 37.8274 5.72205e-07
      vertex -47.6 36 5.72205e-07
      vertex -50 36 5.72205e-07
    endloop
  endfacet
  facet normal -0 0 -1
    outer loop
      vertex -47.6 -36 5.72205e-07
      vertex -49.8802 -37.8274 5.72205e-07
      vertex -50 -36 5.72205e-07
    endloop
  endfacet
  facet normal 0 0 -1
    outer loop
      vertex -46.717 40.4391 5.72205e-07
      vertex -48.9343 41.3576 5.72205e-07
      vertex -48.1244 43 5.72205e-07
    endloop
  endfacet
  facet normal 0 0 -1
    outer loop
      vertex -47.2047 39.0023 5.72205e-07
      vertex -49.523 39.6235 5.72205e-07
      vertex -48.9343 41.3576 5.72205e-07
    endloop
  endfacet
  facet normal 0 0 -1
    outer loop
      vertex -47.5008 37.5141 5.72205e-07
      vertex -49.8802 37.8274 5.72205e-07
      vertex -49.523 39.6235 5.72205e-07
    endloop
  endfacet
  facet normal 0.896882 0.44227 0
    outer loop
      vertex 48.9343 41.3576 94.4
      vertex 48.1244 43 5.72205e-07
      vertex 48.1244 43 94.4
    endloop
  endfacet
  facet normal 0.896882 0.44227 0
    outer loop
      vertex 48.1244 43 5.72205e-07
      vertex 48.9343 41.3576 94.4
      vertex 48.9343 41.3576 5.72205e-07
    endloop
  endfacet
  facet normal 0.321465 -0.946921 0
    outer loop
      vertex 39.6235 -49.523 5.72205e-07
      vertex 41.3576 -48.9343 94.4
      vertex 39.6235 -49.523 94.4
    endloop
  endfacet
  facet normal 0.321465 -0.946921 0
    outer loop
      vertex 41.3576 -48.9343 94.4
      vertex 39.6235 -49.523 5.72205e-07
      vertex 41.3576 -48.9343 5.72205e-07
    endloop
  endfacet
  facet normal 0.659363 -0.751825 0
    outer loop
      vertex -44.2024 44.2024 5.72205e-07
      vertex -43.0616 45.2029 63.5608
      vertex -44.2024 44.2024 63.5608
    endloop
  endfacet
  facet normal 0.659363 -0.751825 0
    outer loop
      vertex -43.0616 45.2029 63.5608
      vertex -44.2024 44.2024 5.72205e-07
      vertex -43.0616 45.2029 5.72205e-07
    endloop
  endfacet
  facet normal 0.659363 -0.751825 0
    outer loop
      vertex -44.2024 44.2024 78.39
      vertex -43.0616 45.2029 94.4
      vertex -44.2024 44.2024 94.4
    endloop
  endfacet
  facet normal 0.659363 -0.751825 0
    outer loop
      vertex -43.0616 45.2029 94.4
      vertex -44.2024 44.2024 78.39
      vertex -43.0616 45.2029 78.39
    endloop
  endfacet
  facet normal -0.321423 0.946936 0
    outer loop
      vertex 40.4391 -46.717 5.72205e-07
      vertex 39.0023 -47.2047 63.5608
      vertex 40.4391 -46.717 63.5608
    endloop
  endfacet
  facet normal -0.321423 0.946936 0
    outer loop
      vertex 39.0023 -47.2047 63.5608
      vertex 40.4391 -46.717 5.72205e-07
      vertex 39.0023 -47.2047 5.72205e-07
    endloop
  endfacet
  facet normal -0.321423 0.946936 0
    outer loop
      vertex 40.4391 -46.717 78.39
      vertex 39.0023 -47.2047 94.4
      vertex 40.4391 -46.717 94.4
    endloop
  endfacet
  facet normal -0.321423 0.946936 0
    outer loop
      vertex 39.0023 -47.2047 94.4
      vertex 40.4391 -46.717 78.39
      vertex 39.0023 -47.2047 78.39
    endloop
  endfacet
  facet normal -0.19514 0.980775 0
    outer loop
      vertex 39.0023 -47.2047 5.72205e-07
      vertex 37.5141 -47.5008 63.5608
      vertex 39.0023 -47.2047 63.5608
    endloop
  endfacet
  facet normal -0.19514 0.980775 0
    outer loop
      vertex 37.5141 -47.5008 63.5608
      vertex 39.0023 -47.2047 5.72205e-07
      vertex 37.5141 -47.5008 5.72205e-07
    endloop
  endfacet
  facet normal -0.19514 0.980775 0
    outer loop
      vertex 39.0023 -47.2047 78.39
      vertex 37.5141 -47.5008 94.4
      vertex 39.0023 -47.2047 94.4
    endloop
  endfacet
  facet normal -0.19514 0.980775 0
    outer loop
      vertex 37.5141 -47.5008 94.4
      vertex 39.0023 -47.2047 78.39
      vertex 37.5141 -47.5008 78.39
    endloop
  endfacet
  facet normal 0.19514 0.980775 -0
    outer loop
      vertex -37.5141 -47.5008 5.72205e-07
      vertex -39.0023 -47.2047 63.5608
      vertex -37.5141 -47.5008 63.5608
    endloop
  endfacet
  facet normal 0.19514 0.980775 0
    outer loop
      vertex -39.0023 -47.2047 63.5608
      vertex -37.5141 -47.5008 5.72205e-07
      vertex -39.0023 -47.2047 5.72205e-07
    endloop
  endfacet
  facet normal 0.19514 0.980775 -0
    outer loop
      vertex -37.5141 -47.5008 78.39
      vertex -39.0023 -47.2047 94.4
      vertex -37.5141 -47.5008 94.4
    endloop
  endfacet
  facet normal 0.19514 0.980775 0
    outer loop
      vertex -39.0023 -47.2047 94.4
      vertex -37.5141 -47.5008 78.39
      vertex -39.0023 -47.2047 78.39
    endloop
  endfacet
  facet normal -0.0653773 0.997861 0
    outer loop
      vertex 37.5141 -47.5008 5.72205e-07
      vertex 36 -47.6 63.5608
      vertex 37.5141 -47.5008 63.5608
    endloop
  endfacet
  facet normal -0.0653773 0.997861 0
    outer loop
      vertex 36 -47.6 63.5608
      vertex 37.5141 -47.5008 5.72205e-07
      vertex 36 -47.6 5.72205e-07
    endloop
  endfacet
  facet normal -0.0653773 0.997861 0
    outer loop
      vertex 37.5141 -47.5008 78.39
      vertex 36 -47.6 94.4
      vertex 37.5141 -47.5008 94.4
    endloop
  endfacet
  facet normal -0.0653773 0.997861 0
    outer loop
      vertex 36 -47.6 94.4
      vertex 37.5141 -47.5008 78.39
      vertex 36 -47.6 78.39
    endloop
  endfacet
  facet normal 0 1 0
    outer loop
      vertex 36 -47.6 63.5608
      vertex 15 -47.6 4.0554
      vertex -36 -47.6 63.5608
    endloop
  endfacet
  facet normal 0 1 -0
    outer loop
      vertex 36 -47.6 5.72205e-07
      vertex 15 -47.6 4.0554
      vertex 36 -47.6 63.5608
    endloop
  endfacet
  facet normal 0 1 0
    outer loop
      vertex 15 -47.6 2.7446
      vertex 36 -47.6 5.72205e-07
      vertex -15 -47.6 2.7446
    endloop
  endfacet
  facet normal 0 1 0
    outer loop
      vertex 15 -47.6 4.0554
      vertex 36 -47.6 5.72205e-07
      vertex 15 -47.6 2.7446
    endloop
  endfacet
  facet normal 0 1 -0
    outer loop
      vertex -15 -47.6 4.0554
      vertex -36 -47.6 63.5608
      vertex 15 -47.6 4.0554
    endloop
  endfacet
  facet normal 0 1 0
    outer loop
      vertex -36 -47.6 5.72205e-07
      vertex -15 -47.6 4.0554
      vertex -15 -47.6 2.7446
    endloop
  endfacet
  facet normal 0 1 0
    outer loop
      vertex -15 -47.6 4.0554
      vertex -36 -47.6 5.72205e-07
      vertex -36 -47.6 63.5608
    endloop
  endfacet
  facet normal 0 1 0
    outer loop
      vertex -36 -47.6 5.72205e-07
      vertex -15 -47.6 2.7446
      vertex 36 -47.6 5.72205e-07
    endloop
  endfacet
  facet normal 0 1 -0
    outer loop
      vertex 36 -47.6 78.39
      vertex -36 -47.6 94.4
      vertex 36 -47.6 94.4
    endloop
  endfacet
  facet normal 0 1 0
    outer loop
      vertex -36 -47.6 94.4
      vertex 36 -47.6 78.39
      vertex -36 -47.6 78.39
    endloop
  endfacet
  facet normal -0.751825 -0.659363 0
    outer loop
      vertex 45.2029 43.0616 5.72205e-07
      vertex 44.2024 44.2024 63.5608
      vertex 44.2024 44.2024 5.72205e-07
    endloop
  endfacet
  facet normal -0.751825 -0.659363 0
    outer loop
      vertex 44.2024 44.2024 63.5608
      vertex 45.2029 43.0616 5.72205e-07
      vertex 45.2029 43.0616 63.5608
    endloop
  endfacet
  facet normal -0.751825 -0.659363 0
    outer loop
      vertex 45.2029 43.0616 78.39
      vertex 44.2024 44.2024 94.4
      vertex 44.2024 44.2024 78.39
    endloop
  endfacet
  facet normal -0.751825 -0.659363 0
    outer loop
      vertex 44.2024 44.2024 94.4
      vertex 45.2029 43.0616 78.39
      vertex 45.2029 43.0616 94.4
    endloop
  endfacet
  facet normal 0.555582 0.831462 -0
    outer loop
      vertex -41.8 -46.0459 5.72205e-07
      vertex -43.0616 -45.2029 63.5608
      vertex -41.8 -46.0459 63.5608
    endloop
  endfacet
  facet normal 0.555582 0.831462 0
    outer loop
      vertex -43.0616 -45.2029 63.5608
      vertex -41.8 -46.0459 5.72205e-07
      vertex -43.0616 -45.2029 5.72205e-07
    endloop
  endfacet
  facet normal 0.555582 0.831462 -0
    outer loop
      vertex -41.8 -46.0459 78.39
      vertex -43.0616 -45.2029 94.4
      vertex -41.8 -46.0459 94.4
    endloop
  endfacet
  facet normal 0.555582 0.831462 0
    outer loop
      vertex -43.0616 -45.2029 94.4
      vertex -41.8 -46.0459 78.39
      vertex -43.0616 -45.2029 78.39
    endloop
  endfacet
  facet normal 0.831462 -0.555582 0
    outer loop
      vertex -46.0459 41.8 63.5608
      vertex -45.2029 43.0616 5.72205e-07
      vertex -45.2029 43.0616 63.5608
    endloop
  endfacet
  facet normal 0.831462 -0.555582 0
    outer loop
      vertex -45.2029 43.0616 5.72205e-07
      vertex -46.0459 41.8 63.5608
      vertex -46.0459 41.8 5.72205e-07
    endloop
  endfacet
  facet normal 0.831462 -0.555582 0
    outer loop
      vertex -46.0459 41.8 94.4
      vertex -45.2029 43.0616 78.39
      vertex -45.2029 43.0616 94.4
    endloop
  endfacet
  facet normal 0.831462 -0.555582 0
    outer loop
      vertex -45.2029 43.0616 78.39
      vertex -46.0459 41.8 94.4
      vertex -46.0459 41.8 78.39
    endloop
  endfacet
  facet normal 0.442277 -0.896878 0
    outer loop
      vertex -41.8 46.0459 5.72205e-07
      vertex -40.4391 46.717 63.5608
      vertex -41.8 46.0459 63.5608
    endloop
  endfacet
  facet normal 0.442277 -0.896878 0
    outer loop
      vertex -40.4391 46.717 63.5608
      vertex -41.8 46.0459 5.72205e-07
      vertex -40.4391 46.717 5.72205e-07
    endloop
  endfacet
  facet normal 0.442277 -0.896878 0
    outer loop
      vertex -41.8 46.0459 78.39
      vertex -40.4391 46.717 94.4
      vertex -41.8 46.0459 94.4
    endloop
  endfacet
  facet normal 0.442277 -0.896878 0
    outer loop
      vertex -40.4391 46.717 94.4
      vertex -41.8 46.0459 78.39
      vertex -40.4391 46.717 78.39
    endloop
  endfacet
  facet normal 0.0653773 -0.997861 0
    outer loop
      vertex -37.5141 47.5008 5.72205e-07
      vertex -36 47.6 63.5608
      vertex -37.5141 47.5008 63.5608
    endloop
  endfacet
  facet normal 0.0653773 -0.997861 0
    outer loop
      vertex -36 47.6 63.5608
      vertex -37.5141 47.5008 5.72205e-07
      vertex -36 47.6 5.72205e-07
    endloop
  endfacet
  facet normal 0.0653773 -0.997861 0
    outer loop
      vertex -37.5141 47.5008 78.39
      vertex -36 47.6 94.4
      vertex -37.5141 47.5008 94.4
    endloop
  endfacet
  facet normal 0.0653773 -0.997861 0
    outer loop
      vertex -36 47.6 94.4
      vertex -37.5141 47.5008 78.39
      vertex -36 47.6 78.39
    endloop
  endfacet
  facet normal -0.321423 -0.946936 0
    outer loop
      vertex 39.0023 47.2047 5.72205e-07
      vertex 40.4391 46.717 63.5608
      vertex 39.0023 47.2047 63.5608
    endloop
  endfacet
  facet normal -0.321423 -0.946936 -0
    outer loop
      vertex 40.4391 46.717 63.5608
      vertex 39.0023 47.2047 5.72205e-07
      vertex 40.4391 46.717 5.72205e-07
    endloop
  endfacet
  facet normal -0.321423 -0.946936 0
    outer loop
      vertex 39.0023 47.2047 78.39
      vertex 40.4391 46.717 94.4
      vertex 39.0023 47.2047 94.4
    endloop
  endfacet
  facet normal -0.321423 -0.946936 -0
    outer loop
      vertex 40.4391 46.717 94.4
      vertex 39.0023 47.2047 78.39
      vertex 40.4391 46.717 78.39
    endloop
  endfacet
  facet normal -1 0 0
    outer loop
      vertex 47.6 15 4.0554
      vertex 47.6 36 5.72205e-07
      vertex 47.6 15 2.7446
    endloop
  endfacet
  facet normal -1 0 0
    outer loop
      vertex 47.6 36 5.72205e-07
      vertex 47.6 -15 2.7446
      vertex 47.6 15 2.7446
    endloop
  endfacet
  facet normal -1 -0 0
    outer loop
      vertex 47.6 -15 2.7446
      vertex 47.6 -36 5.72205e-07
      vertex 47.6 -15 4.0554
    endloop
  endfacet
  facet normal -1 0 0
    outer loop
      vertex 47.6 -36 5.72205e-07
      vertex 47.6 -15 2.7446
      vertex 47.6 36 5.72205e-07
    endloop
  endfacet
  facet normal -1 0 0
    outer loop
      vertex 47.6 36 5.72205e-07
      vertex 47.6 15 4.0554
      vertex 47.6 36 63.5608
    endloop
  endfacet
  facet normal -1 0 0
    outer loop
      vertex 47.6 -15 4.0554
      vertex 47.6 36 63.5608
      vertex 47.6 15 4.0554
    endloop
  endfacet
  facet normal -1 0 0
    outer loop
      vertex 47.6 -36 63.5608
      vertex 47.6 -15 4.0554
      vertex 47.6 -36 5.72205e-07
    endloop
  endfacet
  facet normal -1 0 0
    outer loop
      vertex 47.6 -15 4.0554
      vertex 47.6 -36 63.5608
      vertex 47.6 36 63.5608
    endloop
  endfacet
  facet normal -1 0 0
    outer loop
      vertex 47.6 -36 78.39
      vertex 47.6 36 94.4
      vertex 47.6 36 78.39
    endloop
  endfacet
  facet normal -1 -0 0
    outer loop
      vertex 47.6 36 94.4
      vertex 47.6 -36 78.39
      vertex 47.6 -36 94.4
    endloop
  endfacet
  facet normal 0.997861 -0.0653773 0
    outer loop
      vertex -47.6 36 63.5608
      vertex -47.5008 37.5141 5.72205e-07
      vertex -47.5008 37.5141 63.5608
    endloop
  endfacet
  facet normal 0.997861 -0.0653773 0
    outer loop
      vertex -47.5008 37.5141 5.72205e-07
      vertex -47.6 36 63.5608
      vertex -47.6 36 5.72205e-07
    endloop
  endfacet
  facet normal 0.997861 -0.0653773 0
    outer loop
      vertex -47.6 36 94.4
      vertex -47.5008 37.5141 78.39
      vertex -47.5008 37.5141 94.4
    endloop
  endfacet
  facet normal 0.997861 -0.0653773 0
    outer loop
      vertex -47.5008 37.5141 78.39
      vertex -47.6 36 94.4
      vertex -47.6 36 78.39
    endloop
  endfacet
  facet normal -0.659363 -0.751825 0
    outer loop
      vertex 43.0616 45.2029 5.72205e-07
      vertex 44.2024 44.2024 63.5608
      vertex 43.0616 45.2029 63.5608
    endloop
  endfacet
  facet normal -0.659363 -0.751825 -0
    outer loop
      vertex 44.2024 44.2024 63.5608
      vertex 43.0616 45.2029 5.72205e-07
      vertex 44.2024 44.2024 5.72205e-07
    endloop
  endfacet
  facet normal -0.659363 -0.751825 0
    outer loop
      vertex 43.0616 45.2029 78.39
      vertex 44.2024 44.2024 94.4
      vertex 43.0616 45.2029 94.4
    endloop
  endfacet
  facet normal -0.659363 -0.751825 -0
    outer loop
      vertex 44.2024 44.2024 94.4
      vertex 43.0616 45.2029 78.39
      vertex 44.2024 44.2024 78.39
    endloop
  endfacet
  facet normal 0.442277 0.896878 -0
    outer loop
      vertex -40.4391 -46.717 5.72205e-07
      vertex -41.8 -46.0459 63.5608
      vertex -40.4391 -46.717 63.5608
    endloop
  endfacet
  facet normal 0.442277 0.896878 0
    outer loop
      vertex -41.8 -46.0459 63.5608
      vertex -40.4391 -46.717 5.72205e-07
      vertex -41.8 -46.0459 5.72205e-07
    endloop
  endfacet
  facet normal 0.442277 0.896878 -0
    outer loop
      vertex -40.4391 -46.717 78.39
      vertex -41.8 -46.0459 94.4
      vertex -40.4391 -46.717 94.4
    endloop
  endfacet
  facet normal 0.442277 0.896878 0
    outer loop
      vertex -41.8 -46.0459 94.4
      vertex -40.4391 -46.717 78.39
      vertex -41.8 -46.0459 78.39
    endloop
  endfacet
  facet normal -0.659363 0.751825 0
    outer loop
      vertex 44.2024 -44.2024 5.72205e-07
      vertex 43.0616 -45.2029 63.5608
      vertex 44.2024 -44.2024 63.5608
    endloop
  endfacet
  facet normal -0.659363 0.751825 0
    outer loop
      vertex 43.0616 -45.2029 63.5608
      vertex 44.2024 -44.2024 5.72205e-07
      vertex 43.0616 -45.2029 5.72205e-07
    endloop
  endfacet
  facet normal -0.659363 0.751825 0
    outer loop
      vertex 44.2024 -44.2024 78.39
      vertex 43.0616 -45.2029 94.4
      vertex 44.2024 -44.2024 94.4
    endloop
  endfacet
  facet normal -0.659363 0.751825 0
    outer loop
      vertex 43.0616 -45.2029 94.4
      vertex 44.2024 -44.2024 78.39
      vertex 43.0616 -45.2029 78.39
    endloop
  endfacet
  facet normal -0.442277 -0.896878 0
    outer loop
      vertex 40.4391 46.717 5.72205e-07
      vertex 41.8 46.0459 63.5608
      vertex 40.4391 46.717 63.5608
    endloop
  endfacet
  facet normal -0.442277 -0.896878 -0
    outer loop
      vertex 41.8 46.0459 63.5608
      vertex 40.4391 46.717 5.72205e-07
      vertex 41.8 46.0459 5.72205e-07
    endloop
  endfacet
  facet normal -0.442277 -0.896878 0
    outer loop
      vertex 40.4391 46.717 78.39
      vertex 41.8 46.0459 94.4
      vertex 40.4391 46.717 94.4
    endloop
  endfacet
  facet normal -0.442277 -0.896878 -0
    outer loop
      vertex 41.8 46.0459 94.4
      vertex 40.4391 46.717 78.39
      vertex 41.8 46.0459 78.39
    endloop
  endfacet
  facet normal -0.555582 -0.831462 0
    outer loop
      vertex 41.8 46.0459 5.72205e-07
      vertex 43.0616 45.2029 63.5608
      vertex 41.8 46.0459 63.5608
    endloop
  endfacet
  facet normal -0.555582 -0.831462 -0
    outer loop
      vertex 43.0616 45.2029 63.5608
      vertex 41.8 46.0459 5.72205e-07
      vertex 43.0616 45.2029 5.72205e-07
    endloop
  endfacet
  facet normal -0.555582 -0.831462 0
    outer loop
      vertex 41.8 46.0459 78.39
      vertex 43.0616 45.2029 94.4
      vertex 41.8 46.0459 94.4
    endloop
  endfacet
  facet normal -0.555582 -0.831462 -0
    outer loop
      vertex 43.0616 45.2029 94.4
      vertex 41.8 46.0459 78.39
      vertex 43.0616 45.2029 78.39
    endloop
  endfacet
  facet normal 0.751825 0.659363 0
    outer loop
      vertex -44.2024 -44.2024 63.5608
      vertex -45.2029 -43.0616 5.72205e-07
      vertex -45.2029 -43.0616 63.5608
    endloop
  endfacet
  facet normal 0.751825 0.659363 0
    outer loop
      vertex -45.2029 -43.0616 5.72205e-07
      vertex -44.2024 -44.2024 63.5608
      vertex -44.2024 -44.2024 5.72205e-07
    endloop
  endfacet
  facet normal 0.751825 0.659363 0
    outer loop
      vertex -44.2024 -44.2024 94.4
      vertex -45.2029 -43.0616 78.39
      vertex -45.2029 -43.0616 94.4
    endloop
  endfacet
  facet normal 0.751825 0.659363 0
    outer loop
      vertex -45.2029 -43.0616 78.39
      vertex -44.2024 -44.2024 94.4
      vertex -44.2024 -44.2024 78.39
    endloop
  endfacet
  facet normal -0.946936 -0.321423 0
    outer loop
      vertex 47.2047 39.0023 5.72205e-07
      vertex 46.717 40.4391 63.5608
      vertex 46.717 40.4391 5.72205e-07
    endloop
  endfacet
  facet normal -0.946936 -0.321423 0
    outer loop
      vertex 46.717 40.4391 63.5608
      vertex 47.2047 39.0023 5.72205e-07
      vertex 47.2047 39.0023 63.5608
    endloop
  endfacet
  facet normal -0.946936 -0.321423 0
    outer loop
      vertex 47.2047 39.0023 78.39
      vertex 46.717 40.4391 94.4
      vertex 46.717 40.4391 78.39
    endloop
  endfacet
  facet normal -0.946936 -0.321423 0
    outer loop
      vertex 46.717 40.4391 94.4
      vertex 47.2047 39.0023 78.39
      vertex 47.2047 39.0023 94.4
    endloop
  endfacet
  facet normal 0.19514 -0.980775 0
    outer loop
      vertex -39.0023 47.2047 5.72205e-07
      vertex -37.5141 47.5008 63.5608
      vertex -39.0023 47.2047 63.5608
    endloop
  endfacet
  facet normal 0.19514 -0.980775 0
    outer loop
      vertex -37.5141 47.5008 63.5608
      vertex -39.0023 47.2047 5.72205e-07
      vertex -37.5141 47.5008 5.72205e-07
    endloop
  endfacet
  facet normal 0.19514 -0.980775 0
    outer loop
      vertex -39.0023 47.2047 78.39
      vertex -37.5141 47.5008 94.4
      vertex -39.0023 47.2047 94.4
    endloop
  endfacet
  facet normal 0.19514 -0.980775 0
    outer loop
      vertex -37.5141 47.5008 94.4
      vertex -39.0023 47.2047 78.39
      vertex -37.5141 47.5008 78.39
    endloop
  endfacet
  facet normal 0 -1 0
    outer loop
      vertex -36 47.6 63.5608
      vertex -15 47.6 4.0554
      vertex 36 47.6 63.5608
    endloop
  endfacet
  facet normal 0 -1 0
    outer loop
      vertex -36 47.6 5.72205e-07
      vertex -15 47.6 4.0554
      vertex -36 47.6 63.5608
    endloop
  endfacet
  facet normal 0 -1 -0
    outer loop
      vertex -15 47.6 2.7446
      vertex -36 47.6 5.72205e-07
      vertex 15 47.6 2.7446
    endloop
  endfacet
  facet normal 0 -1 -0
    outer loop
      vertex -15 47.6 4.0554
      vertex -36 47.6 5.72205e-07
      vertex -15 47.6 2.7446
    endloop
  endfacet
  facet normal 0 -1 0
    outer loop
      vertex 15 47.6 4.0554
      vertex 36 47.6 63.5608
      vertex -15 47.6 4.0554
    endloop
  endfacet
  facet normal 0 -1 0
    outer loop
      vertex 36 47.6 5.72205e-07
      vertex 15 47.6 4.0554
      vertex 15 47.6 2.7446
    endloop
  endfacet
  facet normal 0 -1 0
    outer loop
      vertex 15 47.6 4.0554
      vertex 36 47.6 5.72205e-07
      vertex 36 47.6 63.5608
    endloop
  endfacet
  facet normal 0 -1 0
    outer loop
      vertex 36 47.6 5.72205e-07
      vertex 15 47.6 2.7446
      vertex -36 47.6 5.72205e-07
    endloop
  endfacet
  facet normal 0 -1 0
    outer loop
      vertex -36 47.6 78.39
      vertex 36 47.6 94.4
      vertex -36 47.6 94.4
    endloop
  endfacet
  facet normal 0 -1 -0
    outer loop
      vertex 36 47.6 94.4
      vertex -36 47.6 78.39
      vertex 36 47.6 78.39
    endloop
  endfacet
  facet normal 0.946936 0.321423 0
    outer loop
      vertex -46.717 -40.4391 63.5608
      vertex -47.2047 -39.0023 5.72205e-07
      vertex -47.2047 -39.0023 63.5608
    endloop
  endfacet
  facet normal 0.946936 0.321423 0
    outer loop
      vertex -47.2047 -39.0023 5.72205e-07
      vertex -46.717 -40.4391 63.5608
      vertex -46.717 -40.4391 5.72205e-07
    endloop
  endfacet
  facet normal 0.946936 0.321423 0
    outer loop
      vertex -46.717 -40.4391 94.4
      vertex -47.2047 -39.0023 78.39
      vertex -47.2047 -39.0023 94.4
    endloop
  endfacet
  facet normal 0.946936 0.321423 0
    outer loop
      vertex -47.2047 -39.0023 78.39
      vertex -46.717 -40.4391 94.4
      vertex -46.717 -40.4391 78.39
    endloop
  endfacet
  facet normal -0.997861 -0.0653773 0
    outer loop
      vertex 47.6 36 5.72205e-07
      vertex 47.5008 37.5141 63.5608
      vertex 47.5008 37.5141 5.72205e-07
    endloop
  endfacet
  facet normal -0.997861 -0.0653773 0
    outer loop
      vertex 47.5008 37.5141 63.5608
      vertex 47.6 36 5.72205e-07
      vertex 47.6 36 63.5608
    endloop
  endfacet
  facet normal -0.997861 -0.0653773 0
    outer loop
      vertex 47.6 36 78.39
      vertex 47.5008 37.5141 94.4
      vertex 47.5008 37.5141 78.39
    endloop
  endfacet
  facet normal -0.997861 -0.0653773 0
    outer loop
      vertex 47.5008 37.5141 94.4
      vertex 47.6 36 78.39
      vertex 47.6 36 94.4
    endloop
  endfacet
  facet normal 0.321423 -0.946936 0
    outer loop
      vertex -40.4391 46.717 5.72205e-07
      vertex -39.0023 47.2047 63.5608
      vertex -40.4391 46.717 63.5608
    endloop
  endfacet
  facet normal 0.321423 -0.946936 0
    outer loop
      vertex -39.0023 47.2047 63.5608
      vertex -40.4391 46.717 5.72205e-07
      vertex -39.0023 47.2047 5.72205e-07
    endloop
  endfacet
  facet normal 0.321423 -0.946936 0
    outer loop
      vertex -40.4391 46.717 78.39
      vertex -39.0023 47.2047 94.4
      vertex -40.4391 46.717 94.4
    endloop
  endfacet
  facet normal 0.321423 -0.946936 0
    outer loop
      vertex -39.0023 47.2047 94.4
      vertex -40.4391 46.717 78.39
      vertex -39.0023 47.2047 78.39
    endloop
  endfacet
  facet normal 1 0 0
    outer loop
      vertex -47.6 36 63.5608
      vertex -47.6 15 4.0554
      vertex -47.6 36 5.72205e-07
    endloop
  endfacet
  facet normal 1 0 0
    outer loop
      vertex -47.6 36 63.5608
      vertex -47.6 -15 4.0554
      vertex -47.6 15 4.0554
    endloop
  endfacet
  facet normal 1 0 0
    outer loop
      vertex -47.6 -36 5.72205e-07
      vertex -47.6 -15 4.0554
      vertex -47.6 -36 63.5608
    endloop
  endfacet
  facet normal 1 -0 0
    outer loop
      vertex -47.6 -36 63.5608
      vertex -47.6 -15 4.0554
      vertex -47.6 36 63.5608
    endloop
  endfacet
  facet normal 1 -0 0
    outer loop
      vertex -47.6 15 2.7446
      vertex -47.6 36 5.72205e-07
      vertex -47.6 15 4.0554
    endloop
  endfacet
  facet normal 1 -0 0
    outer loop
      vertex -47.6 -15 2.7446
      vertex -47.6 36 5.72205e-07
      vertex -47.6 15 2.7446
    endloop
  endfacet
  facet normal 1 0 0
    outer loop
      vertex -47.6 -15 2.7446
      vertex -47.6 -36 5.72205e-07
      vertex -47.6 36 5.72205e-07
    endloop
  endfacet
  facet normal 1 0 0
    outer loop
      vertex -47.6 -15 4.0554
      vertex -47.6 -36 5.72205e-07
      vertex -47.6 -15 2.7446
    endloop
  endfacet
  facet normal 1 -0 0
    outer loop
      vertex -47.6 -36 94.4
      vertex -47.6 36 78.39
      vertex -47.6 36 94.4
    endloop
  endfacet
  facet normal 1 0 0
    outer loop
      vertex -47.6 36 78.39
      vertex -47.6 -36 94.4
      vertex -47.6 -36 78.39
    endloop
  endfacet
  facet normal -0.980775 -0.19514 0
    outer loop
      vertex 47.5008 37.5141 5.72205e-07
      vertex 47.2047 39.0023 63.5608
      vertex 47.2047 39.0023 5.72205e-07
    endloop
  endfacet
  facet normal -0.980775 -0.19514 0
    outer loop
      vertex 47.2047 39.0023 63.5608
      vertex 47.5008 37.5141 5.72205e-07
      vertex 47.5008 37.5141 63.5608
    endloop
  endfacet
  facet normal -0.980775 -0.19514 0
    outer loop
      vertex 47.5008 37.5141 78.39
      vertex 47.2047 39.0023 94.4
      vertex 47.2047 39.0023 78.39
    endloop
  endfacet
  facet normal -0.980775 -0.19514 0
    outer loop
      vertex 47.2047 39.0023 94.4
      vertex 47.5008 37.5141 78.39
      vertex 47.5008 37.5141 94.4
    endloop
  endfacet
  facet normal 0.980775 -0.19514 0
    outer loop
      vertex -47.5008 37.5141 63.5608
      vertex -47.2047 39.0023 5.72205e-07
      vertex -47.2047 39.0023 63.5608
    endloop
  endfacet
  facet normal 0.980775 -0.19514 0
    outer loop
      vertex -47.2047 39.0023 5.72205e-07
      vertex -47.5008 37.5141 63.5608
      vertex -47.5008 37.5141 5.72205e-07
    endloop
  endfacet
  facet normal 0.980775 -0.19514 0
    outer loop
      vertex -47.5008 37.5141 94.4
      vertex -47.2047 39.0023 78.39
      vertex -47.2047 39.0023 94.4
    endloop
  endfacet
  facet normal 0.980775 -0.19514 0
    outer loop
      vertex -47.2047 39.0023 78.39
      vertex -47.5008 37.5141 94.4
      vertex -47.5008 37.5141 78.39
    endloop
  endfacet
  facet normal 0.321423 0.946936 -0
    outer loop
      vertex -39.0023 -47.2047 5.72205e-07
      vertex -40.4391 -46.717 63.5608
      vertex -39.0023 -47.2047 63.5608
    endloop
  endfacet
  facet normal 0.321423 0.946936 0
    outer loop
      vertex -40.4391 -46.717 63.5608
      vertex -39.0023 -47.2047 5.72205e-07
      vertex -40.4391 -46.717 5.72205e-07
    endloop
  endfacet
  facet normal 0.321423 0.946936 -0
    outer loop
      vertex -39.0023 -47.2047 78.39
      vertex -40.4391 -46.717 94.4
      vertex -39.0023 -47.2047 94.4
    endloop
  endfacet
  facet normal 0.321423 0.946936 0
    outer loop
      vertex -40.4391 -46.717 94.4
      vertex -39.0023 -47.2047 78.39
      vertex -40.4391 -46.717 78.39
    endloop
  endfacet
  facet normal -0.0653773 -0.997861 0
    outer loop
      vertex 36 47.6 5.72205e-07
      vertex 37.5141 47.5008 63.5608
      vertex 36 47.6 63.5608
    endloop
  endfacet
  facet normal -0.0653773 -0.997861 -0
    outer loop
      vertex 37.5141 47.5008 63.5608
      vertex 36 47.6 5.72205e-07
      vertex 37.5141 47.5008 5.72205e-07
    endloop
  endfacet
  facet normal -0.0653773 -0.997861 0
    outer loop
      vertex 36 47.6 78.39
      vertex 37.5141 47.5008 94.4
      vertex 36 47.6 94.4
    endloop
  endfacet
  facet normal -0.0653773 -0.997861 -0
    outer loop
      vertex 37.5141 47.5008 94.4
      vertex 36 47.6 78.39
      vertex 37.5141 47.5008 78.39
    endloop
  endfacet
  facet normal 0.555582 -0.831462 0
    outer loop
      vertex -43.0616 45.2029 5.72205e-07
      vertex -41.8 46.0459 63.5608
      vertex -43.0616 45.2029 63.5608
    endloop
  endfacet
  facet normal 0.555582 -0.831462 0
    outer loop
      vertex -41.8 46.0459 63.5608
      vertex -43.0616 45.2029 5.72205e-07
      vertex -41.8 46.0459 5.72205e-07
    endloop
  endfacet
  facet normal 0.555582 -0.831462 0
    outer loop
      vertex -43.0616 45.2029 78.39
      vertex -41.8 46.0459 94.4
      vertex -43.0616 45.2029 94.4
    endloop
  endfacet
  facet normal 0.555582 -0.831462 0
    outer loop
      vertex -41.8 46.0459 94.4
      vertex -43.0616 45.2029 78.39
      vertex -41.8 46.0459 78.39
    endloop
  endfacet
  facet normal -0.896878 -0.442277 0
    outer loop
      vertex 46.717 40.4391 5.72205e-07
      vertex 46.0459 41.8 63.5608
      vertex 46.0459 41.8 5.72205e-07
    endloop
  endfacet
  facet normal -0.896878 -0.442277 0
    outer loop
      vertex 46.0459 41.8 63.5608
      vertex 46.717 40.4391 5.72205e-07
      vertex 46.717 40.4391 63.5608
    endloop
  endfacet
  facet normal -0.896878 -0.442277 0
    outer loop
      vertex 46.717 40.4391 78.39
      vertex 46.0459 41.8 94.4
      vertex 46.0459 41.8 78.39
    endloop
  endfacet
  facet normal -0.896878 -0.442277 0
    outer loop
      vertex 46.0459 41.8 94.4
      vertex 46.717 40.4391 78.39
      vertex 46.717 40.4391 94.4
    endloop
  endfacet
  facet normal -0.980775 0.19514 0
    outer loop
      vertex 47.2047 -39.0023 5.72205e-07
      vertex 47.5008 -37.5141 63.5608
      vertex 47.5008 -37.5141 5.72205e-07
    endloop
  endfacet
  facet normal -0.980775 0.19514 0
    outer loop
      vertex 47.5008 -37.5141 63.5608
      vertex 47.2047 -39.0023 5.72205e-07
      vertex 47.2047 -39.0023 63.5608
    endloop
  endfacet
  facet normal -0.980775 0.19514 0
    outer loop
      vertex 47.2047 -39.0023 78.39
      vertex 47.5008 -37.5141 94.4
      vertex 47.5008 -37.5141 78.39
    endloop
  endfacet
  facet normal -0.980775 0.19514 0
    outer loop
      vertex 47.5008 -37.5141 94.4
      vertex 47.2047 -39.0023 78.39
      vertex 47.2047 -39.0023 94.4
    endloop
  endfacet
  facet normal -0.831462 -0.555582 0
    outer loop
      vertex 46.0459 41.8 5.72205e-07
      vertex 45.2029 43.0616 63.5608
      vertex 45.2029 43.0616 5.72205e-07
    endloop
  endfacet
  facet normal -0.831462 -0.555582 0
    outer loop
      vertex 45.2029 43.0616 63.5608
      vertex 46.0459 41.8 5.72205e-07
      vertex 46.0459 41.8 63.5608
    endloop
  endfacet
  facet normal -0.831462 -0.555582 0
    outer loop
      vertex 46.0459 41.8 78.39
      vertex 45.2029 43.0616 94.4
      vertex 45.2029 43.0616 78.39
    endloop
  endfacet
  facet normal -0.831462 -0.555582 0
    outer loop
      vertex 45.2029 43.0616 94.4
      vertex 46.0459 41.8 78.39
      vertex 46.0459 41.8 94.4
    endloop
  endfacet
  facet normal 0.751825 -0.659363 0
    outer loop
      vertex -45.2029 43.0616 63.5608
      vertex -44.2024 44.2024 5.72205e-07
      vertex -44.2024 44.2024 63.5608
    endloop
  endfacet
  facet normal 0.751825 -0.659363 0
    outer loop
      vertex -44.2024 44.2024 5.72205e-07
      vertex -45.2029 43.0616 63.5608
      vertex -45.2029 43.0616 5.72205e-07
    endloop
  endfacet
  facet normal 0.751825 -0.659363 0
    outer loop
      vertex -45.2029 43.0616 94.4
      vertex -44.2024 44.2024 78.39
      vertex -44.2024 44.2024 94.4
    endloop
  endfacet
  facet normal 0.751825 -0.659363 0
    outer loop
      vertex -44.2024 44.2024 78.39
      vertex -45.2029 43.0616 94.4
      vertex -45.2029 43.0616 78.39
    endloop
  endfacet
  facet normal 0.659363 0.751825 -0
    outer loop
      vertex -43.0616 -45.2029 5.72205e-07
      vertex -44.2024 -44.2024 63.5608
      vertex -43.0616 -45.2029 63.5608
    endloop
  endfacet
  facet normal 0.659363 0.751825 0
    outer loop
      vertex -44.2024 -44.2024 63.5608
      vertex -43.0616 -45.2029 5.72205e-07
      vertex -44.2024 -44.2024 5.72205e-07
    endloop
  endfacet
  facet normal 0.659363 0.751825 -0
    outer loop
      vertex -43.0616 -45.2029 78.39
      vertex -44.2024 -44.2024 94.4
      vertex -43.0616 -45.2029 94.4
    endloop
  endfacet
  facet normal 0.659363 0.751825 0
    outer loop
      vertex -44.2024 -44.2024 94.4
      vertex -43.0616 -45.2029 78.39
      vertex -44.2024 -44.2024 78.39
    endloop
  endfacet
  facet normal 0.980775 0.19514 0
    outer loop
      vertex -47.2047 -39.0023 63.5608
      vertex -47.5008 -37.5141 5.72205e-07
      vertex -47.5008 -37.5141 63.5608
    endloop
  endfacet
  facet normal 0.980775 0.19514 0
    outer loop
      vertex -47.5008 -37.5141 5.72205e-07
      vertex -47.2047 -39.0023 63.5608
      vertex -47.2047 -39.0023 5.72205e-07
    endloop
  endfacet
  facet normal 0.980775 0.19514 0
    outer loop
      vertex -47.2047 -39.0023 94.4
      vertex -47.5008 -37.5141 78.39
      vertex -47.5008 -37.5141 94.4
    endloop
  endfacet
  facet normal 0.980775 0.19514 0
    outer loop
      vertex -47.5008 -37.5141 78.39
      vertex -47.2047 -39.0023 94.4
      vertex -47.2047 -39.0023 78.39
    endloop
  endfacet
  facet normal 0.997861 0.0653773 0
    outer loop
      vertex -47.5008 -37.5141 63.5608
      vertex -47.6 -36 5.72205e-07
      vertex -47.6 -36 63.5608
    endloop
  endfacet
  facet normal 0.997861 0.0653773 0
    outer loop
      vertex -47.6 -36 5.72205e-07
      vertex -47.5008 -37.5141 63.5608
      vertex -47.5008 -37.5141 5.72205e-07
    endloop
  endfacet
  facet normal 0.997861 0.0653773 0
    outer loop
      vertex -47.5008 -37.5141 94.4
      vertex -47.6 -36 78.39
      vertex -47.6 -36 94.4
    endloop
  endfacet
  facet normal 0.997861 0.0653773 0
    outer loop
      vertex -47.6 -36 78.39
      vertex -47.5008 -37.5141 94.4
      vertex -47.5008 -37.5141 78.39
    endloop
  endfacet
  facet normal 0.896878 -0.442277 0
    outer loop
      vertex -46.717 40.4391 63.5608
      vertex -46.0459 41.8 5.72205e-07
      vertex -46.0459 41.8 63.5608
    endloop
  endfacet
  facet normal 0.896878 -0.442277 0
    outer loop
      vertex -46.0459 41.8 5.72205e-07
      vertex -46.717 40.4391 63.5608
      vertex -46.717 40.4391 5.72205e-07
    endloop
  endfacet
  facet normal 0.896878 -0.442277 0
    outer loop
      vertex -46.717 40.4391 94.4
      vertex -46.0459 41.8 78.39
      vertex -46.0459 41.8 94.4
    endloop
  endfacet
  facet normal 0.896878 -0.442277 0
    outer loop
      vertex -46.0459 41.8 78.39
      vertex -46.717 40.4391 94.4
      vertex -46.717 40.4391 78.39
    endloop
  endfacet
  facet normal -0.946936 0.321423 0
    outer loop
      vertex 46.717 -40.4391 5.72205e-07
      vertex 47.2047 -39.0023 63.5608
      vertex 47.2047 -39.0023 5.72205e-07
    endloop
  endfacet
  facet normal -0.946936 0.321423 0
    outer loop
      vertex 47.2047 -39.0023 63.5608
      vertex 46.717 -40.4391 5.72205e-07
      vertex 46.717 -40.4391 63.5608
    endloop
  endfacet
  facet normal -0.946936 0.321423 0
    outer loop
      vertex 46.717 -40.4391 78.39
      vertex 47.2047 -39.0023 94.4
      vertex 47.2047 -39.0023 78.39
    endloop
  endfacet
  facet normal -0.946936 0.321423 0
    outer loop
      vertex 47.2047 -39.0023 94.4
      vertex 46.717 -40.4391 78.39
      vertex 46.717 -40.4391 94.4
    endloop
  endfacet
  facet normal -0.442277 0.896878 0
    outer loop
      vertex 41.8 -46.0459 5.72205e-07
      vertex 40.4391 -46.717 63.5608
      vertex 41.8 -46.0459 63.5608
    endloop
  endfacet
  facet normal -0.442277 0.896878 0
    outer loop
      vertex 40.4391 -46.717 63.5608
      vertex 41.8 -46.0459 5.72205e-07
      vertex 40.4391 -46.717 5.72205e-07
    endloop
  endfacet
  facet normal -0.442277 0.896878 0
    outer loop
      vertex 41.8 -46.0459 78.39
      vertex 40.4391 -46.717 94.4
      vertex 41.8 -46.0459 94.4
    endloop
  endfacet
  facet normal -0.442277 0.896878 0
    outer loop
      vertex 40.4391 -46.717 94.4
      vertex 41.8 -46.0459 78.39
      vertex 40.4391 -46.717 78.39
    endloop
  endfacet
  facet normal -0.751825 0.659363 0
    outer loop
      vertex 44.2024 -44.2024 5.72205e-07
      vertex 45.2029 -43.0616 63.5608
      vertex 45.2029 -43.0616 5.72205e-07
    endloop
  endfacet
  facet normal -0.751825 0.659363 0
    outer loop
      vertex 45.2029 -43.0616 63.5608
      vertex 44.2024 -44.2024 5.72205e-07
      vertex 44.2024 -44.2024 63.5608
    endloop
  endfacet
  facet normal -0.751825 0.659363 0
    outer loop
      vertex 44.2024 -44.2024 78.39
      vertex 45.2029 -43.0616 94.4
      vertex 45.2029 -43.0616 78.39
    endloop
  endfacet
  facet normal -0.751825 0.659363 0
    outer loop
      vertex 45.2029 -43.0616 94.4
      vertex 44.2024 -44.2024 78.39
      vertex 44.2024 -44.2024 94.4
    endloop
  endfacet
  facet normal 0.0653773 0.997861 -0
    outer loop
      vertex -36 -47.6 5.72205e-07
      vertex -37.5141 -47.5008 63.5608
      vertex -36 -47.6 63.5608
    endloop
  endfacet
  facet normal 0.0653773 0.997861 0
    outer loop
      vertex -37.5141 -47.5008 63.5608
      vertex -36 -47.6 5.72205e-07
      vertex -37.5141 -47.5008 5.72205e-07
    endloop
  endfacet
  facet normal 0.0653773 0.997861 -0
    outer loop
      vertex -36 -47.6 78.39
      vertex -37.5141 -47.5008 94.4
      vertex -36 -47.6 94.4
    endloop
  endfacet
  facet normal 0.0653773 0.997861 0
    outer loop
      vertex -37.5141 -47.5008 94.4
      vertex -36 -47.6 78.39
      vertex -37.5141 -47.5008 78.39
    endloop
  endfacet
  facet normal 0.831462 0.555582 0
    outer loop
      vertex -45.2029 -43.0616 63.5608
      vertex -46.0459 -41.8 5.72205e-07
      vertex -46.0459 -41.8 63.5608
    endloop
  endfacet
  facet normal 0.831462 0.555582 0
    outer loop
      vertex -46.0459 -41.8 5.72205e-07
      vertex -45.2029 -43.0616 63.5608
      vertex -45.2029 -43.0616 5.72205e-07
    endloop
  endfacet
  facet normal 0.831462 0.555582 0
    outer loop
      vertex -45.2029 -43.0616 94.4
      vertex -46.0459 -41.8 78.39
      vertex -46.0459 -41.8 94.4
    endloop
  endfacet
  facet normal 0.831462 0.555582 0
    outer loop
      vertex -46.0459 -41.8 78.39
      vertex -45.2029 -43.0616 94.4
      vertex -45.2029 -43.0616 78.39
    endloop
  endfacet
  facet normal -0.19514 -0.980775 0
    outer loop
      vertex 37.5141 47.5008 5.72205e-07
      vertex 39.0023 47.2047 63.5608
      vertex 37.5141 47.5008 63.5608
    endloop
  endfacet
  facet normal -0.19514 -0.980775 -0
    outer loop
      vertex 39.0023 47.2047 63.5608
      vertex 37.5141 47.5008 5.72205e-07
      vertex 39.0023 47.2047 5.72205e-07
    endloop
  endfacet
  facet normal -0.19514 -0.980775 0
    outer loop
      vertex 37.5141 47.5008 78.39
      vertex 39.0023 47.2047 94.4
      vertex 37.5141 47.5008 94.4
    endloop
  endfacet
  facet normal -0.19514 -0.980775 -0
    outer loop
      vertex 39.0023 47.2047 94.4
      vertex 37.5141 47.5008 78.39
      vertex 39.0023 47.2047 78.39
    endloop
  endfacet
  facet normal -0.896878 0.442277 0
    outer loop
      vertex 46.0459 -41.8 5.72205e-07
      vertex 46.717 -40.4391 63.5608
      vertex 46.717 -40.4391 5.72205e-07
    endloop
  endfacet
  facet normal -0.896878 0.442277 0
    outer loop
      vertex 46.717 -40.4391 63.5608
      vertex 46.0459 -41.8 5.72205e-07
      vertex 46.0459 -41.8 63.5608
    endloop
  endfacet
  facet normal -0.896878 0.442277 0
    outer loop
      vertex 46.0459 -41.8 78.39
      vertex 46.717 -40.4391 94.4
      vertex 46.717 -40.4391 78.39
    endloop
  endfacet
  facet normal -0.896878 0.442277 0
    outer loop
      vertex 46.717 -40.4391 94.4
      vertex 46.0459 -41.8 78.39
      vertex 46.0459 -41.8 94.4
    endloop
  endfacet
  facet normal 0.896878 0.442277 0
    outer loop
      vertex -46.0459 -41.8 63.5608
      vertex -46.717 -40.4391 5.72205e-07
      vertex -46.717 -40.4391 63.5608
    endloop
  endfacet
  facet normal 0.896878 0.442277 0
    outer loop
      vertex -46.717 -40.4391 5.72205e-07
      vertex -46.0459 -41.8 63.5608
      vertex -46.0459 -41.8 5.72205e-07
    endloop
  endfacet
  facet normal 0.896878 0.442277 0
    outer loop
      vertex -46.0459 -41.8 94.4
      vertex -46.717 -40.4391 78.39
      vertex -46.717 -40.4391 94.4
    endloop
  endfacet
  facet normal 0.896878 0.442277 0
    outer loop
      vertex -46.717 -40.4391 78.39
      vertex -46.0459 -41.8 94.4
      vertex -46.0459 -41.8 78.39
    endloop
  endfacet
  facet normal 0.946936 -0.321423 0
    outer loop
      vertex -47.2047 39.0023 63.5608
      vertex -46.717 40.4391 5.72205e-07
      vertex -46.717 40.4391 63.5608
    endloop
  endfacet
  facet normal 0.946936 -0.321423 0
    outer loop
      vertex -46.717 40.4391 5.72205e-07
      vertex -47.2047 39.0023 63.5608
      vertex -47.2047 39.0023 5.72205e-07
    endloop
  endfacet
  facet normal 0.946936 -0.321423 0
    outer loop
      vertex -47.2047 39.0023 94.4
      vertex -46.717 40.4391 78.39
      vertex -46.717 40.4391 94.4
    endloop
  endfacet
  facet normal 0.946936 -0.321423 0
    outer loop
      vertex -46.717 40.4391 78.39
      vertex -47.2047 39.0023 94.4
      vertex -47.2047 39.0023 78.39
    endloop
  endfacet
  facet normal -0.997861 0.0653773 0
    outer loop
      vertex 47.5008 -37.5141 5.72205e-07
      vertex 47.6 -36 63.5608
      vertex 47.6 -36 5.72205e-07
    endloop
  endfacet
  facet normal -0.997861 0.0653773 0
    outer loop
      vertex 47.6 -36 63.5608
      vertex 47.5008 -37.5141 5.72205e-07
      vertex 47.5008 -37.5141 63.5608
    endloop
  endfacet
  facet normal -0.997861 0.0653773 0
    outer loop
      vertex 47.5008 -37.5141 78.39
      vertex 47.6 -36 94.4
      vertex 47.6 -36 78.39
    endloop
  endfacet
  facet normal -0.997861 0.0653773 0
    outer loop
      vertex 47.6 -36 94.4
      vertex 47.5008 -37.5141 78.39
      vertex 47.5008 -37.5141 94.4
    endloop
  endfacet
  facet normal -0.831462 0.555582 0
    outer loop
      vertex 45.2029 -43.0616 5.72205e-07
      vertex 46.0459 -41.8 63.5608
      vertex 46.0459 -41.8 5.72205e-07
    endloop
  endfacet
  facet normal -0.831462 0.555582 0
    outer loop
      vertex 46.0459 -41.8 63.5608
      vertex 45.2029 -43.0616 5.72205e-07
      vertex 45.2029 -43.0616 63.5608
    endloop
  endfacet
  facet normal -0.831462 0.555582 0
    outer loop
      vertex 45.2029 -43.0616 78.39
      vertex 46.0459 -41.8 94.4
      vertex 46.0459 -41.8 78.39
    endloop
  endfacet
  facet normal -0.831462 0.555582 0
    outer loop
      vertex 46.0459 -41.8 94.4
      vertex 45.2029 -43.0616 78.39
      vertex 45.2029 -43.0616 94.4
    endloop
  endfacet
  facet normal -0.555582 0.831462 0
    outer loop
      vertex 43.0616 -45.2029 5.72205e-07
      vertex 41.8 -46.0459 63.5608
      vertex 43.0616 -45.2029 63.5608
    endloop
  endfacet
  facet normal -0.555582 0.831462 0
    outer loop
      vertex 41.8 -46.0459 63.5608
      vertex 43.0616 -45.2029 5.72205e-07
      vertex 41.8 -46.0459 5.72205e-07
    endloop
  endfacet
  facet normal -0.555582 0.831462 0
    outer loop
      vertex 43.0616 -45.2029 78.39
      vertex 41.8 -46.0459 94.4
      vertex 43.0616 -45.2029 94.4
    endloop
  endfacet
  facet normal -0.555582 0.831462 0
    outer loop
      vertex 41.8 -46.0459 94.4
      vertex 43.0616 -45.2029 78.39
      vertex 41.8 -46.0459 78.39
    endloop
  endfacet
  facet normal -0.141452 0.710939 0.688881
    outer loop
      vertex 37.1734 -40.3792 70.9704
      vertex 37.5141 -47.5008 78.39
      vertex 39.0023 -47.2047 78.39
    endloop
  endfacet
  facet normal -0.14217 0.710849 0.688826
    outer loop
      vertex 37.5141 -47.5008 78.39
      vertex 37.1734 -40.3792 70.9704
      vertex 37.1724 -40.3794 70.9704
    endloop
  endfacet
  facet normal 0.710939 -0.141452 0.688881
    outer loop
      vertex -47.5008 37.5141 78.39
      vertex -40.3792 37.1734 70.9704
      vertex -47.2047 39.0023 78.39
    endloop
  endfacet
  facet normal 0.710849 -0.14217 0.688826
    outer loop
      vertex -40.3792 37.1734 70.9704
      vertex -47.5008 37.5141 78.39
      vertex -40.3794 37.1724 70.9704
    endloop
  endfacet
  facet normal -0.602707 0.402728 0.688879
    outer loop
      vertex 39.5974 -38.7591 70.9704
      vertex 45.2029 -43.0616 78.39
      vertex 46.0459 -41.8 78.39
    endloop
  endfacet
  facet normal -0.579325 0.434494 0.689635
    outer loop
      vertex 45.2029 -43.0616 78.39
      vertex 39.5974 -38.7591 70.9704
      vertex 39.5968 -38.7599 70.9704
    endloop
  endfacet
  facet normal 0.723324 -0.0473889 0.688881
    outer loop
      vertex -40.5337 36 70.9704
      vertex -40.495 36.5907 70.9704
      vertex -47.6 36 78.39
    endloop
  endfacet
  facet normal 0.724137 -0 0.689656
    outer loop
      vertex -47.6 -36 78.39
      vertex -40.5337 36 70.9704
      vertex -47.6 36 78.39
    endloop
  endfacet
  facet normal 0.724137 0 0.689656
    outer loop
      vertex -40.5337 36 70.9704
      vertex -47.6 -36 78.39
      vertex -40.5337 -36 70.9704
    endloop
  endfacet
  facet normal -0.544955 -0.477983 0.68888
    outer loop
      vertex 39.5962 38.7607 70.9704
      vertex 44.2024 44.2024 78.39
      vertex 39.2058 39.2058 70.9704
    endloop
  endfacet
  facet normal 0.579325 -0.434494 0.689635
    outer loop
      vertex -45.2029 43.0616 78.39
      vertex -39.5974 38.7591 70.9704
      vertex -39.5968 38.7599 70.9704
    endloop
  endfacet
  facet normal 0.602707 -0.402728 0.688879
    outer loop
      vertex -39.5974 38.7591 70.9704
      vertex -45.2029 43.0616 78.39
      vertex -46.0459 41.8 78.39
    endloop
  endfacet
  facet normal 0.233006 -0.686406 0.688879
    outer loop
      vertex -37.735 40.1886 70.9704
      vertex -37.1744 40.3789 70.9704
      vertex -40.4391 46.717 78.39
    endloop
  endfacet
  facet normal -0.320595 -0.650124 0.688882
    outer loop
      vertex 40.4391 46.717 78.39
      vertex 37.7359 40.1881 70.9704
      vertex 41.8 46.0459 78.39
    endloop
  endfacet
  facet normal -0.352768 -0.634982 0.687279
    outer loop
      vertex 37.7359 40.1881 70.9704
      vertex 40.4391 46.717 78.39
      vertex 37.735 40.1886 70.9704
    endloop
  endfacet
  facet normal 0.208123 0.693744 0.689496
    outer loop
      vertex -37.1744 -40.3789 70.9704
      vertex -39.0023 -47.2047 78.39
      vertex -37.1734 -40.3792 70.9704
    endloop
  endfacet
  facet normal 0.232992 0.686412 0.688878
    outer loop
      vertex -39.0023 -47.2047 78.39
      vertex -37.1744 -40.3789 70.9704
      vertex -40.4391 -46.717 78.39
    endloop
  endfacet
  facet normal 0.477983 -0.544955 0.68888
    outer loop
      vertex -39.2058 39.2058 70.9704
      vertex -38.7607 39.5962 70.9704
      vertex -44.2024 44.2024 78.39
    endloop
  endfacet
  facet normal 0.686406 0.233006 0.688879
    outer loop
      vertex -40.1886 -37.735 70.9704
      vertex -40.3789 -37.1744 70.9704
      vertex -46.717 -40.4391 78.39
    endloop
  endfacet
  facet normal 0.0473902 -0.723322 0.688882
    outer loop
      vertex -36.5918 40.4949 70.9704
      vertex -36 47.6 78.39
      vertex -37.5141 47.5008 78.39
    endloop
  endfacet
  facet normal 0.0657545 -0.7233 0.687396
    outer loop
      vertex -36 47.6 78.39
      vertex -36.5918 40.4949 70.9704
      vertex -36.5907 40.495 70.9704
    endloop
  endfacet
  facet normal -0.650125 0.320593 0.688881
    outer loop
      vertex 46.0459 -41.8 78.39
      vertex 40.1881 -37.7359 70.9704
      vertex 39.9263 -38.2668 70.9704
    endloop
  endfacet
  facet normal 0.7233 0.0657545 0.687396
    outer loop
      vertex -47.6 -36 78.39
      vertex -40.4949 -36.5918 70.9704
      vertex -40.495 -36.5907 70.9704
    endloop
  endfacet
  facet normal 0.723322 0.0473902 0.688882
    outer loop
      vertex -40.4949 -36.5918 70.9704
      vertex -47.6 -36 78.39
      vertex -47.5008 -37.5141 78.39
    endloop
  endfacet
  facet normal 0.686412 -0.232992 0.688878
    outer loop
      vertex -47.2047 39.0023 78.39
      vertex -40.3789 37.1744 70.9704
      vertex -46.717 40.4391 78.39
    endloop
  endfacet
  facet normal 0.693744 -0.208123 0.689496
    outer loop
      vertex -40.3789 37.1744 70.9704
      vertex -47.2047 39.0023 78.39
      vertex -40.3792 37.1734 70.9704
    endloop
  endfacet
  facet normal -0.650124 -0.320595 0.688882
    outer loop
      vertex 40.1881 37.7359 70.9704
      vertex 46.717 40.4391 78.39
      vertex 46.0459 41.8 78.39
    endloop
  endfacet
  facet normal -0.634982 -0.352768 0.687279
    outer loop
      vertex 46.717 40.4391 78.39
      vertex 40.1881 37.7359 70.9704
      vertex 40.1886 37.735 70.9704
    endloop
  endfacet
  facet normal 0 -0.724137 0.689656
    outer loop
      vertex -36 40.5337 70.9704
      vertex 36 47.6 78.39
      vertex -36 47.6 78.39
    endloop
  endfacet
  facet normal 0 -0.724137 0.689656
    outer loop
      vertex 36 47.6 78.39
      vertex -36 40.5337 70.9704
      vertex 36 40.5337 70.9704
    endloop
  endfacet
  facet normal 0.544981 -0.477957 0.688877
    outer loop
      vertex -45.2029 43.0616 78.39
      vertex -39.5962 38.7607 70.9704
      vertex -44.2024 44.2024 78.39
    endloop
  endfacet
  facet normal 0.579325 -0.434494 0.689635
    outer loop
      vertex -39.5962 38.7607 70.9704
      vertex -45.2029 43.0616 78.39
      vertex -39.5968 38.7599 70.9704
    endloop
  endfacet
  facet normal -0.602734 0.40268 0.688884
    outer loop
      vertex 46.0459 -41.8 78.39
      vertex 39.9263 -38.2668 70.9704
      vertex 39.5974 -38.7591 70.9704
    endloop
  endfacet
  facet normal 0.710942 0.141429 0.688882
    outer loop
      vertex -40.3794 -37.1724 70.9704
      vertex -40.4949 -36.5918 70.9704
      vertex -47.5008 -37.5141 78.39
    endloop
  endfacet
  facet normal 0.602734 -0.40268 0.688884
    outer loop
      vertex -39.9263 38.2668 70.9704
      vertex -39.5974 38.7591 70.9704
      vertex -46.0459 41.8 78.39
    endloop
  endfacet
  facet normal -0.544955 0.477983 0.68888
    outer loop
      vertex 44.2024 -44.2024 78.39
      vertex 39.5962 -38.7607 70.9704
      vertex 39.2058 -39.2058 70.9704
    endloop
  endfacet
  facet normal -0.141429 0.710942 0.688882
    outer loop
      vertex 37.5141 -47.5008 78.39
      vertex 37.1724 -40.3794 70.9704
      vertex 36.5918 -40.4949 70.9704
    endloop
  endfacet
  facet normal -0.7233 -0.0657545 0.687396
    outer loop
      vertex 47.6 36 78.39
      vertex 40.4949 36.5918 70.9704
      vertex 40.495 36.5907 70.9704
    endloop
  endfacet
  facet normal -0.723322 -0.0473902 0.688882
    outer loop
      vertex 40.4949 36.5918 70.9704
      vertex 47.6 36 78.39
      vertex 47.5008 37.5141 78.39
    endloop
  endfacet
  facet normal 0.40268 0.602734 0.688884
    outer loop
      vertex -38.2668 -39.9263 70.9704
      vertex -38.7591 -39.5974 70.9704
      vertex -41.8 -46.0459 78.39
    endloop
  endfacet
  facet normal -0.7233 0.0657545 0.687396
    outer loop
      vertex 40.4949 -36.5918 70.9704
      vertex 47.6 -36 78.39
      vertex 40.495 -36.5907 70.9704
    endloop
  endfacet
  facet normal -0.723322 0.0473902 0.688882
    outer loop
      vertex 47.6 -36 78.39
      vertex 40.4949 -36.5918 70.9704
      vertex 47.5008 -37.5141 78.39
    endloop
  endfacet
  facet normal 0.686406 -0.233006 0.688879
    outer loop
      vertex -40.3789 37.1744 70.9704
      vertex -40.1886 37.735 70.9704
      vertex -46.717 40.4391 78.39
    endloop
  endfacet
  facet normal -0.477957 -0.544981 0.688877
    outer loop
      vertex 43.0616 45.2029 78.39
      vertex 38.7607 39.5962 70.9704
      vertex 44.2024 44.2024 78.39
    endloop
  endfacet
  facet normal -0.434494 -0.579325 0.689635
    outer loop
      vertex 38.7607 39.5962 70.9704
      vertex 43.0616 45.2029 78.39
      vertex 38.7599 39.5968 70.9704
    endloop
  endfacet
  facet normal -0.0473889 -0.723324 0.688881
    outer loop
      vertex 36 40.5337 70.9704
      vertex 36.5907 40.495 70.9704
      vertex 36 47.6 78.39
    endloop
  endfacet
  facet normal 0.634982 0.352768 0.687279
    outer loop
      vertex -46.717 -40.4391 78.39
      vertex -40.1881 -37.7359 70.9704
      vertex -40.1886 -37.735 70.9704
    endloop
  endfacet
  facet normal 0.650124 0.320595 0.688882
    outer loop
      vertex -40.1881 -37.7359 70.9704
      vertex -46.717 -40.4391 78.39
      vertex -46.0459 -41.8 78.39
    endloop
  endfacet
  facet normal 0.141429 -0.710942 0.688882
    outer loop
      vertex -37.1724 40.3794 70.9704
      vertex -36.5918 40.4949 70.9704
      vertex -37.5141 47.5008 78.39
    endloop
  endfacet
  facet normal -0.724137 0 0.689656
    outer loop
      vertex 40.5337 -36 70.9704
      vertex 47.6 36 78.39
      vertex 40.5337 36 70.9704
    endloop
  endfacet
  facet normal -0.724137 0 0.689656
    outer loop
      vertex 47.6 36 78.39
      vertex 40.5337 -36 70.9704
      vertex 47.6 -36 78.39
    endloop
  endfacet
  facet normal 0.710942 -0.141429 0.688882
    outer loop
      vertex -40.4949 36.5918 70.9704
      vertex -40.3794 37.1724 70.9704
      vertex -47.5008 37.5141 78.39
    endloop
  endfacet
  facet normal -0.232992 -0.686412 0.688878
    outer loop
      vertex 39.0023 47.2047 78.39
      vertex 37.1744 40.3789 70.9704
      vertex 40.4391 46.717 78.39
    endloop
  endfacet
  facet normal -0.208123 -0.693744 0.689496
    outer loop
      vertex 37.1744 40.3789 70.9704
      vertex 39.0023 47.2047 78.39
      vertex 37.1734 40.3792 70.9704
    endloop
  endfacet
  facet normal 0.352768 0.634982 0.687279
    outer loop
      vertex -37.7359 -40.1881 70.9704
      vertex -40.4391 -46.717 78.39
      vertex -37.735 -40.1886 70.9704
    endloop
  endfacet
  facet normal 0.320595 0.650124 0.688882
    outer loop
      vertex -40.4391 -46.717 78.39
      vertex -37.7359 -40.1881 70.9704
      vertex -41.8 -46.0459 78.39
    endloop
  endfacet
  facet normal -0.686406 0.233006 0.688879
    outer loop
      vertex 46.717 -40.4391 78.39
      vertex 40.3789 -37.1744 70.9704
      vertex 40.1886 -37.735 70.9704
    endloop
  endfacet
  facet normal 0 0.724137 0.689656
    outer loop
      vertex 36 -40.5337 70.9704
      vertex -36 -47.6 78.39
      vertex 36 -47.6 78.39
    endloop
  endfacet
  facet normal 0 0.724137 0.689656
    outer loop
      vertex -36 -47.6 78.39
      vertex 36 -40.5337 70.9704
      vertex -36 -40.5337 70.9704
    endloop
  endfacet
  facet normal -0.0473889 0.723324 0.688881
    outer loop
      vertex 36.5907 -40.495 70.9704
      vertex 36 -40.5337 70.9704
      vertex 36 -47.6 78.39
    endloop
  endfacet
  facet normal -0.0473902 0.723322 0.688882
    outer loop
      vertex 36.5918 -40.4949 70.9704
      vertex 36 -47.6 78.39
      vertex 37.5141 -47.5008 78.39
    endloop
  endfacet
  facet normal -0.0657545 0.7233 0.687396
    outer loop
      vertex 36 -47.6 78.39
      vertex 36.5918 -40.4949 70.9704
      vertex 36.5907 -40.495 70.9704
    endloop
  endfacet
  facet normal -0.710942 -0.141429 0.688882
    outer loop
      vertex 40.4949 36.5918 70.9704
      vertex 47.5008 37.5141 78.39
      vertex 40.3794 37.1724 70.9704
    endloop
  endfacet
  facet normal 0.544955 0.477983 0.68888
    outer loop
      vertex -39.2058 -39.2058 70.9704
      vertex -39.5962 -38.7607 70.9704
      vertex -44.2024 -44.2024 78.39
    endloop
  endfacet
  facet normal 0.723322 -0.0473902 0.688882
    outer loop
      vertex -47.6 36 78.39
      vertex -40.4949 36.5918 70.9704
      vertex -47.5008 37.5141 78.39
    endloop
  endfacet
  facet normal 0.7233 -0.0657545 0.687396
    outer loop
      vertex -40.4949 36.5918 70.9704
      vertex -47.6 36 78.39
      vertex -40.495 36.5907 70.9704
    endloop
  endfacet
  facet normal -0.477983 -0.544955 0.68888
    outer loop
      vertex 39.2058 39.2058 70.9704
      vertex 44.2024 44.2024 78.39
      vertex 38.7607 39.5962 70.9704
    endloop
  endfacet
  facet normal -0.0657545 -0.7233 0.687396
    outer loop
      vertex 36.5918 40.4949 70.9704
      vertex 36 47.6 78.39
      vertex 36.5907 40.495 70.9704
    endloop
  endfacet
  facet normal -0.0473902 -0.723322 0.688882
    outer loop
      vertex 36 47.6 78.39
      vertex 36.5918 40.4949 70.9704
      vertex 37.5141 47.5008 78.39
    endloop
  endfacet
  facet normal -0.40268 0.602734 0.688884
    outer loop
      vertex 41.8 -46.0459 78.39
      vertex 38.7591 -39.5974 70.9704
      vertex 38.2668 -39.9263 70.9704
    endloop
  endfacet
  facet normal 0.233006 0.686406 0.688879
    outer loop
      vertex -37.1744 -40.3789 70.9704
      vertex -37.735 -40.1886 70.9704
      vertex -40.4391 -46.717 78.39
    endloop
  endfacet
  facet normal -0.723324 -0.0473889 0.688881
    outer loop
      vertex 40.5337 36 70.9704
      vertex 47.6 36 78.39
      vertex 40.495 36.5907 70.9704
    endloop
  endfacet
  facet normal 0.40268 -0.602734 0.688884
    outer loop
      vertex -38.7591 39.5974 70.9704
      vertex -38.2668 39.9263 70.9704
      vertex -41.8 46.0459 78.39
    endloop
  endfacet
  facet normal -0.602734 -0.40268 0.688884
    outer loop
      vertex 39.9263 38.2668 70.9704
      vertex 46.0459 41.8 78.39
      vertex 39.5974 38.7591 70.9704
    endloop
  endfacet
  facet normal -0.141429 -0.710942 0.688882
    outer loop
      vertex 37.1724 40.3794 70.9704
      vertex 37.5141 47.5008 78.39
      vertex 36.5918 40.4949 70.9704
    endloop
  endfacet
  facet normal 0.320593 0.650125 0.688881
    outer loop
      vertex -37.7359 -40.1881 70.9704
      vertex -38.2668 -39.9263 70.9704
      vertex -41.8 -46.0459 78.39
    endloop
  endfacet
  facet normal -0.579325 0.434494 0.689635
    outer loop
      vertex 39.5962 -38.7607 70.9704
      vertex 45.2029 -43.0616 78.39
      vertex 39.5968 -38.7599 70.9704
    endloop
  endfacet
  facet normal -0.544981 0.477957 0.688877
    outer loop
      vertex 45.2029 -43.0616 78.39
      vertex 39.5962 -38.7607 70.9704
      vertex 44.2024 -44.2024 78.39
    endloop
  endfacet
  facet normal -0.14217 -0.710849 0.688826
    outer loop
      vertex 37.1734 40.3792 70.9704
      vertex 37.5141 47.5008 78.39
      vertex 37.1724 40.3794 70.9704
    endloop
  endfacet
  facet normal -0.141452 -0.710939 0.688881
    outer loop
      vertex 37.5141 47.5008 78.39
      vertex 37.1734 40.3792 70.9704
      vertex 39.0023 47.2047 78.39
    endloop
  endfacet
  facet normal -0.686412 -0.232992 0.688878
    outer loop
      vertex 40.3789 37.1744 70.9704
      vertex 47.2047 39.0023 78.39
      vertex 46.717 40.4391 78.39
    endloop
  endfacet
  facet normal -0.693744 -0.208123 0.689496
    outer loop
      vertex 47.2047 39.0023 78.39
      vertex 40.3789 37.1744 70.9704
      vertex 40.3792 37.1734 70.9704
    endloop
  endfacet
  facet normal 0.650125 -0.320593 0.688881
    outer loop
      vertex -40.1881 37.7359 70.9704
      vertex -39.9263 38.2668 70.9704
      vertex -46.0459 41.8 78.39
    endloop
  endfacet
  facet normal 0.650124 -0.320595 0.688882
    outer loop
      vertex -46.717 40.4391 78.39
      vertex -40.1881 37.7359 70.9704
      vertex -46.0459 41.8 78.39
    endloop
  endfacet
  facet normal 0.634982 -0.352768 0.687279
    outer loop
      vertex -40.1881 37.7359 70.9704
      vertex -46.717 40.4391 78.39
      vertex -40.1886 37.735 70.9704
    endloop
  endfacet
  facet normal 0.320593 -0.650125 0.688881
    outer loop
      vertex -38.2668 39.9263 70.9704
      vertex -37.7359 40.1881 70.9704
      vertex -41.8 46.0459 78.39
    endloop
  endfacet
  facet normal 0.0473889 -0.723324 0.688881
    outer loop
      vertex -36 40.5337 70.9704
      vertex -36 47.6 78.39
      vertex -36.5907 40.495 70.9704
    endloop
  endfacet
  facet normal 0.352768 -0.634982 0.687279
    outer loop
      vertex -40.4391 46.717 78.39
      vertex -37.7359 40.1881 70.9704
      vertex -37.735 40.1886 70.9704
    endloop
  endfacet
  facet normal 0.320595 -0.650124 0.688882
    outer loop
      vertex -37.7359 40.1881 70.9704
      vertex -40.4391 46.717 78.39
      vertex -41.8 46.0459 78.39
    endloop
  endfacet
  facet normal 0.650125 0.320593 0.688881
    outer loop
      vertex -39.9263 -38.2668 70.9704
      vertex -40.1881 -37.7359 70.9704
      vertex -46.0459 -41.8 78.39
    endloop
  endfacet
  facet normal 0.579325 0.434494 0.689635
    outer loop
      vertex -45.2029 -43.0616 78.39
      vertex -39.5962 -38.7607 70.9704
      vertex -39.5968 -38.7599 70.9704
    endloop
  endfacet
  facet normal 0.544981 0.477957 0.688877
    outer loop
      vertex -39.5962 -38.7607 70.9704
      vertex -45.2029 -43.0616 78.39
      vertex -44.2024 -44.2024 78.39
    endloop
  endfacet
  facet normal 0.208123 -0.693744 0.689496
    outer loop
      vertex -39.0023 47.2047 78.39
      vertex -37.1744 40.3789 70.9704
      vertex -37.1734 40.3792 70.9704
    endloop
  endfacet
  facet normal 0.232992 -0.686412 0.688878
    outer loop
      vertex -37.1744 40.3789 70.9704
      vertex -39.0023 47.2047 78.39
      vertex -40.4391 46.717 78.39
    endloop
  endfacet
  facet normal -0.544981 -0.477957 0.688877
    outer loop
      vertex 39.5962 38.7607 70.9704
      vertex 45.2029 43.0616 78.39
      vertex 44.2024 44.2024 78.39
    endloop
  endfacet
  facet normal -0.579325 -0.434494 0.689635
    outer loop
      vertex 45.2029 43.0616 78.39
      vertex 39.5962 38.7607 70.9704
      vertex 39.5968 38.7599 70.9704
    endloop
  endfacet
  facet normal 0.723324 0.0473889 0.688881
    outer loop
      vertex -40.495 -36.5907 70.9704
      vertex -40.5337 -36 70.9704
      vertex -47.6 -36 78.39
    endloop
  endfacet
  facet normal -0.650125 -0.320593 0.688881
    outer loop
      vertex 40.1881 37.7359 70.9704
      vertex 46.0459 41.8 78.39
      vertex 39.9263 38.2668 70.9704
    endloop
  endfacet
  facet normal -0.402728 -0.602707 0.688879
    outer loop
      vertex 38.7591 39.5974 70.9704
      vertex 43.0616 45.2029 78.39
      vertex 41.8 46.0459 78.39
    endloop
  endfacet
  facet normal -0.434494 -0.579325 0.689635
    outer loop
      vertex 43.0616 45.2029 78.39
      vertex 38.7591 39.5974 70.9704
      vertex 38.7599 39.5968 70.9704
    endloop
  endfacet
  facet normal 0.402728 -0.602707 0.688879
    outer loop
      vertex -43.0616 45.2029 78.39
      vertex -38.7591 39.5974 70.9704
      vertex -41.8 46.0459 78.39
    endloop
  endfacet
  facet normal 0.434494 -0.579325 0.689635
    outer loop
      vertex -38.7591 39.5974 70.9704
      vertex -43.0616 45.2029 78.39
      vertex -38.7599 39.5968 70.9704
    endloop
  endfacet
  facet normal 0.434494 -0.579325 0.689635
    outer loop
      vertex -43.0616 45.2029 78.39
      vertex -38.7607 39.5962 70.9704
      vertex -38.7599 39.5968 70.9704
    endloop
  endfacet
  facet normal 0.477957 -0.544981 0.688877
    outer loop
      vertex -38.7607 39.5962 70.9704
      vertex -43.0616 45.2029 78.39
      vertex -44.2024 44.2024 78.39
    endloop
  endfacet
  facet normal 0.0657545 0.7233 0.687396
    outer loop
      vertex -36.5918 -40.4949 70.9704
      vertex -36 -47.6 78.39
      vertex -36.5907 -40.495 70.9704
    endloop
  endfacet
  facet normal 0.0473902 0.723322 0.688882
    outer loop
      vertex -36 -47.6 78.39
      vertex -36.5918 -40.4949 70.9704
      vertex -37.5141 -47.5008 78.39
    endloop
  endfacet
  facet normal -0.233006 -0.686406 0.688879
    outer loop
      vertex 37.735 40.1886 70.9704
      vertex 40.4391 46.717 78.39
      vertex 37.1744 40.3789 70.9704
    endloop
  endfacet
  facet normal -0.320593 -0.650125 0.688881
    outer loop
      vertex 38.2668 39.9263 70.9704
      vertex 41.8 46.0459 78.39
      vertex 37.7359 40.1881 70.9704
    endloop
  endfacet
  facet normal 0.579325 0.434494 0.689635
    outer loop
      vertex -39.5974 -38.7591 70.9704
      vertex -45.2029 -43.0616 78.39
      vertex -39.5968 -38.7599 70.9704
    endloop
  endfacet
  facet normal 0.602707 0.402728 0.688879
    outer loop
      vertex -45.2029 -43.0616 78.39
      vertex -39.5974 -38.7591 70.9704
      vertex -46.0459 -41.8 78.39
    endloop
  endfacet
  facet normal 0.14217 0.710849 0.688826
    outer loop
      vertex -37.1734 -40.3792 70.9704
      vertex -37.5141 -47.5008 78.39
      vertex -37.1724 -40.3794 70.9704
    endloop
  endfacet
  facet normal 0.141452 0.710939 0.688881
    outer loop
      vertex -37.5141 -47.5008 78.39
      vertex -37.1734 -40.3792 70.9704
      vertex -39.0023 -47.2047 78.39
    endloop
  endfacet
  facet normal 0.544955 -0.477983 0.68888
    outer loop
      vertex -39.5962 38.7607 70.9704
      vertex -39.2058 39.2058 70.9704
      vertex -44.2024 44.2024 78.39
    endloop
  endfacet
  facet normal -0.40268 -0.602734 0.688884
    outer loop
      vertex 38.7591 39.5974 70.9704
      vertex 41.8 46.0459 78.39
      vertex 38.2668 39.9263 70.9704
    endloop
  endfacet
  facet normal 0.0473889 0.723324 0.688881
    outer loop
      vertex -36 -47.6 78.39
      vertex -36 -40.5337 70.9704
      vertex -36.5907 -40.495 70.9704
    endloop
  endfacet
  facet normal 0.434494 0.579325 0.689635
    outer loop
      vertex -43.0616 -45.2029 78.39
      vertex -38.7591 -39.5974 70.9704
      vertex -38.7599 -39.5968 70.9704
    endloop
  endfacet
  facet normal 0.402728 0.602707 0.688879
    outer loop
      vertex -38.7591 -39.5974 70.9704
      vertex -43.0616 -45.2029 78.39
      vertex -41.8 -46.0459 78.39
    endloop
  endfacet
  facet normal 0.602734 0.40268 0.688884
    outer loop
      vertex -39.5974 -38.7591 70.9704
      vertex -39.9263 -38.2668 70.9704
      vertex -46.0459 -41.8 78.39
    endloop
  endfacet
  facet normal -0.634982 0.352768 0.687279
    outer loop
      vertex 40.1881 -37.7359 70.9704
      vertex 46.717 -40.4391 78.39
      vertex 40.1886 -37.735 70.9704
    endloop
  endfacet
  facet normal -0.650124 0.320595 0.688882
    outer loop
      vertex 46.717 -40.4391 78.39
      vertex 40.1881 -37.7359 70.9704
      vertex 46.0459 -41.8 78.39
    endloop
  endfacet
  facet normal 0.710849 0.14217 0.688826
    outer loop
      vertex -47.5008 -37.5141 78.39
      vertex -40.3792 -37.1734 70.9704
      vertex -40.3794 -37.1724 70.9704
    endloop
  endfacet
  facet normal 0.710939 0.141452 0.688881
    outer loop
      vertex -40.3792 -37.1734 70.9704
      vertex -47.5008 -37.5141 78.39
      vertex -47.2047 -39.0023 78.39
    endloop
  endfacet
  facet normal 0.693744 0.208123 0.689496
    outer loop
      vertex -47.2047 -39.0023 78.39
      vertex -40.3789 -37.1744 70.9704
      vertex -40.3792 -37.1734 70.9704
    endloop
  endfacet
  facet normal 0.686412 0.232992 0.688878
    outer loop
      vertex -40.3789 -37.1744 70.9704
      vertex -47.2047 -39.0023 78.39
      vertex -46.717 -40.4391 78.39
    endloop
  endfacet
  facet normal -0.232992 0.686412 0.688878
    outer loop
      vertex 37.1744 -40.3789 70.9704
      vertex 39.0023 -47.2047 78.39
      vertex 40.4391 -46.717 78.39
    endloop
  endfacet
  facet normal -0.208123 0.693744 0.689496
    outer loop
      vertex 39.0023 -47.2047 78.39
      vertex 37.1744 -40.3789 70.9704
      vertex 37.1734 -40.3792 70.9704
    endloop
  endfacet
  facet normal -0.686406 -0.233006 0.688879
    outer loop
      vertex 40.3789 37.1744 70.9704
      vertex 46.717 40.4391 78.39
      vertex 40.1886 37.735 70.9704
    endloop
  endfacet
  facet normal -0.477983 0.544955 0.68888
    outer loop
      vertex 44.2024 -44.2024 78.39
      vertex 39.2058 -39.2058 70.9704
      vertex 38.7607 -39.5962 70.9704
    endloop
  endfacet
  facet normal -0.723324 0.0473889 0.688881
    outer loop
      vertex 47.6 -36 78.39
      vertex 40.5337 -36 70.9704
      vertex 40.495 -36.5907 70.9704
    endloop
  endfacet
  facet normal -0.710942 0.141429 0.688882
    outer loop
      vertex 47.5008 -37.5141 78.39
      vertex 40.4949 -36.5918 70.9704
      vertex 40.3794 -37.1724 70.9704
    endloop
  endfacet
  facet normal 0.141452 -0.710939 0.688881
    outer loop
      vertex -37.1734 40.3792 70.9704
      vertex -37.5141 47.5008 78.39
      vertex -39.0023 47.2047 78.39
    endloop
  endfacet
  facet normal 0.14217 -0.710849 0.688826
    outer loop
      vertex -37.5141 47.5008 78.39
      vertex -37.1734 40.3792 70.9704
      vertex -37.1724 40.3794 70.9704
    endloop
  endfacet
  facet normal -0.710939 -0.141452 0.688881
    outer loop
      vertex 40.3792 37.1734 70.9704
      vertex 47.5008 37.5141 78.39
      vertex 47.2047 39.0023 78.39
    endloop
  endfacet
  facet normal -0.710849 -0.14217 0.688826
    outer loop
      vertex 47.5008 37.5141 78.39
      vertex 40.3792 37.1734 70.9704
      vertex 40.3794 37.1724 70.9704
    endloop
  endfacet
  facet normal -0.477957 0.544981 0.688877
    outer loop
      vertex 38.7607 -39.5962 70.9704
      vertex 43.0616 -45.2029 78.39
      vertex 44.2024 -44.2024 78.39
    endloop
  endfacet
  facet normal -0.434494 0.579325 0.689635
    outer loop
      vertex 43.0616 -45.2029 78.39
      vertex 38.7607 -39.5962 70.9704
      vertex 38.7599 -39.5968 70.9704
    endloop
  endfacet
  facet normal -0.693744 0.208123 0.689496
    outer loop
      vertex 40.3789 -37.1744 70.9704
      vertex 47.2047 -39.0023 78.39
      vertex 40.3792 -37.1734 70.9704
    endloop
  endfacet
  facet normal -0.686412 0.232992 0.688878
    outer loop
      vertex 47.2047 -39.0023 78.39
      vertex 40.3789 -37.1744 70.9704
      vertex 46.717 -40.4391 78.39
    endloop
  endfacet
  facet normal -0.710849 0.14217 0.688826
    outer loop
      vertex 40.3792 -37.1734 70.9704
      vertex 47.5008 -37.5141 78.39
      vertex 40.3794 -37.1724 70.9704
    endloop
  endfacet
  facet normal -0.710939 0.141452 0.688881
    outer loop
      vertex 47.5008 -37.5141 78.39
      vertex 40.3792 -37.1734 70.9704
      vertex 47.2047 -39.0023 78.39
    endloop
  endfacet
  facet normal 0.141429 0.710942 0.688882
    outer loop
      vertex -36.5918 -40.4949 70.9704
      vertex -37.1724 -40.3794 70.9704
      vertex -37.5141 -47.5008 78.39
    endloop
  endfacet
  facet normal -0.434494 0.579325 0.689635
    outer loop
      vertex 38.7591 -39.5974 70.9704
      vertex 43.0616 -45.2029 78.39
      vertex 38.7599 -39.5968 70.9704
    endloop
  endfacet
  facet normal -0.402728 0.602707 0.688879
    outer loop
      vertex 43.0616 -45.2029 78.39
      vertex 38.7591 -39.5974 70.9704
      vertex 41.8 -46.0459 78.39
    endloop
  endfacet
  facet normal 0.477983 0.544955 0.68888
    outer loop
      vertex -38.7607 -39.5962 70.9704
      vertex -39.2058 -39.2058 70.9704
      vertex -44.2024 -44.2024 78.39
    endloop
  endfacet
  facet normal 0.434494 0.579325 0.689635
    outer loop
      vertex -38.7607 -39.5962 70.9704
      vertex -43.0616 -45.2029 78.39
      vertex -38.7599 -39.5968 70.9704
    endloop
  endfacet
  facet normal 0.477957 0.544981 0.688877
    outer loop
      vertex -43.0616 -45.2029 78.39
      vertex -38.7607 -39.5962 70.9704
      vertex -44.2024 -44.2024 78.39
    endloop
  endfacet
  facet normal -0.320595 0.650124 0.688882
    outer loop
      vertex 37.7359 -40.1881 70.9704
      vertex 40.4391 -46.717 78.39
      vertex 41.8 -46.0459 78.39
    endloop
  endfacet
  facet normal -0.352768 0.634982 0.687279
    outer loop
      vertex 40.4391 -46.717 78.39
      vertex 37.7359 -40.1881 70.9704
      vertex 37.735 -40.1886 70.9704
    endloop
  endfacet
  facet normal -0.233006 0.686406 0.688879
    outer loop
      vertex 40.4391 -46.717 78.39
      vertex 37.735 -40.1886 70.9704
      vertex 37.1744 -40.3789 70.9704
    endloop
  endfacet
  facet normal -0.602707 -0.402728 0.688879
    outer loop
      vertex 45.2029 43.0616 78.39
      vertex 39.5974 38.7591 70.9704
      vertex 46.0459 41.8 78.39
    endloop
  endfacet
  facet normal -0.579325 -0.434494 0.689635
    outer loop
      vertex 39.5974 38.7591 70.9704
      vertex 45.2029 43.0616 78.39
      vertex 39.5968 38.7599 70.9704
    endloop
  endfacet
  facet normal -0.320593 0.650125 0.688881
    outer loop
      vertex 41.8 -46.0459 78.39
      vertex 38.2668 -39.9263 70.9704
      vertex 37.7359 -40.1881 70.9704
    endloop
  endfacet
  facet normal 0.544632 0.477651 -0.689365
    outer loop
      vertex -45.2029 -43.0616 63.5608
      vertex -39.5962 -38.7607 70.9704
      vertex -44.2024 -44.2024 63.5608
    endloop
  endfacet
  facet normal 0.578954 0.434215 -0.690123
    outer loop
      vertex -39.5962 -38.7607 70.9704
      vertex -45.2029 -43.0616 63.5608
      vertex -39.5968 -38.7599 70.9704
    endloop
  endfacet
  facet normal -0.544632 0.477651 -0.689365
    outer loop
      vertex 39.5962 -38.7607 70.9704
      vertex 45.2029 -43.0616 63.5608
      vertex 44.2024 -44.2024 63.5608
    endloop
  endfacet
  facet normal -0.578954 0.434215 -0.690123
    outer loop
      vertex 45.2029 -43.0616 63.5608
      vertex 39.5962 -38.7607 70.9704
      vertex 39.5968 -38.7599 70.9704
    endloop
  endfacet
  facet normal 0.578954 0.434215 -0.690123
    outer loop
      vertex -45.2029 -43.0616 63.5608
      vertex -39.5974 -38.7591 70.9704
      vertex -39.5968 -38.7599 70.9704
    endloop
  endfacet
  facet normal 0.602321 0.40247 -0.689367
    outer loop
      vertex -39.5974 -38.7591 70.9704
      vertex -45.2029 -43.0616 63.5608
      vertex -46.0459 -41.8 63.5608
    endloop
  endfacet
  facet normal 0 -0.723673 -0.690144
    outer loop
      vertex -36 47.6 63.5608
      vertex 36 40.5337 70.9704
      vertex -36 40.5337 70.9704
    endloop
  endfacet
  facet normal 0 -0.723673 -0.690144
    outer loop
      vertex 36 40.5337 70.9704
      vertex -36 47.6 63.5608
      vertex 36 47.6 63.5608
    endloop
  endfacet
  facet normal -0.232857 0.685967 -0.689367
    outer loop
      vertex 37.735 -40.1886 70.9704
      vertex 40.4391 -46.717 63.5608
      vertex 37.1744 -40.3789 70.9704
    endloop
  endfacet
  facet normal 0.602348 -0.402422 -0.689372
    outer loop
      vertex -39.5974 38.7591 70.9704
      vertex -39.9263 38.2668 70.9704
      vertex -46.0459 41.8 63.5608
    endloop
  endfacet
  facet normal 0.634577 -0.352543 -0.687768
    outer loop
      vertex -46.717 40.4391 63.5608
      vertex -40.1881 37.7359 70.9704
      vertex -40.1886 37.735 70.9704
    endloop
  endfacet
  facet normal 0.649707 -0.32039 -0.68937
    outer loop
      vertex -40.1881 37.7359 70.9704
      vertex -46.717 40.4391 63.5608
      vertex -46.0459 41.8 63.5608
    endloop
  endfacet
  facet normal -0.40247 0.602321 -0.689367
    outer loop
      vertex 38.7591 -39.5974 70.9704
      vertex 43.0616 -45.2029 63.5608
      vertex 41.8 -46.0459 63.5608
    endloop
  endfacet
  facet normal -0.434215 0.578954 -0.690123
    outer loop
      vertex 43.0616 -45.2029 63.5608
      vertex 38.7591 -39.5974 70.9704
      vertex 38.7599 -39.5968 70.9704
    endloop
  endfacet
  facet normal 0.477677 0.544606 -0.689368
    outer loop
      vertex -39.2058 -39.2058 70.9704
      vertex -38.7607 -39.5962 70.9704
      vertex -44.2024 -44.2024 63.5608
    endloop
  endfacet
  facet normal -0.722859 -0.0473599 -0.68937
    outer loop
      vertex 47.6 36 63.5608
      vertex 40.4949 36.5918 70.9704
      vertex 47.5008 37.5141 63.5608
    endloop
  endfacet
  facet normal -0.722839 -0.0657126 -0.687885
    outer loop
      vertex 40.4949 36.5918 70.9704
      vertex 47.6 36 63.5608
      vertex 40.495 36.5907 70.9704
    endloop
  endfacet
  facet normal 0.434215 -0.578954 -0.690123
    outer loop
      vertex -43.0616 45.2029 63.5608
      vertex -38.7591 39.5974 70.9704
      vertex -38.7599 39.5968 70.9704
    endloop
  endfacet
  facet normal 0.40247 -0.602321 -0.689367
    outer loop
      vertex -38.7591 39.5974 70.9704
      vertex -43.0616 45.2029 63.5608
      vertex -41.8 46.0459 63.5608
    endloop
  endfacet
  facet normal 0.723673 0 -0.690144
    outer loop
      vertex -40.5337 -36 70.9704
      vertex -47.6 36 63.5608
      vertex -40.5337 36 70.9704
    endloop
  endfacet
  facet normal 0.723673 0 -0.690144
    outer loop
      vertex -47.6 36 63.5608
      vertex -40.5337 -36 70.9704
      vertex -47.6 -36 63.5608
    endloop
  endfacet
  facet normal 0.477677 -0.544606 -0.689368
    outer loop
      vertex -38.7607 39.5962 70.9704
      vertex -39.2058 39.2058 70.9704
      vertex -44.2024 44.2024 63.5608
    endloop
  endfacet
  facet normal 0.142079 0.710394 -0.689315
    outer loop
      vertex -37.5141 -47.5008 63.5608
      vertex -37.1734 -40.3792 70.9704
      vertex -37.1724 -40.3794 70.9704
    endloop
  endfacet
  facet normal 0.141362 0.710484 -0.689369
    outer loop
      vertex -37.1734 -40.3792 70.9704
      vertex -37.5141 -47.5008 63.5608
      vertex -39.0023 -47.2047 63.5608
    endloop
  endfacet
  facet normal -0.0473586 -0.722861 -0.689369
    outer loop
      vertex 36 47.6 63.5608
      vertex 36.5907 40.495 70.9704
      vertex 36 40.5337 70.9704
    endloop
  endfacet
  facet normal 0.232857 0.685967 -0.689367
    outer loop
      vertex -37.735 -40.1886 70.9704
      vertex -37.1744 -40.3789 70.9704
      vertex -40.4391 -46.717 63.5608
    endloop
  endfacet
  facet normal -0.232843 0.685973 -0.689366
    outer loop
      vertex 39.0023 -47.2047 63.5608
      vertex 37.1744 -40.3789 70.9704
      vertex 40.4391 -46.717 63.5608
    endloop
  endfacet
  facet normal -0.20799 0.693299 -0.689984
    outer loop
      vertex 37.1744 -40.3789 70.9704
      vertex 39.0023 -47.2047 63.5608
      vertex 37.1734 -40.3792 70.9704
    endloop
  endfacet
  facet normal -0.723673 0 -0.690144
    outer loop
      vertex 47.6 -36 63.5608
      vertex 40.5337 36 70.9704
      vertex 47.6 36 63.5608
    endloop
  endfacet
  facet normal -0.723673 -0 -0.690144
    outer loop
      vertex 40.5337 36 70.9704
      vertex 47.6 -36 63.5608
      vertex 40.5337 -36 70.9704
    endloop
  endfacet
  facet normal 0 0.723673 -0.690144
    outer loop
      vertex 36 -47.6 63.5608
      vertex -36 -40.5337 70.9704
      vertex 36 -40.5337 70.9704
    endloop
  endfacet
  facet normal 0 0.723673 -0.690144
    outer loop
      vertex -36 -40.5337 70.9704
      vertex 36 -47.6 63.5608
      vertex -36 -47.6 63.5608
    endloop
  endfacet
  facet normal 0.352543 -0.634577 -0.687768
    outer loop
      vertex -37.7359 40.1881 70.9704
      vertex -40.4391 46.717 63.5608
      vertex -37.735 40.1886 70.9704
    endloop
  endfacet
  facet normal 0.32039 -0.649707 -0.68937
    outer loop
      vertex -40.4391 46.717 63.5608
      vertex -37.7359 40.1881 70.9704
      vertex -41.8 46.0459 63.5608
    endloop
  endfacet
  facet normal -0.477677 -0.544606 -0.689368
    outer loop
      vertex 44.2024 44.2024 63.5608
      vertex 39.2058 39.2058 70.9704
      vertex 38.7607 39.5962 70.9704
    endloop
  endfacet
  facet normal 0.402422 0.602348 -0.689372
    outer loop
      vertex -38.7591 -39.5974 70.9704
      vertex -38.2668 -39.9263 70.9704
      vertex -41.8 -46.0459 63.5608
    endloop
  endfacet
  facet normal 0.685973 0.232843 -0.689366
    outer loop
      vertex -47.2047 -39.0023 63.5608
      vertex -40.3789 -37.1744 70.9704
      vertex -46.717 -40.4391 63.5608
    endloop
  endfacet
  facet normal 0.693299 0.20799 -0.689984
    outer loop
      vertex -40.3789 -37.1744 70.9704
      vertex -47.2047 -39.0023 63.5608
      vertex -40.3792 -37.1734 70.9704
    endloop
  endfacet
  facet normal -0.722861 -0.0473586 -0.689369
    outer loop
      vertex 47.6 36 63.5608
      vertex 40.5337 36 70.9704
      vertex 40.495 36.5907 70.9704
    endloop
  endfacet
  facet normal -0.32039 0.649707 -0.68937
    outer loop
      vertex 40.4391 -46.717 63.5608
      vertex 37.7359 -40.1881 70.9704
      vertex 41.8 -46.0459 63.5608
    endloop
  endfacet
  facet normal -0.352543 0.634577 -0.687768
    outer loop
      vertex 37.7359 -40.1881 70.9704
      vertex 40.4391 -46.717 63.5608
      vertex 37.735 -40.1886 70.9704
    endloop
  endfacet
  facet normal -0.141362 0.710484 -0.689369
    outer loop
      vertex 37.5141 -47.5008 63.5608
      vertex 37.1734 -40.3792 70.9704
      vertex 39.0023 -47.2047 63.5608
    endloop
  endfacet
  facet normal -0.142079 0.710394 -0.689315
    outer loop
      vertex 37.1734 -40.3792 70.9704
      vertex 37.5141 -47.5008 63.5608
      vertex 37.1724 -40.3794 70.9704
    endloop
  endfacet
  facet normal -0.578954 -0.434215 -0.690123
    outer loop
      vertex 39.5962 38.7607 70.9704
      vertex 45.2029 43.0616 63.5608
      vertex 39.5968 38.7599 70.9704
    endloop
  endfacet
  facet normal -0.544632 -0.477651 -0.689365
    outer loop
      vertex 45.2029 43.0616 63.5608
      vertex 39.5962 38.7607 70.9704
      vertex 44.2024 44.2024 63.5608
    endloop
  endfacet
  facet normal 0.20799 -0.693299 -0.689984
    outer loop
      vertex -37.1744 40.3789 70.9704
      vertex -39.0023 47.2047 63.5608
      vertex -37.1734 40.3792 70.9704
    endloop
  endfacet
  facet normal 0.232843 -0.685973 -0.689366
    outer loop
      vertex -39.0023 47.2047 63.5608
      vertex -37.1744 40.3789 70.9704
      vertex -40.4391 46.717 63.5608
    endloop
  endfacet
  facet normal 0.649709 -0.320388 -0.689369
    outer loop
      vertex -39.9263 38.2668 70.9704
      vertex -40.1881 37.7359 70.9704
      vertex -46.0459 41.8 63.5608
    endloop
  endfacet
  facet normal -0.32039 -0.649707 -0.68937
    outer loop
      vertex 37.7359 40.1881 70.9704
      vertex 40.4391 46.717 63.5608
      vertex 41.8 46.0459 63.5608
    endloop
  endfacet
  facet normal -0.352543 -0.634577 -0.687768
    outer loop
      vertex 40.4391 46.717 63.5608
      vertex 37.7359 40.1881 70.9704
      vertex 37.735 40.1886 70.9704
    endloop
  endfacet
  facet normal 0.434215 -0.578954 -0.690123
    outer loop
      vertex -38.7607 39.5962 70.9704
      vertex -43.0616 45.2029 63.5608
      vertex -38.7599 39.5968 70.9704
    endloop
  endfacet
  facet normal 0.477651 -0.544632 -0.689365
    outer loop
      vertex -43.0616 45.2029 63.5608
      vertex -38.7607 39.5962 70.9704
      vertex -44.2024 44.2024 63.5608
    endloop
  endfacet
  facet normal 0.352543 0.634577 -0.687768
    outer loop
      vertex -40.4391 -46.717 63.5608
      vertex -37.7359 -40.1881 70.9704
      vertex -37.735 -40.1886 70.9704
    endloop
  endfacet
  facet normal 0.32039 0.649707 -0.68937
    outer loop
      vertex -37.7359 -40.1881 70.9704
      vertex -40.4391 -46.717 63.5608
      vertex -41.8 -46.0459 63.5608
    endloop
  endfacet
  facet normal 0.0473599 -0.722859 -0.68937
    outer loop
      vertex -36 47.6 63.5608
      vertex -36.5918 40.4949 70.9704
      vertex -37.5141 47.5008 63.5608
    endloop
  endfacet
  facet normal 0.0657126 -0.722839 -0.687885
    outer loop
      vertex -36.5918 40.4949 70.9704
      vertex -36 47.6 63.5608
      vertex -36.5907 40.495 70.9704
    endloop
  endfacet
  facet normal -0.0473586 0.722861 -0.689369
    outer loop
      vertex 36.5907 -40.495 70.9704
      vertex 36 -47.6 63.5608
      vertex 36 -40.5337 70.9704
    endloop
  endfacet
  facet normal 0.578954 -0.434215 -0.690123
    outer loop
      vertex -45.2029 43.0616 63.5608
      vertex -39.5962 38.7607 70.9704
      vertex -39.5968 38.7599 70.9704
    endloop
  endfacet
  facet normal 0.544632 -0.477651 -0.689365
    outer loop
      vertex -39.5962 38.7607 70.9704
      vertex -45.2029 43.0616 63.5608
      vertex -44.2024 44.2024 63.5608
    endloop
  endfacet
  facet normal -0.602348 -0.402422 -0.689372
    outer loop
      vertex 46.0459 41.8 63.5608
      vertex 39.9263 38.2668 70.9704
      vertex 39.5974 38.7591 70.9704
    endloop
  endfacet
  facet normal -0.0473599 0.722859 -0.68937
    outer loop
      vertex 36 -47.6 63.5608
      vertex 36.5918 -40.4949 70.9704
      vertex 37.5141 -47.5008 63.5608
    endloop
  endfacet
  facet normal -0.0657126 0.722839 -0.687885
    outer loop
      vertex 36.5918 -40.4949 70.9704
      vertex 36 -47.6 63.5608
      vertex 36.5907 -40.495 70.9704
    endloop
  endfacet
  facet normal -0.141339 0.710487 -0.68937
    outer loop
      vertex 37.1724 -40.3794 70.9704
      vertex 37.5141 -47.5008 63.5608
      vertex 36.5918 -40.4949 70.9704
    endloop
  endfacet
  facet normal -0.710487 -0.141339 -0.68937
    outer loop
      vertex 47.5008 37.5141 63.5608
      vertex 40.4949 36.5918 70.9704
      vertex 40.3794 37.1724 70.9704
    endloop
  endfacet
  facet normal 0.710394 0.142079 -0.689315
    outer loop
      vertex -40.3792 -37.1734 70.9704
      vertex -47.5008 -37.5141 63.5608
      vertex -40.3794 -37.1724 70.9704
    endloop
  endfacet
  facet normal 0.710484 0.141362 -0.689369
    outer loop
      vertex -47.5008 -37.5141 63.5608
      vertex -40.3792 -37.1734 70.9704
      vertex -47.2047 -39.0023 63.5608
    endloop
  endfacet
  facet normal 0.544606 0.477677 -0.689368
    outer loop
      vertex -39.5962 -38.7607 70.9704
      vertex -39.2058 -39.2058 70.9704
      vertex -44.2024 -44.2024 63.5608
    endloop
  endfacet
  facet normal 0.402422 -0.602348 -0.689372
    outer loop
      vertex -38.2668 39.9263 70.9704
      vertex -38.7591 39.5974 70.9704
      vertex -41.8 46.0459 63.5608
    endloop
  endfacet
  facet normal 0.320388 0.649709 -0.689369
    outer loop
      vertex -38.2668 -39.9263 70.9704
      vertex -37.7359 -40.1881 70.9704
      vertex -41.8 -46.0459 63.5608
    endloop
  endfacet
  facet normal -0.693299 -0.20799 -0.689984
    outer loop
      vertex 40.3789 37.1744 70.9704
      vertex 47.2047 39.0023 63.5608
      vertex 40.3792 37.1734 70.9704
    endloop
  endfacet
  facet normal -0.685973 -0.232843 -0.689366
    outer loop
      vertex 47.2047 39.0023 63.5608
      vertex 40.3789 37.1744 70.9704
      vertex 46.717 40.4391 63.5608
    endloop
  endfacet
  facet normal 0.141362 -0.710484 -0.689369
    outer loop
      vertex -37.5141 47.5008 63.5608
      vertex -37.1734 40.3792 70.9704
      vertex -39.0023 47.2047 63.5608
    endloop
  endfacet
  facet normal 0.142079 -0.710394 -0.689315
    outer loop
      vertex -37.1734 40.3792 70.9704
      vertex -37.5141 47.5008 63.5608
      vertex -37.1724 40.3794 70.9704
    endloop
  endfacet
  facet normal 0.20799 0.693299 -0.689984
    outer loop
      vertex -39.0023 -47.2047 63.5608
      vertex -37.1744 -40.3789 70.9704
      vertex -37.1734 -40.3792 70.9704
    endloop
  endfacet
  facet normal 0.232843 0.685973 -0.689366
    outer loop
      vertex -37.1744 -40.3789 70.9704
      vertex -39.0023 -47.2047 63.5608
      vertex -40.4391 -46.717 63.5608
    endloop
  endfacet
  facet normal 0.722839 -0.0657126 -0.687885
    outer loop
      vertex -47.6 36 63.5608
      vertex -40.4949 36.5918 70.9704
      vertex -40.495 36.5907 70.9704
    endloop
  endfacet
  facet normal 0.722859 -0.0473599 -0.68937
    outer loop
      vertex -40.4949 36.5918 70.9704
      vertex -47.6 36 63.5608
      vertex -47.5008 37.5141 63.5608
    endloop
  endfacet
  facet normal -0.722839 0.0657126 -0.687885
    outer loop
      vertex 47.6 -36 63.5608
      vertex 40.4949 -36.5918 70.9704
      vertex 40.495 -36.5907 70.9704
    endloop
  endfacet
  facet normal -0.722859 0.0473599 -0.68937
    outer loop
      vertex 40.4949 -36.5918 70.9704
      vertex 47.6 -36 63.5608
      vertex 47.5008 -37.5141 63.5608
    endloop
  endfacet
  facet normal -0.634577 -0.352543 -0.687768
    outer loop
      vertex 40.1881 37.7359 70.9704
      vertex 46.717 40.4391 63.5608
      vertex 40.1886 37.735 70.9704
    endloop
  endfacet
  facet normal -0.649707 -0.32039 -0.68937
    outer loop
      vertex 46.717 40.4391 63.5608
      vertex 40.1881 37.7359 70.9704
      vertex 46.0459 41.8 63.5608
    endloop
  endfacet
  facet normal -0.544606 0.477677 -0.689368
    outer loop
      vertex 39.5962 -38.7607 70.9704
      vertex 44.2024 -44.2024 63.5608
      vertex 39.2058 -39.2058 70.9704
    endloop
  endfacet
  facet normal 0.232857 -0.685967 -0.689367
    outer loop
      vertex -37.1744 40.3789 70.9704
      vertex -37.735 40.1886 70.9704
      vertex -40.4391 46.717 63.5608
    endloop
  endfacet
  facet normal -0.544606 -0.477677 -0.689368
    outer loop
      vertex 44.2024 44.2024 63.5608
      vertex 39.5962 38.7607 70.9704
      vertex 39.2058 39.2058 70.9704
    endloop
  endfacet
  facet normal 0.0473586 0.722861 -0.689369
    outer loop
      vertex -36 -40.5337 70.9704
      vertex -36 -47.6 63.5608
      vertex -36.5907 -40.495 70.9704
    endloop
  endfacet
  facet normal 0.544606 -0.477677 -0.689368
    outer loop
      vertex -39.2058 39.2058 70.9704
      vertex -39.5962 38.7607 70.9704
      vertex -44.2024 44.2024 63.5608
    endloop
  endfacet
  facet normal 0.320388 -0.649709 -0.689369
    outer loop
      vertex -37.7359 40.1881 70.9704
      vertex -38.2668 39.9263 70.9704
      vertex -41.8 46.0459 63.5608
    endloop
  endfacet
  facet normal 0.434215 0.578954 -0.690123
    outer loop
      vertex -43.0616 -45.2029 63.5608
      vertex -38.7607 -39.5962 70.9704
      vertex -38.7599 -39.5968 70.9704
    endloop
  endfacet
  facet normal 0.477651 0.544632 -0.689365
    outer loop
      vertex -38.7607 -39.5962 70.9704
      vertex -43.0616 -45.2029 63.5608
      vertex -44.2024 -44.2024 63.5608
    endloop
  endfacet
  facet normal -0.232857 -0.685967 -0.689367
    outer loop
      vertex 40.4391 46.717 63.5608
      vertex 37.735 40.1886 70.9704
      vertex 37.1744 40.3789 70.9704
    endloop
  endfacet
  facet normal -0.477651 0.544632 -0.689365
    outer loop
      vertex 43.0616 -45.2029 63.5608
      vertex 38.7607 -39.5962 70.9704
      vertex 44.2024 -44.2024 63.5608
    endloop
  endfacet
  facet normal -0.434215 0.578954 -0.690123
    outer loop
      vertex 38.7607 -39.5962 70.9704
      vertex 43.0616 -45.2029 63.5608
      vertex 38.7599 -39.5968 70.9704
    endloop
  endfacet
  facet normal -0.710487 0.141339 -0.68937
    outer loop
      vertex 40.4949 -36.5918 70.9704
      vertex 47.5008 -37.5141 63.5608
      vertex 40.3794 -37.1724 70.9704
    endloop
  endfacet
  facet normal -0.232843 -0.685973 -0.689366
    outer loop
      vertex 37.1744 40.3789 70.9704
      vertex 39.0023 47.2047 63.5608
      vertex 40.4391 46.717 63.5608
    endloop
  endfacet
  facet normal -0.20799 -0.693299 -0.689984
    outer loop
      vertex 39.0023 47.2047 63.5608
      vertex 37.1744 40.3789 70.9704
      vertex 37.1734 40.3792 70.9704
    endloop
  endfacet
  facet normal 0.0657126 0.722839 -0.687885
    outer loop
      vertex -36 -47.6 63.5608
      vertex -36.5918 -40.4949 70.9704
      vertex -36.5907 -40.495 70.9704
    endloop
  endfacet
  facet normal 0.0473599 0.722859 -0.68937
    outer loop
      vertex -36.5918 -40.4949 70.9704
      vertex -36 -47.6 63.5608
      vertex -37.5141 -47.5008 63.5608
    endloop
  endfacet
  facet normal 0.602348 0.402422 -0.689372
    outer loop
      vertex -39.9263 -38.2668 70.9704
      vertex -39.5974 -38.7591 70.9704
      vertex -46.0459 -41.8 63.5608
    endloop
  endfacet
  facet normal 0.710484 -0.141362 -0.689369
    outer loop
      vertex -40.3792 37.1734 70.9704
      vertex -47.5008 37.5141 63.5608
      vertex -47.2047 39.0023 63.5608
    endloop
  endfacet
  facet normal 0.710394 -0.142079 -0.689315
    outer loop
      vertex -47.5008 37.5141 63.5608
      vertex -40.3792 37.1734 70.9704
      vertex -40.3794 37.1724 70.9704
    endloop
  endfacet
  facet normal -0.402422 0.602348 -0.689372
    outer loop
      vertex 38.7591 -39.5974 70.9704
      vertex 41.8 -46.0459 63.5608
      vertex 38.2668 -39.9263 70.9704
    endloop
  endfacet
  facet normal 0.649709 0.320388 -0.689369
    outer loop
      vertex -40.1881 -37.7359 70.9704
      vertex -39.9263 -38.2668 70.9704
      vertex -46.0459 -41.8 63.5608
    endloop
  endfacet
  facet normal -0.602321 0.40247 -0.689367
    outer loop
      vertex 45.2029 -43.0616 63.5608
      vertex 39.5974 -38.7591 70.9704
      vertex 46.0459 -41.8 63.5608
    endloop
  endfacet
  facet normal -0.578954 0.434215 -0.690123
    outer loop
      vertex 39.5974 -38.7591 70.9704
      vertex 45.2029 -43.0616 63.5608
      vertex 39.5968 -38.7599 70.9704
    endloop
  endfacet
  facet normal -0.142079 -0.710394 -0.689315
    outer loop
      vertex 37.5141 47.5008 63.5608
      vertex 37.1734 40.3792 70.9704
      vertex 37.1724 40.3794 70.9704
    endloop
  endfacet
  facet normal -0.141362 -0.710484 -0.689369
    outer loop
      vertex 37.1734 40.3792 70.9704
      vertex 37.5141 47.5008 63.5608
      vertex 39.0023 47.2047 63.5608
    endloop
  endfacet
  facet normal 0.0473586 -0.722861 -0.689369
    outer loop
      vertex -36 47.6 63.5608
      vertex -36 40.5337 70.9704
      vertex -36.5907 40.495 70.9704
    endloop
  endfacet
  facet normal 0.141339 -0.710487 -0.68937
    outer loop
      vertex -36.5918 40.4949 70.9704
      vertex -37.1724 40.3794 70.9704
      vertex -37.5141 47.5008 63.5608
    endloop
  endfacet
  facet normal 0.649707 0.32039 -0.68937
    outer loop
      vertex -46.717 -40.4391 63.5608
      vertex -40.1881 -37.7359 70.9704
      vertex -46.0459 -41.8 63.5608
    endloop
  endfacet
  facet normal 0.634577 0.352543 -0.687768
    outer loop
      vertex -40.1881 -37.7359 70.9704
      vertex -46.717 -40.4391 63.5608
      vertex -40.1886 -37.735 70.9704
    endloop
  endfacet
  facet normal 0.685967 0.232857 -0.689367
    outer loop
      vertex -40.3789 -37.1744 70.9704
      vertex -40.1886 -37.735 70.9704
      vertex -46.717 -40.4391 63.5608
    endloop
  endfacet
  facet normal 0.40247 0.602321 -0.689367
    outer loop
      vertex -43.0616 -45.2029 63.5608
      vertex -38.7591 -39.5974 70.9704
      vertex -41.8 -46.0459 63.5608
    endloop
  endfacet
  facet normal 0.434215 0.578954 -0.690123
    outer loop
      vertex -38.7591 -39.5974 70.9704
      vertex -43.0616 -45.2029 63.5608
      vertex -38.7599 -39.5968 70.9704
    endloop
  endfacet
  facet normal 0.578954 -0.434215 -0.690123
    outer loop
      vertex -39.5974 38.7591 70.9704
      vertex -45.2029 43.0616 63.5608
      vertex -39.5968 38.7599 70.9704
    endloop
  endfacet
  facet normal 0.602321 -0.40247 -0.689367
    outer loop
      vertex -45.2029 43.0616 63.5608
      vertex -39.5974 38.7591 70.9704
      vertex -46.0459 41.8 63.5608
    endloop
  endfacet
  facet normal 0.141339 0.710487 -0.68937
    outer loop
      vertex -37.1724 -40.3794 70.9704
      vertex -36.5918 -40.4949 70.9704
      vertex -37.5141 -47.5008 63.5608
    endloop
  endfacet
  facet normal -0.722861 0.0473586 -0.689369
    outer loop
      vertex 40.5337 -36 70.9704
      vertex 47.6 -36 63.5608
      vertex 40.495 -36.5907 70.9704
    endloop
  endfacet
  facet normal -0.320388 0.649709 -0.689369
    outer loop
      vertex 38.2668 -39.9263 70.9704
      vertex 41.8 -46.0459 63.5608
      vertex 37.7359 -40.1881 70.9704
    endloop
  endfacet
  facet normal -0.649709 -0.320388 -0.689369
    outer loop
      vertex 46.0459 41.8 63.5608
      vertex 40.1881 37.7359 70.9704
      vertex 39.9263 38.2668 70.9704
    endloop
  endfacet
  facet normal -0.685967 0.232857 -0.689367
    outer loop
      vertex 40.3789 -37.1744 70.9704
      vertex 46.717 -40.4391 63.5608
      vertex 40.1886 -37.735 70.9704
    endloop
  endfacet
  facet normal 0.722861 -0.0473586 -0.689369
    outer loop
      vertex -40.495 36.5907 70.9704
      vertex -40.5337 36 70.9704
      vertex -47.6 36 63.5608
    endloop
  endfacet
  facet normal 0.722861 0.0473586 -0.689369
    outer loop
      vertex -40.5337 -36 70.9704
      vertex -40.495 -36.5907 70.9704
      vertex -47.6 -36 63.5608
    endloop
  endfacet
  facet normal 0.710487 0.141339 -0.68937
    outer loop
      vertex -40.4949 -36.5918 70.9704
      vertex -40.3794 -37.1724 70.9704
      vertex -47.5008 -37.5141 63.5608
    endloop
  endfacet
  facet normal -0.710394 0.142079 -0.689315
    outer loop
      vertex 47.5008 -37.5141 63.5608
      vertex 40.3792 -37.1734 70.9704
      vertex 40.3794 -37.1724 70.9704
    endloop
  endfacet
  facet normal -0.710484 0.141362 -0.689369
    outer loop
      vertex 40.3792 -37.1734 70.9704
      vertex 47.5008 -37.5141 63.5608
      vertex 47.2047 -39.0023 63.5608
    endloop
  endfacet
  facet normal -0.685973 0.232843 -0.689366
    outer loop
      vertex 40.3789 -37.1744 70.9704
      vertex 47.2047 -39.0023 63.5608
      vertex 46.717 -40.4391 63.5608
    endloop
  endfacet
  facet normal -0.693299 0.20799 -0.689984
    outer loop
      vertex 47.2047 -39.0023 63.5608
      vertex 40.3789 -37.1744 70.9704
      vertex 40.3792 -37.1734 70.9704
    endloop
  endfacet
  facet normal -0.141339 -0.710487 -0.68937
    outer loop
      vertex 37.5141 47.5008 63.5608
      vertex 37.1724 40.3794 70.9704
      vertex 36.5918 40.4949 70.9704
    endloop
  endfacet
  facet normal 0.722839 0.0657126 -0.687885
    outer loop
      vertex -40.4949 -36.5918 70.9704
      vertex -47.6 -36 63.5608
      vertex -40.495 -36.5907 70.9704
    endloop
  endfacet
  facet normal 0.722859 0.0473599 -0.68937
    outer loop
      vertex -47.6 -36 63.5608
      vertex -40.4949 -36.5918 70.9704
      vertex -47.5008 -37.5141 63.5608
    endloop
  endfacet
  facet normal 0.693299 -0.20799 -0.689984
    outer loop
      vertex -47.2047 39.0023 63.5608
      vertex -40.3789 37.1744 70.9704
      vertex -40.3792 37.1734 70.9704
    endloop
  endfacet
  facet normal 0.685973 -0.232843 -0.689366
    outer loop
      vertex -40.3789 37.1744 70.9704
      vertex -47.2047 39.0023 63.5608
      vertex -46.717 40.4391 63.5608
    endloop
  endfacet
  facet normal -0.320388 -0.649709 -0.689369
    outer loop
      vertex 41.8 46.0459 63.5608
      vertex 38.2668 39.9263 70.9704
      vertex 37.7359 40.1881 70.9704
    endloop
  endfacet
  facet normal -0.649707 0.32039 -0.68937
    outer loop
      vertex 40.1881 -37.7359 70.9704
      vertex 46.717 -40.4391 63.5608
      vertex 46.0459 -41.8 63.5608
    endloop
  endfacet
  facet normal -0.634577 0.352543 -0.687768
    outer loop
      vertex 46.717 -40.4391 63.5608
      vertex 40.1881 -37.7359 70.9704
      vertex 40.1886 -37.735 70.9704
    endloop
  endfacet
  facet normal -0.649709 0.320388 -0.689369
    outer loop
      vertex 40.1881 -37.7359 70.9704
      vertex 46.0459 -41.8 63.5608
      vertex 39.9263 -38.2668 70.9704
    endloop
  endfacet
  facet normal 0.685967 -0.232857 -0.689367
    outer loop
      vertex -40.1886 37.735 70.9704
      vertex -40.3789 37.1744 70.9704
      vertex -46.717 40.4391 63.5608
    endloop
  endfacet
  facet normal -0.685967 -0.232857 -0.689367
    outer loop
      vertex 46.717 40.4391 63.5608
      vertex 40.3789 37.1744 70.9704
      vertex 40.1886 37.735 70.9704
    endloop
  endfacet
  facet normal -0.0657126 -0.722839 -0.687885
    outer loop
      vertex 36 47.6 63.5608
      vertex 36.5918 40.4949 70.9704
      vertex 36.5907 40.495 70.9704
    endloop
  endfacet
  facet normal -0.0473599 -0.722859 -0.68937
    outer loop
      vertex 36.5918 40.4949 70.9704
      vertex 36 47.6 63.5608
      vertex 37.5141 47.5008 63.5608
    endloop
  endfacet
  facet normal -0.602348 0.402422 -0.689372
    outer loop
      vertex 39.9263 -38.2668 70.9704
      vertex 46.0459 -41.8 63.5608
      vertex 39.5974 -38.7591 70.9704
    endloop
  endfacet
  facet normal -0.710484 -0.141362 -0.689369
    outer loop
      vertex 47.5008 37.5141 63.5608
      vertex 40.3792 37.1734 70.9704
      vertex 47.2047 39.0023 63.5608
    endloop
  endfacet
  facet normal -0.710394 -0.142079 -0.689315
    outer loop
      vertex 40.3792 37.1734 70.9704
      vertex 47.5008 37.5141 63.5608
      vertex 40.3794 37.1724 70.9704
    endloop
  endfacet
  facet normal -0.402422 -0.602348 -0.689372
    outer loop
      vertex 41.8 46.0459 63.5608
      vertex 38.7591 39.5974 70.9704
      vertex 38.2668 39.9263 70.9704
    endloop
  endfacet
  facet normal -0.434215 -0.578954 -0.690123
    outer loop
      vertex 38.7591 39.5974 70.9704
      vertex 43.0616 45.2029 63.5608
      vertex 38.7599 39.5968 70.9704
    endloop
  endfacet
  facet normal -0.40247 -0.602321 -0.689367
    outer loop
      vertex 43.0616 45.2029 63.5608
      vertex 38.7591 39.5974 70.9704
      vertex 41.8 46.0459 63.5608
    endloop
  endfacet
  facet normal -0.477677 0.544606 -0.689368
    outer loop
      vertex 39.2058 -39.2058 70.9704
      vertex 44.2024 -44.2024 63.5608
      vertex 38.7607 -39.5962 70.9704
    endloop
  endfacet
  facet normal -0.477651 -0.544632 -0.689365
    outer loop
      vertex 38.7607 39.5962 70.9704
      vertex 43.0616 45.2029 63.5608
      vertex 44.2024 44.2024 63.5608
    endloop
  endfacet
  facet normal -0.434215 -0.578954 -0.690123
    outer loop
      vertex 43.0616 45.2029 63.5608
      vertex 38.7607 39.5962 70.9704
      vertex 38.7599 39.5968 70.9704
    endloop
  endfacet
  facet normal 0.710487 -0.141339 -0.68937
    outer loop
      vertex -40.3794 37.1724 70.9704
      vertex -40.4949 36.5918 70.9704
      vertex -47.5008 37.5141 63.5608
    endloop
  endfacet
  facet normal -0.602321 -0.40247 -0.689367
    outer loop
      vertex 39.5974 38.7591 70.9704
      vertex 45.2029 43.0616 63.5608
      vertex 46.0459 41.8 63.5608
    endloop
  endfacet
  facet normal -0.578954 -0.434215 -0.690123
    outer loop
      vertex 45.2029 43.0616 63.5608
      vertex 39.5974 38.7591 70.9704
      vertex 39.5968 38.7599 70.9704
    endloop
  endfacet
  facet normal -1 0 0
    outer loop
      vertex -15 47 3.4
      vertex -15 47.6 4.0554
      vertex -15 47.6 2.7446
    endloop
  endfacet
  facet normal 0 -0.737593 0.675245
    outer loop
      vertex -15 47 3.4
      vertex 15 47.6 4.0554
      vertex -15 47.6 4.0554
    endloop
  endfacet
  facet normal 0 -0.737593 0.675245
    outer loop
      vertex 15 47.6 4.0554
      vertex -15 47 3.4
      vertex 15 47 3.4
    endloop
  endfacet
  facet normal 0 -0.737593 -0.675245
    outer loop
      vertex -15 47.6 2.7446
      vertex 15 47 3.4
      vertex -15 47 3.4
    endloop
  endfacet
  facet normal 0 -0.737593 -0.675245
    outer loop
      vertex 15 47 3.4
      vertex -15 47.6 2.7446
      vertex 15 47.6 2.7446
    endloop
  endfacet
  facet normal 1 0 -0
    outer loop
      vertex 15 47.6 2.7446
      vertex 15 47.6 4.0554
      vertex 15 47 3.4
    endloop
  endfacet
  facet normal 0 -1 -0
    outer loop
      vertex 47.6 -15 4.0554
      vertex 47 -15 3.4
      vertex 47.6 -15 2.7446
    endloop
  endfacet
  facet normal -0.737593 0 0.675245
    outer loop
      vertex 47 -15 3.4
      vertex 47.6 15 4.0554
      vertex 47 15 3.4
    endloop
  endfacet
  facet normal -0.737593 0 0.675245
    outer loop
      vertex 47.6 15 4.0554
      vertex 47 -15 3.4
      vertex 47.6 -15 4.0554
    endloop
  endfacet
  facet normal 0 1 -0
    outer loop
      vertex 47.6 15 2.7446
      vertex 47 15 3.4
      vertex 47.6 15 4.0554
    endloop
  endfacet
  facet normal -0.737593 0 -0.675245
    outer loop
      vertex 47.6 -15 2.7446
      vertex 47 15 3.4
      vertex 47.6 15 2.7446
    endloop
  endfacet
  facet normal -0.737593 -0 -0.675245
    outer loop
      vertex 47 15 3.4
      vertex 47.6 -15 2.7446
      vertex 47 -15 3.4
    endloop
  endfacet
  facet normal -1 0 0
    outer loop
      vertex -15 -47.6 2.7446
      vertex -15 -47.6 4.0554
      vertex -15 -47 3.4
    endloop
  endfacet
  facet normal 1 0 0
    outer loop
      vertex 15 -47 3.4
      vertex 15 -47.6 4.0554
      vertex 15 -47.6 2.7446
    endloop
  endfacet
  facet normal 0 0.737593 -0.675245
    outer loop
      vertex 15 -47.6 2.7446
      vertex -15 -47 3.4
      vertex 15 -47 3.4
    endloop
  endfacet
  facet normal 0 0.737593 -0.675245
    outer loop
      vertex -15 -47 3.4
      vertex 15 -47.6 2.7446
      vertex -15 -47.6 2.7446
    endloop
  endfacet
  facet normal 0 0.737593 0.675245
    outer loop
      vertex 15 -47 3.4
      vertex -15 -47.6 4.0554
      vertex 15 -47.6 4.0554
    endloop
  endfacet
  facet normal 0 0.737593 0.675245
    outer loop
      vertex -15 -47.6 4.0554
      vertex 15 -47 3.4
      vertex -15 -47 3.4
    endloop
  endfacet
  facet normal -0 -1 0
    outer loop
      vertex -47 -15 3.4
      vertex -47.6 -15 4.0554
      vertex -47.6 -15 2.7446
    endloop
  endfacet
  facet normal 0.737593 -0 0.675245
    outer loop
      vertex -47.6 -15 4.0554
      vertex -47 15 3.4
      vertex -47.6 15 4.0554
    endloop
  endfacet
  facet normal 0.737593 0 0.675245
    outer loop
      vertex -47 15 3.4
      vertex -47.6 -15 4.0554
      vertex -47 -15 3.4
    endloop
  endfacet
  facet normal 0 1 0
    outer loop
      vertex -47.6 15 2.7446
      vertex -47.6 15 4.0554
      vertex -47 15 3.4
    endloop
  endfacet
  facet normal 0.737593 0 -0.675245
    outer loop
      vertex -47 -15 3.4
      vertex -47.6 15 2.7446
      vertex -47 15 3.4
    endloop
  endfacet
  facet normal 0.737593 0 -0.675245
    outer loop
      vertex -47.6 15 2.7446
      vertex -47 -15 3.4
      vertex -47.6 -15 2.7446
    endloop
  endfacet
  facet normal 1 0 0
    outer loop
      vertex -33 -50 5.72205e-07
      vertex -33 -48.61 5.72205e-07
      vertex -33 -50 1.39001
    endloop
  endfacet
  facet normal -1 0 0
    outer loop
      vertex -17 -48.61 5.72205e-07
      vertex -17 -50 5.72205e-07
      vertex -17 -50 1.39001
    endloop
  endfacet
  facet normal 0 -0.707109 -0.707104
    outer loop
      vertex -33 -50 1.39001
      vertex -17 -48.61 5.72205e-07
      vertex -17 -50 1.39001
    endloop
  endfacet
  facet normal -0 -0.707109 -0.707104
    outer loop
      vertex -17 -48.61 5.72205e-07
      vertex -33 -50 1.39001
      vertex -33 -48.61 5.72205e-07
    endloop
  endfacet
  facet normal 1 0 0
    outer loop
      vertex 17 -50 5.72205e-07
      vertex 17 -48.61 5.72205e-07
      vertex 17 -50 1.39001
    endloop
  endfacet
  facet normal -1 0 0
    outer loop
      vertex 33 -48.61 5.72205e-07
      vertex 33 -50 5.72205e-07
      vertex 33 -50 1.39001
    endloop
  endfacet
  facet normal 0 -0.707109 -0.707104
    outer loop
      vertex 17 -50 1.39001
      vertex 33 -48.61 5.72205e-07
      vertex 33 -50 1.39001
    endloop
  endfacet
  facet normal -0 -0.707109 -0.707104
    outer loop
      vertex 33 -48.61 5.72205e-07
      vertex 17 -50 1.39001
      vertex 17 -48.61 5.72205e-07
    endloop
  endfacet
endsolid OpenSCAD_Model
