solid OpenSCAD_Model
  facet normal 0.0654172 -0.997858 0
    outer loop
      vertex 36 -50 0
      vertex 37.8274 -49.8802 2.4
      vertex 36 -50 2.4
    endloop
  endfacet
  facet normal 0.0654172 -0.997858 0
    outer loop
      vertex 37.8274 -49.8802 2.4
      vertex 36 -50 0
      vertex 37.8274 -49.8802 0
    endloop
  endfacet
  facet normal 0.321465 0.946921 -0
    outer loop
      vertex 41.3576 48.9343 0
      vertex 39.6235 49.523 2.4
      vertex 41.3576 48.9343 2.4
    endloop
  endfacet
  facet normal 0.321465 0.946921 0
    outer loop
      vertex 39.6235 49.523 2.4
      vertex 41.3576 48.9343 0
      vertex 39.6235 49.523 0
    endloop
  endfacet
  facet normal -0.946921 0.321465 0
    outer loop
      vertex -49.523 39.6235 0
      vertex -48.9343 41.3576 2.4
      vertex -48.9343 41.3576 0
    endloop
  endfacet
  facet normal -0.946921 0.321465 0
    outer loop
      vertex -48.9343 41.3576 2.4
      vertex -49.523 39.6235 0
      vertex -49.523 39.6235 2.4
    endloop
  endfacet
  facet normal -0.0654172 0.997858 0
    outer loop
      vertex -36 50 0
      vertex -37.8274 49.8802 2.4
      vertex -36 50 2.4
    endloop
  endfacet
  facet normal -0.0654172 0.997858 0
    outer loop
      vertex -37.8274 49.8802 2.4
      vertex -36 50 0
      vertex -37.8274 49.8802 0
    endloop
  endfacet
  facet normal -0.0654172 -0.997858 0
    outer loop
      vertex -37.8274 -49.8802 0
      vertex -36 -50 2.4
      vertex -37.8274 -49.8802 2.4
    endloop
  endfacet
  facet normal -0.0654172 -0.997858 -0
    outer loop
      vertex -36 -50 2.4
      vertex -37.8274 -49.8802 0
      vertex -36 -50 0
    endloop
  endfacet
  facet normal 0.659339 -0.751846 0
    outer loop
      vertex 44.5227 -47.1069 0
      vertex 45.8995 -45.8995 2.4
      vertex 44.5227 -47.1069 2.4
    endloop
  endfacet
  facet normal 0.659339 -0.751846 0
    outer loop
      vertex 45.8995 -45.8995 2.4
      vertex 44.5227 -47.1069 0
      vertex 45.8995 -45.8995 0
    endloop
  endfacet
  facet normal 0.555595 0.831453 -0
    outer loop
      vertex 44.5227 47.1069 0
      vertex 43 48.1244 2.4
      vertex 44.5227 47.1069 2.4
    endloop
  endfacet
  facet normal 0.555595 0.831453 0
    outer loop
      vertex 43 48.1244 2.4
      vertex 44.5227 47.1069 0
      vertex 43 48.1244 0
    endloop
  endfacet
  facet normal -0.980792 -0.195055 0
    outer loop
      vertex -49.523 -39.6235 0
      vertex -49.8802 -37.8274 2.4
      vertex -49.8802 -37.8274 0
    endloop
  endfacet
  facet normal -0.980792 -0.195055 0
    outer loop
      vertex -49.8802 -37.8274 2.4
      vertex -49.523 -39.6235 0
      vertex -49.523 -39.6235 2.4
    endloop
  endfacet
  facet normal -0.195055 -0.980792 0
    outer loop
      vertex -39.6235 -49.523 0
      vertex -37.8274 -49.8802 2.4
      vertex -39.6235 -49.523 2.4
    endloop
  endfacet
  facet normal -0.195055 -0.980792 -0
    outer loop
      vertex -37.8274 -49.8802 2.4
      vertex -39.6235 -49.523 0
      vertex -37.8274 -49.8802 0
    endloop
  endfacet
  facet normal -0.980792 0.195055 0
    outer loop
      vertex -49.8802 37.8274 0
      vertex -49.523 39.6235 2.4
      vertex -49.523 39.6235 0
    endloop
  endfacet
  facet normal -0.980792 0.195055 0
    outer loop
      vertex -49.523 39.6235 2.4
      vertex -49.8802 37.8274 0
      vertex -49.8802 37.8274 2.4
    endloop
  endfacet
  facet normal -0.831453 0.555595 0
    outer loop
      vertex -48.1244 43 0
      vertex -47.1069 44.5227 2.4
      vertex -47.1069 44.5227 0
    endloop
  endfacet
  facet normal -0.831453 0.555595 0
    outer loop
      vertex -47.1069 44.5227 2.4
      vertex -48.1244 43 0
      vertex -48.1244 43 2.4
    endloop
  endfacet
  facet normal 0.896882 0.44227 0
    outer loop
      vertex 48.9343 41.3576 2.4
      vertex 48.1244 43 0
      vertex 48.1244 43 2.4
    endloop
  endfacet
  facet normal 0.896882 0.44227 0
    outer loop
      vertex 48.1244 43 0
      vertex 48.9343 41.3576 2.4
      vertex 48.9343 41.3576 0
    endloop
  endfacet
  facet normal 0 -1 0
    outer loop
      vertex -36 -50 0
      vertex 36 -50 2.4
      vertex -36 -50 2.4
    endloop
  endfacet
  facet normal 0 -1 -0
    outer loop
      vertex 36 -50 2.4
      vertex -36 -50 0
      vertex 36 -50 0
    endloop
  endfacet
  facet normal 0.751846 -0.659339 0
    outer loop
      vertex 45.8995 -45.8995 2.4
      vertex 47.1069 -44.5227 0
      vertex 47.1069 -44.5227 2.4
    endloop
  endfacet
  facet normal 0.751846 -0.659339 0
    outer loop
      vertex 47.1069 -44.5227 0
      vertex 45.8995 -45.8995 2.4
      vertex 45.8995 -45.8995 0
    endloop
  endfacet
  facet normal -0.195055 0.980792 0
    outer loop
      vertex -37.8274 49.8802 0
      vertex -39.6235 49.523 2.4
      vertex -37.8274 49.8802 2.4
    endloop
  endfacet
  facet normal -0.195055 0.980792 0
    outer loop
      vertex -39.6235 49.523 2.4
      vertex -37.8274 49.8802 0
      vertex -39.6235 49.523 0
    endloop
  endfacet
  facet normal 0.946921 -0.321465 0
    outer loop
      vertex 48.9343 -41.3576 2.4
      vertex 49.523 -39.6235 0
      vertex 49.523 -39.6235 2.4
    endloop
  endfacet
  facet normal 0.946921 -0.321465 0
    outer loop
      vertex 49.523 -39.6235 0
      vertex 48.9343 -41.3576 2.4
      vertex 48.9343 -41.3576 0
    endloop
  endfacet
  facet normal -0.831453 -0.555595 0
    outer loop
      vertex -47.1069 -44.5227 0
      vertex -48.1244 -43 2.4
      vertex -48.1244 -43 0
    endloop
  endfacet
  facet normal -0.831453 -0.555595 0
    outer loop
      vertex -48.1244 -43 2.4
      vertex -47.1069 -44.5227 0
      vertex -47.1069 -44.5227 2.4
    endloop
  endfacet
  facet normal -0.751846 -0.659339 0
    outer loop
      vertex -45.8995 -45.8995 0
      vertex -47.1069 -44.5227 2.4
      vertex -47.1069 -44.5227 0
    endloop
  endfacet
  facet normal -0.751846 -0.659339 0
    outer loop
      vertex -47.1069 -44.5227 2.4
      vertex -45.8995 -45.8995 0
      vertex -45.8995 -45.8995 2.4
    endloop
  endfacet
  facet normal 0 1 -0
    outer loop
      vertex 36 50 0
      vertex -36 50 2.4
      vertex 36 50 2.4
    endloop
  endfacet
  facet normal 0 1 0
    outer loop
      vertex -36 50 2.4
      vertex 36 50 0
      vertex -36 50 0
    endloop
  endfacet
  facet normal -0.44227 0.896882 0
    outer loop
      vertex -41.3576 48.9343 0
      vertex -43 48.1244 2.4
      vertex -41.3576 48.9343 2.4
    endloop
  endfacet
  facet normal -0.44227 0.896882 0
    outer loop
      vertex -43 48.1244 2.4
      vertex -41.3576 48.9343 0
      vertex -43 48.1244 0
    endloop
  endfacet
  facet normal -1 0 0
    outer loop
      vertex -50 -36 0
      vertex -50 36 2.4
      vertex -50 36 0
    endloop
  endfacet
  facet normal -1 -0 0
    outer loop
      vertex -50 36 2.4
      vertex -50 -36 0
      vertex -50 -36 2.4
    endloop
  endfacet
  facet normal -0.896882 -0.44227 0
    outer loop
      vertex -48.1244 -43 0
      vertex -48.9343 -41.3576 2.4
      vertex -48.9343 -41.3576 0
    endloop
  endfacet
  facet normal -0.896882 -0.44227 0
    outer loop
      vertex -48.9343 -41.3576 2.4
      vertex -48.1244 -43 0
      vertex -48.1244 -43 2.4
    endloop
  endfacet
  facet normal 0.831453 -0.555595 0
    outer loop
      vertex 47.1069 -44.5227 2.4
      vertex 48.1244 -43 0
      vertex 48.1244 -43 2.4
    endloop
  endfacet
  facet normal 0.831453 -0.555595 0
    outer loop
      vertex 48.1244 -43 0
      vertex 47.1069 -44.5227 2.4
      vertex 47.1069 -44.5227 0
    endloop
  endfacet
  facet normal 0.980792 0.195055 0
    outer loop
      vertex 49.8802 37.8274 2.4
      vertex 49.523 39.6235 0
      vertex 49.523 39.6235 2.4
    endloop
  endfacet
  facet normal 0.980792 0.195055 0
    outer loop
      vertex 49.523 39.6235 0
      vertex 49.8802 37.8274 2.4
      vertex 49.8802 37.8274 0
    endloop
  endfacet
  facet normal 0.980792 -0.195055 0
    outer loop
      vertex 49.523 -39.6235 2.4
      vertex 49.8802 -37.8274 0
      vertex 49.8802 -37.8274 2.4
    endloop
  endfacet
  facet normal 0.980792 -0.195055 0
    outer loop
      vertex 49.8802 -37.8274 0
      vertex 49.523 -39.6235 2.4
      vertex 49.523 -39.6235 0
    endloop
  endfacet
  facet normal -0.659339 0.751846 0
    outer loop
      vertex -44.5227 47.1069 0
      vertex -45.8995 45.8995 2.4
      vertex -44.5227 47.1069 2.4
    endloop
  endfacet
  facet normal -0.659339 0.751846 0
    outer loop
      vertex -45.8995 45.8995 2.4
      vertex -44.5227 47.1069 0
      vertex -45.8995 45.8995 0
    endloop
  endfacet
  facet normal 0.555595 -0.831453 0
    outer loop
      vertex 43 -48.1244 0
      vertex 44.5227 -47.1069 2.4
      vertex 43 -48.1244 2.4
    endloop
  endfacet
  facet normal 0.555595 -0.831453 0
    outer loop
      vertex 44.5227 -47.1069 2.4
      vertex 43 -48.1244 0
      vertex 44.5227 -47.1069 0
    endloop
  endfacet
  facet normal 0.0654172 0.997858 -0
    outer loop
      vertex 37.8274 49.8802 0
      vertex 36 50 2.4
      vertex 37.8274 49.8802 2.4
    endloop
  endfacet
  facet normal 0.0654172 0.997858 0
    outer loop
      vertex 36 50 2.4
      vertex 37.8274 49.8802 0
      vertex 36 50 0
    endloop
  endfacet
  facet normal 0.321465 -0.946921 0
    outer loop
      vertex 39.6235 -49.523 0
      vertex 41.3576 -48.9343 2.4
      vertex 39.6235 -49.523 2.4
    endloop
  endfacet
  facet normal 0.321465 -0.946921 0
    outer loop
      vertex 41.3576 -48.9343 2.4
      vertex 39.6235 -49.523 0
      vertex 41.3576 -48.9343 0
    endloop
  endfacet
  facet normal -0.946921 -0.321465 0
    outer loop
      vertex -48.9343 -41.3576 0
      vertex -49.523 -39.6235 2.4
      vertex -49.523 -39.6235 0
    endloop
  endfacet
  facet normal -0.946921 -0.321465 0
    outer loop
      vertex -49.523 -39.6235 2.4
      vertex -48.9343 -41.3576 0
      vertex -48.9343 -41.3576 2.4
    endloop
  endfacet
  facet normal 0.659339 0.751846 -0
    outer loop
      vertex 45.8995 45.8995 0
      vertex 44.5227 47.1069 2.4
      vertex 45.8995 45.8995 2.4
    endloop
  endfacet
  facet normal 0.659339 0.751846 0
    outer loop
      vertex 44.5227 47.1069 2.4
      vertex 45.8995 45.8995 0
      vertex 44.5227 47.1069 0
    endloop
  endfacet
  facet normal -0.555595 -0.831453 0
    outer loop
      vertex -44.5227 -47.1069 0
      vertex -43 -48.1244 2.4
      vertex -44.5227 -47.1069 2.4
    endloop
  endfacet
  facet normal -0.555595 -0.831453 -0
    outer loop
      vertex -43 -48.1244 2.4
      vertex -44.5227 -47.1069 0
      vertex -43 -48.1244 0
    endloop
  endfacet
  facet normal -0.659339 -0.751846 0
    outer loop
      vertex -45.8995 -45.8995 0
      vertex -44.5227 -47.1069 2.4
      vertex -45.8995 -45.8995 2.4
    endloop
  endfacet
  facet normal -0.659339 -0.751846 -0
    outer loop
      vertex -44.5227 -47.1069 2.4
      vertex -45.8995 -45.8995 0
      vertex -44.5227 -47.1069 0
    endloop
  endfacet
  facet normal -0.997858 -0.0654172 0
    outer loop
      vertex -49.8802 -37.8274 0
      vertex -50 -36 2.4
      vertex -50 -36 0
    endloop
  endfacet
  facet normal -0.997858 -0.0654172 0
    outer loop
      vertex -50 -36 2.4
      vertex -49.8802 -37.8274 0
      vertex -49.8802 -37.8274 2.4
    endloop
  endfacet
  facet normal -0.44227 -0.896882 0
    outer loop
      vertex -43 -48.1244 0
      vertex -41.3576 -48.9343 2.4
      vertex -43 -48.1244 2.4
    endloop
  endfacet
  facet normal -0.44227 -0.896882 -0
    outer loop
      vertex -41.3576 -48.9343 2.4
      vertex -43 -48.1244 0
      vertex -41.3576 -48.9343 0
    endloop
  endfacet
  facet normal -0.321465 -0.946921 0
    outer loop
      vertex -41.3576 -48.9343 0
      vertex -39.6235 -49.523 2.4
      vertex -41.3576 -48.9343 2.4
    endloop
  endfacet
  facet normal -0.321465 -0.946921 -0
    outer loop
      vertex -39.6235 -49.523 2.4
      vertex -41.3576 -48.9343 0
      vertex -39.6235 -49.523 0
    endloop
  endfacet
  facet normal 0.195055 -0.980792 0
    outer loop
      vertex 37.8274 -49.8802 0
      vertex 39.6235 -49.523 2.4
      vertex 37.8274 -49.8802 2.4
    endloop
  endfacet
  facet normal 0.195055 -0.980792 0
    outer loop
      vertex 39.6235 -49.523 2.4
      vertex 37.8274 -49.8802 0
      vertex 39.6235 -49.523 0
    endloop
  endfacet
  facet normal 0.997858 -0.0654172 0
    outer loop
      vertex 49.8802 -37.8274 2.4
      vertex 50 -36 0
      vertex 50 -36 2.4
    endloop
  endfacet
  facet normal 0.997858 -0.0654172 0
    outer loop
      vertex 50 -36 0
      vertex 49.8802 -37.8274 2.4
      vertex 49.8802 -37.8274 0
    endloop
  endfacet
  facet normal 0.946921 0.321465 0
    outer loop
      vertex 49.523 39.6235 2.4
      vertex 48.9343 41.3576 0
      vertex 48.9343 41.3576 2.4
    endloop
  endfacet
  facet normal 0.946921 0.321465 0
    outer loop
      vertex 48.9343 41.3576 0
      vertex 49.523 39.6235 2.4
      vertex 49.523 39.6235 0
    endloop
  endfacet
  facet normal -0.321465 0.946921 0
    outer loop
      vertex -39.6235 49.523 0
      vertex -41.3576 48.9343 2.4
      vertex -39.6235 49.523 2.4
    endloop
  endfacet
  facet normal -0.321465 0.946921 0
    outer loop
      vertex -41.3576 48.9343 2.4
      vertex -39.6235 49.523 0
      vertex -41.3576 48.9343 0
    endloop
  endfacet
  facet normal 0.997858 0.0654172 0
    outer loop
      vertex 50 36 2.4
      vertex 49.8802 37.8274 0
      vertex 49.8802 37.8274 2.4
    endloop
  endfacet
  facet normal 0.997858 0.0654172 0
    outer loop
      vertex 49.8802 37.8274 0
      vertex 50 36 2.4
      vertex 50 36 0
    endloop
  endfacet
  facet normal 0.896882 -0.44227 0
    outer loop
      vertex 48.1244 -43 2.4
      vertex 48.9343 -41.3576 0
      vertex 48.9343 -41.3576 2.4
    endloop
  endfacet
  facet normal 0.896882 -0.44227 0
    outer loop
      vertex 48.9343 -41.3576 0
      vertex 48.1244 -43 2.4
      vertex 48.1244 -43 0
    endloop
  endfacet
  facet normal 0.751846 0.659339 0
    outer loop
      vertex 47.1069 44.5227 2.4
      vertex 45.8995 45.8995 0
      vertex 45.8995 45.8995 2.4
    endloop
  endfacet
  facet normal 0.751846 0.659339 0
    outer loop
      vertex 45.8995 45.8995 0
      vertex 47.1069 44.5227 2.4
      vertex 47.1069 44.5227 0
    endloop
  endfacet
  facet normal -0.751846 0.659339 0
    outer loop
      vertex -47.1069 44.5227 0
      vertex -45.8995 45.8995 2.4
      vertex -45.8995 45.8995 0
    endloop
  endfacet
  facet normal -0.751846 0.659339 0
    outer loop
      vertex -45.8995 45.8995 2.4
      vertex -47.1069 44.5227 0
      vertex -47.1069 44.5227 2.4
    endloop
  endfacet
  facet normal -0.555595 0.831453 0
    outer loop
      vertex -43 48.1244 0
      vertex -44.5227 47.1069 2.4
      vertex -43 48.1244 2.4
    endloop
  endfacet
  facet normal -0.555595 0.831453 0
    outer loop
      vertex -44.5227 47.1069 2.4
      vertex -43 48.1244 0
      vertex -44.5227 47.1069 0
    endloop
  endfacet
  facet normal -0.997858 0.0654172 0
    outer loop
      vertex -50 36 0
      vertex -49.8802 37.8274 2.4
      vertex -49.8802 37.8274 0
    endloop
  endfacet
  facet normal -0.997858 0.0654172 0
    outer loop
      vertex -49.8802 37.8274 2.4
      vertex -50 36 0
      vertex -50 36 2.4
    endloop
  endfacet
  facet normal -0.896882 0.44227 0
    outer loop
      vertex -48.9343 41.3576 0
      vertex -48.1244 43 2.4
      vertex -48.1244 43 0
    endloop
  endfacet
  facet normal -0.896882 0.44227 0
    outer loop
      vertex -48.1244 43 2.4
      vertex -48.9343 41.3576 0
      vertex -48.9343 41.3576 2.4
    endloop
  endfacet
  facet normal 0.195055 0.980792 -0
    outer loop
      vertex 39.6235 49.523 0
      vertex 37.8274 49.8802 2.4
      vertex 39.6235 49.523 2.4
    endloop
  endfacet
  facet normal 0.195055 0.980792 0
    outer loop
      vertex 37.8274 49.8802 2.4
      vertex 39.6235 49.523 0
      vertex 37.8274 49.8802 0
    endloop
  endfacet
  facet normal 0 0 1
    outer loop
      vertex 47.4 36 2.4
      vertex 50 36 2.4
      vertex 49.8802 37.8274 2.4
    endloop
  endfacet
  facet normal 0 0 1
    outer loop
      vertex 50 36 2.4
      vertex 47.4 36 2.4
      vertex 50 -36 2.4
    endloop
  endfacet
  facet normal 0 0 1
    outer loop
      vertex 47.3025 37.488 2.4
      vertex 49.8802 37.8274 2.4
      vertex 49.523 39.6235 2.4
    endloop
  endfacet
  facet normal 0 0 1
    outer loop
      vertex 47.4 -36 2.4
      vertex 50 -36 2.4
      vertex 47.4 36 2.4
    endloop
  endfacet
  facet normal 0 0 1
    outer loop
      vertex 47.0116 38.9505 2.4
      vertex 49.523 39.6235 2.4
      vertex 48.9343 41.3576 2.4
    endloop
  endfacet
  facet normal 0 0 1
    outer loop
      vertex 50 -36 2.4
      vertex 47.4 -36 2.4
      vertex 49.8802 -37.8274 2.4
    endloop
  endfacet
  facet normal 0 0 1
    outer loop
      vertex 46.5322 40.3626 2.4
      vertex 48.9343 41.3576 2.4
      vertex 48.1244 43 2.4
    endloop
  endfacet
  facet normal -0 0 1
    outer loop
      vertex 47.3025 -37.488 2.4
      vertex 49.8802 -37.8274 2.4
      vertex 47.4 -36 2.4
    endloop
  endfacet
  facet normal 0 0 1
    outer loop
      vertex 49.8802 -37.8274 2.4
      vertex 47.3025 -37.488 2.4
      vertex 49.523 -39.6235 2.4
    endloop
  endfacet
  facet normal 0 0 1
    outer loop
      vertex 49.8802 37.8274 2.4
      vertex 47.3025 37.488 2.4
      vertex 47.4 36 2.4
    endloop
  endfacet
  facet normal 0 0 1
    outer loop
      vertex 45.8727 41.7 2.4
      vertex 48.1244 43 2.4
      vertex 47.1069 44.5227 2.4
    endloop
  endfacet
  facet normal 0 0 1
    outer loop
      vertex 49.523 39.6235 2.4
      vertex 47.0116 38.9505 2.4
      vertex 47.3025 37.488 2.4
    endloop
  endfacet
  facet normal 0 0 1
    outer loop
      vertex 48.9343 41.3576 2.4
      vertex 46.5322 40.3626 2.4
      vertex 47.0116 38.9505 2.4
    endloop
  endfacet
  facet normal 0 0 1
    outer loop
      vertex 45.0442 42.9399 2.4
      vertex 47.1069 44.5227 2.4
      vertex 45.8995 45.8995 2.4
    endloop
  endfacet
  facet normal 0 0 1
    outer loop
      vertex 48.1244 43 2.4
      vertex 45.8727 41.7 2.4
      vertex 46.5322 40.3626 2.4
    endloop
  endfacet
  facet normal 0 0 1
    outer loop
      vertex 47.1069 44.5227 2.4
      vertex 45.0442 42.9399 2.4
      vertex 45.8727 41.7 2.4
    endloop
  endfacet
  facet normal 0 0 1
    outer loop
      vertex 44.061 44.061 2.4
      vertex 45.8995 45.8995 2.4
      vertex 44.5227 47.1069 2.4
    endloop
  endfacet
  facet normal 0 0 1
    outer loop
      vertex 45.8995 45.8995 2.4
      vertex 44.061 44.061 2.4
      vertex 45.0442 42.9399 2.4
    endloop
  endfacet
  facet normal 0 0 1
    outer loop
      vertex 42.9399 45.0442 2.4
      vertex 44.5227 47.1069 2.4
      vertex 43 48.1244 2.4
    endloop
  endfacet
  facet normal 0 0 1
    outer loop
      vertex 44.5227 47.1069 2.4
      vertex 42.9399 45.0442 2.4
      vertex 44.061 44.061 2.4
    endloop
  endfacet
  facet normal 0 0 1
    outer loop
      vertex 43 48.1244 2.4
      vertex 41.7 45.8727 2.4
      vertex 42.9399 45.0442 2.4
    endloop
  endfacet
  facet normal 0 0 1
    outer loop
      vertex 41.3576 48.9343 2.4
      vertex 41.7 45.8727 2.4
      vertex 43 48.1244 2.4
    endloop
  endfacet
  facet normal 0 0 1
    outer loop
      vertex 41.3576 48.9343 2.4
      vertex 40.3626 46.5322 2.4
      vertex 41.7 45.8727 2.4
    endloop
  endfacet
  facet normal 0 0 1
    outer loop
      vertex 39.6235 49.523 2.4
      vertex 40.3626 46.5322 2.4
      vertex 41.3576 48.9343 2.4
    endloop
  endfacet
  facet normal 0 0 1
    outer loop
      vertex 39.6235 49.523 2.4
      vertex 38.9505 47.0116 2.4
      vertex 40.3626 46.5322 2.4
    endloop
  endfacet
  facet normal 0 0 1
    outer loop
      vertex 37.8274 49.8802 2.4
      vertex 38.9505 47.0116 2.4
      vertex 39.6235 49.523 2.4
    endloop
  endfacet
  facet normal 0 0 1
    outer loop
      vertex 37.8274 49.8802 2.4
      vertex 37.488 47.3025 2.4
      vertex 38.9505 47.0116 2.4
    endloop
  endfacet
  facet normal 0 0 1
    outer loop
      vertex 36 50 2.4
      vertex 37.488 47.3025 2.4
      vertex 37.8274 49.8802 2.4
    endloop
  endfacet
  facet normal 0 0 1
    outer loop
      vertex 36 50 2.4
      vertex 36 47.4 2.4
      vertex 37.488 47.3025 2.4
    endloop
  endfacet
  facet normal -0 0 1
    outer loop
      vertex -36 50 2.4
      vertex 36 47.4 2.4
      vertex 36 50 2.4
    endloop
  endfacet
  facet normal 0 0 1
    outer loop
      vertex -36 50 2.4
      vertex -36 47.4 2.4
      vertex 36 47.4 2.4
    endloop
  endfacet
  facet normal 0 0 1
    outer loop
      vertex -36 50 2.4
      vertex -37.488 47.3025 2.4
      vertex -36 47.4 2.4
    endloop
  endfacet
  facet normal -0 0 1
    outer loop
      vertex -37.8274 49.8802 2.4
      vertex -37.488 47.3025 2.4
      vertex -36 50 2.4
    endloop
  endfacet
  facet normal 0 0 1
    outer loop
      vertex -37.8274 49.8802 2.4
      vertex -38.9505 47.0116 2.4
      vertex -37.488 47.3025 2.4
    endloop
  endfacet
  facet normal -0 0 1
    outer loop
      vertex -39.6235 49.523 2.4
      vertex -38.9505 47.0116 2.4
      vertex -37.8274 49.8802 2.4
    endloop
  endfacet
  facet normal 0 0 1
    outer loop
      vertex -39.6235 49.523 2.4
      vertex -40.3626 46.5322 2.4
      vertex -38.9505 47.0116 2.4
    endloop
  endfacet
  facet normal -0 0 1
    outer loop
      vertex -41.3576 48.9343 2.4
      vertex -40.3626 46.5322 2.4
      vertex -39.6235 49.523 2.4
    endloop
  endfacet
  facet normal 0 0 1
    outer loop
      vertex -41.3576 48.9343 2.4
      vertex -41.7 45.8727 2.4
      vertex -40.3626 46.5322 2.4
    endloop
  endfacet
  facet normal -0 0 1
    outer loop
      vertex -43 48.1244 2.4
      vertex -41.7 45.8727 2.4
      vertex -41.3576 48.9343 2.4
    endloop
  endfacet
  facet normal 0 0 1
    outer loop
      vertex -41.7 45.8727 2.4
      vertex -43 48.1244 2.4
      vertex -42.9399 45.0442 2.4
    endloop
  endfacet
  facet normal -0 0 1
    outer loop
      vertex -44.5227 47.1069 2.4
      vertex -42.9399 45.0442 2.4
      vertex -43 48.1244 2.4
    endloop
  endfacet
  facet normal 0 0 1
    outer loop
      vertex -42.9399 45.0442 2.4
      vertex -44.5227 47.1069 2.4
      vertex -44.061 44.061 2.4
    endloop
  endfacet
  facet normal -0 0 1
    outer loop
      vertex -45.8995 45.8995 2.4
      vertex -44.061 44.061 2.4
      vertex -44.5227 47.1069 2.4
    endloop
  endfacet
  facet normal 0 0 1
    outer loop
      vertex -44.061 44.061 2.4
      vertex -45.8995 45.8995 2.4
      vertex -45.0442 42.9399 2.4
    endloop
  endfacet
  facet normal -0 0 1
    outer loop
      vertex -47.1069 44.5227 2.4
      vertex -45.0442 42.9399 2.4
      vertex -45.8995 45.8995 2.4
    endloop
  endfacet
  facet normal 0 0 1
    outer loop
      vertex -45.0442 42.9399 2.4
      vertex -47.1069 44.5227 2.4
      vertex -45.8727 41.7 2.4
    endloop
  endfacet
  facet normal -0 0 1
    outer loop
      vertex -48.1244 43 2.4
      vertex -45.8727 41.7 2.4
      vertex -47.1069 44.5227 2.4
    endloop
  endfacet
  facet normal 0 0 1
    outer loop
      vertex -45.8727 41.7 2.4
      vertex -48.1244 43 2.4
      vertex -46.5322 40.3626 2.4
    endloop
  endfacet
  facet normal -0 0 1
    outer loop
      vertex -48.9343 41.3576 2.4
      vertex -46.5322 40.3626 2.4
      vertex -48.1244 43 2.4
    endloop
  endfacet
  facet normal 0 0 1
    outer loop
      vertex -46.5322 40.3626 2.4
      vertex -48.9343 41.3576 2.4
      vertex -47.0116 38.9505 2.4
    endloop
  endfacet
  facet normal 0 0 1
    outer loop
      vertex -47.0116 38.9505 2.4
      vertex -49.523 39.6235 2.4
      vertex -47.3025 37.488 2.4
    endloop
  endfacet
  facet normal -0 0 1
    outer loop
      vertex -49.523 39.6235 2.4
      vertex -47.0116 38.9505 2.4
      vertex -48.9343 41.3576 2.4
    endloop
  endfacet
  facet normal -0 0 1
    outer loop
      vertex 47.0116 -38.9505 2.4
      vertex 49.523 -39.6235 2.4
      vertex 47.3025 -37.488 2.4
    endloop
  endfacet
  facet normal 0 0 1
    outer loop
      vertex 49.523 -39.6235 2.4
      vertex 47.0116 -38.9505 2.4
      vertex 48.9343 -41.3576 2.4
    endloop
  endfacet
  facet normal -0 0 1
    outer loop
      vertex 46.5322 -40.3626 2.4
      vertex 48.9343 -41.3576 2.4
      vertex 47.0116 -38.9505 2.4
    endloop
  endfacet
  facet normal 0 0 1
    outer loop
      vertex 48.9343 -41.3576 2.4
      vertex 46.5322 -40.3626 2.4
      vertex 48.1244 -43 2.4
    endloop
  endfacet
  facet normal -0 0 1
    outer loop
      vertex 45.8727 -41.7 2.4
      vertex 48.1244 -43 2.4
      vertex 46.5322 -40.3626 2.4
    endloop
  endfacet
  facet normal 0 0 1
    outer loop
      vertex 48.1244 -43 2.4
      vertex 45.8727 -41.7 2.4
      vertex 47.1069 -44.5227 2.4
    endloop
  endfacet
  facet normal -0 0 1
    outer loop
      vertex 45.0442 -42.9399 2.4
      vertex 47.1069 -44.5227 2.4
      vertex 45.8727 -41.7 2.4
    endloop
  endfacet
  facet normal 0 0 1
    outer loop
      vertex 47.1069 -44.5227 2.4
      vertex 45.0442 -42.9399 2.4
      vertex 45.8995 -45.8995 2.4
    endloop
  endfacet
  facet normal -0 0 1
    outer loop
      vertex 44.061 -44.061 2.4
      vertex 45.8995 -45.8995 2.4
      vertex 45.0442 -42.9399 2.4
    endloop
  endfacet
  facet normal 0 0 1
    outer loop
      vertex 45.8995 -45.8995 2.4
      vertex 44.061 -44.061 2.4
      vertex 44.5227 -47.1069 2.4
    endloop
  endfacet
  facet normal -0 0 1
    outer loop
      vertex 42.9399 -45.0442 2.4
      vertex 44.5227 -47.1069 2.4
      vertex 44.061 -44.061 2.4
    endloop
  endfacet
  facet normal 0 0 1
    outer loop
      vertex 44.5227 -47.1069 2.4
      vertex 42.9399 -45.0442 2.4
      vertex 43 -48.1244 2.4
    endloop
  endfacet
  facet normal -0 0 1
    outer loop
      vertex 41.7 -45.8727 2.4
      vertex 43 -48.1244 2.4
      vertex 42.9399 -45.0442 2.4
    endloop
  endfacet
  facet normal 0 0 1
    outer loop
      vertex 41.7 -45.8727 2.4
      vertex 41.3576 -48.9343 2.4
      vertex 43 -48.1244 2.4
    endloop
  endfacet
  facet normal -0 0 1
    outer loop
      vertex 40.3626 -46.5322 2.4
      vertex 41.3576 -48.9343 2.4
      vertex 41.7 -45.8727 2.4
    endloop
  endfacet
  facet normal 0 0 1
    outer loop
      vertex 40.3626 -46.5322 2.4
      vertex 39.6235 -49.523 2.4
      vertex 41.3576 -48.9343 2.4
    endloop
  endfacet
  facet normal -0 0 1
    outer loop
      vertex 38.9505 -47.0116 2.4
      vertex 39.6235 -49.523 2.4
      vertex 40.3626 -46.5322 2.4
    endloop
  endfacet
  facet normal 0 0 1
    outer loop
      vertex 38.9505 -47.0116 2.4
      vertex 37.8274 -49.8802 2.4
      vertex 39.6235 -49.523 2.4
    endloop
  endfacet
  facet normal -0 0 1
    outer loop
      vertex 37.488 -47.3025 2.4
      vertex 37.8274 -49.8802 2.4
      vertex 38.9505 -47.0116 2.4
    endloop
  endfacet
  facet normal -0 0 1
    outer loop
      vertex 36 -47.4 2.4
      vertex 37.8274 -49.8802 2.4
      vertex 37.488 -47.3025 2.4
    endloop
  endfacet
  facet normal 0 0 1
    outer loop
      vertex 36 -47.4 2.4
      vertex 36 -50 2.4
      vertex 37.8274 -49.8802 2.4
    endloop
  endfacet
  facet normal -0 0 1
    outer loop
      vertex -36 -47.4 2.4
      vertex 36 -50 2.4
      vertex 36 -47.4 2.4
    endloop
  endfacet
  facet normal 0 0 1
    outer loop
      vertex -36 -47.4 2.4
      vertex -36 -50 2.4
      vertex 36 -50 2.4
    endloop
  endfacet
  facet normal 0 0 1
    outer loop
      vertex -37.488 -47.3025 2.4
      vertex -36 -50 2.4
      vertex -36 -47.4 2.4
    endloop
  endfacet
  facet normal 0 0 1
    outer loop
      vertex -37.488 -47.3025 2.4
      vertex -37.8274 -49.8802 2.4
      vertex -36 -50 2.4
    endloop
  endfacet
  facet normal 0 0 1
    outer loop
      vertex -38.9505 -47.0116 2.4
      vertex -37.8274 -49.8802 2.4
      vertex -37.488 -47.3025 2.4
    endloop
  endfacet
  facet normal 0 0 1
    outer loop
      vertex -38.9505 -47.0116 2.4
      vertex -39.6235 -49.523 2.4
      vertex -37.8274 -49.8802 2.4
    endloop
  endfacet
  facet normal 0 0 1
    outer loop
      vertex -40.3626 -46.5322 2.4
      vertex -39.6235 -49.523 2.4
      vertex -38.9505 -47.0116 2.4
    endloop
  endfacet
  facet normal 0 0 1
    outer loop
      vertex -40.3626 -46.5322 2.4
      vertex -41.3576 -48.9343 2.4
      vertex -39.6235 -49.523 2.4
    endloop
  endfacet
  facet normal 0 0 1
    outer loop
      vertex -41.7 -45.8727 2.4
      vertex -41.3576 -48.9343 2.4
      vertex -40.3626 -46.5322 2.4
    endloop
  endfacet
  facet normal 0 0 1
    outer loop
      vertex -43 -48.1244 2.4
      vertex -41.7 -45.8727 2.4
      vertex -42.9399 -45.0442 2.4
    endloop
  endfacet
  facet normal 0 0 1
    outer loop
      vertex -41.7 -45.8727 2.4
      vertex -43 -48.1244 2.4
      vertex -41.3576 -48.9343 2.4
    endloop
  endfacet
  facet normal 0 0 1
    outer loop
      vertex -44.5227 -47.1069 2.4
      vertex -42.9399 -45.0442 2.4
      vertex -44.061 -44.061 2.4
    endloop
  endfacet
  facet normal 0 0 1
    outer loop
      vertex -42.9399 -45.0442 2.4
      vertex -44.5227 -47.1069 2.4
      vertex -43 -48.1244 2.4
    endloop
  endfacet
  facet normal 0 0 1
    outer loop
      vertex -45.8995 -45.8995 2.4
      vertex -44.061 -44.061 2.4
      vertex -45.0442 -42.9399 2.4
    endloop
  endfacet
  facet normal 0 0 1
    outer loop
      vertex -47.1069 -44.5227 2.4
      vertex -45.0442 -42.9399 2.4
      vertex -45.8727 -41.7 2.4
    endloop
  endfacet
  facet normal 0 0 1
    outer loop
      vertex -44.061 -44.061 2.4
      vertex -45.8995 -45.8995 2.4
      vertex -44.5227 -47.1069 2.4
    endloop
  endfacet
  facet normal 0 0 1
    outer loop
      vertex -48.1244 -43 2.4
      vertex -45.8727 -41.7 2.4
      vertex -46.5322 -40.3626 2.4
    endloop
  endfacet
  facet normal 0 0 1
    outer loop
      vertex -48.9343 -41.3576 2.4
      vertex -46.5322 -40.3626 2.4
      vertex -47.0116 -38.9505 2.4
    endloop
  endfacet
  facet normal 0 0 1
    outer loop
      vertex -45.0442 -42.9399 2.4
      vertex -47.1069 -44.5227 2.4
      vertex -45.8995 -45.8995 2.4
    endloop
  endfacet
  facet normal 0 0 1
    outer loop
      vertex -49.523 -39.6235 2.4
      vertex -47.0116 -38.9505 2.4
      vertex -47.3025 -37.488 2.4
    endloop
  endfacet
  facet normal 0 0 1
    outer loop
      vertex -49.8802 -37.8274 2.4
      vertex -47.3025 -37.488 2.4
      vertex -47.4 -36 2.4
    endloop
  endfacet
  facet normal 0 0 1
    outer loop
      vertex -45.8727 -41.7 2.4
      vertex -48.1244 -43 2.4
      vertex -47.1069 -44.5227 2.4
    endloop
  endfacet
  facet normal 0 0 1
    outer loop
      vertex -47.4 36 2.4
      vertex -50 36 2.4
      vertex -47.4 -36 2.4
    endloop
  endfacet
  facet normal -0 0 1
    outer loop
      vertex -49.8802 37.8274 2.4
      vertex -47.3025 37.488 2.4
      vertex -49.523 39.6235 2.4
    endloop
  endfacet
  facet normal 0 0 1
    outer loop
      vertex -50 -36 2.4
      vertex -47.4 -36 2.4
      vertex -50 36 2.4
    endloop
  endfacet
  facet normal 0 0 1
    outer loop
      vertex -47.3025 37.488 2.4
      vertex -49.8802 37.8274 2.4
      vertex -47.4 36 2.4
    endloop
  endfacet
  facet normal 0 -0 1
    outer loop
      vertex -49.8802 -37.8274 2.4
      vertex -47.4 -36 2.4
      vertex -50 -36 2.4
    endloop
  endfacet
  facet normal 0 0 1
    outer loop
      vertex -47.4 36 2.4
      vertex -49.8802 37.8274 2.4
      vertex -50 36 2.4
    endloop
  endfacet
  facet normal 0 0 1
    outer loop
      vertex -46.5322 -40.3626 2.4
      vertex -48.9343 -41.3576 2.4
      vertex -48.1244 -43 2.4
    endloop
  endfacet
  facet normal 0 0 1
    outer loop
      vertex -47.0116 -38.9505 2.4
      vertex -49.523 -39.6235 2.4
      vertex -48.9343 -41.3576 2.4
    endloop
  endfacet
  facet normal 0 0 1
    outer loop
      vertex -47.3025 -37.488 2.4
      vertex -49.8802 -37.8274 2.4
      vertex -49.523 -39.6235 2.4
    endloop
  endfacet
  facet normal 0 0 1
    outer loop
      vertex 36 45.4 2.4
      vertex 45.4 36 2.4
      vertex 45.3196 37.2269 2.4
    endloop
  endfacet
  facet normal 0 0 1
    outer loop
      vertex 45.4 36 2.4
      vertex 5.69003 -21.5869 2.4
      vertex 45.4 -36 2.4
    endloop
  endfacet
  facet normal 0 0 1
    outer loop
      vertex 36 45.4 2.4
      vertex 45.3196 37.2269 2.4
      vertex 45.0797 38.4329 2.4
    endloop
  endfacet
  facet normal -0 -0 1
    outer loop
      vertex 5.79904 -21.75 2.4
      vertex 45.4 -36 2.4
      vertex 5.69003 -21.5869 2.4
    endloop
  endfacet
  facet normal 0 0 1
    outer loop
      vertex 36 45.4 2.4
      vertex 45.0797 38.4329 2.4
      vertex 44.6845 39.5972 2.4
    endloop
  endfacet
  facet normal -0 -0 1
    outer loop
      vertex 5.94888 -22.1118 2.4
      vertex 45.4 -36 2.4
      vertex 5.88582 -21.926 2.4
    endloop
  endfacet
  facet normal 0 0 1
    outer loop
      vertex 36 45.4 2.4
      vertex 44.6845 39.5972 2.4
      vertex 44.1406 40.7 2.4
    endloop
  endfacet
  facet normal -0 -0 1
    outer loop
      vertex 5.98717 -22.3042 2.4
      vertex 45.4 -36 2.4
      vertex 5.94888 -22.1118 2.4
    endloop
  endfacet
  facet normal 0 0 1
    outer loop
      vertex 36 45.4 2.4
      vertex 44.1406 40.7 2.4
      vertex 43.4575 41.7224 2.4
    endloop
  endfacet
  facet normal -0 -0 1
    outer loop
      vertex 6 -22.5 2.4
      vertex 45.4 -36 2.4
      vertex 5.98717 -22.3042 2.4
    endloop
  endfacet
  facet normal 0 0 1
    outer loop
      vertex 36 45.4 2.4
      vertex 43.4575 41.7224 2.4
      vertex 42.6468 42.6468 2.4
    endloop
  endfacet
  facet normal -0 0 1
    outer loop
      vertex 6 -27.5 2.4
      vertex 45.4 -36 2.4
      vertex 6 -22.5 2.4
    endloop
  endfacet
  facet normal 0 0 1
    outer loop
      vertex 36 45.4 2.4
      vertex 42.6468 42.6468 2.4
      vertex 41.7224 43.4575 2.4
    endloop
  endfacet
  facet normal 0 -0 1
    outer loop
      vertex 36 -45.4 2.4
      vertex 45.4 -36 2.4
      vertex 6 -27.5 2.4
    endloop
  endfacet
  facet normal 0 0 1
    outer loop
      vertex 36 45.4 2.4
      vertex 41.7224 43.4575 2.4
      vertex 40.7 44.1406 2.4
    endloop
  endfacet
  facet normal 0 0 1
    outer loop
      vertex 45.3196 -37.2269 2.4
      vertex 36 -45.4 2.4
      vertex 45.0797 -38.4329 2.4
    endloop
  endfacet
  facet normal 0 0 1
    outer loop
      vertex 36 45.4 2.4
      vertex 40.7 44.1406 2.4
      vertex 39.5972 44.6845 2.4
    endloop
  endfacet
  facet normal 0 0 1
    outer loop
      vertex 45.0797 -38.4329 2.4
      vertex 36 -45.4 2.4
      vertex 44.6845 -39.5972 2.4
    endloop
  endfacet
  facet normal 0 0 1
    outer loop
      vertex 36 45.4 2.4
      vertex 39.5972 44.6845 2.4
      vertex 38.4329 45.0797 2.4
    endloop
  endfacet
  facet normal 0 0 1
    outer loop
      vertex 44.6845 -39.5972 2.4
      vertex 36 -45.4 2.4
      vertex 44.1406 -40.7 2.4
    endloop
  endfacet
  facet normal 0 0 1
    outer loop
      vertex 36 45.4 2.4
      vertex 38.4329 45.0797 2.4
      vertex 37.2269 45.3196 2.4
    endloop
  endfacet
  facet normal 0 0 1
    outer loop
      vertex 44.1406 -40.7 2.4
      vertex 36 -45.4 2.4
      vertex 43.4575 -41.7224 2.4
    endloop
  endfacet
  facet normal 0 0 1
    outer loop
      vertex 4.88823 -21.0511 2.4
      vertex 45.4 36 2.4
      vertex 36 45.4 2.4
    endloop
  endfacet
  facet normal 0 0 1
    outer loop
      vertex 42.6468 -42.6468 2.4
      vertex 36 -45.4 2.4
      vertex 41.7224 -43.4575 2.4
    endloop
  endfacet
  facet normal 0 0 1
    outer loop
      vertex 41.7224 -43.4575 2.4
      vertex 36 -45.4 2.4
      vertex 40.7 -44.1406 2.4
    endloop
  endfacet
  facet normal 0 0 1
    outer loop
      vertex 43.4575 -41.7224 2.4
      vertex 36 -45.4 2.4
      vertex 42.6468 -42.6468 2.4
    endloop
  endfacet
  facet normal 0 0 1
    outer loop
      vertex 39.5972 -44.6845 2.4
      vertex 36 -45.4 2.4
      vertex 38.4329 -45.0797 2.4
    endloop
  endfacet
  facet normal 0 0 1
    outer loop
      vertex 38.4329 -45.0797 2.4
      vertex 36 -45.4 2.4
      vertex 37.2269 -45.3196 2.4
    endloop
  endfacet
  facet normal 0 0 1
    outer loop
      vertex 40.7 -44.1406 2.4
      vertex 36 -45.4 2.4
      vertex 39.5972 -44.6845 2.4
    endloop
  endfacet
  facet normal -0 -0 1
    outer loop
      vertex 5.88582 -21.926 2.4
      vertex 45.4 -36 2.4
      vertex 5.79904 -21.75 2.4
    endloop
  endfacet
  facet normal 0 0 1
    outer loop
      vertex 45.4 36 2.4
      vertex 5.56065 -21.4393 2.4
      vertex 5.69003 -21.5869 2.4
    endloop
  endfacet
  facet normal 0 0 1
    outer loop
      vertex 45.4 36 2.4
      vertex 5.41315 -21.31 2.4
      vertex 5.56065 -21.4393 2.4
    endloop
  endfacet
  facet normal 0 0 1
    outer loop
      vertex 45.4 36 2.4
      vertex 5.25 -21.201 2.4
      vertex 5.41315 -21.31 2.4
    endloop
  endfacet
  facet normal 0 0 1
    outer loop
      vertex 45.4 36 2.4
      vertex 5.07402 -21.1142 2.4
      vertex 5.25 -21.201 2.4
    endloop
  endfacet
  facet normal 0 0 1
    outer loop
      vertex 45.4 36 2.4
      vertex 4.88823 -21.0511 2.4
      vertex 5.07402 -21.1142 2.4
    endloop
  endfacet
  facet normal 0 0 1
    outer loop
      vertex 36 45.4 2.4
      vertex 4.69579 -21.0128 2.4
      vertex 4.88823 -21.0511 2.4
    endloop
  endfacet
  facet normal 0 0 1
    outer loop
      vertex 36 45.4 2.4
      vertex 4.5 -21 2.4
      vertex 4.69579 -21.0128 2.4
    endloop
  endfacet
  facet normal 0 0 1
    outer loop
      vertex 36 45.4 2.4
      vertex -4.5 -21 2.4
      vertex 4.5 -21 2.4
    endloop
  endfacet
  facet normal -0 0 1
    outer loop
      vertex -36 45.4 2.4
      vertex -4.5 -21 2.4
      vertex 36 45.4 2.4
    endloop
  endfacet
  facet normal 0 0 1
    outer loop
      vertex -4.5 -21 2.4
      vertex -36 45.4 2.4
      vertex -4.69579 -21.0128 2.4
    endloop
  endfacet
  facet normal 0 0 1
    outer loop
      vertex -4.69579 -21.0128 2.4
      vertex -36 45.4 2.4
      vertex -4.88823 -21.0511 2.4
    endloop
  endfacet
  facet normal -0 0 1
    outer loop
      vertex -45.4 36 2.4
      vertex -4.88823 -21.0511 2.4
      vertex -36 45.4 2.4
    endloop
  endfacet
  facet normal 0 0 1
    outer loop
      vertex -4.88823 -21.0511 2.4
      vertex -45.4 36 2.4
      vertex -5.07402 -21.1142 2.4
    endloop
  endfacet
  facet normal 0 0 1
    outer loop
      vertex -5.07402 -21.1142 2.4
      vertex -45.4 36 2.4
      vertex -5.25 -21.201 2.4
    endloop
  endfacet
  facet normal 0 0 1
    outer loop
      vertex -5.25 -21.201 2.4
      vertex -45.4 36 2.4
      vertex -5.41315 -21.31 2.4
    endloop
  endfacet
  facet normal 0 0 1
    outer loop
      vertex -5.41315 -21.31 2.4
      vertex -45.4 36 2.4
      vertex -5.56065 -21.4393 2.4
    endloop
  endfacet
  facet normal 0 0 1
    outer loop
      vertex -5.94888 -22.1118 2.4
      vertex -45.4 -36 2.4
      vertex -5.98717 -22.3042 2.4
    endloop
  endfacet
  facet normal 0 0 1
    outer loop
      vertex -5.88582 -21.926 2.4
      vertex -45.4 -36 2.4
      vertex -5.94888 -22.1118 2.4
    endloop
  endfacet
  facet normal 0 0 1
    outer loop
      vertex -5.79904 -21.75 2.4
      vertex -45.4 -36 2.4
      vertex -5.88582 -21.926 2.4
    endloop
  endfacet
  facet normal 0 0 1
    outer loop
      vertex -5.69003 -21.5869 2.4
      vertex -45.4 -36 2.4
      vertex -5.79904 -21.75 2.4
    endloop
  endfacet
  facet normal 0 0 1
    outer loop
      vertex -45.4 -36 2.4
      vertex -5.69003 -21.5869 2.4
      vertex -45.4 36 2.4
    endloop
  endfacet
  facet normal 0 0 1
    outer loop
      vertex -5.56065 -21.4393 2.4
      vertex -45.4 36 2.4
      vertex -5.69003 -21.5869 2.4
    endloop
  endfacet
  facet normal 0 0 1
    outer loop
      vertex 45.4 -36 2.4
      vertex 36 -45.4 2.4
      vertex 45.3196 -37.2269 2.4
    endloop
  endfacet
  facet normal -0 0 1
    outer loop
      vertex 5.98717 -27.6958 2.4
      vertex 36 -45.4 2.4
      vertex 6 -27.5 2.4
    endloop
  endfacet
  facet normal -0 0 1
    outer loop
      vertex 5.94888 -27.8882 2.4
      vertex 36 -45.4 2.4
      vertex 5.98717 -27.6958 2.4
    endloop
  endfacet
  facet normal -0 0 1
    outer loop
      vertex 5.88582 -28.074 2.4
      vertex 36 -45.4 2.4
      vertex 5.94888 -27.8882 2.4
    endloop
  endfacet
  facet normal -0 0 1
    outer loop
      vertex 5.79904 -28.25 2.4
      vertex 36 -45.4 2.4
      vertex 5.88582 -28.074 2.4
    endloop
  endfacet
  facet normal -0 0 1
    outer loop
      vertex 5.69003 -28.4131 2.4
      vertex 36 -45.4 2.4
      vertex 5.79904 -28.25 2.4
    endloop
  endfacet
  facet normal -0 0 1
    outer loop
      vertex 5.56065 -28.5607 2.4
      vertex 36 -45.4 2.4
      vertex 5.69003 -28.4131 2.4
    endloop
  endfacet
  facet normal -0 0 1
    outer loop
      vertex 5.41315 -28.69 2.4
      vertex 36 -45.4 2.4
      vertex 5.56065 -28.5607 2.4
    endloop
  endfacet
  facet normal -0 0 1
    outer loop
      vertex 5.25 -28.799 2.4
      vertex 36 -45.4 2.4
      vertex 5.41315 -28.69 2.4
    endloop
  endfacet
  facet normal -0 0 1
    outer loop
      vertex 5.07402 -28.8858 2.4
      vertex 36 -45.4 2.4
      vertex 5.25 -28.799 2.4
    endloop
  endfacet
  facet normal -0 0 1
    outer loop
      vertex 4.88823 -28.9489 2.4
      vertex 36 -45.4 2.4
      vertex 5.07402 -28.8858 2.4
    endloop
  endfacet
  facet normal -0 0 1
    outer loop
      vertex 4.69579 -28.9872 2.4
      vertex 36 -45.4 2.4
      vertex 4.88823 -28.9489 2.4
    endloop
  endfacet
  facet normal -0 0 1
    outer loop
      vertex 4.5 -29 2.4
      vertex 36 -45.4 2.4
      vertex 4.69579 -28.9872 2.4
    endloop
  endfacet
  facet normal -0 0 1
    outer loop
      vertex -4.5 -29 2.4
      vertex 36 -45.4 2.4
      vertex 4.5 -29 2.4
    endloop
  endfacet
  facet normal 0 0 1
    outer loop
      vertex -36 -45.4 2.4
      vertex -4.5 -29 2.4
      vertex -4.69579 -28.9872 2.4
    endloop
  endfacet
  facet normal 0 0 1
    outer loop
      vertex -36 -45.4 2.4
      vertex -4.69579 -28.9872 2.4
      vertex -4.88823 -28.9489 2.4
    endloop
  endfacet
  facet normal 0 0 1
    outer loop
      vertex -36 -45.4 2.4
      vertex -4.88823 -28.9489 2.4
      vertex -5.07402 -28.8858 2.4
    endloop
  endfacet
  facet normal 0 0 1
    outer loop
      vertex -5.98717 -22.3042 2.4
      vertex -45.4 -36 2.4
      vertex -6 -22.5 2.4
    endloop
  endfacet
  facet normal 0 0 1
    outer loop
      vertex -6 -22.5 2.4
      vertex -45.4 -36 2.4
      vertex -6 -27.5 2.4
    endloop
  endfacet
  facet normal 0 -0 1
    outer loop
      vertex -36 -45.4 2.4
      vertex -6 -27.5 2.4
      vertex -45.4 -36 2.4
    endloop
  endfacet
  facet normal 0 0 1
    outer loop
      vertex -4.5 -29 2.4
      vertex -36 -45.4 2.4
      vertex 36 -45.4 2.4
    endloop
  endfacet
  facet normal 0 0 1
    outer loop
      vertex -5.25 -28.799 2.4
      vertex -36 -45.4 2.4
      vertex -5.07402 -28.8858 2.4
    endloop
  endfacet
  facet normal 0 0 1
    outer loop
      vertex -5.41315 -28.69 2.4
      vertex -36 -45.4 2.4
      vertex -5.25 -28.799 2.4
    endloop
  endfacet
  facet normal 0 0 1
    outer loop
      vertex -5.56065 -28.5607 2.4
      vertex -36 -45.4 2.4
      vertex -5.41315 -28.69 2.4
    endloop
  endfacet
  facet normal 0 0 1
    outer loop
      vertex -5.69003 -28.4131 2.4
      vertex -36 -45.4 2.4
      vertex -5.56065 -28.5607 2.4
    endloop
  endfacet
  facet normal 0 0 1
    outer loop
      vertex -5.79904 -28.25 2.4
      vertex -36 -45.4 2.4
      vertex -5.69003 -28.4131 2.4
    endloop
  endfacet
  facet normal 0 0 1
    outer loop
      vertex -5.88582 -28.074 2.4
      vertex -36 -45.4 2.4
      vertex -5.79904 -28.25 2.4
    endloop
  endfacet
  facet normal 0 0 1
    outer loop
      vertex -6 -27.5 2.4
      vertex -36 -45.4 2.4
      vertex -5.98717 -27.6958 2.4
    endloop
  endfacet
  facet normal 0 0 1
    outer loop
      vertex -45.4 36 2.4
      vertex -36 45.4 2.4
      vertex -37.2269 45.3196 2.4
    endloop
  endfacet
  facet normal 0 0 1
    outer loop
      vertex -5.98717 -27.6958 2.4
      vertex -36 -45.4 2.4
      vertex -5.94888 -27.8882 2.4
    endloop
  endfacet
  facet normal 0 0 1
    outer loop
      vertex -45.4 36 2.4
      vertex -37.2269 45.3196 2.4
      vertex -38.4329 45.0797 2.4
    endloop
  endfacet
  facet normal 0 0 1
    outer loop
      vertex -5.94888 -27.8882 2.4
      vertex -36 -45.4 2.4
      vertex -5.88582 -28.074 2.4
    endloop
  endfacet
  facet normal 0 0 1
    outer loop
      vertex -45.4 36 2.4
      vertex -38.4329 45.0797 2.4
      vertex -39.5972 44.6845 2.4
    endloop
  endfacet
  facet normal 0 0 1
    outer loop
      vertex -36 -45.4 2.4
      vertex -45.4 -36 2.4
      vertex -37.2269 -45.3196 2.4
    endloop
  endfacet
  facet normal 0 0 1
    outer loop
      vertex -45.4 36 2.4
      vertex -39.5972 44.6845 2.4
      vertex -40.7 44.1406 2.4
    endloop
  endfacet
  facet normal 0 0 1
    outer loop
      vertex -37.2269 -45.3196 2.4
      vertex -45.4 -36 2.4
      vertex -38.4329 -45.0797 2.4
    endloop
  endfacet
  facet normal 0 0 1
    outer loop
      vertex -45.4 36 2.4
      vertex -40.7 44.1406 2.4
      vertex -41.7224 43.4575 2.4
    endloop
  endfacet
  facet normal 0 0 1
    outer loop
      vertex -38.4329 -45.0797 2.4
      vertex -45.4 -36 2.4
      vertex -39.5972 -44.6845 2.4
    endloop
  endfacet
  facet normal 0 0 1
    outer loop
      vertex -45.4 36 2.4
      vertex -41.7224 43.4575 2.4
      vertex -42.6468 42.6468 2.4
    endloop
  endfacet
  facet normal 0 0 1
    outer loop
      vertex -39.5972 -44.6845 2.4
      vertex -45.4 -36 2.4
      vertex -40.7 -44.1406 2.4
    endloop
  endfacet
  facet normal 0 0 1
    outer loop
      vertex -45.4 36 2.4
      vertex -42.6468 42.6468 2.4
      vertex -43.4575 41.7224 2.4
    endloop
  endfacet
  facet normal 0 0 1
    outer loop
      vertex -40.7 -44.1406 2.4
      vertex -45.4 -36 2.4
      vertex -41.7224 -43.4575 2.4
    endloop
  endfacet
  facet normal 0 0 1
    outer loop
      vertex -45.4 36 2.4
      vertex -43.4575 41.7224 2.4
      vertex -44.1406 40.7 2.4
    endloop
  endfacet
  facet normal 0 0 1
    outer loop
      vertex -41.7224 -43.4575 2.4
      vertex -45.4 -36 2.4
      vertex -42.6468 -42.6468 2.4
    endloop
  endfacet
  facet normal 0 0 1
    outer loop
      vertex -45.4 36 2.4
      vertex -44.1406 40.7 2.4
      vertex -44.6845 39.5972 2.4
    endloop
  endfacet
  facet normal 0 0 1
    outer loop
      vertex -42.6468 -42.6468 2.4
      vertex -45.4 -36 2.4
      vertex -43.4575 -41.7224 2.4
    endloop
  endfacet
  facet normal 0 0 1
    outer loop
      vertex -45.4 36 2.4
      vertex -44.6845 39.5972 2.4
      vertex -45.0797 38.4329 2.4
    endloop
  endfacet
  facet normal 0 0 1
    outer loop
      vertex -43.4575 -41.7224 2.4
      vertex -45.4 -36 2.4
      vertex -44.1406 -40.7 2.4
    endloop
  endfacet
  facet normal 0 0 1
    outer loop
      vertex -45.4 36 2.4
      vertex -45.0797 38.4329 2.4
      vertex -45.3196 37.2269 2.4
    endloop
  endfacet
  facet normal 0 0 1
    outer loop
      vertex -44.1406 -40.7 2.4
      vertex -45.4 -36 2.4
      vertex -44.6845 -39.5972 2.4
    endloop
  endfacet
  facet normal 0 0 1
    outer loop
      vertex -44.6845 -39.5972 2.4
      vertex -45.4 -36 2.4
      vertex -45.0797 -38.4329 2.4
    endloop
  endfacet
  facet normal 0 0 1
    outer loop
      vertex -45.0797 -38.4329 2.4
      vertex -45.4 -36 2.4
      vertex -45.3196 -37.2269 2.4
    endloop
  endfacet
  facet normal 1 -0 0
    outer loop
      vertex 50 -36 2.4
      vertex 50 36 0
      vertex 50 36 2.4
    endloop
  endfacet
  facet normal 1 0 0
    outer loop
      vertex 50 36 0
      vertex 50 -36 2.4
      vertex 50 -36 0
    endloop
  endfacet
  facet normal 0.44227 -0.896882 0
    outer loop
      vertex 41.3576 -48.9343 0
      vertex 43 -48.1244 2.4
      vertex 41.3576 -48.9343 2.4
    endloop
  endfacet
  facet normal 0.44227 -0.896882 0
    outer loop
      vertex 43 -48.1244 2.4
      vertex 41.3576 -48.9343 0
      vertex 43 -48.1244 0
    endloop
  endfacet
  facet normal 0.44227 0.896882 -0
    outer loop
      vertex 43 48.1244 0
      vertex 41.3576 48.9343 2.4
      vertex 43 48.1244 2.4
    endloop
  endfacet
  facet normal 0.44227 0.896882 0
    outer loop
      vertex 41.3576 48.9343 2.4
      vertex 43 48.1244 0
      vertex 41.3576 48.9343 0
    endloop
  endfacet
  facet normal 0.831453 0.555595 0
    outer loop
      vertex 48.1244 43 2.4
      vertex 47.1069 44.5227 0
      vertex 47.1069 44.5227 2.4
    endloop
  endfacet
  facet normal 0.831453 0.555595 0
    outer loop
      vertex 47.1069 44.5227 0
      vertex 48.1244 43 2.4
      vertex 48.1244 43 0
    endloop
  endfacet
  facet normal 0 0 -1
    outer loop
      vertex 36 -50 0
      vertex 50 -36 0
      vertex 49.8802 -37.8274 0
    endloop
  endfacet
  facet normal 0 0 -1
    outer loop
      vertex 5.69003 -21.5869 0
      vertex 50 -36 0
      vertex 5.79904 -21.75 0
    endloop
  endfacet
  facet normal 0 0 -1
    outer loop
      vertex 36 -50 0
      vertex 49.8802 -37.8274 0
      vertex 49.523 -39.6235 0
    endloop
  endfacet
  facet normal 0 0 -1
    outer loop
      vertex 50 -36 0
      vertex 5.69003 -21.5869 0
      vertex 50 36 0
    endloop
  endfacet
  facet normal 0 0 -1
    outer loop
      vertex 36 -50 0
      vertex 49.523 -39.6235 0
      vertex 48.9343 -41.3576 0
    endloop
  endfacet
  facet normal 0 0 -1
    outer loop
      vertex 5.56065 -21.4393 0
      vertex 50 36 0
      vertex 5.69003 -21.5869 0
    endloop
  endfacet
  facet normal 0 0 -1
    outer loop
      vertex 36 -50 0
      vertex 48.9343 -41.3576 0
      vertex 48.1244 -43 0
    endloop
  endfacet
  facet normal 0 0 -1
    outer loop
      vertex 5.41315 -21.31 0
      vertex 50 36 0
      vertex 5.56065 -21.4393 0
    endloop
  endfacet
  facet normal 0 0 -1
    outer loop
      vertex 36 -50 0
      vertex 48.1244 -43 0
      vertex 47.1069 -44.5227 0
    endloop
  endfacet
  facet normal 0 0 -1
    outer loop
      vertex 5.25 -21.201 0
      vertex 50 36 0
      vertex 5.41315 -21.31 0
    endloop
  endfacet
  facet normal 0 0 -1
    outer loop
      vertex 36 -50 0
      vertex 47.1069 -44.5227 0
      vertex 45.8995 -45.8995 0
    endloop
  endfacet
  facet normal 0 0 -1
    outer loop
      vertex 5.07402 -21.1142 0
      vertex 50 36 0
      vertex 5.25 -21.201 0
    endloop
  endfacet
  facet normal 0 0 -1
    outer loop
      vertex 36 -50 0
      vertex 45.8995 -45.8995 0
      vertex 44.5227 -47.1069 0
    endloop
  endfacet
  facet normal 0 0 -1
    outer loop
      vertex 4.88823 -21.0511 0
      vertex 50 36 0
      vertex 5.07402 -21.1142 0
    endloop
  endfacet
  facet normal 0 0 -1
    outer loop
      vertex 36 -50 0
      vertex 44.5227 -47.1069 0
      vertex 43 -48.1244 0
    endloop
  endfacet
  facet normal 0 0 -1
    outer loop
      vertex 50 -36 0
      vertex 5.88582 -21.926 0
      vertex 5.79904 -21.75 0
    endloop
  endfacet
  facet normal 0 0 -1
    outer loop
      vertex 36 -50 0
      vertex 43 -48.1244 0
      vertex 41.3576 -48.9343 0
    endloop
  endfacet
  facet normal 0 0 -1
    outer loop
      vertex 50 36 0
      vertex 36 50 0
      vertex 49.8802 37.8274 0
    endloop
  endfacet
  facet normal 0 0 -1
    outer loop
      vertex 36 -50 0
      vertex 41.3576 -48.9343 0
      vertex 39.6235 -49.523 0
    endloop
  endfacet
  facet normal 0 0 -1
    outer loop
      vertex 49.8802 37.8274 0
      vertex 36 50 0
      vertex 49.523 39.6235 0
    endloop
  endfacet
  facet normal 0 0 -1
    outer loop
      vertex 36 -50 0
      vertex 39.6235 -49.523 0
      vertex 37.8274 -49.8802 0
    endloop
  endfacet
  facet normal 0 0 -1
    outer loop
      vertex 48.9343 41.3576 0
      vertex 36 50 0
      vertex 48.1244 43 0
    endloop
  endfacet
  facet normal -0 0 -1
    outer loop
      vertex 50 -36 0
      vertex 36 -50 0
      vertex 6 -27.5 0
    endloop
  endfacet
  facet normal 0 0 -1
    outer loop
      vertex 48.1244 43 0
      vertex 36 50 0
      vertex 47.1069 44.5227 0
    endloop
  endfacet
  facet normal 0 0 -1
    outer loop
      vertex 50 -36 0
      vertex 6 -27.5 0
      vertex 6 -22.5 0
    endloop
  endfacet
  facet normal 0 0 -1
    outer loop
      vertex 36 -50 0
      vertex 5.98717 -27.6958 0
      vertex 6 -27.5 0
    endloop
  endfacet
  facet normal 0 0 -1
    outer loop
      vertex 36 -50 0
      vertex 5.94888 -27.8882 0
      vertex 5.98717 -27.6958 0
    endloop
  endfacet
  facet normal 0 0 -1
    outer loop
      vertex 36 -50 0
      vertex 5.88582 -28.074 0
      vertex 5.94888 -27.8882 0
    endloop
  endfacet
  facet normal 0 0 -1
    outer loop
      vertex 36 -50 0
      vertex 5.79904 -28.25 0
      vertex 5.88582 -28.074 0
    endloop
  endfacet
  facet normal 0 0 -1
    outer loop
      vertex 36 -50 0
      vertex 5.69003 -28.4131 0
      vertex 5.79904 -28.25 0
    endloop
  endfacet
  facet normal 0 0 -1
    outer loop
      vertex 36 -50 0
      vertex 5.56065 -28.5607 0
      vertex 5.69003 -28.4131 0
    endloop
  endfacet
  facet normal 0 0 -1
    outer loop
      vertex 36 -50 0
      vertex 5.41315 -28.69 0
      vertex 5.56065 -28.5607 0
    endloop
  endfacet
  facet normal 0 0 -1
    outer loop
      vertex 36 -50 0
      vertex 5.25 -28.799 0
      vertex 5.41315 -28.69 0
    endloop
  endfacet
  facet normal 0 0 -1
    outer loop
      vertex 36 -50 0
      vertex 5.07402 -28.8858 0
      vertex 5.25 -28.799 0
    endloop
  endfacet
  facet normal 0 0 -1
    outer loop
      vertex 36 -50 0
      vertex 4.88823 -28.9489 0
      vertex 5.07402 -28.8858 0
    endloop
  endfacet
  facet normal 0 0 -1
    outer loop
      vertex 36 -50 0
      vertex 4.69579 -28.9872 0
      vertex 4.88823 -28.9489 0
    endloop
  endfacet
  facet normal 0 0 -1
    outer loop
      vertex 36 -50 0
      vertex 4.5 -29 0
      vertex 4.69579 -28.9872 0
    endloop
  endfacet
  facet normal 0 0 -1
    outer loop
      vertex 36 -50 0
      vertex -4.5 -29 0
      vertex 4.5 -29 0
    endloop
  endfacet
  facet normal 0 0 -1
    outer loop
      vertex -36 -50 0
      vertex -4.5 -29 0
      vertex 36 -50 0
    endloop
  endfacet
  facet normal -0 0 -1
    outer loop
      vertex -4.5 -29 0
      vertex -36 -50 0
      vertex -4.69579 -28.9872 0
    endloop
  endfacet
  facet normal -0 0 -1
    outer loop
      vertex -4.69579 -28.9872 0
      vertex -36 -50 0
      vertex -4.88823 -28.9489 0
    endloop
  endfacet
  facet normal -0 0 -1
    outer loop
      vertex -4.88823 -28.9489 0
      vertex -36 -50 0
      vertex -5.07402 -28.8858 0
    endloop
  endfacet
  facet normal 0 0 -1
    outer loop
      vertex -50 -36 0
      vertex -6 -27.5 0
      vertex -36 -50 0
    endloop
  endfacet
  facet normal -0 0 -1
    outer loop
      vertex -5.98717 -27.6958 0
      vertex -36 -50 0
      vertex -6 -27.5 0
    endloop
  endfacet
  facet normal -0 0 -1
    outer loop
      vertex -5.94888 -27.8882 0
      vertex -36 -50 0
      vertex -5.98717 -27.6958 0
    endloop
  endfacet
  facet normal -0 0 -1
    outer loop
      vertex -5.88582 -28.074 0
      vertex -36 -50 0
      vertex -5.94888 -27.8882 0
    endloop
  endfacet
  facet normal -0 0 -1
    outer loop
      vertex -5.79904 -28.25 0
      vertex -36 -50 0
      vertex -5.88582 -28.074 0
    endloop
  endfacet
  facet normal -0 0 -1
    outer loop
      vertex -5.69003 -28.4131 0
      vertex -36 -50 0
      vertex -5.79904 -28.25 0
    endloop
  endfacet
  facet normal -0 0 -1
    outer loop
      vertex -5.56065 -28.5607 0
      vertex -36 -50 0
      vertex -5.69003 -28.4131 0
    endloop
  endfacet
  facet normal -0 0 -1
    outer loop
      vertex -5.41315 -28.69 0
      vertex -36 -50 0
      vertex -5.56065 -28.5607 0
    endloop
  endfacet
  facet normal -0 0 -1
    outer loop
      vertex -5.25 -28.799 0
      vertex -36 -50 0
      vertex -5.41315 -28.69 0
    endloop
  endfacet
  facet normal -0 0 -1
    outer loop
      vertex -5.07402 -28.8858 0
      vertex -36 -50 0
      vertex -5.25 -28.799 0
    endloop
  endfacet
  facet normal 0 0 -1
    outer loop
      vertex 50 -36 0
      vertex 6 -22.5 0
      vertex 5.98717 -22.3042 0
    endloop
  endfacet
  facet normal 0 0 -1
    outer loop
      vertex 50 -36 0
      vertex 5.98717 -22.3042 0
      vertex 5.94888 -22.1118 0
    endloop
  endfacet
  facet normal 0 0 -1
    outer loop
      vertex 50 -36 0
      vertex 5.94888 -22.1118 0
      vertex 5.88582 -21.926 0
    endloop
  endfacet
  facet normal 0 0 -1
    outer loop
      vertex 45.8995 45.8995 0
      vertex 36 50 0
      vertex 44.5227 47.1069 0
    endloop
  endfacet
  facet normal 0 0 -1
    outer loop
      vertex 44.5227 47.1069 0
      vertex 36 50 0
      vertex 43 48.1244 0
    endloop
  endfacet
  facet normal 0 0 -1
    outer loop
      vertex 41.3576 48.9343 0
      vertex 36 50 0
      vertex 39.6235 49.523 0
    endloop
  endfacet
  facet normal 0 0 -1
    outer loop
      vertex 39.6235 49.523 0
      vertex 36 50 0
      vertex 37.8274 49.8802 0
    endloop
  endfacet
  facet normal 0 0 -1
    outer loop
      vertex 43 48.1244 0
      vertex 36 50 0
      vertex 41.3576 48.9343 0
    endloop
  endfacet
  facet normal 0 0 -1
    outer loop
      vertex 47.1069 44.5227 0
      vertex 36 50 0
      vertex 45.8995 45.8995 0
    endloop
  endfacet
  facet normal 0 0 -1
    outer loop
      vertex 49.523 39.6235 0
      vertex 36 50 0
      vertex 48.9343 41.3576 0
    endloop
  endfacet
  facet normal -0 0 -1
    outer loop
      vertex 50 36 0
      vertex 4.88823 -21.0511 0
      vertex 36 50 0
    endloop
  endfacet
  facet normal 0 0 -1
    outer loop
      vertex 4.69579 -21.0128 0
      vertex 36 50 0
      vertex 4.88823 -21.0511 0
    endloop
  endfacet
  facet normal 0 0 -1
    outer loop
      vertex 4.5 -21 0
      vertex 36 50 0
      vertex 4.69579 -21.0128 0
    endloop
  endfacet
  facet normal 0 0 -1
    outer loop
      vertex -4.5 -21 0
      vertex 36 50 0
      vertex 4.5 -21 0
    endloop
  endfacet
  facet normal 0 0 -1
    outer loop
      vertex -36 50 0
      vertex -4.5 -21 0
      vertex -4.69579 -21.0128 0
    endloop
  endfacet
  facet normal 0 0 -1
    outer loop
      vertex -36 50 0
      vertex -4.69579 -21.0128 0
      vertex -4.88823 -21.0511 0
    endloop
  endfacet
  facet normal 0 0 -1
    outer loop
      vertex -50 36 0
      vertex -4.88823 -21.0511 0
      vertex -5.07402 -21.1142 0
    endloop
  endfacet
  facet normal 0 0 -1
    outer loop
      vertex -50 36 0
      vertex -5.07402 -21.1142 0
      vertex -5.25 -21.201 0
    endloop
  endfacet
  facet normal 0 0 -1
    outer loop
      vertex -50 36 0
      vertex -5.25 -21.201 0
      vertex -5.41315 -21.31 0
    endloop
  endfacet
  facet normal 0 0 -1
    outer loop
      vertex -50 36 0
      vertex -5.41315 -21.31 0
      vertex -5.56065 -21.4393 0
    endloop
  endfacet
  facet normal 0 0 -1
    outer loop
      vertex -50 36 0
      vertex -5.56065 -21.4393 0
      vertex -5.69003 -21.5869 0
    endloop
  endfacet
  facet normal 0 0 -1
    outer loop
      vertex -50 -36 0
      vertex -5.69003 -21.5869 0
      vertex -5.79904 -21.75 0
    endloop
  endfacet
  facet normal -0 0 -1
    outer loop
      vertex -6 -27.5 0
      vertex -50 -36 0
      vertex -6 -22.5 0
    endloop
  endfacet
  facet normal -0 0 -1
    outer loop
      vertex -6 -22.5 0
      vertex -50 -36 0
      vertex -5.98717 -22.3042 0
    endloop
  endfacet
  facet normal -0 0 -1
    outer loop
      vertex -5.98717 -22.3042 0
      vertex -50 -36 0
      vertex -5.94888 -22.1118 0
    endloop
  endfacet
  facet normal -0 0 -1
    outer loop
      vertex -5.94888 -22.1118 0
      vertex -50 -36 0
      vertex -5.88582 -21.926 0
    endloop
  endfacet
  facet normal -0 0 -1
    outer loop
      vertex -5.88582 -21.926 0
      vertex -50 -36 0
      vertex -5.79904 -21.75 0
    endloop
  endfacet
  facet normal 0 0 -1
    outer loop
      vertex -4.5 -21 0
      vertex -36 50 0
      vertex 36 50 0
    endloop
  endfacet
  facet normal 0 0 -1
    outer loop
      vertex -50 -36 0
      vertex -36 -50 0
      vertex -37.8274 -49.8802 0
    endloop
  endfacet
  facet normal -0 0 -1
    outer loop
      vertex -5.69003 -21.5869 0
      vertex -50 -36 0
      vertex -50 36 0
    endloop
  endfacet
  facet normal 0 0 -1
    outer loop
      vertex -50 -36 0
      vertex -37.8274 -49.8802 0
      vertex -39.6235 -49.523 0
    endloop
  endfacet
  facet normal 0 0 -1
    outer loop
      vertex -4.88823 -21.0511 0
      vertex -50 36 0
      vertex -36 50 0
    endloop
  endfacet
  facet normal 0 0 -1
    outer loop
      vertex -50 -36 0
      vertex -39.6235 -49.523 0
      vertex -41.3576 -48.9343 0
    endloop
  endfacet
  facet normal 0 0 -1
    outer loop
      vertex -36 50 0
      vertex -50 36 0
      vertex -37.8274 49.8802 0
    endloop
  endfacet
  facet normal 0 0 -1
    outer loop
      vertex -50 -36 0
      vertex -41.3576 -48.9343 0
      vertex -43 -48.1244 0
    endloop
  endfacet
  facet normal 0 0 -1
    outer loop
      vertex -37.8274 49.8802 0
      vertex -50 36 0
      vertex -39.6235 49.523 0
    endloop
  endfacet
  facet normal 0 0 -1
    outer loop
      vertex -50 -36 0
      vertex -43 -48.1244 0
      vertex -44.5227 -47.1069 0
    endloop
  endfacet
  facet normal 0 0 -1
    outer loop
      vertex -39.6235 49.523 0
      vertex -50 36 0
      vertex -41.3576 48.9343 0
    endloop
  endfacet
  facet normal 0 0 -1
    outer loop
      vertex -50 -36 0
      vertex -44.5227 -47.1069 0
      vertex -45.8995 -45.8995 0
    endloop
  endfacet
  facet normal 0 0 -1
    outer loop
      vertex -41.3576 48.9343 0
      vertex -50 36 0
      vertex -43 48.1244 0
    endloop
  endfacet
  facet normal 0 0 -1
    outer loop
      vertex -50 -36 0
      vertex -45.8995 -45.8995 0
      vertex -47.1069 -44.5227 0
    endloop
  endfacet
  facet normal 0 0 -1
    outer loop
      vertex -43 48.1244 0
      vertex -50 36 0
      vertex -44.5227 47.1069 0
    endloop
  endfacet
  facet normal 0 0 -1
    outer loop
      vertex -50 -36 0
      vertex -47.1069 -44.5227 0
      vertex -48.1244 -43 0
    endloop
  endfacet
  facet normal 0 0 -1
    outer loop
      vertex -44.5227 47.1069 0
      vertex -50 36 0
      vertex -45.8995 45.8995 0
    endloop
  endfacet
  facet normal 0 0 -1
    outer loop
      vertex -50 -36 0
      vertex -48.1244 -43 0
      vertex -48.9343 -41.3576 0
    endloop
  endfacet
  facet normal 0 0 -1
    outer loop
      vertex -45.8995 45.8995 0
      vertex -50 36 0
      vertex -47.1069 44.5227 0
    endloop
  endfacet
  facet normal 0 0 -1
    outer loop
      vertex -50 -36 0
      vertex -48.9343 -41.3576 0
      vertex -49.523 -39.6235 0
    endloop
  endfacet
  facet normal 0 0 -1
    outer loop
      vertex -47.1069 44.5227 0
      vertex -50 36 0
      vertex -48.1244 43 0
    endloop
  endfacet
  facet normal 0 0 -1
    outer loop
      vertex -50 -36 0
      vertex -49.523 -39.6235 0
      vertex -49.8802 -37.8274 0
    endloop
  endfacet
  facet normal 0 0 -1
    outer loop
      vertex -48.1244 43 0
      vertex -50 36 0
      vertex -48.9343 41.3576 0
    endloop
  endfacet
  facet normal 0 0 -1
    outer loop
      vertex -48.9343 41.3576 0
      vertex -50 36 0
      vertex -49.523 39.6235 0
    endloop
  endfacet
  facet normal 0 0 -1
    outer loop
      vertex -49.523 39.6235 0
      vertex -50 36 0
      vertex -49.8802 37.8274 0
    endloop
  endfacet
  facet normal 0 0 1
    outer loop
      vertex 45.4 36 8.4
      vertex 47.4 36 8.4
      vertex 47.3025 37.488 8.4
    endloop
  endfacet
  facet normal 0 0 1
    outer loop
      vertex 47.4 36 8.4
      vertex 45.4 36 8.4
      vertex 47.4 -36 8.4
    endloop
  endfacet
  facet normal 0 0 1
    outer loop
      vertex 45.3196 37.2269 8.4
      vertex 47.3025 37.488 8.4
      vertex 47.0116 38.9505 8.4
    endloop
  endfacet
  facet normal 0 0 1
    outer loop
      vertex 45.4 -36 8.4
      vertex 47.4 -36 8.4
      vertex 45.4 36 8.4
    endloop
  endfacet
  facet normal 0 0 1
    outer loop
      vertex 45.0797 38.4329 8.4
      vertex 47.0116 38.9505 8.4
      vertex 46.5322 40.3626 8.4
    endloop
  endfacet
  facet normal 0 0 1
    outer loop
      vertex 47.4 -36 8.4
      vertex 45.4 -36 8.4
      vertex 47.3025 -37.488 8.4
    endloop
  endfacet
  facet normal 0 0 1
    outer loop
      vertex 44.6845 39.5972 8.4
      vertex 46.5322 40.3626 8.4
      vertex 45.8727 41.7 8.4
    endloop
  endfacet
  facet normal -0 0 1
    outer loop
      vertex 45.3196 -37.2269 8.4
      vertex 47.3025 -37.488 8.4
      vertex 45.4 -36 8.4
    endloop
  endfacet
  facet normal 0 0 1
    outer loop
      vertex 47.3025 -37.488 8.4
      vertex 45.3196 -37.2269 8.4
      vertex 47.0116 -38.9505 8.4
    endloop
  endfacet
  facet normal 0 0 1
    outer loop
      vertex 47.3025 37.488 8.4
      vertex 45.3196 37.2269 8.4
      vertex 45.4 36 8.4
    endloop
  endfacet
  facet normal 0 0 1
    outer loop
      vertex 47.0116 38.9505 8.4
      vertex 45.0797 38.4329 8.4
      vertex 45.3196 37.2269 8.4
    endloop
  endfacet
  facet normal 0 0 1
    outer loop
      vertex 44.1406 40.7 8.4
      vertex 45.8727 41.7 8.4
      vertex 45.0442 42.9399 8.4
    endloop
  endfacet
  facet normal 0 0 1
    outer loop
      vertex 46.5322 40.3626 8.4
      vertex 44.6845 39.5972 8.4
      vertex 45.0797 38.4329 8.4
    endloop
  endfacet
  facet normal 0 0 1
    outer loop
      vertex 45.8727 41.7 8.4
      vertex 44.1406 40.7 8.4
      vertex 44.6845 39.5972 8.4
    endloop
  endfacet
  facet normal 0 0 1
    outer loop
      vertex 43.4575 41.7224 8.4
      vertex 45.0442 42.9399 8.4
      vertex 44.061 44.061 8.4
    endloop
  endfacet
  facet normal 0 0 1
    outer loop
      vertex 45.0442 42.9399 8.4
      vertex 43.4575 41.7224 8.4
      vertex 44.1406 40.7 8.4
    endloop
  endfacet
  facet normal 0 0 1
    outer loop
      vertex 42.6468 42.6468 8.4
      vertex 44.061 44.061 8.4
      vertex 42.9399 45.0442 8.4
    endloop
  endfacet
  facet normal 0 0 1
    outer loop
      vertex 44.061 44.061 8.4
      vertex 42.6468 42.6468 8.4
      vertex 43.4575 41.7224 8.4
    endloop
  endfacet
  facet normal 0 0 1
    outer loop
      vertex 42.9399 45.0442 8.4
      vertex 41.7224 43.4575 8.4
      vertex 42.6468 42.6468 8.4
    endloop
  endfacet
  facet normal 0 0 1
    outer loop
      vertex 41.7 45.8727 8.4
      vertex 41.7224 43.4575 8.4
      vertex 42.9399 45.0442 8.4
    endloop
  endfacet
  facet normal 0 0 1
    outer loop
      vertex 41.7 45.8727 8.4
      vertex 40.7 44.1406 8.4
      vertex 41.7224 43.4575 8.4
    endloop
  endfacet
  facet normal 0 0 1
    outer loop
      vertex 40.3626 46.5322 8.4
      vertex 40.7 44.1406 8.4
      vertex 41.7 45.8727 8.4
    endloop
  endfacet
  facet normal 0 0 1
    outer loop
      vertex 40.3626 46.5322 8.4
      vertex 39.5972 44.6845 8.4
      vertex 40.7 44.1406 8.4
    endloop
  endfacet
  facet normal 0 0 1
    outer loop
      vertex 38.9505 47.0116 8.4
      vertex 39.5972 44.6845 8.4
      vertex 40.3626 46.5322 8.4
    endloop
  endfacet
  facet normal 0 0 1
    outer loop
      vertex 38.9505 47.0116 8.4
      vertex 38.4329 45.0797 8.4
      vertex 39.5972 44.6845 8.4
    endloop
  endfacet
  facet normal 0 0 1
    outer loop
      vertex 37.488 47.3025 8.4
      vertex 38.4329 45.0797 8.4
      vertex 38.9505 47.0116 8.4
    endloop
  endfacet
  facet normal 0 0 1
    outer loop
      vertex 37.488 47.3025 8.4
      vertex 37.2269 45.3196 8.4
      vertex 38.4329 45.0797 8.4
    endloop
  endfacet
  facet normal 0 0 1
    outer loop
      vertex 36 47.4 8.4
      vertex 37.2269 45.3196 8.4
      vertex 37.488 47.3025 8.4
    endloop
  endfacet
  facet normal 0 0 1
    outer loop
      vertex 36 47.4 8.4
      vertex 36 45.4 8.4
      vertex 37.2269 45.3196 8.4
    endloop
  endfacet
  facet normal -0 0 1
    outer loop
      vertex -36 47.4 8.4
      vertex 36 45.4 8.4
      vertex 36 47.4 8.4
    endloop
  endfacet
  facet normal 0 0 1
    outer loop
      vertex -36 47.4 8.4
      vertex -36 45.4 8.4
      vertex 36 45.4 8.4
    endloop
  endfacet
  facet normal 0 0 1
    outer loop
      vertex -36 47.4 8.4
      vertex -37.2269 45.3196 8.4
      vertex -36 45.4 8.4
    endloop
  endfacet
  facet normal -0 0 1
    outer loop
      vertex -37.488 47.3025 8.4
      vertex -37.2269 45.3196 8.4
      vertex -36 47.4 8.4
    endloop
  endfacet
  facet normal 0 0 1
    outer loop
      vertex -37.488 47.3025 8.4
      vertex -38.4329 45.0797 8.4
      vertex -37.2269 45.3196 8.4
    endloop
  endfacet
  facet normal -0 0 1
    outer loop
      vertex -38.9505 47.0116 8.4
      vertex -38.4329 45.0797 8.4
      vertex -37.488 47.3025 8.4
    endloop
  endfacet
  facet normal 0 0 1
    outer loop
      vertex -38.9505 47.0116 8.4
      vertex -39.5972 44.6845 8.4
      vertex -38.4329 45.0797 8.4
    endloop
  endfacet
  facet normal -0 0 1
    outer loop
      vertex -40.3626 46.5322 8.4
      vertex -39.5972 44.6845 8.4
      vertex -38.9505 47.0116 8.4
    endloop
  endfacet
  facet normal 0 0 1
    outer loop
      vertex -40.3626 46.5322 8.4
      vertex -40.7 44.1406 8.4
      vertex -39.5972 44.6845 8.4
    endloop
  endfacet
  facet normal -0 0 1
    outer loop
      vertex -41.7 45.8727 8.4
      vertex -40.7 44.1406 8.4
      vertex -40.3626 46.5322 8.4
    endloop
  endfacet
  facet normal 0 0 1
    outer loop
      vertex -41.7 45.8727 8.4
      vertex -41.7224 43.4575 8.4
      vertex -40.7 44.1406 8.4
    endloop
  endfacet
  facet normal -0 0 1
    outer loop
      vertex -42.9399 45.0442 8.4
      vertex -41.7224 43.4575 8.4
      vertex -41.7 45.8727 8.4
    endloop
  endfacet
  facet normal 0 0 1
    outer loop
      vertex -41.7224 43.4575 8.4
      vertex -42.9399 45.0442 8.4
      vertex -42.6468 42.6468 8.4
    endloop
  endfacet
  facet normal -0 0 1
    outer loop
      vertex -44.061 44.061 8.4
      vertex -42.6468 42.6468 8.4
      vertex -42.9399 45.0442 8.4
    endloop
  endfacet
  facet normal 0 0 1
    outer loop
      vertex -42.6468 42.6468 8.4
      vertex -44.061 44.061 8.4
      vertex -43.4575 41.7224 8.4
    endloop
  endfacet
  facet normal -0 0 1
    outer loop
      vertex -45.0442 42.9399 8.4
      vertex -43.4575 41.7224 8.4
      vertex -44.061 44.061 8.4
    endloop
  endfacet
  facet normal 0 0 1
    outer loop
      vertex -43.4575 41.7224 8.4
      vertex -45.0442 42.9399 8.4
      vertex -44.1406 40.7 8.4
    endloop
  endfacet
  facet normal -0 0 1
    outer loop
      vertex -45.8727 41.7 8.4
      vertex -44.1406 40.7 8.4
      vertex -45.0442 42.9399 8.4
    endloop
  endfacet
  facet normal 0 0 1
    outer loop
      vertex -44.1406 40.7 8.4
      vertex -45.8727 41.7 8.4
      vertex -44.6845 39.5972 8.4
    endloop
  endfacet
  facet normal -0 0 1
    outer loop
      vertex -46.5322 40.3626 8.4
      vertex -44.6845 39.5972 8.4
      vertex -45.8727 41.7 8.4
    endloop
  endfacet
  facet normal 0 0 1
    outer loop
      vertex -44.6845 39.5972 8.4
      vertex -46.5322 40.3626 8.4
      vertex -45.0797 38.4329 8.4
    endloop
  endfacet
  facet normal 0 0 1
    outer loop
      vertex -45.0797 38.4329 8.4
      vertex -47.0116 38.9505 8.4
      vertex -45.3196 37.2269 8.4
    endloop
  endfacet
  facet normal -0 0 1
    outer loop
      vertex -47.0116 38.9505 8.4
      vertex -45.0797 38.4329 8.4
      vertex -46.5322 40.3626 8.4
    endloop
  endfacet
  facet normal -0 0 1
    outer loop
      vertex 45.0797 -38.4329 8.4
      vertex 47.0116 -38.9505 8.4
      vertex 45.3196 -37.2269 8.4
    endloop
  endfacet
  facet normal 0 0 1
    outer loop
      vertex 47.0116 -38.9505 8.4
      vertex 45.0797 -38.4329 8.4
      vertex 46.5322 -40.3626 8.4
    endloop
  endfacet
  facet normal -0 0 1
    outer loop
      vertex 44.6845 -39.5972 8.4
      vertex 46.5322 -40.3626 8.4
      vertex 45.0797 -38.4329 8.4
    endloop
  endfacet
  facet normal 0 0 1
    outer loop
      vertex 46.5322 -40.3626 8.4
      vertex 44.6845 -39.5972 8.4
      vertex 45.8727 -41.7 8.4
    endloop
  endfacet
  facet normal -0 0 1
    outer loop
      vertex 44.1406 -40.7 8.4
      vertex 45.8727 -41.7 8.4
      vertex 44.6845 -39.5972 8.4
    endloop
  endfacet
  facet normal 0 0 1
    outer loop
      vertex 45.8727 -41.7 8.4
      vertex 44.1406 -40.7 8.4
      vertex 45.0442 -42.9399 8.4
    endloop
  endfacet
  facet normal -0 0 1
    outer loop
      vertex 43.4575 -41.7224 8.4
      vertex 45.0442 -42.9399 8.4
      vertex 44.1406 -40.7 8.4
    endloop
  endfacet
  facet normal 0 0 1
    outer loop
      vertex 45.0442 -42.9399 8.4
      vertex 43.4575 -41.7224 8.4
      vertex 44.061 -44.061 8.4
    endloop
  endfacet
  facet normal -0 0 1
    outer loop
      vertex 42.6468 -42.6468 8.4
      vertex 44.061 -44.061 8.4
      vertex 43.4575 -41.7224 8.4
    endloop
  endfacet
  facet normal 0 0 1
    outer loop
      vertex 44.061 -44.061 8.4
      vertex 42.6468 -42.6468 8.4
      vertex 42.9399 -45.0442 8.4
    endloop
  endfacet
  facet normal -0 0 1
    outer loop
      vertex 41.7224 -43.4575 8.4
      vertex 42.9399 -45.0442 8.4
      vertex 42.6468 -42.6468 8.4
    endloop
  endfacet
  facet normal 0 0 1
    outer loop
      vertex 41.7224 -43.4575 8.4
      vertex 41.7 -45.8727 8.4
      vertex 42.9399 -45.0442 8.4
    endloop
  endfacet
  facet normal -0 0 1
    outer loop
      vertex 40.7 -44.1406 8.4
      vertex 41.7 -45.8727 8.4
      vertex 41.7224 -43.4575 8.4
    endloop
  endfacet
  facet normal 0 0 1
    outer loop
      vertex 40.7 -44.1406 8.4
      vertex 40.3626 -46.5322 8.4
      vertex 41.7 -45.8727 8.4
    endloop
  endfacet
  facet normal -0 0 1
    outer loop
      vertex 39.5972 -44.6845 8.4
      vertex 40.3626 -46.5322 8.4
      vertex 40.7 -44.1406 8.4
    endloop
  endfacet
  facet normal 0 0 1
    outer loop
      vertex 39.5972 -44.6845 8.4
      vertex 38.9505 -47.0116 8.4
      vertex 40.3626 -46.5322 8.4
    endloop
  endfacet
  facet normal -0 0 1
    outer loop
      vertex 38.4329 -45.0797 8.4
      vertex 38.9505 -47.0116 8.4
      vertex 39.5972 -44.6845 8.4
    endloop
  endfacet
  facet normal 0 0 1
    outer loop
      vertex 38.4329 -45.0797 8.4
      vertex 37.488 -47.3025 8.4
      vertex 38.9505 -47.0116 8.4
    endloop
  endfacet
  facet normal -0 0 1
    outer loop
      vertex 37.2269 -45.3196 8.4
      vertex 37.488 -47.3025 8.4
      vertex 38.4329 -45.0797 8.4
    endloop
  endfacet
  facet normal -0 0 1
    outer loop
      vertex 36 -45.4 8.4
      vertex 37.488 -47.3025 8.4
      vertex 37.2269 -45.3196 8.4
    endloop
  endfacet
  facet normal 0 0 1
    outer loop
      vertex 36 -45.4 8.4
      vertex 36 -47.4 8.4
      vertex 37.488 -47.3025 8.4
    endloop
  endfacet
  facet normal -0 0 1
    outer loop
      vertex -36 -45.4 8.4
      vertex 36 -47.4 8.4
      vertex 36 -45.4 8.4
    endloop
  endfacet
  facet normal 0 0 1
    outer loop
      vertex -36 -45.4 8.4
      vertex -36 -47.4 8.4
      vertex 36 -47.4 8.4
    endloop
  endfacet
  facet normal 0 0 1
    outer loop
      vertex -37.2269 -45.3196 8.4
      vertex -36 -47.4 8.4
      vertex -36 -45.4 8.4
    endloop
  endfacet
  facet normal 0 0 1
    outer loop
      vertex -37.2269 -45.3196 8.4
      vertex -37.488 -47.3025 8.4
      vertex -36 -47.4 8.4
    endloop
  endfacet
  facet normal 0 0 1
    outer loop
      vertex -38.4329 -45.0797 8.4
      vertex -37.488 -47.3025 8.4
      vertex -37.2269 -45.3196 8.4
    endloop
  endfacet
  facet normal 0 0 1
    outer loop
      vertex -38.4329 -45.0797 8.4
      vertex -38.9505 -47.0116 8.4
      vertex -37.488 -47.3025 8.4
    endloop
  endfacet
  facet normal 0 0 1
    outer loop
      vertex -39.5972 -44.6845 8.4
      vertex -38.9505 -47.0116 8.4
      vertex -38.4329 -45.0797 8.4
    endloop
  endfacet
  facet normal 0 0 1
    outer loop
      vertex -39.5972 -44.6845 8.4
      vertex -40.3626 -46.5322 8.4
      vertex -38.9505 -47.0116 8.4
    endloop
  endfacet
  facet normal 0 0 1
    outer loop
      vertex -40.7 -44.1406 8.4
      vertex -40.3626 -46.5322 8.4
      vertex -39.5972 -44.6845 8.4
    endloop
  endfacet
  facet normal 0 0 1
    outer loop
      vertex -40.7 -44.1406 8.4
      vertex -41.7 -45.8727 8.4
      vertex -40.3626 -46.5322 8.4
    endloop
  endfacet
  facet normal 0 0 1
    outer loop
      vertex -41.7224 -43.4575 8.4
      vertex -41.7 -45.8727 8.4
      vertex -40.7 -44.1406 8.4
    endloop
  endfacet
  facet normal 0 0 1
    outer loop
      vertex -42.9399 -45.0442 8.4
      vertex -41.7224 -43.4575 8.4
      vertex -42.6468 -42.6468 8.4
    endloop
  endfacet
  facet normal 0 0 1
    outer loop
      vertex -41.7224 -43.4575 8.4
      vertex -42.9399 -45.0442 8.4
      vertex -41.7 -45.8727 8.4
    endloop
  endfacet
  facet normal 0 0 1
    outer loop
      vertex -44.061 -44.061 8.4
      vertex -42.6468 -42.6468 8.4
      vertex -43.4575 -41.7224 8.4
    endloop
  endfacet
  facet normal 0 0 1
    outer loop
      vertex -42.6468 -42.6468 8.4
      vertex -44.061 -44.061 8.4
      vertex -42.9399 -45.0442 8.4
    endloop
  endfacet
  facet normal 0 0 1
    outer loop
      vertex -45.0442 -42.9399 8.4
      vertex -43.4575 -41.7224 8.4
      vertex -44.1406 -40.7 8.4
    endloop
  endfacet
  facet normal 0 0 1
    outer loop
      vertex -45.8727 -41.7 8.4
      vertex -44.1406 -40.7 8.4
      vertex -44.6845 -39.5972 8.4
    endloop
  endfacet
  facet normal 0 0 1
    outer loop
      vertex -43.4575 -41.7224 8.4
      vertex -45.0442 -42.9399 8.4
      vertex -44.061 -44.061 8.4
    endloop
  endfacet
  facet normal 0 0 1
    outer loop
      vertex -46.5322 -40.3626 8.4
      vertex -44.6845 -39.5972 8.4
      vertex -45.0797 -38.4329 8.4
    endloop
  endfacet
  facet normal 0 0 1
    outer loop
      vertex -47.0116 -38.9505 8.4
      vertex -45.0797 -38.4329 8.4
      vertex -45.3196 -37.2269 8.4
    endloop
  endfacet
  facet normal 0 0 1
    outer loop
      vertex -47.3025 -37.488 8.4
      vertex -45.3196 -37.2269 8.4
      vertex -45.4 -36 8.4
    endloop
  endfacet
  facet normal 0 0 1
    outer loop
      vertex -44.1406 -40.7 8.4
      vertex -45.8727 -41.7 8.4
      vertex -45.0442 -42.9399 8.4
    endloop
  endfacet
  facet normal 0 0 1
    outer loop
      vertex -45.4 36 8.4
      vertex -47.4 36 8.4
      vertex -45.4 -36 8.4
    endloop
  endfacet
  facet normal -0 0 1
    outer loop
      vertex -47.3025 37.488 8.4
      vertex -45.3196 37.2269 8.4
      vertex -47.0116 38.9505 8.4
    endloop
  endfacet
  facet normal 0 0 1
    outer loop
      vertex -47.4 -36 8.4
      vertex -45.4 -36 8.4
      vertex -47.4 36 8.4
    endloop
  endfacet
  facet normal 0 0 1
    outer loop
      vertex -45.3196 37.2269 8.4
      vertex -47.3025 37.488 8.4
      vertex -45.4 36 8.4
    endloop
  endfacet
  facet normal 0 -0 1
    outer loop
      vertex -47.3025 -37.488 8.4
      vertex -45.4 -36 8.4
      vertex -47.4 -36 8.4
    endloop
  endfacet
  facet normal 0 0 1
    outer loop
      vertex -45.4 36 8.4
      vertex -47.3025 37.488 8.4
      vertex -47.4 36 8.4
    endloop
  endfacet
  facet normal 0 0 1
    outer loop
      vertex -44.6845 -39.5972 8.4
      vertex -46.5322 -40.3626 8.4
      vertex -45.8727 -41.7 8.4
    endloop
  endfacet
  facet normal 0 0 1
    outer loop
      vertex -45.0797 -38.4329 8.4
      vertex -47.0116 -38.9505 8.4
      vertex -46.5322 -40.3626 8.4
    endloop
  endfacet
  facet normal 0 0 1
    outer loop
      vertex -45.3196 -37.2269 8.4
      vertex -47.3025 -37.488 8.4
      vertex -47.0116 -38.9505 8.4
    endloop
  endfacet
  facet normal 0.195084 -0.980786 0
    outer loop
      vertex 37.488 -47.3025 2.4
      vertex 38.9505 -47.0116 8.4
      vertex 37.488 -47.3025 8.4
    endloop
  endfacet
  facet normal 0.195084 -0.980786 0
    outer loop
      vertex 38.9505 -47.0116 8.4
      vertex 37.488 -47.3025 2.4
      vertex 38.9505 -47.0116 2.4
    endloop
  endfacet
  facet normal 0.321474 -0.946919 0
    outer loop
      vertex 38.9505 -47.0116 2.4
      vertex 40.3626 -46.5322 8.4
      vertex 38.9505 -47.0116 8.4
    endloop
  endfacet
  facet normal 0.321474 -0.946919 0
    outer loop
      vertex 40.3626 -46.5322 8.4
      vertex 38.9505 -47.0116 2.4
      vertex 40.3626 -46.5322 2.4
    endloop
  endfacet
  facet normal 0.442271 -0.896881 0
    outer loop
      vertex 40.3626 -46.5322 2.4
      vertex 41.7 -45.8727 8.4
      vertex 40.3626 -46.5322 8.4
    endloop
  endfacet
  facet normal 0.442271 -0.896881 0
    outer loop
      vertex 41.7 -45.8727 8.4
      vertex 40.3626 -46.5322 2.4
      vertex 41.7 -45.8727 2.4
    endloop
  endfacet
  facet normal 0.555582 -0.831462 0
    outer loop
      vertex 41.7 -45.8727 2.4
      vertex 42.9399 -45.0442 8.4
      vertex 41.7 -45.8727 8.4
    endloop
  endfacet
  facet normal 0.555582 -0.831462 0
    outer loop
      vertex 42.9399 -45.0442 8.4
      vertex 41.7 -45.8727 2.4
      vertex 42.9399 -45.0442 2.4
    endloop
  endfacet
  facet normal 0.659354 -0.751833 0
    outer loop
      vertex 42.9399 -45.0442 2.4
      vertex 44.061 -44.061 8.4
      vertex 42.9399 -45.0442 8.4
    endloop
  endfacet
  facet normal 0.659354 -0.751833 0
    outer loop
      vertex 44.061 -44.061 8.4
      vertex 42.9399 -45.0442 2.4
      vertex 44.061 -44.061 2.4
    endloop
  endfacet
  facet normal 0.751833 -0.659354 0
    outer loop
      vertex 44.061 -44.061 8.4
      vertex 45.0442 -42.9399 2.4
      vertex 45.0442 -42.9399 8.4
    endloop
  endfacet
  facet normal 0.751833 -0.659354 0
    outer loop
      vertex 45.0442 -42.9399 2.4
      vertex 44.061 -44.061 8.4
      vertex 44.061 -44.061 2.4
    endloop
  endfacet
  facet normal 0.831462 -0.555582 0
    outer loop
      vertex 45.0442 -42.9399 8.4
      vertex 45.8727 -41.7 2.4
      vertex 45.8727 -41.7 8.4
    endloop
  endfacet
  facet normal 0.831462 -0.555582 0
    outer loop
      vertex 45.8727 -41.7 2.4
      vertex 45.0442 -42.9399 8.4
      vertex 45.0442 -42.9399 2.4
    endloop
  endfacet
  facet normal 0.896881 -0.442271 0
    outer loop
      vertex 45.8727 -41.7 8.4
      vertex 46.5322 -40.3626 2.4
      vertex 46.5322 -40.3626 8.4
    endloop
  endfacet
  facet normal 0.896881 -0.442271 0
    outer loop
      vertex 46.5322 -40.3626 2.4
      vertex 45.8727 -41.7 8.4
      vertex 45.8727 -41.7 2.4
    endloop
  endfacet
  facet normal 0.946919 -0.321474 0
    outer loop
      vertex 46.5322 -40.3626 8.4
      vertex 47.0116 -38.9505 2.4
      vertex 47.0116 -38.9505 8.4
    endloop
  endfacet
  facet normal 0.946919 -0.321474 0
    outer loop
      vertex 47.0116 -38.9505 2.4
      vertex 46.5322 -40.3626 8.4
      vertex 46.5322 -40.3626 2.4
    endloop
  endfacet
  facet normal 0.980786 -0.195084 0
    outer loop
      vertex 47.0116 -38.9505 8.4
      vertex 47.3025 -37.488 2.4
      vertex 47.3025 -37.488 8.4
    endloop
  endfacet
  facet normal 0.980786 -0.195084 0
    outer loop
      vertex 47.3025 -37.488 2.4
      vertex 47.0116 -38.9505 8.4
      vertex 47.0116 -38.9505 2.4
    endloop
  endfacet
  facet normal 0.99786 -0.065384 0
    outer loop
      vertex 47.3025 -37.488 8.4
      vertex 47.4 -36 2.4
      vertex 47.4 -36 8.4
    endloop
  endfacet
  facet normal 0.99786 -0.065384 0
    outer loop
      vertex 47.4 -36 2.4
      vertex 47.3025 -37.488 8.4
      vertex 47.3025 -37.488 2.4
    endloop
  endfacet
  facet normal 1 0 0
    outer loop
      vertex 47.4 17 5.03468
      vertex 47.4 36 8.4
      vertex 47.4 17 6.56532
    endloop
  endfacet
  facet normal 1 0 0
    outer loop
      vertex 47.4 36 8.4
      vertex 47.4 -17 6.56532
      vertex 47.4 17 6.56532
    endloop
  endfacet
  facet normal 1 0 0
    outer loop
      vertex 47.4 -17 6.56532
      vertex 47.4 -36 8.4
      vertex 47.4 -17 5.03468
    endloop
  endfacet
  facet normal 1 -0 0
    outer loop
      vertex 47.4 -36 8.4
      vertex 47.4 -17 6.56532
      vertex 47.4 36 8.4
    endloop
  endfacet
  facet normal 1 0 0
    outer loop
      vertex 47.4 36 8.4
      vertex 47.4 17 5.03468
      vertex 47.4 36 2.4
    endloop
  endfacet
  facet normal 1 -0 0
    outer loop
      vertex 47.4 -17 5.03468
      vertex 47.4 36 2.4
      vertex 47.4 17 5.03468
    endloop
  endfacet
  facet normal 1 0 0
    outer loop
      vertex 47.4 -17 5.03468
      vertex 47.4 -36 2.4
      vertex 47.4 36 2.4
    endloop
  endfacet
  facet normal 1 0 0
    outer loop
      vertex 47.4 -36 2.4
      vertex 47.4 -17 5.03468
      vertex 47.4 -36 8.4
    endloop
  endfacet
  facet normal 0.99786 0.065384 0
    outer loop
      vertex 47.4 36 8.4
      vertex 47.3025 37.488 2.4
      vertex 47.3025 37.488 8.4
    endloop
  endfacet
  facet normal 0.99786 0.065384 0
    outer loop
      vertex 47.3025 37.488 2.4
      vertex 47.4 36 8.4
      vertex 47.4 36 2.4
    endloop
  endfacet
  facet normal 0.980786 0.195084 0
    outer loop
      vertex 47.3025 37.488 8.4
      vertex 47.0116 38.9505 2.4
      vertex 47.0116 38.9505 8.4
    endloop
  endfacet
  facet normal 0.980786 0.195084 0
    outer loop
      vertex 47.0116 38.9505 2.4
      vertex 47.3025 37.488 8.4
      vertex 47.3025 37.488 2.4
    endloop
  endfacet
  facet normal 0.946919 0.321474 0
    outer loop
      vertex 47.0116 38.9505 8.4
      vertex 46.5322 40.3626 2.4
      vertex 46.5322 40.3626 8.4
    endloop
  endfacet
  facet normal 0.946919 0.321474 0
    outer loop
      vertex 46.5322 40.3626 2.4
      vertex 47.0116 38.9505 8.4
      vertex 47.0116 38.9505 2.4
    endloop
  endfacet
  facet normal 0.896881 0.442271 0
    outer loop
      vertex 46.5322 40.3626 8.4
      vertex 45.8727 41.7 2.4
      vertex 45.8727 41.7 8.4
    endloop
  endfacet
  facet normal 0.896881 0.442271 0
    outer loop
      vertex 45.8727 41.7 2.4
      vertex 46.5322 40.3626 8.4
      vertex 46.5322 40.3626 2.4
    endloop
  endfacet
  facet normal 0.831462 0.555582 0
    outer loop
      vertex 45.8727 41.7 8.4
      vertex 45.0442 42.9399 2.4
      vertex 45.0442 42.9399 8.4
    endloop
  endfacet
  facet normal 0.831462 0.555582 0
    outer loop
      vertex 45.0442 42.9399 2.4
      vertex 45.8727 41.7 8.4
      vertex 45.8727 41.7 2.4
    endloop
  endfacet
  facet normal 0.751833 0.659354 0
    outer loop
      vertex 45.0442 42.9399 8.4
      vertex 44.061 44.061 2.4
      vertex 44.061 44.061 8.4
    endloop
  endfacet
  facet normal 0.751833 0.659354 0
    outer loop
      vertex 44.061 44.061 2.4
      vertex 45.0442 42.9399 8.4
      vertex 45.0442 42.9399 2.4
    endloop
  endfacet
  facet normal 0.659354 0.751833 -0
    outer loop
      vertex 44.061 44.061 2.4
      vertex 42.9399 45.0442 8.4
      vertex 44.061 44.061 8.4
    endloop
  endfacet
  facet normal 0.659354 0.751833 0
    outer loop
      vertex 42.9399 45.0442 8.4
      vertex 44.061 44.061 2.4
      vertex 42.9399 45.0442 2.4
    endloop
  endfacet
  facet normal 0.555582 0.831462 -0
    outer loop
      vertex 42.9399 45.0442 2.4
      vertex 41.7 45.8727 8.4
      vertex 42.9399 45.0442 8.4
    endloop
  endfacet
  facet normal 0.555582 0.831462 0
    outer loop
      vertex 41.7 45.8727 8.4
      vertex 42.9399 45.0442 2.4
      vertex 41.7 45.8727 2.4
    endloop
  endfacet
  facet normal 0.442271 0.896881 -0
    outer loop
      vertex 41.7 45.8727 2.4
      vertex 40.3626 46.5322 8.4
      vertex 41.7 45.8727 8.4
    endloop
  endfacet
  facet normal 0.442271 0.896881 0
    outer loop
      vertex 40.3626 46.5322 8.4
      vertex 41.7 45.8727 2.4
      vertex 40.3626 46.5322 2.4
    endloop
  endfacet
  facet normal 0.321474 0.946919 -0
    outer loop
      vertex 40.3626 46.5322 2.4
      vertex 38.9505 47.0116 8.4
      vertex 40.3626 46.5322 8.4
    endloop
  endfacet
  facet normal 0.321474 0.946919 0
    outer loop
      vertex 38.9505 47.0116 8.4
      vertex 40.3626 46.5322 2.4
      vertex 38.9505 47.0116 2.4
    endloop
  endfacet
  facet normal 0.195084 0.980786 -0
    outer loop
      vertex 38.9505 47.0116 2.4
      vertex 37.488 47.3025 8.4
      vertex 38.9505 47.0116 8.4
    endloop
  endfacet
  facet normal 0.195084 0.980786 0
    outer loop
      vertex 37.488 47.3025 8.4
      vertex 38.9505 47.0116 2.4
      vertex 37.488 47.3025 2.4
    endloop
  endfacet
  facet normal 0.065384 0.99786 -0
    outer loop
      vertex 37.488 47.3025 2.4
      vertex 36 47.4 8.4
      vertex 37.488 47.3025 8.4
    endloop
  endfacet
  facet normal 0.065384 0.99786 0
    outer loop
      vertex 36 47.4 8.4
      vertex 37.488 47.3025 2.4
      vertex 36 47.4 2.4
    endloop
  endfacet
  facet normal 0 1 0
    outer loop
      vertex 36 47.4 8.4
      vertex 17 47.4 6.56532
      vertex -36 47.4 8.4
    endloop
  endfacet
  facet normal 0 1 0
    outer loop
      vertex 36 47.4 8.4
      vertex 17 47.4 5.03468
      vertex 17 47.4 6.56532
    endloop
  endfacet
  facet normal 0 1 0
    outer loop
      vertex 17 47.4 5.03468
      vertex 36 47.4 2.4
      vertex -17 47.4 5.03468
    endloop
  endfacet
  facet normal 0 1 -0
    outer loop
      vertex 36 47.4 2.4
      vertex 17 47.4 5.03468
      vertex 36 47.4 8.4
    endloop
  endfacet
  facet normal 0 1 -0
    outer loop
      vertex -17 47.4 6.56532
      vertex -36 47.4 8.4
      vertex 17 47.4 6.56532
    endloop
  endfacet
  facet normal 0 1 -0
    outer loop
      vertex -17 47.4 5.03468
      vertex -36 47.4 8.4
      vertex -17 47.4 6.56532
    endloop
  endfacet
  facet normal 0 1 0
    outer loop
      vertex -17 47.4 5.03468
      vertex -36 47.4 2.4
      vertex -36 47.4 8.4
    endloop
  endfacet
  facet normal 0 1 0
    outer loop
      vertex -36 47.4 2.4
      vertex -17 47.4 5.03468
      vertex 36 47.4 2.4
    endloop
  endfacet
  facet normal -0.065384 0.99786 0
    outer loop
      vertex -36 47.4 2.4
      vertex -37.488 47.3025 8.4
      vertex -36 47.4 8.4
    endloop
  endfacet
  facet normal -0.065384 0.99786 0
    outer loop
      vertex -37.488 47.3025 8.4
      vertex -36 47.4 2.4
      vertex -37.488 47.3025 2.4
    endloop
  endfacet
  facet normal -0.195084 0.980786 0
    outer loop
      vertex -37.488 47.3025 2.4
      vertex -38.9505 47.0116 8.4
      vertex -37.488 47.3025 8.4
    endloop
  endfacet
  facet normal -0.195084 0.980786 0
    outer loop
      vertex -38.9505 47.0116 8.4
      vertex -37.488 47.3025 2.4
      vertex -38.9505 47.0116 2.4
    endloop
  endfacet
  facet normal -0.321474 0.946919 0
    outer loop
      vertex -38.9505 47.0116 2.4
      vertex -40.3626 46.5322 8.4
      vertex -38.9505 47.0116 8.4
    endloop
  endfacet
  facet normal -0.321474 0.946919 0
    outer loop
      vertex -40.3626 46.5322 8.4
      vertex -38.9505 47.0116 2.4
      vertex -40.3626 46.5322 2.4
    endloop
  endfacet
  facet normal -0.442271 0.896881 0
    outer loop
      vertex -40.3626 46.5322 2.4
      vertex -41.7 45.8727 8.4
      vertex -40.3626 46.5322 8.4
    endloop
  endfacet
  facet normal -0.442271 0.896881 0
    outer loop
      vertex -41.7 45.8727 8.4
      vertex -40.3626 46.5322 2.4
      vertex -41.7 45.8727 2.4
    endloop
  endfacet
  facet normal -0.555582 0.831462 0
    outer loop
      vertex -41.7 45.8727 2.4
      vertex -42.9399 45.0442 8.4
      vertex -41.7 45.8727 8.4
    endloop
  endfacet
  facet normal -0.555582 0.831462 0
    outer loop
      vertex -42.9399 45.0442 8.4
      vertex -41.7 45.8727 2.4
      vertex -42.9399 45.0442 2.4
    endloop
  endfacet
  facet normal -0.659354 0.751833 0
    outer loop
      vertex -42.9399 45.0442 2.4
      vertex -44.061 44.061 8.4
      vertex -42.9399 45.0442 8.4
    endloop
  endfacet
  facet normal -0.659354 0.751833 0
    outer loop
      vertex -44.061 44.061 8.4
      vertex -42.9399 45.0442 2.4
      vertex -44.061 44.061 2.4
    endloop
  endfacet
  facet normal -0.751833 0.659354 0
    outer loop
      vertex -45.0442 42.9399 2.4
      vertex -44.061 44.061 8.4
      vertex -44.061 44.061 2.4
    endloop
  endfacet
  facet normal -0.751833 0.659354 0
    outer loop
      vertex -44.061 44.061 8.4
      vertex -45.0442 42.9399 2.4
      vertex -45.0442 42.9399 8.4
    endloop
  endfacet
  facet normal -0.831462 0.555582 0
    outer loop
      vertex -45.8727 41.7 2.4
      vertex -45.0442 42.9399 8.4
      vertex -45.0442 42.9399 2.4
    endloop
  endfacet
  facet normal -0.831462 0.555582 0
    outer loop
      vertex -45.0442 42.9399 8.4
      vertex -45.8727 41.7 2.4
      vertex -45.8727 41.7 8.4
    endloop
  endfacet
  facet normal -0.896881 0.442271 0
    outer loop
      vertex -46.5322 40.3626 2.4
      vertex -45.8727 41.7 8.4
      vertex -45.8727 41.7 2.4
    endloop
  endfacet
  facet normal -0.896881 0.442271 0
    outer loop
      vertex -45.8727 41.7 8.4
      vertex -46.5322 40.3626 2.4
      vertex -46.5322 40.3626 8.4
    endloop
  endfacet
  facet normal -0.946919 0.321474 0
    outer loop
      vertex -47.0116 38.9505 2.4
      vertex -46.5322 40.3626 8.4
      vertex -46.5322 40.3626 2.4
    endloop
  endfacet
  facet normal -0.946919 0.321474 0
    outer loop
      vertex -46.5322 40.3626 8.4
      vertex -47.0116 38.9505 2.4
      vertex -47.0116 38.9505 8.4
    endloop
  endfacet
  facet normal -0.980786 0.195084 0
    outer loop
      vertex -47.3025 37.488 2.4
      vertex -47.0116 38.9505 8.4
      vertex -47.0116 38.9505 2.4
    endloop
  endfacet
  facet normal -0.980786 0.195084 0
    outer loop
      vertex -47.0116 38.9505 8.4
      vertex -47.3025 37.488 2.4
      vertex -47.3025 37.488 8.4
    endloop
  endfacet
  facet normal -0.99786 0.065384 0
    outer loop
      vertex -47.4 36 2.4
      vertex -47.3025 37.488 8.4
      vertex -47.3025 37.488 2.4
    endloop
  endfacet
  facet normal -0.99786 0.065384 0
    outer loop
      vertex -47.3025 37.488 8.4
      vertex -47.4 36 2.4
      vertex -47.4 36 8.4
    endloop
  endfacet
  facet normal -1 0 0
    outer loop
      vertex -47.4 36 2.4
      vertex -47.4 17 5.03468
      vertex -47.4 36 8.4
    endloop
  endfacet
  facet normal -1 0 0
    outer loop
      vertex -47.4 36 2.4
      vertex -47.4 -17 5.03468
      vertex -47.4 17 5.03468
    endloop
  endfacet
  facet normal -1 0 0
    outer loop
      vertex -47.4 -36 8.4
      vertex -47.4 -17 5.03468
      vertex -47.4 -36 2.4
    endloop
  endfacet
  facet normal -1 0 0
    outer loop
      vertex -47.4 -36 2.4
      vertex -47.4 -17 5.03468
      vertex -47.4 36 2.4
    endloop
  endfacet
  facet normal -1 0 0
    outer loop
      vertex -47.4 17 6.56532
      vertex -47.4 36 8.4
      vertex -47.4 17 5.03468
    endloop
  endfacet
  facet normal -1 0 0
    outer loop
      vertex -47.4 -17 6.56532
      vertex -47.4 36 8.4
      vertex -47.4 17 6.56532
    endloop
  endfacet
  facet normal -1 0 0
    outer loop
      vertex -47.4 -17 6.56532
      vertex -47.4 -36 8.4
      vertex -47.4 36 8.4
    endloop
  endfacet
  facet normal -1 0 0
    outer loop
      vertex -47.4 -17 5.03468
      vertex -47.4 -36 8.4
      vertex -47.4 -17 6.56532
    endloop
  endfacet
  facet normal -0.99786 -0.065384 0
    outer loop
      vertex -47.3025 -37.488 2.4
      vertex -47.4 -36 8.4
      vertex -47.4 -36 2.4
    endloop
  endfacet
  facet normal -0.99786 -0.065384 0
    outer loop
      vertex -47.4 -36 8.4
      vertex -47.3025 -37.488 2.4
      vertex -47.3025 -37.488 8.4
    endloop
  endfacet
  facet normal -0.980786 -0.195084 0
    outer loop
      vertex -47.0116 -38.9505 2.4
      vertex -47.3025 -37.488 8.4
      vertex -47.3025 -37.488 2.4
    endloop
  endfacet
  facet normal -0.980786 -0.195084 0
    outer loop
      vertex -47.3025 -37.488 8.4
      vertex -47.0116 -38.9505 2.4
      vertex -47.0116 -38.9505 8.4
    endloop
  endfacet
  facet normal -0.946919 -0.321474 0
    outer loop
      vertex -46.5322 -40.3626 2.4
      vertex -47.0116 -38.9505 8.4
      vertex -47.0116 -38.9505 2.4
    endloop
  endfacet
  facet normal -0.946919 -0.321474 0
    outer loop
      vertex -47.0116 -38.9505 8.4
      vertex -46.5322 -40.3626 2.4
      vertex -46.5322 -40.3626 8.4
    endloop
  endfacet
  facet normal -0.896881 -0.442271 0
    outer loop
      vertex -45.8727 -41.7 2.4
      vertex -46.5322 -40.3626 8.4
      vertex -46.5322 -40.3626 2.4
    endloop
  endfacet
  facet normal -0.896881 -0.442271 0
    outer loop
      vertex -46.5322 -40.3626 8.4
      vertex -45.8727 -41.7 2.4
      vertex -45.8727 -41.7 8.4
    endloop
  endfacet
  facet normal -0.831462 -0.555582 0
    outer loop
      vertex -45.0442 -42.9399 2.4
      vertex -45.8727 -41.7 8.4
      vertex -45.8727 -41.7 2.4
    endloop
  endfacet
  facet normal -0.831462 -0.555582 0
    outer loop
      vertex -45.8727 -41.7 8.4
      vertex -45.0442 -42.9399 2.4
      vertex -45.0442 -42.9399 8.4
    endloop
  endfacet
  facet normal -0.751833 -0.659354 0
    outer loop
      vertex -44.061 -44.061 2.4
      vertex -45.0442 -42.9399 8.4
      vertex -45.0442 -42.9399 2.4
    endloop
  endfacet
  facet normal -0.751833 -0.659354 0
    outer loop
      vertex -45.0442 -42.9399 8.4
      vertex -44.061 -44.061 2.4
      vertex -44.061 -44.061 8.4
    endloop
  endfacet
  facet normal -0.659354 -0.751833 0
    outer loop
      vertex -44.061 -44.061 2.4
      vertex -42.9399 -45.0442 8.4
      vertex -44.061 -44.061 8.4
    endloop
  endfacet
  facet normal -0.659354 -0.751833 -0
    outer loop
      vertex -42.9399 -45.0442 8.4
      vertex -44.061 -44.061 2.4
      vertex -42.9399 -45.0442 2.4
    endloop
  endfacet
  facet normal -0.555582 -0.831462 0
    outer loop
      vertex -42.9399 -45.0442 2.4
      vertex -41.7 -45.8727 8.4
      vertex -42.9399 -45.0442 8.4
    endloop
  endfacet
  facet normal -0.555582 -0.831462 -0
    outer loop
      vertex -41.7 -45.8727 8.4
      vertex -42.9399 -45.0442 2.4
      vertex -41.7 -45.8727 2.4
    endloop
  endfacet
  facet normal -0.442271 -0.896881 0
    outer loop
      vertex -41.7 -45.8727 2.4
      vertex -40.3626 -46.5322 8.4
      vertex -41.7 -45.8727 8.4
    endloop
  endfacet
  facet normal -0.442271 -0.896881 -0
    outer loop
      vertex -40.3626 -46.5322 8.4
      vertex -41.7 -45.8727 2.4
      vertex -40.3626 -46.5322 2.4
    endloop
  endfacet
  facet normal -0.321474 -0.946919 0
    outer loop
      vertex -40.3626 -46.5322 2.4
      vertex -38.9505 -47.0116 8.4
      vertex -40.3626 -46.5322 8.4
    endloop
  endfacet
  facet normal -0.321474 -0.946919 -0
    outer loop
      vertex -38.9505 -47.0116 8.4
      vertex -40.3626 -46.5322 2.4
      vertex -38.9505 -47.0116 2.4
    endloop
  endfacet
  facet normal -0.195084 -0.980786 0
    outer loop
      vertex -38.9505 -47.0116 2.4
      vertex -37.488 -47.3025 8.4
      vertex -38.9505 -47.0116 8.4
    endloop
  endfacet
  facet normal -0.195084 -0.980786 -0
    outer loop
      vertex -37.488 -47.3025 8.4
      vertex -38.9505 -47.0116 2.4
      vertex -37.488 -47.3025 2.4
    endloop
  endfacet
  facet normal -0.065384 -0.99786 0
    outer loop
      vertex -37.488 -47.3025 2.4
      vertex -36 -47.4 8.4
      vertex -37.488 -47.3025 8.4
    endloop
  endfacet
  facet normal -0.065384 -0.99786 -0
    outer loop
      vertex -36 -47.4 8.4
      vertex -37.488 -47.3025 2.4
      vertex -36 -47.4 2.4
    endloop
  endfacet
  facet normal 0 -1 0
    outer loop
      vertex -36 -47.4 8.4
      vertex -17 -47.4 6.56532
      vertex 36 -47.4 8.4
    endloop
  endfacet
  facet normal 0 -1 0
    outer loop
      vertex -36 -47.4 8.4
      vertex -17 -47.4 5.03468
      vertex -17 -47.4 6.56532
    endloop
  endfacet
  facet normal 0 -1 -0
    outer loop
      vertex -17 -47.4 5.03468
      vertex -36 -47.4 2.4
      vertex 17 -47.4 5.03468
    endloop
  endfacet
  facet normal 0 -1 0
    outer loop
      vertex -36 -47.4 2.4
      vertex -17 -47.4 5.03468
      vertex -36 -47.4 8.4
    endloop
  endfacet
  facet normal 0 -1 0
    outer loop
      vertex 17 -47.4 6.56532
      vertex 36 -47.4 8.4
      vertex -17 -47.4 6.56532
    endloop
  endfacet
  facet normal 0 -1 0
    outer loop
      vertex 17 -47.4 5.03468
      vertex 36 -47.4 8.4
      vertex 17 -47.4 6.56532
    endloop
  endfacet
  facet normal 0 -1 0
    outer loop
      vertex 17 -47.4 5.03468
      vertex 36 -47.4 2.4
      vertex 36 -47.4 8.4
    endloop
  endfacet
  facet normal 0 -1 0
    outer loop
      vertex 36 -47.4 2.4
      vertex 17 -47.4 5.03468
      vertex -36 -47.4 2.4
    endloop
  endfacet
  facet normal 0.065384 -0.99786 0
    outer loop
      vertex 36 -47.4 2.4
      vertex 37.488 -47.3025 8.4
      vertex 36 -47.4 8.4
    endloop
  endfacet
  facet normal 0.065384 -0.99786 0
    outer loop
      vertex 37.488 -47.3025 8.4
      vertex 36 -47.4 2.4
      vertex 37.488 -47.3025 2.4
    endloop
  endfacet
  facet normal 0.0653908 0.99786 -0
    outer loop
      vertex -36 -45.4 2.4
      vertex -37.2269 -45.3196 8.4
      vertex -36 -45.4 8.4
    endloop
  endfacet
  facet normal 0.0653908 0.99786 0
    outer loop
      vertex -37.2269 -45.3196 8.4
      vertex -36 -45.4 2.4
      vertex -37.2269 -45.3196 2.4
    endloop
  endfacet
  facet normal 0.195099 0.980783 -0
    outer loop
      vertex -37.2269 -45.3196 2.4
      vertex -38.4329 -45.0797 8.4
      vertex -37.2269 -45.3196 8.4
    endloop
  endfacet
  facet normal 0.195099 0.980783 0
    outer loop
      vertex -38.4329 -45.0797 8.4
      vertex -37.2269 -45.3196 2.4
      vertex -38.4329 -45.0797 2.4
    endloop
  endfacet
  facet normal 0.32142 0.946937 -0
    outer loop
      vertex -38.4329 -45.0797 2.4
      vertex -39.5972 -44.6845 8.4
      vertex -38.4329 -45.0797 8.4
    endloop
  endfacet
  facet normal 0.32142 0.946937 0
    outer loop
      vertex -39.5972 -44.6845 8.4
      vertex -38.4329 -45.0797 2.4
      vertex -39.5972 -44.6845 2.4
    endloop
  endfacet
  facet normal 0.442327 0.896854 -0
    outer loop
      vertex -39.5972 -44.6845 2.4
      vertex -40.7 -44.1406 8.4
      vertex -39.5972 -44.6845 8.4
    endloop
  endfacet
  facet normal 0.442327 0.896854 0
    outer loop
      vertex -40.7 -44.1406 8.4
      vertex -39.5972 -44.6845 2.4
      vertex -40.7 -44.1406 2.4
    endloop
  endfacet
  facet normal 0.555544 0.831487 -0
    outer loop
      vertex -40.7 -44.1406 2.4
      vertex -41.7224 -43.4575 8.4
      vertex -40.7 -44.1406 8.4
    endloop
  endfacet
  facet normal 0.555544 0.831487 0
    outer loop
      vertex -41.7224 -43.4575 8.4
      vertex -40.7 -44.1406 2.4
      vertex -41.7224 -43.4575 2.4
    endloop
  endfacet
  facet normal 0.659356 0.751831 -0
    outer loop
      vertex -41.7224 -43.4575 2.4
      vertex -42.6468 -42.6468 8.4
      vertex -41.7224 -43.4575 8.4
    endloop
  endfacet
  facet normal 0.659356 0.751831 0
    outer loop
      vertex -42.6468 -42.6468 8.4
      vertex -41.7224 -43.4575 2.4
      vertex -42.6468 -42.6468 2.4
    endloop
  endfacet
  facet normal 0.751831 0.659356 0
    outer loop
      vertex -42.6468 -42.6468 8.4
      vertex -43.4575 -41.7224 2.4
      vertex -43.4575 -41.7224 8.4
    endloop
  endfacet
  facet normal 0.751831 0.659356 0
    outer loop
      vertex -43.4575 -41.7224 2.4
      vertex -42.6468 -42.6468 8.4
      vertex -42.6468 -42.6468 2.4
    endloop
  endfacet
  facet normal 0.831487 0.555544 0
    outer loop
      vertex -43.4575 -41.7224 8.4
      vertex -44.1406 -40.7 2.4
      vertex -44.1406 -40.7 8.4
    endloop
  endfacet
  facet normal 0.831487 0.555544 0
    outer loop
      vertex -44.1406 -40.7 2.4
      vertex -43.4575 -41.7224 8.4
      vertex -43.4575 -41.7224 2.4
    endloop
  endfacet
  facet normal 0.896854 0.442327 0
    outer loop
      vertex -44.1406 -40.7 8.4
      vertex -44.6845 -39.5972 2.4
      vertex -44.6845 -39.5972 8.4
    endloop
  endfacet
  facet normal 0.896854 0.442327 0
    outer loop
      vertex -44.6845 -39.5972 2.4
      vertex -44.1406 -40.7 8.4
      vertex -44.1406 -40.7 2.4
    endloop
  endfacet
  facet normal 0.946937 0.32142 0
    outer loop
      vertex -44.6845 -39.5972 8.4
      vertex -45.0797 -38.4329 2.4
      vertex -45.0797 -38.4329 8.4
    endloop
  endfacet
  facet normal 0.946937 0.32142 0
    outer loop
      vertex -45.0797 -38.4329 2.4
      vertex -44.6845 -39.5972 8.4
      vertex -44.6845 -39.5972 2.4
    endloop
  endfacet
  facet normal 0.980783 0.195099 0
    outer loop
      vertex -45.0797 -38.4329 8.4
      vertex -45.3196 -37.2269 2.4
      vertex -45.3196 -37.2269 8.4
    endloop
  endfacet
  facet normal 0.980783 0.195099 0
    outer loop
      vertex -45.3196 -37.2269 2.4
      vertex -45.0797 -38.4329 8.4
      vertex -45.0797 -38.4329 2.4
    endloop
  endfacet
  facet normal 0.99786 0.0653908 0
    outer loop
      vertex -45.3196 -37.2269 8.4
      vertex -45.4 -36 2.4
      vertex -45.4 -36 8.4
    endloop
  endfacet
  facet normal 0.99786 0.0653908 0
    outer loop
      vertex -45.4 -36 2.4
      vertex -45.3196 -37.2269 8.4
      vertex -45.3196 -37.2269 2.4
    endloop
  endfacet
  facet normal 1 -0 0
    outer loop
      vertex -45.4 -36 8.4
      vertex -45.4 36 2.4
      vertex -45.4 36 8.4
    endloop
  endfacet
  facet normal 1 0 0
    outer loop
      vertex -45.4 36 2.4
      vertex -45.4 -36 8.4
      vertex -45.4 -36 2.4
    endloop
  endfacet
  facet normal 0.99786 -0.0653908 0
    outer loop
      vertex -45.4 36 8.4
      vertex -45.3196 37.2269 2.4
      vertex -45.3196 37.2269 8.4
    endloop
  endfacet
  facet normal 0.99786 -0.0653908 0
    outer loop
      vertex -45.3196 37.2269 2.4
      vertex -45.4 36 8.4
      vertex -45.4 36 2.4
    endloop
  endfacet
  facet normal 0.980783 -0.195099 0
    outer loop
      vertex -45.3196 37.2269 8.4
      vertex -45.0797 38.4329 2.4
      vertex -45.0797 38.4329 8.4
    endloop
  endfacet
  facet normal 0.980783 -0.195099 0
    outer loop
      vertex -45.0797 38.4329 2.4
      vertex -45.3196 37.2269 8.4
      vertex -45.3196 37.2269 2.4
    endloop
  endfacet
  facet normal 0.946937 -0.32142 0
    outer loop
      vertex -45.0797 38.4329 8.4
      vertex -44.6845 39.5972 2.4
      vertex -44.6845 39.5972 8.4
    endloop
  endfacet
  facet normal 0.946937 -0.32142 0
    outer loop
      vertex -44.6845 39.5972 2.4
      vertex -45.0797 38.4329 8.4
      vertex -45.0797 38.4329 2.4
    endloop
  endfacet
  facet normal 0.896854 -0.442327 0
    outer loop
      vertex -44.6845 39.5972 8.4
      vertex -44.1406 40.7 2.4
      vertex -44.1406 40.7 8.4
    endloop
  endfacet
  facet normal 0.896854 -0.442327 0
    outer loop
      vertex -44.1406 40.7 2.4
      vertex -44.6845 39.5972 8.4
      vertex -44.6845 39.5972 2.4
    endloop
  endfacet
  facet normal 0.831487 -0.555544 0
    outer loop
      vertex -44.1406 40.7 8.4
      vertex -43.4575 41.7224 2.4
      vertex -43.4575 41.7224 8.4
    endloop
  endfacet
  facet normal 0.831487 -0.555544 0
    outer loop
      vertex -43.4575 41.7224 2.4
      vertex -44.1406 40.7 8.4
      vertex -44.1406 40.7 2.4
    endloop
  endfacet
  facet normal 0.751831 -0.659356 0
    outer loop
      vertex -43.4575 41.7224 8.4
      vertex -42.6468 42.6468 2.4
      vertex -42.6468 42.6468 8.4
    endloop
  endfacet
  facet normal 0.751831 -0.659356 0
    outer loop
      vertex -42.6468 42.6468 2.4
      vertex -43.4575 41.7224 8.4
      vertex -43.4575 41.7224 2.4
    endloop
  endfacet
  facet normal 0.659356 -0.751831 0
    outer loop
      vertex -42.6468 42.6468 2.4
      vertex -41.7224 43.4575 8.4
      vertex -42.6468 42.6468 8.4
    endloop
  endfacet
  facet normal 0.659356 -0.751831 0
    outer loop
      vertex -41.7224 43.4575 8.4
      vertex -42.6468 42.6468 2.4
      vertex -41.7224 43.4575 2.4
    endloop
  endfacet
  facet normal 0.555544 -0.831487 0
    outer loop
      vertex -41.7224 43.4575 2.4
      vertex -40.7 44.1406 8.4
      vertex -41.7224 43.4575 8.4
    endloop
  endfacet
  facet normal 0.555544 -0.831487 0
    outer loop
      vertex -40.7 44.1406 8.4
      vertex -41.7224 43.4575 2.4
      vertex -40.7 44.1406 2.4
    endloop
  endfacet
  facet normal 0.442327 -0.896854 0
    outer loop
      vertex -40.7 44.1406 2.4
      vertex -39.5972 44.6845 8.4
      vertex -40.7 44.1406 8.4
    endloop
  endfacet
  facet normal 0.442327 -0.896854 0
    outer loop
      vertex -39.5972 44.6845 8.4
      vertex -40.7 44.1406 2.4
      vertex -39.5972 44.6845 2.4
    endloop
  endfacet
  facet normal 0.32142 -0.946937 0
    outer loop
      vertex -39.5972 44.6845 2.4
      vertex -38.4329 45.0797 8.4
      vertex -39.5972 44.6845 8.4
    endloop
  endfacet
  facet normal 0.32142 -0.946937 0
    outer loop
      vertex -38.4329 45.0797 8.4
      vertex -39.5972 44.6845 2.4
      vertex -38.4329 45.0797 2.4
    endloop
  endfacet
  facet normal 0.195099 -0.980783 0
    outer loop
      vertex -38.4329 45.0797 2.4
      vertex -37.2269 45.3196 8.4
      vertex -38.4329 45.0797 8.4
    endloop
  endfacet
  facet normal 0.195099 -0.980783 0
    outer loop
      vertex -37.2269 45.3196 8.4
      vertex -38.4329 45.0797 2.4
      vertex -37.2269 45.3196 2.4
    endloop
  endfacet
  facet normal 0.0653908 -0.99786 0
    outer loop
      vertex -37.2269 45.3196 2.4
      vertex -36 45.4 8.4
      vertex -37.2269 45.3196 8.4
    endloop
  endfacet
  facet normal 0.0653908 -0.99786 0
    outer loop
      vertex -36 45.4 8.4
      vertex -37.2269 45.3196 2.4
      vertex -36 45.4 2.4
    endloop
  endfacet
  facet normal 0 -1 0
    outer loop
      vertex -36 45.4 2.4
      vertex 36 45.4 8.4
      vertex -36 45.4 8.4
    endloop
  endfacet
  facet normal 0 -1 -0
    outer loop
      vertex 36 45.4 8.4
      vertex -36 45.4 2.4
      vertex 36 45.4 2.4
    endloop
  endfacet
  facet normal -0.0653908 -0.99786 0
    outer loop
      vertex 36 45.4 2.4
      vertex 37.2269 45.3196 8.4
      vertex 36 45.4 8.4
    endloop
  endfacet
  facet normal -0.0653908 -0.99786 -0
    outer loop
      vertex 37.2269 45.3196 8.4
      vertex 36 45.4 2.4
      vertex 37.2269 45.3196 2.4
    endloop
  endfacet
  facet normal -0.195099 -0.980783 0
    outer loop
      vertex 37.2269 45.3196 2.4
      vertex 38.4329 45.0797 8.4
      vertex 37.2269 45.3196 8.4
    endloop
  endfacet
  facet normal -0.195099 -0.980783 -0
    outer loop
      vertex 38.4329 45.0797 8.4
      vertex 37.2269 45.3196 2.4
      vertex 38.4329 45.0797 2.4
    endloop
  endfacet
  facet normal -0.32142 -0.946937 0
    outer loop
      vertex 38.4329 45.0797 2.4
      vertex 39.5972 44.6845 8.4
      vertex 38.4329 45.0797 8.4
    endloop
  endfacet
  facet normal -0.32142 -0.946937 -0
    outer loop
      vertex 39.5972 44.6845 8.4
      vertex 38.4329 45.0797 2.4
      vertex 39.5972 44.6845 2.4
    endloop
  endfacet
  facet normal -0.442327 -0.896854 0
    outer loop
      vertex 39.5972 44.6845 2.4
      vertex 40.7 44.1406 8.4
      vertex 39.5972 44.6845 8.4
    endloop
  endfacet
  facet normal -0.442327 -0.896854 -0
    outer loop
      vertex 40.7 44.1406 8.4
      vertex 39.5972 44.6845 2.4
      vertex 40.7 44.1406 2.4
    endloop
  endfacet
  facet normal -0.555544 -0.831487 0
    outer loop
      vertex 40.7 44.1406 2.4
      vertex 41.7224 43.4575 8.4
      vertex 40.7 44.1406 8.4
    endloop
  endfacet
  facet normal -0.555544 -0.831487 -0
    outer loop
      vertex 41.7224 43.4575 8.4
      vertex 40.7 44.1406 2.4
      vertex 41.7224 43.4575 2.4
    endloop
  endfacet
  facet normal -0.659356 -0.751831 0
    outer loop
      vertex 41.7224 43.4575 2.4
      vertex 42.6468 42.6468 8.4
      vertex 41.7224 43.4575 8.4
    endloop
  endfacet
  facet normal -0.659356 -0.751831 -0
    outer loop
      vertex 42.6468 42.6468 8.4
      vertex 41.7224 43.4575 2.4
      vertex 42.6468 42.6468 2.4
    endloop
  endfacet
  facet normal -0.751831 -0.659356 0
    outer loop
      vertex 43.4575 41.7224 2.4
      vertex 42.6468 42.6468 8.4
      vertex 42.6468 42.6468 2.4
    endloop
  endfacet
  facet normal -0.751831 -0.659356 0
    outer loop
      vertex 42.6468 42.6468 8.4
      vertex 43.4575 41.7224 2.4
      vertex 43.4575 41.7224 8.4
    endloop
  endfacet
  facet normal -0.831487 -0.555544 0
    outer loop
      vertex 44.1406 40.7 2.4
      vertex 43.4575 41.7224 8.4
      vertex 43.4575 41.7224 2.4
    endloop
  endfacet
  facet normal -0.831487 -0.555544 0
    outer loop
      vertex 43.4575 41.7224 8.4
      vertex 44.1406 40.7 2.4
      vertex 44.1406 40.7 8.4
    endloop
  endfacet
  facet normal -0.896854 -0.442327 0
    outer loop
      vertex 44.6845 39.5972 2.4
      vertex 44.1406 40.7 8.4
      vertex 44.1406 40.7 2.4
    endloop
  endfacet
  facet normal -0.896854 -0.442327 0
    outer loop
      vertex 44.1406 40.7 8.4
      vertex 44.6845 39.5972 2.4
      vertex 44.6845 39.5972 8.4
    endloop
  endfacet
  facet normal -0.946937 -0.32142 0
    outer loop
      vertex 45.0797 38.4329 2.4
      vertex 44.6845 39.5972 8.4
      vertex 44.6845 39.5972 2.4
    endloop
  endfacet
  facet normal -0.946937 -0.32142 0
    outer loop
      vertex 44.6845 39.5972 8.4
      vertex 45.0797 38.4329 2.4
      vertex 45.0797 38.4329 8.4
    endloop
  endfacet
  facet normal -0.980783 -0.195099 0
    outer loop
      vertex 45.3196 37.2269 2.4
      vertex 45.0797 38.4329 8.4
      vertex 45.0797 38.4329 2.4
    endloop
  endfacet
  facet normal -0.980783 -0.195099 0
    outer loop
      vertex 45.0797 38.4329 8.4
      vertex 45.3196 37.2269 2.4
      vertex 45.3196 37.2269 8.4
    endloop
  endfacet
  facet normal -0.99786 -0.0653908 0
    outer loop
      vertex 45.4 36 2.4
      vertex 45.3196 37.2269 8.4
      vertex 45.3196 37.2269 2.4
    endloop
  endfacet
  facet normal -0.99786 -0.0653908 0
    outer loop
      vertex 45.3196 37.2269 8.4
      vertex 45.4 36 2.4
      vertex 45.4 36 8.4
    endloop
  endfacet
  facet normal -1 0 0
    outer loop
      vertex 45.4 -36 2.4
      vertex 45.4 36 8.4
      vertex 45.4 36 2.4
    endloop
  endfacet
  facet normal -1 -0 0
    outer loop
      vertex 45.4 36 8.4
      vertex 45.4 -36 2.4
      vertex 45.4 -36 8.4
    endloop
  endfacet
  facet normal -0.99786 0.0653908 0
    outer loop
      vertex 45.3196 -37.2269 2.4
      vertex 45.4 -36 8.4
      vertex 45.4 -36 2.4
    endloop
  endfacet
  facet normal -0.99786 0.0653908 0
    outer loop
      vertex 45.4 -36 8.4
      vertex 45.3196 -37.2269 2.4
      vertex 45.3196 -37.2269 8.4
    endloop
  endfacet
  facet normal -0.980783 0.195099 0
    outer loop
      vertex 45.0797 -38.4329 2.4
      vertex 45.3196 -37.2269 8.4
      vertex 45.3196 -37.2269 2.4
    endloop
  endfacet
  facet normal -0.980783 0.195099 0
    outer loop
      vertex 45.3196 -37.2269 8.4
      vertex 45.0797 -38.4329 2.4
      vertex 45.0797 -38.4329 8.4
    endloop
  endfacet
  facet normal -0.946937 0.32142 0
    outer loop
      vertex 44.6845 -39.5972 2.4
      vertex 45.0797 -38.4329 8.4
      vertex 45.0797 -38.4329 2.4
    endloop
  endfacet
  facet normal -0.946937 0.32142 0
    outer loop
      vertex 45.0797 -38.4329 8.4
      vertex 44.6845 -39.5972 2.4
      vertex 44.6845 -39.5972 8.4
    endloop
  endfacet
  facet normal -0.896854 0.442327 0
    outer loop
      vertex 44.1406 -40.7 2.4
      vertex 44.6845 -39.5972 8.4
      vertex 44.6845 -39.5972 2.4
    endloop
  endfacet
  facet normal -0.896854 0.442327 0
    outer loop
      vertex 44.6845 -39.5972 8.4
      vertex 44.1406 -40.7 2.4
      vertex 44.1406 -40.7 8.4
    endloop
  endfacet
  facet normal -0.831487 0.555544 0
    outer loop
      vertex 43.4575 -41.7224 2.4
      vertex 44.1406 -40.7 8.4
      vertex 44.1406 -40.7 2.4
    endloop
  endfacet
  facet normal -0.831487 0.555544 0
    outer loop
      vertex 44.1406 -40.7 8.4
      vertex 43.4575 -41.7224 2.4
      vertex 43.4575 -41.7224 8.4
    endloop
  endfacet
  facet normal -0.751831 0.659356 0
    outer loop
      vertex 42.6468 -42.6468 2.4
      vertex 43.4575 -41.7224 8.4
      vertex 43.4575 -41.7224 2.4
    endloop
  endfacet
  facet normal -0.751831 0.659356 0
    outer loop
      vertex 43.4575 -41.7224 8.4
      vertex 42.6468 -42.6468 2.4
      vertex 42.6468 -42.6468 8.4
    endloop
  endfacet
  facet normal -0.659356 0.751831 0
    outer loop
      vertex 42.6468 -42.6468 2.4
      vertex 41.7224 -43.4575 8.4
      vertex 42.6468 -42.6468 8.4
    endloop
  endfacet
  facet normal -0.659356 0.751831 0
    outer loop
      vertex 41.7224 -43.4575 8.4
      vertex 42.6468 -42.6468 2.4
      vertex 41.7224 -43.4575 2.4
    endloop
  endfacet
  facet normal -0.555544 0.831487 0
    outer loop
      vertex 41.7224 -43.4575 2.4
      vertex 40.7 -44.1406 8.4
      vertex 41.7224 -43.4575 8.4
    endloop
  endfacet
  facet normal -0.555544 0.831487 0
    outer loop
      vertex 40.7 -44.1406 8.4
      vertex 41.7224 -43.4575 2.4
      vertex 40.7 -44.1406 2.4
    endloop
  endfacet
  facet normal -0.442327 0.896854 0
    outer loop
      vertex 40.7 -44.1406 2.4
      vertex 39.5972 -44.6845 8.4
      vertex 40.7 -44.1406 8.4
    endloop
  endfacet
  facet normal -0.442327 0.896854 0
    outer loop
      vertex 39.5972 -44.6845 8.4
      vertex 40.7 -44.1406 2.4
      vertex 39.5972 -44.6845 2.4
    endloop
  endfacet
  facet normal -0.32142 0.946937 0
    outer loop
      vertex 39.5972 -44.6845 2.4
      vertex 38.4329 -45.0797 8.4
      vertex 39.5972 -44.6845 8.4
    endloop
  endfacet
  facet normal -0.32142 0.946937 0
    outer loop
      vertex 38.4329 -45.0797 8.4
      vertex 39.5972 -44.6845 2.4
      vertex 38.4329 -45.0797 2.4
    endloop
  endfacet
  facet normal -0.195099 0.980783 0
    outer loop
      vertex 38.4329 -45.0797 2.4
      vertex 37.2269 -45.3196 8.4
      vertex 38.4329 -45.0797 8.4
    endloop
  endfacet
  facet normal -0.195099 0.980783 0
    outer loop
      vertex 37.2269 -45.3196 8.4
      vertex 38.4329 -45.0797 2.4
      vertex 37.2269 -45.3196 2.4
    endloop
  endfacet
  facet normal -0.0653908 0.99786 0
    outer loop
      vertex 37.2269 -45.3196 2.4
      vertex 36 -45.4 8.4
      vertex 37.2269 -45.3196 8.4
    endloop
  endfacet
  facet normal -0.0653908 0.99786 0
    outer loop
      vertex 36 -45.4 8.4
      vertex 37.2269 -45.3196 2.4
      vertex 36 -45.4 2.4
    endloop
  endfacet
  facet normal 0 1 -0
    outer loop
      vertex 36 -45.4 2.4
      vertex -36 -45.4 8.4
      vertex 36 -45.4 8.4
    endloop
  endfacet
  facet normal 0 1 0
    outer loop
      vertex -36 -45.4 8.4
      vertex 36 -45.4 2.4
      vertex -36 -45.4 2.4
    endloop
  endfacet
  facet normal 1 -0 0
    outer loop
      vertex -17 46.7 5.8
      vertex -17 47.4 5.03468
      vertex -17 47.4 6.56532
    endloop
  endfacet
  facet normal 0 0.737895 -0.674916
    outer loop
      vertex 17 46.7 5.8
      vertex -17 47.4 6.56532
      vertex 17 47.4 6.56532
    endloop
  endfacet
  facet normal 0 0.737895 -0.674916
    outer loop
      vertex -17 47.4 6.56532
      vertex 17 46.7 5.8
      vertex -17 46.7 5.8
    endloop
  endfacet
  facet normal 0 0.737895 0.674916
    outer loop
      vertex 17 47.4 5.03468
      vertex -17 46.7 5.8
      vertex 17 46.7 5.8
    endloop
  endfacet
  facet normal 0 0.737895 0.674916
    outer loop
      vertex -17 46.7 5.8
      vertex 17 47.4 5.03468
      vertex -17 47.4 5.03468
    endloop
  endfacet
  facet normal -1 0 0
    outer loop
      vertex 17 47.4 5.03468
      vertex 17 46.7 5.8
      vertex 17 47.4 6.56532
    endloop
  endfacet
  facet normal 0 1 0
    outer loop
      vertex 47.4 -17 6.56532
      vertex 47.4 -17 5.03468
      vertex 46.7 -17 5.8
    endloop
  endfacet
  facet normal 0.737895 0 -0.674916
    outer loop
      vertex 47.4 -17 6.56532
      vertex 46.7 17 5.8
      vertex 47.4 17 6.56532
    endloop
  endfacet
  facet normal 0.737895 0 -0.674916
    outer loop
      vertex 46.7 17 5.8
      vertex 47.4 -17 6.56532
      vertex 46.7 -17 5.8
    endloop
  endfacet
  facet normal 0 -1 0
    outer loop
      vertex 47.4 17 5.03468
      vertex 47.4 17 6.56532
      vertex 46.7 17 5.8
    endloop
  endfacet
  facet normal 0.737895 -0 0.674916
    outer loop
      vertex 46.7 -17 5.8
      vertex 47.4 17 5.03468
      vertex 46.7 17 5.8
    endloop
  endfacet
  facet normal 0.737895 0 0.674916
    outer loop
      vertex 47.4 17 5.03468
      vertex 46.7 -17 5.8
      vertex 47.4 -17 5.03468
    endloop
  endfacet
  facet normal 1 0 0
    outer loop
      vertex -17 -47.4 5.03468
      vertex -17 -46.7 5.8
      vertex -17 -47.4 6.56532
    endloop
  endfacet
  facet normal -1 -0 0
    outer loop
      vertex 17 -46.7 5.8
      vertex 17 -47.4 5.03468
      vertex 17 -47.4 6.56532
    endloop
  endfacet
  facet normal 0 -0.737895 0.674916
    outer loop
      vertex -17 -47.4 5.03468
      vertex 17 -46.7 5.8
      vertex -17 -46.7 5.8
    endloop
  endfacet
  facet normal 0 -0.737895 0.674916
    outer loop
      vertex 17 -46.7 5.8
      vertex -17 -47.4 5.03468
      vertex 17 -47.4 5.03468
    endloop
  endfacet
  facet normal 0 -0.737895 -0.674916
    outer loop
      vertex -17 -46.7 5.8
      vertex 17 -47.4 6.56532
      vertex -17 -47.4 6.56532
    endloop
  endfacet
  facet normal 0 -0.737895 -0.674916
    outer loop
      vertex 17 -47.4 6.56532
      vertex -17 -46.7 5.8
      vertex 17 -46.7 5.8
    endloop
  endfacet
  facet normal 0 1 0
    outer loop
      vertex -46.7 -17 5.8
      vertex -47.4 -17 5.03468
      vertex -47.4 -17 6.56532
    endloop
  endfacet
  facet normal -0.737895 0 -0.674916
    outer loop
      vertex -46.7 -17 5.8
      vertex -47.4 17 6.56532
      vertex -46.7 17 5.8
    endloop
  endfacet
  facet normal -0.737895 -0 -0.674916
    outer loop
      vertex -47.4 17 6.56532
      vertex -46.7 -17 5.8
      vertex -47.4 -17 6.56532
    endloop
  endfacet
  facet normal 0 -1 0
    outer loop
      vertex -47.4 17 5.03468
      vertex -46.7 17 5.8
      vertex -47.4 17 6.56532
    endloop
  endfacet
  facet normal -0.737895 0 0.674916
    outer loop
      vertex -47.4 -17 5.03468
      vertex -46.7 17 5.8
      vertex -47.4 17 5.03468
    endloop
  endfacet
  facet normal -0.737895 0 0.674916
    outer loop
      vertex -46.7 17 5.8
      vertex -47.4 -17 5.03468
      vertex -46.7 -17 5.8
    endloop
  endfacet
  facet normal -0.0652369 0.99787 0
    outer loop
      vertex 4.69579 -28.9872 0
      vertex 4.5 -29 2.4
      vertex 4.69579 -28.9872 2.4
    endloop
  endfacet
  facet normal -0.0652369 0.99787 0
    outer loop
      vertex 4.5 -29 2.4
      vertex 4.69579 -28.9872 0
      vertex 4.5 -29 0
    endloop
  endfacet
  facet normal 0.8969 0.442233 0
    outer loop
      vertex -5.79904 -28.25 2.4
      vertex -5.88582 -28.074 0
      vertex -5.88582 -28.074 2.4
    endloop
  endfacet
  facet normal 0.8969 0.442233 0
    outer loop
      vertex -5.88582 -28.074 0
      vertex -5.79904 -28.25 2.4
      vertex -5.79904 -28.25 0
    endloop
  endfacet
  facet normal 0.65919 0.751976 -0
    outer loop
      vertex -5.41315 -28.69 0
      vertex -5.56065 -28.5607 2.4
      vertex -5.41315 -28.69 2.4
    endloop
  endfacet
  facet normal 0.65919 0.751976 0
    outer loop
      vertex -5.56065 -28.5607 2.4
      vertex -5.41315 -28.69 0
      vertex -5.56065 -28.5607 0
    endloop
  endfacet
  facet normal 0.8969 -0.442233 0
    outer loop
      vertex -5.88582 -21.926 2.4
      vertex -5.79904 -21.75 0
      vertex -5.79904 -21.75 2.4
    endloop
  endfacet
  facet normal 0.8969 -0.442233 0
    outer loop
      vertex -5.79904 -21.75 0
      vertex -5.88582 -21.926 2.4
      vertex -5.88582 -21.926 0
    endloop
  endfacet
  facet normal 0.980766 -0.195185 0
    outer loop
      vertex -5.98717 -22.3042 2.4
      vertex -5.94888 -22.1118 0
      vertex -5.94888 -22.1118 2.4
    endloop
  endfacet
  facet normal 0.980766 -0.195185 0
    outer loop
      vertex -5.94888 -22.1118 0
      vertex -5.98717 -22.3042 2.4
      vertex -5.98717 -22.3042 0
    endloop
  endfacet
  facet normal 0.195195 0.980764 -0
    outer loop
      vertex -4.69579 -28.9872 0
      vertex -4.88823 -28.9489 2.4
      vertex -4.69579 -28.9872 2.4
    endloop
  endfacet
  facet normal 0.195195 0.980764 0
    outer loop
      vertex -4.88823 -28.9489 2.4
      vertex -4.69579 -28.9872 0
      vertex -4.88823 -28.9489 0
    endloop
  endfacet
  facet normal 0 1 -0
    outer loop
      vertex 4.5 -29 0
      vertex -4.5 -29 2.4
      vertex 4.5 -29 2.4
    endloop
  endfacet
  facet normal 0 1 0
    outer loop
      vertex -4.5 -29 2.4
      vertex 4.5 -29 0
      vertex -4.5 -29 0
    endloop
  endfacet
  facet normal 0 -1 0
    outer loop
      vertex -4.5 -21 0
      vertex 4.5 -21 2.4
      vertex -4.5 -21 2.4
    endloop
  endfacet
  facet normal 0 -1 -0
    outer loop
      vertex 4.5 -21 2.4
      vertex -4.5 -21 0
      vertex 4.5 -21 0
    endloop
  endfacet
  facet normal 0.831399 0.555676 0
    outer loop
      vertex -5.69003 -28.4131 2.4
      vertex -5.79904 -28.25 0
      vertex -5.79904 -28.25 2.4
    endloop
  endfacet
  facet normal 0.831399 0.555676 0
    outer loop
      vertex -5.79904 -28.25 0
      vertex -5.69003 -28.4131 2.4
      vertex -5.69003 -28.4131 0
    endloop
  endfacet
  facet normal 0.195195 -0.980764 0
    outer loop
      vertex -4.88823 -21.0511 0
      vertex -4.69579 -21.0128 2.4
      vertex -4.88823 -21.0511 2.4
    endloop
  endfacet
  facet normal 0.195195 -0.980764 0
    outer loop
      vertex -4.69579 -21.0128 2.4
      vertex -4.88823 -21.0511 0
      vertex -4.69579 -21.0128 0
    endloop
  endfacet
  facet normal 0.0652369 -0.99787 0
    outer loop
      vertex -4.69579 -21.0128 0
      vertex -4.5 -21 2.4
      vertex -4.69579 -21.0128 2.4
    endloop
  endfacet
  facet normal 0.0652369 -0.99787 0
    outer loop
      vertex -4.5 -21 2.4
      vertex -4.69579 -21.0128 0
      vertex -4.5 -21 0
    endloop
  endfacet
  facet normal 0.751996 0.659168 0
    outer loop
      vertex -5.56065 -28.5607 2.4
      vertex -5.69003 -28.4131 0
      vertex -5.69003 -28.4131 2.4
    endloop
  endfacet
  facet normal 0.751996 0.659168 0
    outer loop
      vertex -5.69003 -28.4131 0
      vertex -5.56065 -28.5607 2.4
      vertex -5.56065 -28.5607 0
    endloop
  endfacet
  facet normal 0.0652369 0.99787 -0
    outer loop
      vertex -4.5 -29 0
      vertex -4.69579 -28.9872 2.4
      vertex -4.5 -29 2.4
    endloop
  endfacet
  facet normal 0.0652369 0.99787 0
    outer loop
      vertex -4.69579 -28.9872 2.4
      vertex -4.5 -29 0
      vertex -4.69579 -28.9872 0
    endloop
  endfacet
  facet normal 0.555523 0.831501 -0
    outer loop
      vertex -5.25 -28.799 0
      vertex -5.41315 -28.69 2.4
      vertex -5.25 -28.799 2.4
    endloop
  endfacet
  facet normal 0.555523 0.831501 0
    outer loop
      vertex -5.41315 -28.69 2.4
      vertex -5.25 -28.799 0
      vertex -5.41315 -28.69 0
    endloop
  endfacet
  facet normal -0.555523 -0.831501 0
    outer loop
      vertex 5.25 -21.201 0
      vertex 5.41315 -21.31 2.4
      vertex 5.25 -21.201 2.4
    endloop
  endfacet
  facet normal -0.555523 -0.831501 -0
    outer loop
      vertex 5.41315 -21.31 2.4
      vertex 5.25 -21.201 0
      vertex 5.41315 -21.31 0
    endloop
  endfacet
  facet normal 0.442355 -0.89684 0
    outer loop
      vertex -5.25 -21.201 0
      vertex -5.07402 -21.1142 2.4
      vertex -5.25 -21.201 2.4
    endloop
  endfacet
  facet normal 0.442355 -0.89684 0
    outer loop
      vertex -5.07402 -21.1142 2.4
      vertex -5.25 -21.201 0
      vertex -5.07402 -21.1142 0
    endloop
  endfacet
  facet normal 0.321589 -0.946879 0
    outer loop
      vertex -5.07402 -21.1142 0
      vertex -4.88823 -21.0511 2.4
      vertex -5.07402 -21.1142 2.4
    endloop
  endfacet
  facet normal 0.321589 -0.946879 0
    outer loop
      vertex -4.88823 -21.0511 2.4
      vertex -5.07402 -21.1142 0
      vertex -4.88823 -21.0511 0
    endloop
  endfacet
  facet normal 0.555523 -0.831501 0
    outer loop
      vertex -5.41315 -21.31 0
      vertex -5.25 -21.201 2.4
      vertex -5.41315 -21.31 2.4
    endloop
  endfacet
  facet normal 0.555523 -0.831501 0
    outer loop
      vertex -5.25 -21.201 2.4
      vertex -5.41315 -21.31 0
      vertex -5.25 -21.201 0
    endloop
  endfacet
  facet normal -1 0 0
    outer loop
      vertex 6 -27.5 0
      vertex 6 -22.5 2.4
      vertex 6 -22.5 0
    endloop
  endfacet
  facet normal -1 -0 0
    outer loop
      vertex 6 -22.5 2.4
      vertex 6 -27.5 0
      vertex 6 -27.5 2.4
    endloop
  endfacet
  facet normal -0.555523 0.831501 0
    outer loop
      vertex 5.41315 -28.69 0
      vertex 5.25 -28.799 2.4
      vertex 5.41315 -28.69 2.4
    endloop
  endfacet
  facet normal -0.555523 0.831501 0
    outer loop
      vertex 5.25 -28.799 2.4
      vertex 5.41315 -28.69 0
      vertex 5.25 -28.799 0
    endloop
  endfacet
  facet normal 0.99786 -0.0653858 0
    outer loop
      vertex -6 -22.5 2.4
      vertex -5.98717 -22.3042 0
      vertex -5.98717 -22.3042 2.4
    endloop
  endfacet
  facet normal 0.99786 -0.0653858 0
    outer loop
      vertex -5.98717 -22.3042 0
      vertex -6 -22.5 2.4
      vertex -6 -22.5 0
    endloop
  endfacet
  facet normal 0.831399 -0.555676 0
    outer loop
      vertex -5.79904 -21.75 2.4
      vertex -5.69003 -21.5869 0
      vertex -5.69003 -21.5869 2.4
    endloop
  endfacet
  facet normal 0.831399 -0.555676 0
    outer loop
      vertex -5.69003 -21.5869 0
      vertex -5.79904 -21.75 2.4
      vertex -5.79904 -21.75 0
    endloop
  endfacet
  facet normal -0.831399 -0.555676 0
    outer loop
      vertex 5.79904 -21.75 0
      vertex 5.69003 -21.5869 2.4
      vertex 5.69003 -21.5869 0
    endloop
  endfacet
  facet normal -0.831399 -0.555676 0
    outer loop
      vertex 5.69003 -21.5869 2.4
      vertex 5.79904 -21.75 0
      vertex 5.79904 -21.75 2.4
    endloop
  endfacet
  facet normal 0.946947 0.321391 0
    outer loop
      vertex -5.88582 -28.074 2.4
      vertex -5.94888 -27.8882 0
      vertex -5.94888 -27.8882 2.4
    endloop
  endfacet
  facet normal 0.946947 0.321391 0
    outer loop
      vertex -5.94888 -27.8882 0
      vertex -5.88582 -28.074 2.4
      vertex -5.88582 -28.074 0
    endloop
  endfacet
  facet normal 0.442355 0.89684 -0
    outer loop
      vertex -5.07402 -28.8858 0
      vertex -5.25 -28.799 2.4
      vertex -5.07402 -28.8858 2.4
    endloop
  endfacet
  facet normal 0.442355 0.89684 0
    outer loop
      vertex -5.25 -28.799 2.4
      vertex -5.07402 -28.8858 0
      vertex -5.25 -28.799 0
    endloop
  endfacet
  facet normal -0.442355 -0.89684 0
    outer loop
      vertex 5.07402 -21.1142 0
      vertex 5.25 -21.201 2.4
      vertex 5.07402 -21.1142 2.4
    endloop
  endfacet
  facet normal -0.442355 -0.89684 -0
    outer loop
      vertex 5.25 -21.201 2.4
      vertex 5.07402 -21.1142 0
      vertex 5.25 -21.201 0
    endloop
  endfacet
  facet normal -0.65919 -0.751976 0
    outer loop
      vertex 5.41315 -21.31 0
      vertex 5.56065 -21.4393 2.4
      vertex 5.41315 -21.31 2.4
    endloop
  endfacet
  facet normal -0.65919 -0.751976 -0
    outer loop
      vertex 5.56065 -21.4393 2.4
      vertex 5.41315 -21.31 0
      vertex 5.56065 -21.4393 0
    endloop
  endfacet
  facet normal 0.980766 0.195185 0
    outer loop
      vertex -5.94888 -27.8882 2.4
      vertex -5.98717 -27.6958 0
      vertex -5.98717 -27.6958 2.4
    endloop
  endfacet
  facet normal 0.980766 0.195185 0
    outer loop
      vertex -5.98717 -27.6958 0
      vertex -5.94888 -27.8882 2.4
      vertex -5.94888 -27.8882 0
    endloop
  endfacet
  facet normal -0.946947 -0.321391 0
    outer loop
      vertex 5.94888 -22.1118 0
      vertex 5.88582 -21.926 2.4
      vertex 5.88582 -21.926 0
    endloop
  endfacet
  facet normal -0.946947 -0.321391 0
    outer loop
      vertex 5.88582 -21.926 2.4
      vertex 5.94888 -22.1118 0
      vertex 5.94888 -22.1118 2.4
    endloop
  endfacet
  facet normal 0.321589 0.946879 -0
    outer loop
      vertex -4.88823 -28.9489 0
      vertex -5.07402 -28.8858 2.4
      vertex -4.88823 -28.9489 2.4
    endloop
  endfacet
  facet normal 0.321589 0.946879 0
    outer loop
      vertex -5.07402 -28.8858 2.4
      vertex -4.88823 -28.9489 0
      vertex -5.07402 -28.8858 0
    endloop
  endfacet
  facet normal 0.99786 0.0653858 0
    outer loop
      vertex -5.98717 -27.6958 2.4
      vertex -6 -27.5 0
      vertex -6 -27.5 2.4
    endloop
  endfacet
  facet normal 0.99786 0.0653858 0
    outer loop
      vertex -6 -27.5 0
      vertex -5.98717 -27.6958 2.4
      vertex -5.98717 -27.6958 0
    endloop
  endfacet
  facet normal 0.946947 -0.321391 0
    outer loop
      vertex -5.94888 -22.1118 2.4
      vertex -5.88582 -21.926 0
      vertex -5.88582 -21.926 2.4
    endloop
  endfacet
  facet normal 0.946947 -0.321391 0
    outer loop
      vertex -5.88582 -21.926 0
      vertex -5.94888 -22.1118 2.4
      vertex -5.94888 -22.1118 0
    endloop
  endfacet
  facet normal -0.99786 0.0653858 0
    outer loop
      vertex 5.98717 -27.6958 0
      vertex 6 -27.5 2.4
      vertex 6 -27.5 0
    endloop
  endfacet
  facet normal -0.99786 0.0653858 0
    outer loop
      vertex 6 -27.5 2.4
      vertex 5.98717 -27.6958 0
      vertex 5.98717 -27.6958 2.4
    endloop
  endfacet
  facet normal -0.0652369 -0.99787 0
    outer loop
      vertex 4.5 -21 0
      vertex 4.69579 -21.0128 2.4
      vertex 4.5 -21 2.4
    endloop
  endfacet
  facet normal -0.0652369 -0.99787 -0
    outer loop
      vertex 4.69579 -21.0128 2.4
      vertex 4.5 -21 0
      vertex 4.69579 -21.0128 0
    endloop
  endfacet
  facet normal -0.99786 -0.0653858 0
    outer loop
      vertex 6 -22.5 0
      vertex 5.98717 -22.3042 2.4
      vertex 5.98717 -22.3042 0
    endloop
  endfacet
  facet normal -0.99786 -0.0653858 0
    outer loop
      vertex 5.98717 -22.3042 2.4
      vertex 6 -22.5 0
      vertex 6 -22.5 2.4
    endloop
  endfacet
  facet normal -0.65919 0.751976 0
    outer loop
      vertex 5.56065 -28.5607 0
      vertex 5.41315 -28.69 2.4
      vertex 5.56065 -28.5607 2.4
    endloop
  endfacet
  facet normal -0.65919 0.751976 0
    outer loop
      vertex 5.41315 -28.69 2.4
      vertex 5.56065 -28.5607 0
      vertex 5.41315 -28.69 0
    endloop
  endfacet
  facet normal 0.751996 -0.659168 0
    outer loop
      vertex -5.69003 -21.5869 2.4
      vertex -5.56065 -21.4393 0
      vertex -5.56065 -21.4393 2.4
    endloop
  endfacet
  facet normal 0.751996 -0.659168 0
    outer loop
      vertex -5.56065 -21.4393 0
      vertex -5.69003 -21.5869 2.4
      vertex -5.69003 -21.5869 0
    endloop
  endfacet
  facet normal -0.980766 0.195185 0
    outer loop
      vertex 5.94888 -27.8882 0
      vertex 5.98717 -27.6958 2.4
      vertex 5.98717 -27.6958 0
    endloop
  endfacet
  facet normal -0.980766 0.195185 0
    outer loop
      vertex 5.98717 -27.6958 2.4
      vertex 5.94888 -27.8882 0
      vertex 5.94888 -27.8882 2.4
    endloop
  endfacet
  facet normal -0.8969 -0.442233 0
    outer loop
      vertex 5.88582 -21.926 0
      vertex 5.79904 -21.75 2.4
      vertex 5.79904 -21.75 0
    endloop
  endfacet
  facet normal -0.8969 -0.442233 0
    outer loop
      vertex 5.79904 -21.75 2.4
      vertex 5.88582 -21.926 0
      vertex 5.88582 -21.926 2.4
    endloop
  endfacet
  facet normal 1 -0 0
    outer loop
      vertex -6 -27.5 2.4
      vertex -6 -22.5 0
      vertex -6 -22.5 2.4
    endloop
  endfacet
  facet normal 1 0 0
    outer loop
      vertex -6 -22.5 0
      vertex -6 -27.5 2.4
      vertex -6 -27.5 0
    endloop
  endfacet
  facet normal -0.8969 0.442233 0
    outer loop
      vertex 5.79904 -28.25 0
      vertex 5.88582 -28.074 2.4
      vertex 5.88582 -28.074 0
    endloop
  endfacet
  facet normal -0.8969 0.442233 0
    outer loop
      vertex 5.88582 -28.074 2.4
      vertex 5.79904 -28.25 0
      vertex 5.79904 -28.25 2.4
    endloop
  endfacet
  facet normal -0.751996 0.659168 0
    outer loop
      vertex 5.56065 -28.5607 0
      vertex 5.69003 -28.4131 2.4
      vertex 5.69003 -28.4131 0
    endloop
  endfacet
  facet normal -0.751996 0.659168 0
    outer loop
      vertex 5.69003 -28.4131 2.4
      vertex 5.56065 -28.5607 0
      vertex 5.56065 -28.5607 2.4
    endloop
  endfacet
  facet normal -0.442355 0.89684 0
    outer loop
      vertex 5.25 -28.799 0
      vertex 5.07402 -28.8858 2.4
      vertex 5.25 -28.799 2.4
    endloop
  endfacet
  facet normal -0.442355 0.89684 0
    outer loop
      vertex 5.07402 -28.8858 2.4
      vertex 5.25 -28.799 0
      vertex 5.07402 -28.8858 0
    endloop
  endfacet
  facet normal -0.195195 -0.980764 0
    outer loop
      vertex 4.69579 -21.0128 0
      vertex 4.88823 -21.0511 2.4
      vertex 4.69579 -21.0128 2.4
    endloop
  endfacet
  facet normal -0.195195 -0.980764 -0
    outer loop
      vertex 4.88823 -21.0511 2.4
      vertex 4.69579 -21.0128 0
      vertex 4.88823 -21.0511 0
    endloop
  endfacet
  facet normal -0.831399 0.555676 0
    outer loop
      vertex 5.69003 -28.4131 0
      vertex 5.79904 -28.25 2.4
      vertex 5.79904 -28.25 0
    endloop
  endfacet
  facet normal -0.831399 0.555676 0
    outer loop
      vertex 5.79904 -28.25 2.4
      vertex 5.69003 -28.4131 0
      vertex 5.69003 -28.4131 2.4
    endloop
  endfacet
  facet normal -0.321589 -0.946879 0
    outer loop
      vertex 4.88823 -21.0511 0
      vertex 5.07402 -21.1142 2.4
      vertex 4.88823 -21.0511 2.4
    endloop
  endfacet
  facet normal -0.321589 -0.946879 -0
    outer loop
      vertex 5.07402 -21.1142 2.4
      vertex 4.88823 -21.0511 0
      vertex 5.07402 -21.1142 0
    endloop
  endfacet
  facet normal -0.980766 -0.195185 0
    outer loop
      vertex 5.98717 -22.3042 0
      vertex 5.94888 -22.1118 2.4
      vertex 5.94888 -22.1118 0
    endloop
  endfacet
  facet normal -0.980766 -0.195185 0
    outer loop
      vertex 5.94888 -22.1118 2.4
      vertex 5.98717 -22.3042 0
      vertex 5.98717 -22.3042 2.4
    endloop
  endfacet
  facet normal -0.195195 0.980764 0
    outer loop
      vertex 4.88823 -28.9489 0
      vertex 4.69579 -28.9872 2.4
      vertex 4.88823 -28.9489 2.4
    endloop
  endfacet
  facet normal -0.195195 0.980764 0
    outer loop
      vertex 4.69579 -28.9872 2.4
      vertex 4.88823 -28.9489 0
      vertex 4.69579 -28.9872 0
    endloop
  endfacet
  facet normal -0.946947 0.321391 0
    outer loop
      vertex 5.88582 -28.074 0
      vertex 5.94888 -27.8882 2.4
      vertex 5.94888 -27.8882 0
    endloop
  endfacet
  facet normal -0.946947 0.321391 0
    outer loop
      vertex 5.94888 -27.8882 2.4
      vertex 5.88582 -28.074 0
      vertex 5.88582 -28.074 2.4
    endloop
  endfacet
  facet normal -0.751996 -0.659168 0
    outer loop
      vertex 5.69003 -21.5869 0
      vertex 5.56065 -21.4393 2.4
      vertex 5.56065 -21.4393 0
    endloop
  endfacet
  facet normal -0.751996 -0.659168 0
    outer loop
      vertex 5.56065 -21.4393 2.4
      vertex 5.69003 -21.5869 0
      vertex 5.69003 -21.5869 2.4
    endloop
  endfacet
  facet normal 0.65919 -0.751976 0
    outer loop
      vertex -5.56065 -21.4393 0
      vertex -5.41315 -21.31 2.4
      vertex -5.56065 -21.4393 2.4
    endloop
  endfacet
  facet normal 0.65919 -0.751976 0
    outer loop
      vertex -5.41315 -21.31 2.4
      vertex -5.56065 -21.4393 0
      vertex -5.41315 -21.31 0
    endloop
  endfacet
  facet normal -0.321589 0.946879 0
    outer loop
      vertex 5.07402 -28.8858 0
      vertex 4.88823 -28.9489 2.4
      vertex 5.07402 -28.8858 2.4
    endloop
  endfacet
  facet normal -0.321589 0.946879 0
    outer loop
      vertex 4.88823 -28.9489 2.4
      vertex 5.07402 -28.8858 0
      vertex 4.88823 -28.9489 0
    endloop
  endfacet
endsolid OpenSCAD_Model
