solid OpenSCAD_Model
  facet normal 0.195146 0.980774 -0
    outer loop
      vertex -27.0748 -73.4132 2.099
      vertex -28.377 -73.1541 10.01
      vertex -27.0748 -73.4132 10.01
    endloop
  endfacet
  facet normal 0.195146 0.980774 0
    outer loop
      vertex -28.377 -73.1541 10.01
      vertex -27.0748 -73.4132 2.099
      vertex -28.377 -73.1541 2.099
    endloop
  endfacet
  facet normal -0.0653791 0.99786 0
    outer loop
      vertex 27.0748 -73.4132 2.099
      vertex 25.75 -73.5 10.01
      vertex 27.0748 -73.4132 10.01
    endloop
  endfacet
  facet normal -0.0653791 0.99786 0
    outer loop
      vertex 25.75 -73.5 10.01
      vertex 27.0748 -73.4132 2.099
      vertex 25.75 -73.5 2.099
    endloop
  endfacet
  facet normal 0.831436 0.555621 0
    outer loop
      vertex -33.8025 -69.5289 10.01
      vertex -34.5402 -68.425 2.099
      vertex -34.5402 -68.425 10.01
    endloop
  endfacet
  facet normal 0.831436 0.555621 0
    outer loop
      vertex -34.5402 -68.425 2.099
      vertex -33.8025 -69.5289 10.01
      vertex -33.8025 -69.5289 2.099
    endloop
  endfacet
  facet normal 0.0653791 0.99786 -0
    outer loop
      vertex -25.75 -73.5 2.099
      vertex -27.0748 -73.4132 10.01
      vertex -25.75 -73.5 10.01
    endloop
  endfacet
  facet normal 0.0653791 0.99786 0
    outer loop
      vertex -27.0748 -73.4132 10.01
      vertex -25.75 -73.5 2.099
      vertex -27.0748 -73.4132 2.099
    endloop
  endfacet
  facet normal -0.442266 -0.896884 0
    outer loop
      vertex 29.6342 72.7274 2.099
      vertex 30.825 72.1402 10.01
      vertex 29.6342 72.7274 10.01
    endloop
  endfacet
  facet normal -0.442266 -0.896884 -0
    outer loop
      vertex 30.825 72.1402 10.01
      vertex 29.6342 72.7274 2.099
      vertex 30.825 72.1402 2.099
    endloop
  endfacet
  facet normal 1 0 0
    outer loop
      vertex -35.9 55.35 3.95
      vertex -35.9 63.35 10.01
      vertex -35.9 55.35 8.29472
    endloop
  endfacet
  facet normal 1 0 0
    outer loop
      vertex -35.9 63.35 10.01
      vertex -35.9 9.6 8.29472
      vertex -35.9 55.35 8.29472
    endloop
  endfacet
  facet normal 1 0 0
    outer loop
      vertex -35.9 9.6 8.29472
      vertex -35.9 -63.35 10.01
      vertex -35.9 9.6 3.95
    endloop
  endfacet
  facet normal 1 -0 0
    outer loop
      vertex -35.9 -63.35 10.01
      vertex -35.9 9.6 8.29472
      vertex -35.9 63.35 10.01
    endloop
  endfacet
  facet normal 1 0 0
    outer loop
      vertex -35.9 63.35 10.01
      vertex -35.9 55.35 3.95
      vertex -35.9 63.35 2.099
    endloop
  endfacet
  facet normal 1 -0 0
    outer loop
      vertex -35.9 9.6 3.95
      vertex -35.9 63.35 2.099
      vertex -35.9 55.35 3.95
    endloop
  endfacet
  facet normal 1 0 0
    outer loop
      vertex -35.9 9.6 3.95
      vertex -35.9 -63.35 2.099
      vertex -35.9 63.35 2.099
    endloop
  endfacet
  facet normal 1 0 0
    outer loop
      vertex -35.9 -63.35 2.099
      vertex -35.9 9.6 3.95
      vertex -35.9 -63.35 10.01
    endloop
  endfacet
  facet normal 0.0653791 -0.99786 0
    outer loop
      vertex -27.0748 73.4132 2.099
      vertex -25.75 73.5 10.01
      vertex -27.0748 73.4132 10.01
    endloop
  endfacet
  facet normal 0.0653791 -0.99786 0
    outer loop
      vertex -25.75 73.5 10.01
      vertex -27.0748 73.4132 2.099
      vertex -25.75 73.5 2.099
    endloop
  endfacet
  facet normal -0.99786 -0.0653791 0
    outer loop
      vertex 35.9 63.35 2.099
      vertex 35.8132 64.6748 10.01
      vertex 35.8132 64.6748 2.099
    endloop
  endfacet
  facet normal -0.99786 -0.0653791 0
    outer loop
      vertex 35.8132 64.6748 10.01
      vertex 35.9 63.35 2.099
      vertex 35.9 63.35 10.01
    endloop
  endfacet
  facet normal 0.99786 0.0653791 0
    outer loop
      vertex -35.8132 -64.6748 10.01
      vertex -35.9 -63.35 2.099
      vertex -35.9 -63.35 10.01
    endloop
  endfacet
  facet normal 0.99786 0.0653791 0
    outer loop
      vertex -35.9 -63.35 2.099
      vertex -35.8132 -64.6748 10.01
      vertex -35.8132 -64.6748 2.099
    endloop
  endfacet
  facet normal -0.831436 -0.555621 0
    outer loop
      vertex 34.5402 68.425 2.099
      vertex 33.8025 69.5289 10.01
      vertex 33.8025 69.5289 2.099
    endloop
  endfacet
  facet normal -0.831436 -0.555621 0
    outer loop
      vertex 33.8025 69.5289 10.01
      vertex 34.5402 68.425 2.099
      vertex 34.5402 68.425 10.01
    endloop
  endfacet
  facet normal -0.896884 0.442266 0
    outer loop
      vertex 34.5402 -68.425 2.099
      vertex 35.1274 -67.2342 10.01
      vertex 35.1274 -67.2342 2.099
    endloop
  endfacet
  facet normal -0.896884 0.442266 0
    outer loop
      vertex 35.1274 -67.2342 10.01
      vertex 34.5402 -68.425 2.099
      vertex 34.5402 -68.425 10.01
    endloop
  endfacet
  facet normal 0 -1 0
    outer loop
      vertex -25.75 73.5 2.099
      vertex 25.75 73.5 10.01
      vertex -25.75 73.5 10.01
    endloop
  endfacet
  facet normal 0 -1 -0
    outer loop
      vertex 25.75 73.5 10.01
      vertex -25.75 73.5 2.099
      vertex 25.75 73.5 2.099
    endloop
  endfacet
  facet normal 0.896884 -0.442266 0
    outer loop
      vertex -35.1274 67.2342 10.01
      vertex -34.5402 68.425 2.099
      vertex -34.5402 68.425 10.01
    endloop
  endfacet
  facet normal 0.896884 -0.442266 0
    outer loop
      vertex -34.5402 68.425 2.099
      vertex -35.1274 67.2342 10.01
      vertex -35.1274 67.2342 2.099
    endloop
  endfacet
  facet normal 0.896884 0.442266 0
    outer loop
      vertex -34.5402 -68.425 10.01
      vertex -35.1274 -67.2342 2.099
      vertex -35.1274 -67.2342 10.01
    endloop
  endfacet
  facet normal 0.896884 0.442266 0
    outer loop
      vertex -35.1274 -67.2342 2.099
      vertex -34.5402 -68.425 10.01
      vertex -34.5402 -68.425 2.099
    endloop
  endfacet
  facet normal -0.751839 -0.659347 0
    outer loop
      vertex 33.8025 69.5289 2.099
      vertex 32.9271 70.5271 10.01
      vertex 32.9271 70.5271 2.099
    endloop
  endfacet
  facet normal -0.751839 -0.659347 0
    outer loop
      vertex 32.9271 70.5271 10.01
      vertex 33.8025 69.5289 2.099
      vertex 33.8025 69.5289 10.01
    endloop
  endfacet
  facet normal 0.659347 0.751839 -0
    outer loop
      vertex -31.9289 -71.4025 2.099
      vertex -32.9271 -70.5271 10.01
      vertex -31.9289 -71.4025 10.01
    endloop
  endfacet
  facet normal 0.659347 0.751839 0
    outer loop
      vertex -32.9271 -70.5271 10.01
      vertex -31.9289 -71.4025 2.099
      vertex -32.9271 -70.5271 2.099
    endloop
  endfacet
  facet normal -0.659347 -0.751839 0
    outer loop
      vertex 31.9289 71.4025 2.099
      vertex 32.9271 70.5271 10.01
      vertex 31.9289 71.4025 10.01
    endloop
  endfacet
  facet normal -0.659347 -0.751839 -0
    outer loop
      vertex 32.9271 70.5271 10.01
      vertex 31.9289 71.4025 2.099
      vertex 32.9271 70.5271 2.099
    endloop
  endfacet
  facet normal 0 1 -0
    outer loop
      vertex -20.1708 -73.5 6.85534
      vertex -22.595 -73.5 7.85204
      vertex -19.205 -73.5 7.85204
    endloop
  endfacet
  facet normal 0 1 0
    outer loop
      vertex -20.1708 -73.5 6.85534
      vertex -21.6292 -73.5 6.85534
      vertex -22.595 -73.5 7.85204
    endloop
  endfacet
  facet normal 0 1 -0
    outer loop
      vertex -20.3413 -73.5 6.52082
      vertex -21.6292 -73.5 6.85534
      vertex -20.1708 -73.5 6.85534
    endloop
  endfacet
  facet normal 0 1 0
    outer loop
      vertex -20.3413 -73.5 6.52082
      vertex -21.4587 -73.5 6.52082
      vertex -21.6292 -73.5 6.85534
    endloop
  endfacet
  facet normal 0 1 -0
    outer loop
      vertex -20.4 -73.5 6.15
      vertex -21.4587 -73.5 6.52082
      vertex -20.3413 -73.5 6.52082
    endloop
  endfacet
  facet normal 0 1 0
    outer loop
      vertex -20.4 -73.5 6.15
      vertex -21.4 -73.5 6.15
      vertex -21.4587 -73.5 6.52082
    endloop
  endfacet
  facet normal 0 1 0
    outer loop
      vertex -20.3413 -73.5 5.77918
      vertex -21.4 -73.5 6.15
      vertex -20.4 -73.5 6.15
    endloop
  endfacet
  facet normal 0 1 0
    outer loop
      vertex -20.3413 -73.5 5.77918
      vertex -21.4587 -73.5 5.77918
      vertex -21.4 -73.5 6.15
    endloop
  endfacet
  facet normal 0 1 0
    outer loop
      vertex -20.1708 -73.5 5.44466
      vertex -21.4587 -73.5 5.77918
      vertex -20.3413 -73.5 5.77918
    endloop
  endfacet
  facet normal 0 1 0
    outer loop
      vertex -20.1708 -73.5 5.44466
      vertex -21.6292 -73.5 5.44466
      vertex -21.4587 -73.5 5.77918
    endloop
  endfacet
  facet normal 0 1 0
    outer loop
      vertex -19.9053 -73.5 5.17918
      vertex -21.6292 -73.5 5.44466
      vertex -20.1708 -73.5 5.44466
    endloop
  endfacet
  facet normal 0 1 0
    outer loop
      vertex -19.9053 -73.5 5.17918
      vertex -21.8947 -73.5 5.17918
      vertex -21.6292 -73.5 5.44466
    endloop
  endfacet
  facet normal 0 1 0
    outer loop
      vertex -19.5708 -73.5 5.00873
      vertex -21.8947 -73.5 5.17918
      vertex -19.9053 -73.5 5.17918
    endloop
  endfacet
  facet normal 0 1 0
    outer loop
      vertex -19.5708 -73.5 5.00873
      vertex -22.2292 -73.5 5.00873
      vertex -21.8947 -73.5 5.17918
    endloop
  endfacet
  facet normal 0 1 0
    outer loop
      vertex -25.75 -73.5 2.099
      vertex -19.5708 -73.5 5.00873
      vertex -19.2 -73.5 4.95
    endloop
  endfacet
  facet normal 0 1 0
    outer loop
      vertex -19.5708 -73.5 5.00873
      vertex -25.75 -73.5 2.099
      vertex -22.2292 -73.5 5.00873
    endloop
  endfacet
  facet normal 0 1 -0
    outer loop
      vertex -16.7708 -73.5 6.85534
      vertex -19.195 -73.5 7.85204
      vertex -15.805 -73.5 7.85204
    endloop
  endfacet
  facet normal 0 1 0
    outer loop
      vertex -16.7708 -73.5 6.85534
      vertex -18.2292 -73.5 6.85534
      vertex -19.195 -73.5 7.85204
    endloop
  endfacet
  facet normal 0 1 -0
    outer loop
      vertex -16.9413 -73.5 6.52082
      vertex -18.2292 -73.5 6.85534
      vertex -16.7708 -73.5 6.85534
    endloop
  endfacet
  facet normal 0 1 0
    outer loop
      vertex -16.9413 -73.5 6.52082
      vertex -18.0587 -73.5 6.52082
      vertex -18.2292 -73.5 6.85534
    endloop
  endfacet
  facet normal 0 1 -0
    outer loop
      vertex -17 -73.5 6.15
      vertex -18.0587 -73.5 6.52082
      vertex -16.9413 -73.5 6.52082
    endloop
  endfacet
  facet normal 0 1 0
    outer loop
      vertex -17 -73.5 6.15
      vertex -18 -73.5 6.15
      vertex -18.0587 -73.5 6.52082
    endloop
  endfacet
  facet normal 0 1 0
    outer loop
      vertex -16.9413 -73.5 5.77918
      vertex -18 -73.5 6.15
      vertex -17 -73.5 6.15
    endloop
  endfacet
  facet normal 0 1 0
    outer loop
      vertex -16.9413 -73.5 5.77918
      vertex -18.0587 -73.5 5.77918
      vertex -18 -73.5 6.15
    endloop
  endfacet
  facet normal 0 1 0
    outer loop
      vertex -16.7708 -73.5 5.44466
      vertex -18.0587 -73.5 5.77918
      vertex -16.9413 -73.5 5.77918
    endloop
  endfacet
  facet normal 0 1 0
    outer loop
      vertex -16.7708 -73.5 5.44466
      vertex -18.2292 -73.5 5.44466
      vertex -18.0587 -73.5 5.77918
    endloop
  endfacet
  facet normal 0 1 0
    outer loop
      vertex -16.5053 -73.5 5.17918
      vertex -18.2292 -73.5 5.44466
      vertex -16.7708 -73.5 5.44466
    endloop
  endfacet
  facet normal 0 1 0
    outer loop
      vertex -16.5053 -73.5 5.17918
      vertex -18.4947 -73.5 5.17918
      vertex -18.2292 -73.5 5.44466
    endloop
  endfacet
  facet normal 0 1 0
    outer loop
      vertex -16.1708 -73.5 5.00873
      vertex -18.4947 -73.5 5.17918
      vertex -16.5053 -73.5 5.17918
    endloop
  endfacet
  facet normal 0 1 0
    outer loop
      vertex -16.1708 -73.5 5.00873
      vertex -18.8292 -73.5 5.00873
      vertex -18.4947 -73.5 5.17918
    endloop
  endfacet
  facet normal 0 1 0
    outer loop
      vertex -15.8 -73.5 4.95
      vertex -18.8292 -73.5 5.00873
      vertex -16.1708 -73.5 5.00873
    endloop
  endfacet
  facet normal 0 1 0
    outer loop
      vertex -18.8292 -73.5 5.00873
      vertex -15.8 -73.5 4.95
      vertex -19.2 -73.5 4.95
    endloop
  endfacet
  facet normal 0 1 -0
    outer loop
      vertex -13.3708 -73.5 6.85534
      vertex -15.795 -73.5 7.85204
      vertex -12.405 -73.5 7.85204
    endloop
  endfacet
  facet normal 0 1 0
    outer loop
      vertex -13.3708 -73.5 6.85534
      vertex -14.8292 -73.5 6.85534
      vertex -15.795 -73.5 7.85204
    endloop
  endfacet
  facet normal 0 1 -0
    outer loop
      vertex -13.5413 -73.5 6.52082
      vertex -14.8292 -73.5 6.85534
      vertex -13.3708 -73.5 6.85534
    endloop
  endfacet
  facet normal 0 1 0
    outer loop
      vertex -13.5413 -73.5 6.52082
      vertex -14.6587 -73.5 6.52082
      vertex -14.8292 -73.5 6.85534
    endloop
  endfacet
  facet normal 0 1 -0
    outer loop
      vertex -13.6 -73.5 6.15
      vertex -14.6587 -73.5 6.52082
      vertex -13.5413 -73.5 6.52082
    endloop
  endfacet
  facet normal 0 1 0
    outer loop
      vertex -13.6 -73.5 6.15
      vertex -14.6 -73.5 6.15
      vertex -14.6587 -73.5 6.52082
    endloop
  endfacet
  facet normal 0 1 0
    outer loop
      vertex -13.5413 -73.5 5.77918
      vertex -14.6 -73.5 6.15
      vertex -13.6 -73.5 6.15
    endloop
  endfacet
  facet normal 0 1 0
    outer loop
      vertex -13.5413 -73.5 5.77918
      vertex -14.6587 -73.5 5.77918
      vertex -14.6 -73.5 6.15
    endloop
  endfacet
  facet normal 0 1 0
    outer loop
      vertex -13.3708 -73.5 5.44466
      vertex -14.6587 -73.5 5.77918
      vertex -13.5413 -73.5 5.77918
    endloop
  endfacet
  facet normal 0 1 0
    outer loop
      vertex -13.3708 -73.5 5.44466
      vertex -14.8292 -73.5 5.44466
      vertex -14.6587 -73.5 5.77918
    endloop
  endfacet
  facet normal 0 1 0
    outer loop
      vertex -13.1053 -73.5 5.17918
      vertex -14.8292 -73.5 5.44466
      vertex -13.3708 -73.5 5.44466
    endloop
  endfacet
  facet normal 0 1 0
    outer loop
      vertex -13.1053 -73.5 5.17918
      vertex -15.0947 -73.5 5.17918
      vertex -14.8292 -73.5 5.44466
    endloop
  endfacet
  facet normal 0 1 0
    outer loop
      vertex -12.7708 -73.5 5.00873
      vertex -15.0947 -73.5 5.17918
      vertex -13.1053 -73.5 5.17918
    endloop
  endfacet
  facet normal 0 1 0
    outer loop
      vertex -12.7708 -73.5 5.00873
      vertex -15.4292 -73.5 5.00873
      vertex -15.0947 -73.5 5.17918
    endloop
  endfacet
  facet normal 0 1 0
    outer loop
      vertex -12.4 -73.5 4.95
      vertex -15.4292 -73.5 5.00873
      vertex -12.7708 -73.5 5.00873
    endloop
  endfacet
  facet normal 0 1 0
    outer loop
      vertex -15.4292 -73.5 5.00873
      vertex -12.4 -73.5 4.95
      vertex -15.8 -73.5 4.95
    endloop
  endfacet
  facet normal 0 1 0
    outer loop
      vertex -1.09999 -73.5 9.14999
      vertex -11.4292 -73.5 6.85534
      vertex -12.395 -73.5 7.85204
    endloop
  endfacet
  facet normal 0 1 0
    outer loop
      vertex -1.09999 -73.5 9.14999
      vertex -11.2587 -73.5 6.52082
      vertex -11.4292 -73.5 6.85534
    endloop
  endfacet
  facet normal 0 1 -0
    outer loop
      vertex -6.5 -73.5 3.75
      vertex -11.2587 -73.5 6.52082
      vertex -1.09999 -73.5 9.14999
    endloop
  endfacet
  facet normal 0 1 0
    outer loop
      vertex -11.2587 -73.5 6.52082
      vertex -6.5 -73.5 3.75
      vertex -11.2 -73.5 6.15
    endloop
  endfacet
  facet normal 0 1 0
    outer loop
      vertex -11.2 -73.5 6.15
      vertex -6.5 -73.5 3.75
      vertex -11.2587 -73.5 5.77918
    endloop
  endfacet
  facet normal 0 1 0
    outer loop
      vertex -11.2587 -73.5 5.77918
      vertex -6.5 -73.5 3.75
      vertex -11.4292 -73.5 5.44466
    endloop
  endfacet
  facet normal 0 1 -0
    outer loop
      vertex -6.5 -73.5 3.14999
      vertex -11.4292 -73.5 5.44466
      vertex -6.5 -73.5 3.75
    endloop
  endfacet
  facet normal 0 1 0
    outer loop
      vertex -6.5 -73.5 3.14999
      vertex -15.8 -73.5 4.95
      vertex -12.4 -73.5 4.95
    endloop
  endfacet
  facet normal 0 1 0
    outer loop
      vertex -15.8 -73.5 4.95
      vertex -25.75 -73.5 2.099
      vertex -19.2 -73.5 4.95
    endloop
  endfacet
  facet normal 0 1 0
    outer loop
      vertex -12.0292 -73.5 5.00873
      vertex -6.5 -73.5 3.14999
      vertex -12.4 -73.5 4.95
    endloop
  endfacet
  facet normal 0 1 0
    outer loop
      vertex -11.6947 -73.5 5.17918
      vertex -6.5 -73.5 3.14999
      vertex -12.0292 -73.5 5.00873
    endloop
  endfacet
  facet normal 0 1 0
    outer loop
      vertex -11.4292 -73.5 5.44466
      vertex -6.5 -73.5 3.14999
      vertex -11.6947 -73.5 5.17918
    endloop
  endfacet
  facet normal 0 1 -0
    outer loop
      vertex 14.8292 -73.5 6.85534
      vertex 12.405 -73.5 7.85204
      vertex 15.795 -73.5 7.85204
    endloop
  endfacet
  facet normal 0 1 0
    outer loop
      vertex 14.8292 -73.5 6.85534
      vertex 13.3708 -73.5 6.85534
      vertex 12.405 -73.5 7.85204
    endloop
  endfacet
  facet normal 0 1 -0
    outer loop
      vertex 14.6587 -73.5 6.52082
      vertex 13.3708 -73.5 6.85534
      vertex 14.8292 -73.5 6.85534
    endloop
  endfacet
  facet normal 0 1 0
    outer loop
      vertex 14.6587 -73.5 6.52082
      vertex 13.5413 -73.5 6.52082
      vertex 13.3708 -73.5 6.85534
    endloop
  endfacet
  facet normal 0 1 -0
    outer loop
      vertex 14.6 -73.5 6.15
      vertex 13.5413 -73.5 6.52082
      vertex 14.6587 -73.5 6.52082
    endloop
  endfacet
  facet normal 0 1 0
    outer loop
      vertex 14.6 -73.5 6.15
      vertex 13.6 -73.5 6.15
      vertex 13.5413 -73.5 6.52082
    endloop
  endfacet
  facet normal 0 1 0
    outer loop
      vertex 14.6587 -73.5 5.77918
      vertex 13.6 -73.5 6.15
      vertex 14.6 -73.5 6.15
    endloop
  endfacet
  facet normal 0 1 0
    outer loop
      vertex 14.6587 -73.5 5.77918
      vertex 13.5413 -73.5 5.77918
      vertex 13.6 -73.5 6.15
    endloop
  endfacet
  facet normal 0 1 0
    outer loop
      vertex 14.8292 -73.5 5.44466
      vertex 13.5413 -73.5 5.77918
      vertex 14.6587 -73.5 5.77918
    endloop
  endfacet
  facet normal 0 1 0
    outer loop
      vertex 14.8292 -73.5 5.44466
      vertex 13.3708 -73.5 5.44466
      vertex 13.5413 -73.5 5.77918
    endloop
  endfacet
  facet normal 0 1 0
    outer loop
      vertex 15.0947 -73.5 5.17918
      vertex 13.3708 -73.5 5.44466
      vertex 14.8292 -73.5 5.44466
    endloop
  endfacet
  facet normal 0 1 0
    outer loop
      vertex 15.0947 -73.5 5.17918
      vertex 13.1053 -73.5 5.17918
      vertex 13.3708 -73.5 5.44466
    endloop
  endfacet
  facet normal 0 1 0
    outer loop
      vertex 15.4292 -73.5 5.00873
      vertex 13.1053 -73.5 5.17918
      vertex 15.0947 -73.5 5.17918
    endloop
  endfacet
  facet normal 0 1 0
    outer loop
      vertex 15.4292 -73.5 5.00873
      vertex 12.7708 -73.5 5.00873
      vertex 13.1053 -73.5 5.17918
    endloop
  endfacet
  facet normal 0 1 0
    outer loop
      vertex 15.8 -73.5 4.95
      vertex 12.7708 -73.5 5.00873
      vertex 15.4292 -73.5 5.00873
    endloop
  endfacet
  facet normal 0 1 0
    outer loop
      vertex 12.7708 -73.5 5.00873
      vertex 15.8 -73.5 4.95
      vertex 12.4 -73.5 4.95
    endloop
  endfacet
  facet normal 0 1 -0
    outer loop
      vertex 18.2292 -73.5 6.85534
      vertex 15.805 -73.5 7.85204
      vertex 19.195 -73.5 7.85204
    endloop
  endfacet
  facet normal 0 1 0
    outer loop
      vertex 18.2292 -73.5 6.85534
      vertex 16.7708 -73.5 6.85534
      vertex 15.805 -73.5 7.85204
    endloop
  endfacet
  facet normal 0 1 -0
    outer loop
      vertex 18.0587 -73.5 6.52082
      vertex 16.7708 -73.5 6.85534
      vertex 18.2292 -73.5 6.85534
    endloop
  endfacet
  facet normal 0 1 0
    outer loop
      vertex 18.0587 -73.5 6.52082
      vertex 16.9413 -73.5 6.52082
      vertex 16.7708 -73.5 6.85534
    endloop
  endfacet
  facet normal 0 1 -0
    outer loop
      vertex 18 -73.5 6.15
      vertex 16.9413 -73.5 6.52082
      vertex 18.0587 -73.5 6.52082
    endloop
  endfacet
  facet normal 0 1 0
    outer loop
      vertex 18 -73.5 6.15
      vertex 17 -73.5 6.15
      vertex 16.9413 -73.5 6.52082
    endloop
  endfacet
  facet normal 0 1 0
    outer loop
      vertex 18.0587 -73.5 5.77918
      vertex 17 -73.5 6.15
      vertex 18 -73.5 6.15
    endloop
  endfacet
  facet normal 0 1 0
    outer loop
      vertex 18.0587 -73.5 5.77918
      vertex 16.9413 -73.5 5.77918
      vertex 17 -73.5 6.15
    endloop
  endfacet
  facet normal 0 1 0
    outer loop
      vertex 18.2292 -73.5 5.44466
      vertex 16.9413 -73.5 5.77918
      vertex 18.0587 -73.5 5.77918
    endloop
  endfacet
  facet normal 0 1 0
    outer loop
      vertex 18.2292 -73.5 5.44466
      vertex 16.7708 -73.5 5.44466
      vertex 16.9413 -73.5 5.77918
    endloop
  endfacet
  facet normal 0 1 0
    outer loop
      vertex 18.4947 -73.5 5.17918
      vertex 16.7708 -73.5 5.44466
      vertex 18.2292 -73.5 5.44466
    endloop
  endfacet
  facet normal 0 1 0
    outer loop
      vertex 18.4947 -73.5 5.17918
      vertex 16.5053 -73.5 5.17918
      vertex 16.7708 -73.5 5.44466
    endloop
  endfacet
  facet normal 0 1 0
    outer loop
      vertex 18.8292 -73.5 5.00873
      vertex 16.5053 -73.5 5.17918
      vertex 18.4947 -73.5 5.17918
    endloop
  endfacet
  facet normal 0 1 0
    outer loop
      vertex 18.8292 -73.5 5.00873
      vertex 16.1708 -73.5 5.00873
      vertex 16.5053 -73.5 5.17918
    endloop
  endfacet
  facet normal 0 1 0
    outer loop
      vertex 19.2 -73.5 4.95
      vertex 16.1708 -73.5 5.00873
      vertex 18.8292 -73.5 5.00873
    endloop
  endfacet
  facet normal 0 1 0
    outer loop
      vertex 16.1708 -73.5 5.00873
      vertex 19.2 -73.5 4.95
      vertex 15.8 -73.5 4.95
    endloop
  endfacet
  facet normal 0 1 -0
    outer loop
      vertex 21.6292 -73.5 6.85534
      vertex 19.205 -73.5 7.85204
      vertex 22.595 -73.5 7.85204
    endloop
  endfacet
  facet normal 0 1 0
    outer loop
      vertex 21.6292 -73.5 6.85534
      vertex 20.1708 -73.5 6.85534
      vertex 19.205 -73.5 7.85204
    endloop
  endfacet
  facet normal 0 1 -0
    outer loop
      vertex 21.4587 -73.5 6.52082
      vertex 20.1708 -73.5 6.85534
      vertex 21.6292 -73.5 6.85534
    endloop
  endfacet
  facet normal 0 1 0
    outer loop
      vertex 21.4587 -73.5 6.52082
      vertex 20.3413 -73.5 6.52082
      vertex 20.1708 -73.5 6.85534
    endloop
  endfacet
  facet normal 0 1 -0
    outer loop
      vertex 21.4 -73.5 6.15
      vertex 20.3413 -73.5 6.52082
      vertex 21.4587 -73.5 6.52082
    endloop
  endfacet
  facet normal 0 1 0
    outer loop
      vertex 21.4 -73.5 6.15
      vertex 20.4 -73.5 6.15
      vertex 20.3413 -73.5 6.52082
    endloop
  endfacet
  facet normal 0 1 0
    outer loop
      vertex 21.4587 -73.5 5.77918
      vertex 20.4 -73.5 6.15
      vertex 21.4 -73.5 6.15
    endloop
  endfacet
  facet normal 0 1 0
    outer loop
      vertex 21.4587 -73.5 5.77918
      vertex 20.3413 -73.5 5.77918
      vertex 20.4 -73.5 6.15
    endloop
  endfacet
  facet normal 0 1 0
    outer loop
      vertex 21.6292 -73.5 5.44466
      vertex 20.3413 -73.5 5.77918
      vertex 21.4587 -73.5 5.77918
    endloop
  endfacet
  facet normal 0 1 0
    outer loop
      vertex 21.6292 -73.5 5.44466
      vertex 20.1708 -73.5 5.44466
      vertex 20.3413 -73.5 5.77918
    endloop
  endfacet
  facet normal 0 1 0
    outer loop
      vertex 21.8947 -73.5 5.17918
      vertex 20.1708 -73.5 5.44466
      vertex 21.6292 -73.5 5.44466
    endloop
  endfacet
  facet normal 0 1 0
    outer loop
      vertex 21.8947 -73.5 5.17918
      vertex 19.9053 -73.5 5.17918
      vertex 20.1708 -73.5 5.44466
    endloop
  endfacet
  facet normal 0 1 0
    outer loop
      vertex 22.2292 -73.5 5.00873
      vertex 19.9053 -73.5 5.17918
      vertex 21.8947 -73.5 5.17918
    endloop
  endfacet
  facet normal 0 1 0
    outer loop
      vertex 22.2292 -73.5 5.00873
      vertex 19.5708 -73.5 5.00873
      vertex 19.9053 -73.5 5.17918
    endloop
  endfacet
  facet normal 0 1 0
    outer loop
      vertex 25.75 -73.5 2.099
      vertex 22.2292 -73.5 5.00873
      vertex 22.6 -73.5 4.95
    endloop
  endfacet
  facet normal 0 1 0
    outer loop
      vertex 22.2292 -73.5 5.00873
      vertex 25.75 -73.5 2.099
      vertex 19.5708 -73.5 5.00873
    endloop
  endfacet
  facet normal 0 1 0
    outer loop
      vertex 25.75 -73.5 10.01
      vertex 1.09999 -73.5 9.14999
      vertex -25.75 -73.5 10.01
    endloop
  endfacet
  facet normal 0 1 0
    outer loop
      vertex 22.595 -73.5 7.85204
      vertex 25.75 -73.5 10.01
      vertex 22.605 -73.5 7.85204
    endloop
  endfacet
  facet normal 0 1 0
    outer loop
      vertex 25.75 -73.5 10.01
      vertex 23.5708 -73.5 6.85534
      vertex 22.605 -73.5 7.85204
    endloop
  endfacet
  facet normal 0 1 0
    outer loop
      vertex 25.75 -73.5 10.01
      vertex 23.7413 -73.5 6.52082
      vertex 23.5708 -73.5 6.85534
    endloop
  endfacet
  facet normal 0 1 0
    outer loop
      vertex 25.75 -73.5 10.01
      vertex 23.8 -73.5 6.15
      vertex 23.7413 -73.5 6.52082
    endloop
  endfacet
  facet normal 0 1 -0
    outer loop
      vertex 25.75 -73.5 2.099
      vertex 23.8 -73.5 6.15
      vertex 25.75 -73.5 10.01
    endloop
  endfacet
  facet normal 0 1 0
    outer loop
      vertex 19.5708 -73.5 5.00873
      vertex 25.75 -73.5 2.099
      vertex 19.2 -73.5 4.95
    endloop
  endfacet
  facet normal 0 1 0
    outer loop
      vertex 19.2 -73.5 4.95
      vertex 25.75 -73.5 2.099
      vertex 15.8 -73.5 4.95
    endloop
  endfacet
  facet normal -0 1 0
    outer loop
      vertex 6.5 -73.5 3.14999
      vertex 15.8 -73.5 4.95
      vertex 25.75 -73.5 2.099
    endloop
  endfacet
  facet normal 0 1 0
    outer loop
      vertex 12.4 -73.5 4.95
      vertex 6.5 -73.5 3.14999
      vertex 6.5 -73.5 3.75
    endloop
  endfacet
  facet normal 0 1 0
    outer loop
      vertex 6.5 -73.5 3.14999
      vertex 25.75 -73.5 2.099
      vertex -6.5 -73.5 3.14999
    endloop
  endfacet
  facet normal 0 1 0
    outer loop
      vertex 15.8 -73.5 4.95
      vertex 6.5 -73.5 3.14999
      vertex 12.4 -73.5 4.95
    endloop
  endfacet
  facet normal 0 1 0
    outer loop
      vertex 22.9708 -73.5 5.00873
      vertex 25.75 -73.5 2.099
      vertex 22.6 -73.5 4.95
    endloop
  endfacet
  facet normal 0 1 0
    outer loop
      vertex 23.3053 -73.5 5.17918
      vertex 25.75 -73.5 2.099
      vertex 22.9708 -73.5 5.00873
    endloop
  endfacet
  facet normal 0 1 0
    outer loop
      vertex 23.5708 -73.5 5.44466
      vertex 25.75 -73.5 2.099
      vertex 23.3053 -73.5 5.17918
    endloop
  endfacet
  facet normal 0 1 0
    outer loop
      vertex 23.7413 -73.5 5.77918
      vertex 25.75 -73.5 2.099
      vertex 23.5708 -73.5 5.44466
    endloop
  endfacet
  facet normal 0 1 0
    outer loop
      vertex 23.8 -73.5 6.15
      vertex 25.75 -73.5 2.099
      vertex 23.7413 -73.5 5.77918
    endloop
  endfacet
  facet normal 0 1 -0
    outer loop
      vertex -1.09999 -73.5 9.14999
      vertex -25.75 -73.5 10.01
      vertex 1.09999 -73.5 9.14999
    endloop
  endfacet
  facet normal 0 1 -0
    outer loop
      vertex -12.395 -73.5 7.85204
      vertex -25.75 -73.5 10.01
      vertex -1.09999 -73.5 9.14999
    endloop
  endfacet
  facet normal 0 1 -0
    outer loop
      vertex -12.405 -73.5 7.85204
      vertex -25.75 -73.5 10.01
      vertex -12.395 -73.5 7.85204
    endloop
  endfacet
  facet normal 0 1 -0
    outer loop
      vertex -15.795 -73.5 7.85204
      vertex -25.75 -73.5 10.01
      vertex -12.405 -73.5 7.85204
    endloop
  endfacet
  facet normal 0 1 -0
    outer loop
      vertex -15.805 -73.5 7.85204
      vertex -25.75 -73.5 10.01
      vertex -15.795 -73.5 7.85204
    endloop
  endfacet
  facet normal 0 1 -0
    outer loop
      vertex -19.195 -73.5 7.85204
      vertex -25.75 -73.5 10.01
      vertex -15.805 -73.5 7.85204
    endloop
  endfacet
  facet normal 0 1 -0
    outer loop
      vertex -19.205 -73.5 7.85204
      vertex -25.75 -73.5 10.01
      vertex -19.195 -73.5 7.85204
    endloop
  endfacet
  facet normal 0 1 -0
    outer loop
      vertex -22.595 -73.5 7.85204
      vertex -25.75 -73.5 10.01
      vertex -19.205 -73.5 7.85204
    endloop
  endfacet
  facet normal 0 1 -0
    outer loop
      vertex -22.605 -73.5 7.85204
      vertex -25.75 -73.5 10.01
      vertex -22.595 -73.5 7.85204
    endloop
  endfacet
  facet normal 0 1 -0
    outer loop
      vertex -23.5708 -73.5 6.85534
      vertex -25.75 -73.5 10.01
      vertex -22.605 -73.5 7.85204
    endloop
  endfacet
  facet normal 0 1 -0
    outer loop
      vertex -23.7413 -73.5 6.52082
      vertex -25.75 -73.5 10.01
      vertex -23.5708 -73.5 6.85534
    endloop
  endfacet
  facet normal 0 1 -0
    outer loop
      vertex -23.8 -73.5 6.15
      vertex -25.75 -73.5 10.01
      vertex -23.7413 -73.5 6.52082
    endloop
  endfacet
  facet normal 0 1 0
    outer loop
      vertex -25.75 -73.5 2.099
      vertex -23.8 -73.5 6.15
      vertex -23.7413 -73.5 5.77918
    endloop
  endfacet
  facet normal 0 1 0
    outer loop
      vertex -15.8 -73.5 4.95
      vertex -6.5 -73.5 3.14999
      vertex -25.75 -73.5 2.099
    endloop
  endfacet
  facet normal 0 1 0
    outer loop
      vertex -23.8 -73.5 6.15
      vertex -25.75 -73.5 2.099
      vertex -25.75 -73.5 10.01
    endloop
  endfacet
  facet normal 0 1 0
    outer loop
      vertex -23.5708 -73.5 5.44466
      vertex -25.75 -73.5 2.099
      vertex -23.7413 -73.5 5.77918
    endloop
  endfacet
  facet normal 0 1 0
    outer loop
      vertex -23.3053 -73.5 5.17918
      vertex -25.75 -73.5 2.099
      vertex -23.5708 -73.5 5.44466
    endloop
  endfacet
  facet normal 0 1 0
    outer loop
      vertex -22.9708 -73.5 5.00873
      vertex -25.75 -73.5 2.099
      vertex -23.3053 -73.5 5.17918
    endloop
  endfacet
  facet normal 0 1 0
    outer loop
      vertex -22.6 -73.5 4.95
      vertex -25.75 -73.5 2.099
      vertex -22.9708 -73.5 5.00873
    endloop
  endfacet
  facet normal 0 1 0
    outer loop
      vertex -22.2292 -73.5 5.00873
      vertex -25.75 -73.5 2.099
      vertex -22.6 -73.5 4.95
    endloop
  endfacet
  facet normal 0 1 0
    outer loop
      vertex -25.75 -73.5 2.099
      vertex -6.5 -73.5 3.14999
      vertex 25.75 -73.5 2.099
    endloop
  endfacet
  facet normal 0 1 0
    outer loop
      vertex 19.205 -73.5 7.85204
      vertex 25.75 -73.5 10.01
      vertex 22.595 -73.5 7.85204
    endloop
  endfacet
  facet normal 0 1 0
    outer loop
      vertex 19.195 -73.5 7.85204
      vertex 25.75 -73.5 10.01
      vertex 19.205 -73.5 7.85204
    endloop
  endfacet
  facet normal 0 1 0
    outer loop
      vertex 15.805 -73.5 7.85204
      vertex 25.75 -73.5 10.01
      vertex 19.195 -73.5 7.85204
    endloop
  endfacet
  facet normal 0 1 0
    outer loop
      vertex 15.795 -73.5 7.85204
      vertex 25.75 -73.5 10.01
      vertex 15.805 -73.5 7.85204
    endloop
  endfacet
  facet normal 0 1 0
    outer loop
      vertex 12.405 -73.5 7.85204
      vertex 25.75 -73.5 10.01
      vertex 15.795 -73.5 7.85204
    endloop
  endfacet
  facet normal 0 1 0
    outer loop
      vertex 12.395 -73.5 7.85204
      vertex 25.75 -73.5 10.01
      vertex 12.405 -73.5 7.85204
    endloop
  endfacet
  facet normal 0 1 0
    outer loop
      vertex 25.75 -73.5 10.01
      vertex 12.395 -73.5 7.85204
      vertex 1.09999 -73.5 9.14999
    endloop
  endfacet
  facet normal 0 1 -0
    outer loop
      vertex 11.4292 -73.5 6.85534
      vertex 1.09999 -73.5 9.14999
      vertex 12.395 -73.5 7.85204
    endloop
  endfacet
  facet normal 0 1 -0
    outer loop
      vertex 11.2587 -73.5 6.52082
      vertex 1.09999 -73.5 9.14999
      vertex 11.4292 -73.5 6.85534
    endloop
  endfacet
  facet normal 0 1 0
    outer loop
      vertex 6.5 -73.5 3.75
      vertex 11.2587 -73.5 6.52082
      vertex 11.2 -73.5 6.15
    endloop
  endfacet
  facet normal 0 1 0
    outer loop
      vertex 6.5 -73.5 3.75
      vertex 11.2 -73.5 6.15
      vertex 11.2587 -73.5 5.77918
    endloop
  endfacet
  facet normal 0 1 0
    outer loop
      vertex 6.5 -73.5 3.75
      vertex 11.2587 -73.5 5.77918
      vertex 11.4292 -73.5 5.44466
    endloop
  endfacet
  facet normal 0 1 0
    outer loop
      vertex 6.5 -73.5 3.75
      vertex 11.4292 -73.5 5.44466
      vertex 11.6947 -73.5 5.17918
    endloop
  endfacet
  facet normal 0 1 0
    outer loop
      vertex 6.5 -73.5 3.75
      vertex 11.6947 -73.5 5.17918
      vertex 12.0292 -73.5 5.00873
    endloop
  endfacet
  facet normal 0 1 0
    outer loop
      vertex 11.2587 -73.5 6.52082
      vertex 6.5 -73.5 3.75
      vertex 1.09999 -73.5 9.14999
    endloop
  endfacet
  facet normal 0 1 0
    outer loop
      vertex 6.5 -73.5 3.75
      vertex 12.0292 -73.5 5.00873
      vertex 12.4 -73.5 4.95
    endloop
  endfacet
  facet normal -0.321398 -0.946944 0
    outer loop
      vertex 28.377 73.1541 2.099
      vertex 29.6342 72.7274 10.01
      vertex 28.377 73.1541 10.01
    endloop
  endfacet
  facet normal -0.321398 -0.946944 -0
    outer loop
      vertex 29.6342 72.7274 10.01
      vertex 28.377 73.1541 2.099
      vertex 29.6342 72.7274 2.099
    endloop
  endfacet
  facet normal -0.659347 0.751839 0
    outer loop
      vertex 32.9271 -70.5271 2.099
      vertex 31.9289 -71.4025 10.01
      vertex 32.9271 -70.5271 10.01
    endloop
  endfacet
  facet normal -0.659347 0.751839 0
    outer loop
      vertex 31.9289 -71.4025 10.01
      vertex 32.9271 -70.5271 2.099
      vertex 31.9289 -71.4025 2.099
    endloop
  endfacet
  facet normal 0.555621 -0.831436 0
    outer loop
      vertex -31.9289 71.4025 2.099
      vertex -30.825 72.1402 10.01
      vertex -31.9289 71.4025 10.01
    endloop
  endfacet
  facet normal 0.555621 -0.831436 0
    outer loop
      vertex -30.825 72.1402 10.01
      vertex -31.9289 71.4025 2.099
      vertex -30.825 72.1402 2.099
    endloop
  endfacet
  facet normal 0.980789 0.195073 0
    outer loop
      vertex -35.5542 -65.977 10.01
      vertex -35.8132 -64.6748 2.099
      vertex -35.8132 -64.6748 10.01
    endloop
  endfacet
  facet normal 0.980789 0.195073 0
    outer loop
      vertex -35.8132 -64.6748 2.099
      vertex -35.5542 -65.977 10.01
      vertex -35.5542 -65.977 2.099
    endloop
  endfacet
  facet normal -0.195146 -0.980774 0
    outer loop
      vertex 27.0748 73.4132 2.099
      vertex 28.377 73.1541 10.01
      vertex 27.0748 73.4132 10.01
    endloop
  endfacet
  facet normal -0.195146 -0.980774 -0
    outer loop
      vertex 28.377 73.1541 10.01
      vertex 27.0748 73.4132 2.099
      vertex 28.377 73.1541 2.099
    endloop
  endfacet
  facet normal 0.659347 -0.751839 0
    outer loop
      vertex -32.9271 70.5271 2.099
      vertex -31.9289 71.4025 10.01
      vertex -32.9271 70.5271 10.01
    endloop
  endfacet
  facet normal 0.659347 -0.751839 0
    outer loop
      vertex -31.9289 71.4025 10.01
      vertex -32.9271 70.5271 2.099
      vertex -31.9289 71.4025 2.099
    endloop
  endfacet
  facet normal 0.321398 0.946944 -0
    outer loop
      vertex -28.377 -73.1541 2.099
      vertex -29.6342 -72.7274 10.01
      vertex -28.377 -73.1541 10.01
    endloop
  endfacet
  facet normal 0.321398 0.946944 0
    outer loop
      vertex -29.6342 -72.7274 10.01
      vertex -28.377 -73.1541 2.099
      vertex -29.6342 -72.7274 2.099
    endloop
  endfacet
  facet normal 0.99786 -0.0653791 0
    outer loop
      vertex -35.9 63.35 10.01
      vertex -35.8132 64.6748 2.099
      vertex -35.8132 64.6748 10.01
    endloop
  endfacet
  facet normal 0.99786 -0.0653791 0
    outer loop
      vertex -35.8132 64.6748 2.099
      vertex -35.9 63.35 10.01
      vertex -35.9 63.35 2.099
    endloop
  endfacet
  facet normal 0.555621 0.831436 -0
    outer loop
      vertex -30.825 -72.1402 2.099
      vertex -31.9289 -71.4025 10.01
      vertex -30.825 -72.1402 10.01
    endloop
  endfacet
  facet normal 0.555621 0.831436 0
    outer loop
      vertex -31.9289 -71.4025 10.01
      vertex -30.825 -72.1402 2.099
      vertex -31.9289 -71.4025 2.099
    endloop
  endfacet
  facet normal -1 0 0
    outer loop
      vertex 35.9 63.35 2.099
      vertex 35.9 40.35 3.95
      vertex 35.9 63.35 10.01
    endloop
  endfacet
  facet normal -1 0 0
    outer loop
      vertex 35.9 63.35 2.099
      vertex 35.9 16.35 3.95
      vertex 35.9 40.35 3.95
    endloop
  endfacet
  facet normal -1 -0 0
    outer loop
      vertex 35.9 16.35 3.95
      vertex 35.9 -63.35 2.099
      vertex 35.9 16.35 8.29472
    endloop
  endfacet
  facet normal -1 0 0
    outer loop
      vertex 35.9 -63.35 2.099
      vertex 35.9 16.35 3.95
      vertex 35.9 63.35 2.099
    endloop
  endfacet
  facet normal -1 0 0
    outer loop
      vertex 35.9 40.35 8.29472
      vertex 35.9 63.35 10.01
      vertex 35.9 40.35 3.95
    endloop
  endfacet
  facet normal -1 0 0
    outer loop
      vertex 35.9 16.35 8.29472
      vertex 35.9 63.35 10.01
      vertex 35.9 40.35 8.29472
    endloop
  endfacet
  facet normal -1 0 0
    outer loop
      vertex 35.9 16.35 8.29472
      vertex 35.9 -63.35 10.01
      vertex 35.9 63.35 10.01
    endloop
  endfacet
  facet normal -1 0 0
    outer loop
      vertex 35.9 -63.35 10.01
      vertex 35.9 16.35 8.29472
      vertex 35.9 -63.35 2.099
    endloop
  endfacet
  facet normal 0.946921 -0.321465 0
    outer loop
      vertex -35.5542 65.977 10.01
      vertex -35.1274 67.2342 2.099
      vertex -35.1274 67.2342 10.01
    endloop
  endfacet
  facet normal 0.946921 -0.321465 0
    outer loop
      vertex -35.1274 67.2342 2.099
      vertex -35.5542 65.977 10.01
      vertex -35.5542 65.977 2.099
    endloop
  endfacet
  facet normal 0.980789 -0.195073 0
    outer loop
      vertex -35.8132 64.6748 10.01
      vertex -35.5542 65.977 2.099
      vertex -35.5542 65.977 10.01
    endloop
  endfacet
  facet normal 0.980789 -0.195073 0
    outer loop
      vertex -35.5542 65.977 2.099
      vertex -35.8132 64.6748 10.01
      vertex -35.8132 64.6748 2.099
    endloop
  endfacet
  facet normal 0.442266 0.896884 -0
    outer loop
      vertex -29.6342 -72.7274 2.099
      vertex -30.825 -72.1402 10.01
      vertex -29.6342 -72.7274 10.01
    endloop
  endfacet
  facet normal 0.442266 0.896884 0
    outer loop
      vertex -30.825 -72.1402 10.01
      vertex -29.6342 -72.7274 2.099
      vertex -30.825 -72.1402 2.099
    endloop
  endfacet
  facet normal -0.99786 0.0653791 0
    outer loop
      vertex 35.8132 -64.6748 2.099
      vertex 35.9 -63.35 10.01
      vertex 35.9 -63.35 2.099
    endloop
  endfacet
  facet normal -0.99786 0.0653791 0
    outer loop
      vertex 35.9 -63.35 10.01
      vertex 35.8132 -64.6748 2.099
      vertex 35.8132 -64.6748 10.01
    endloop
  endfacet
  facet normal -0.946921 -0.321465 0
    outer loop
      vertex 35.5542 65.977 2.099
      vertex 35.1274 67.2342 10.01
      vertex 35.1274 67.2342 2.099
    endloop
  endfacet
  facet normal -0.946921 -0.321465 0
    outer loop
      vertex 35.1274 67.2342 10.01
      vertex 35.5542 65.977 2.099
      vertex 35.5542 65.977 10.01
    endloop
  endfacet
  facet normal -0.555621 -0.831436 0
    outer loop
      vertex 30.825 72.1402 2.099
      vertex 31.9289 71.4025 10.01
      vertex 30.825 72.1402 10.01
    endloop
  endfacet
  facet normal -0.555621 -0.831436 -0
    outer loop
      vertex 31.9289 71.4025 10.01
      vertex 30.825 72.1402 2.099
      vertex 31.9289 71.4025 2.099
    endloop
  endfacet
  facet normal 0.946921 0.321465 0
    outer loop
      vertex -35.1274 -67.2342 10.01
      vertex -35.5542 -65.977 2.099
      vertex -35.5542 -65.977 10.01
    endloop
  endfacet
  facet normal 0.946921 0.321465 0
    outer loop
      vertex -35.5542 -65.977 2.099
      vertex -35.1274 -67.2342 10.01
      vertex -35.1274 -67.2342 2.099
    endloop
  endfacet
  facet normal -0.831436 0.555621 0
    outer loop
      vertex 33.8025 -69.5289 2.099
      vertex 34.5402 -68.425 10.01
      vertex 34.5402 -68.425 2.099
    endloop
  endfacet
  facet normal -0.831436 0.555621 0
    outer loop
      vertex 34.5402 -68.425 10.01
      vertex 33.8025 -69.5289 2.099
      vertex 33.8025 -69.5289 10.01
    endloop
  endfacet
  facet normal 0.442266 -0.896884 0
    outer loop
      vertex -30.825 72.1402 2.099
      vertex -29.6342 72.7274 10.01
      vertex -30.825 72.1402 10.01
    endloop
  endfacet
  facet normal 0.442266 -0.896884 0
    outer loop
      vertex -29.6342 72.7274 10.01
      vertex -30.825 72.1402 2.099
      vertex -29.6342 72.7274 2.099
    endloop
  endfacet
  facet normal -0.896884 -0.442266 0
    outer loop
      vertex 35.1274 67.2342 2.099
      vertex 34.5402 68.425 10.01
      vertex 34.5402 68.425 2.099
    endloop
  endfacet
  facet normal -0.896884 -0.442266 0
    outer loop
      vertex 34.5402 68.425 10.01
      vertex 35.1274 67.2342 2.099
      vertex 35.1274 67.2342 10.01
    endloop
  endfacet
  facet normal -0.195146 0.980774 0
    outer loop
      vertex 28.377 -73.1541 2.099
      vertex 27.0748 -73.4132 10.01
      vertex 28.377 -73.1541 10.01
    endloop
  endfacet
  facet normal -0.195146 0.980774 0
    outer loop
      vertex 27.0748 -73.4132 10.01
      vertex 28.377 -73.1541 2.099
      vertex 27.0748 -73.4132 2.099
    endloop
  endfacet
  facet normal -0.555621 0.831436 0
    outer loop
      vertex 31.9289 -71.4025 2.099
      vertex 30.825 -72.1402 10.01
      vertex 31.9289 -71.4025 10.01
    endloop
  endfacet
  facet normal -0.555621 0.831436 0
    outer loop
      vertex 30.825 -72.1402 10.01
      vertex 31.9289 -71.4025 2.099
      vertex 30.825 -72.1402 2.099
    endloop
  endfacet
  facet normal 0.751839 0.659347 0
    outer loop
      vertex -32.9271 -70.5271 10.01
      vertex -33.8025 -69.5289 2.099
      vertex -33.8025 -69.5289 10.01
    endloop
  endfacet
  facet normal 0.751839 0.659347 0
    outer loop
      vertex -33.8025 -69.5289 2.099
      vertex -32.9271 -70.5271 10.01
      vertex -32.9271 -70.5271 2.099
    endloop
  endfacet
  facet normal 0.195146 -0.980774 0
    outer loop
      vertex -28.377 73.1541 2.099
      vertex -27.0748 73.4132 10.01
      vertex -28.377 73.1541 10.01
    endloop
  endfacet
  facet normal 0.195146 -0.980774 0
    outer loop
      vertex -27.0748 73.4132 10.01
      vertex -28.377 73.1541 2.099
      vertex -27.0748 73.4132 2.099
    endloop
  endfacet
  facet normal 0.321398 -0.946944 0
    outer loop
      vertex -29.6342 72.7274 2.099
      vertex -28.377 73.1541 10.01
      vertex -29.6342 72.7274 10.01
    endloop
  endfacet
  facet normal 0.321398 -0.946944 0
    outer loop
      vertex -28.377 73.1541 10.01
      vertex -29.6342 72.7274 2.099
      vertex -28.377 73.1541 2.099
    endloop
  endfacet
  facet normal -0.946921 0.321465 0
    outer loop
      vertex 35.1274 -67.2342 2.099
      vertex 35.5542 -65.977 10.01
      vertex 35.5542 -65.977 2.099
    endloop
  endfacet
  facet normal -0.946921 0.321465 0
    outer loop
      vertex 35.5542 -65.977 10.01
      vertex 35.1274 -67.2342 2.099
      vertex 35.1274 -67.2342 10.01
    endloop
  endfacet
  facet normal -0.321398 0.946944 0
    outer loop
      vertex 29.6342 -72.7274 2.099
      vertex 28.377 -73.1541 10.01
      vertex 29.6342 -72.7274 10.01
    endloop
  endfacet
  facet normal -0.321398 0.946944 0
    outer loop
      vertex 28.377 -73.1541 10.01
      vertex 29.6342 -72.7274 2.099
      vertex 28.377 -73.1541 2.099
    endloop
  endfacet
  facet normal -0.751839 0.659347 0
    outer loop
      vertex 32.9271 -70.5271 2.099
      vertex 33.8025 -69.5289 10.01
      vertex 33.8025 -69.5289 2.099
    endloop
  endfacet
  facet normal -0.751839 0.659347 0
    outer loop
      vertex 33.8025 -69.5289 10.01
      vertex 32.9271 -70.5271 2.099
      vertex 32.9271 -70.5271 10.01
    endloop
  endfacet
  facet normal -0.0653791 -0.99786 0
    outer loop
      vertex 25.75 73.5 2.099
      vertex 27.0748 73.4132 10.01
      vertex 25.75 73.5 10.01
    endloop
  endfacet
  facet normal -0.0653791 -0.99786 -0
    outer loop
      vertex 27.0748 73.4132 10.01
      vertex 25.75 73.5 2.099
      vertex 27.0748 73.4132 2.099
    endloop
  endfacet
  facet normal -0.442266 0.896884 0
    outer loop
      vertex 30.825 -72.1402 2.099
      vertex 29.6342 -72.7274 10.01
      vertex 30.825 -72.1402 10.01
    endloop
  endfacet
  facet normal -0.442266 0.896884 0
    outer loop
      vertex 29.6342 -72.7274 10.01
      vertex 30.825 -72.1402 2.099
      vertex 29.6342 -72.7274 2.099
    endloop
  endfacet
  facet normal -0.980789 -0.195073 0
    outer loop
      vertex 35.8132 64.6748 2.099
      vertex 35.5542 65.977 10.01
      vertex 35.5542 65.977 2.099
    endloop
  endfacet
  facet normal -0.980789 -0.195073 0
    outer loop
      vertex 35.5542 65.977 10.01
      vertex 35.8132 64.6748 2.099
      vertex 35.8132 64.6748 10.01
    endloop
  endfacet
  facet normal 0.751839 -0.659347 0
    outer loop
      vertex -33.8025 69.5289 10.01
      vertex -32.9271 70.5271 2.099
      vertex -32.9271 70.5271 10.01
    endloop
  endfacet
  facet normal 0.751839 -0.659347 0
    outer loop
      vertex -32.9271 70.5271 2.099
      vertex -33.8025 69.5289 10.01
      vertex -33.8025 69.5289 2.099
    endloop
  endfacet
  facet normal 0 0 1
    outer loop
      vertex 31.5649 63.2941 2.099
      vertex 35.9 63.35 2.099
      vertex 35.8132 64.6748 2.099
    endloop
  endfacet
  facet normal 0 0 1
    outer loop
      vertex 35.9 63.35 2.099
      vertex 31.9433 49.5206 2.099
      vertex 35.9 -63.35 2.099
    endloop
  endfacet
  facet normal 0 0 1
    outer loop
      vertex 31.5649 63.2941 2.099
      vertex 35.8132 64.6748 2.099
      vertex 35.5542 65.977 2.099
    endloop
  endfacet
  facet normal 0 0 1
    outer loop
      vertex 35.9 63.35 2.099
      vertex 32.173 50.6753 2.099
      vertex 31.9433 49.5206 2.099
    endloop
  endfacet
  facet normal 0 0 1
    outer loop
      vertex 31.0442 64.35 2.099
      vertex 35.5542 65.977 2.099
      vertex 35.1274 67.2342 2.099
    endloop
  endfacet
  facet normal -0 0 1
    outer loop
      vertex 31.5649 48.4058 2.099
      vertex 35.9 -63.35 2.099
      vertex 31.9433 49.5206 2.099
    endloop
  endfacet
  facet normal 0 0 1
    outer loop
      vertex 30.3902 65.3288 2.099
      vertex 35.1274 67.2342 2.099
      vertex 34.5402 68.425 2.099
    endloop
  endfacet
  facet normal -0 0 1
    outer loop
      vertex 31.0442 47.35 2.099
      vertex 35.9 -63.35 2.099
      vertex 31.5649 48.4058 2.099
    endloop
  endfacet
  facet normal 0 0 1
    outer loop
      vertex 30.3902 65.3288 2.099
      vertex 34.5402 68.425 2.099
      vertex 33.8025 69.5289 2.099
    endloop
  endfacet
  facet normal 0 0 1
    outer loop
      vertex 35.9 63.35 2.099
      vertex 32.25 51.85 2.099
      vertex 32.173 50.6753 2.099
    endloop
  endfacet
  facet normal 0 0 1
    outer loop
      vertex 29.614 66.214 2.099
      vertex 33.8025 69.5289 2.099
      vertex 32.9271 70.5271 2.099
    endloop
  endfacet
  facet normal -0 0 1
    outer loop
      vertex 30.3902 46.3711 2.099
      vertex 35.9 -63.35 2.099
      vertex 31.0442 47.35 2.099
    endloop
  endfacet
  facet normal 0 0 1
    outer loop
      vertex 35.9 63.35 2.099
      vertex 32.25 59.85 2.099
      vertex 32.25 51.85 2.099
    endloop
  endfacet
  facet normal 0 0 1
    outer loop
      vertex 35.9 63.35 2.099
      vertex 32.173 61.0247 2.099
      vertex 32.25 59.85 2.099
    endloop
  endfacet
  facet normal 0 0 1
    outer loop
      vertex 35.9 63.35 2.099
      vertex 31.9433 62.1794 2.099
      vertex 32.173 61.0247 2.099
    endloop
  endfacet
  facet normal 0 0 1
    outer loop
      vertex 28.7289 66.9902 2.099
      vertex 32.9271 70.5271 2.099
      vertex 31.9289 71.4025 2.099
    endloop
  endfacet
  facet normal 0 0 1
    outer loop
      vertex 35.9 63.35 2.099
      vertex 31.5649 63.2941 2.099
      vertex 31.9433 62.1794 2.099
    endloop
  endfacet
  facet normal 0 0 1
    outer loop
      vertex 35.5542 65.977 2.099
      vertex 31.0442 64.35 2.099
      vertex 31.5649 63.2941 2.099
    endloop
  endfacet
  facet normal 0 0 1
    outer loop
      vertex 28.7289 66.9902 2.099
      vertex 31.9289 71.4025 2.099
      vertex 30.825 72.1402 2.099
    endloop
  endfacet
  facet normal 0 0 1
    outer loop
      vertex 35.1274 67.2342 2.099
      vertex 30.3902 65.3288 2.099
      vertex 31.0442 64.35 2.099
    endloop
  endfacet
  facet normal 0 0 1
    outer loop
      vertex 27.75 67.6442 2.099
      vertex 30.825 72.1402 2.099
      vertex 29.6342 72.7274 2.099
    endloop
  endfacet
  facet normal 0 0 1
    outer loop
      vertex 33.8025 69.5289 2.099
      vertex 29.614 66.214 2.099
      vertex 30.3902 65.3288 2.099
    endloop
  endfacet
  facet normal 0 0 1
    outer loop
      vertex 32.9271 70.5271 2.099
      vertex 28.7289 66.9902 2.099
      vertex 29.614 66.214 2.099
    endloop
  endfacet
  facet normal 0 0 1
    outer loop
      vertex 26.6942 68.1649 2.099
      vertex 29.6342 72.7274 2.099
      vertex 28.377 73.1541 2.099
    endloop
  endfacet
  facet normal 0 0 1
    outer loop
      vertex 30.825 72.1402 2.099
      vertex 27.75 67.6442 2.099
      vertex 28.7289 66.9902 2.099
    endloop
  endfacet
  facet normal 0 0 1
    outer loop
      vertex 26.6942 68.1649 2.099
      vertex 28.377 73.1541 2.099
      vertex 27.0748 73.4132 2.099
    endloop
  endfacet
  facet normal 0 0 1
    outer loop
      vertex 29.6342 72.7274 2.099
      vertex 26.6942 68.1649 2.099
      vertex 27.75 67.6442 2.099
    endloop
  endfacet
  facet normal 0 0 1
    outer loop
      vertex 25.5794 68.5433 2.099
      vertex 27.0748 73.4132 2.099
      vertex 25.75 73.5 2.099
    endloop
  endfacet
  facet normal 0 0 1
    outer loop
      vertex 27.0748 73.4132 2.099
      vertex 25.5794 68.5433 2.099
      vertex 26.6942 68.1649 2.099
    endloop
  endfacet
  facet normal 0 0 1
    outer loop
      vertex 25.75 73.5 2.099
      vertex 24.4247 68.773 2.099
      vertex 25.5794 68.5433 2.099
    endloop
  endfacet
  facet normal 0 0 1
    outer loop
      vertex 25.75 73.5 2.099
      vertex 23.25 68.85 2.099
      vertex 24.4247 68.773 2.099
    endloop
  endfacet
  facet normal 0 0 1
    outer loop
      vertex 25.75 73.5 2.099
      vertex 9.25 68.85 2.099
      vertex 23.25 68.85 2.099
    endloop
  endfacet
  facet normal 0 0 1
    outer loop
      vertex 25.75 73.5 2.099
      vertex 8.07527 68.773 2.099
      vertex 9.25 68.85 2.099
    endloop
  endfacet
  facet normal -0 0 1
    outer loop
      vertex -25.75 73.5 2.099
      vertex 8.07527 68.773 2.099
      vertex 25.75 73.5 2.099
    endloop
  endfacet
  facet normal 0 0 1
    outer loop
      vertex 0.25 59.85 2.099
      vertex -25.75 73.5 2.099
      vertex 0.25 51.85 2.099
    endloop
  endfacet
  facet normal 0 0 1
    outer loop
      vertex 0.326996 61.0247 2.099
      vertex -25.75 73.5 2.099
      vertex 0.25 59.85 2.099
    endloop
  endfacet
  facet normal 0 0 1
    outer loop
      vertex 0.556671 62.1794 2.099
      vertex -25.75 73.5 2.099
      vertex 0.326996 61.0247 2.099
    endloop
  endfacet
  facet normal 0 0 1
    outer loop
      vertex 0.935089 63.2941 2.099
      vertex -25.75 73.5 2.099
      vertex 0.556671 62.1794 2.099
    endloop
  endfacet
  facet normal 0 0 1
    outer loop
      vertex 1.45576 64.35 2.099
      vertex -25.75 73.5 2.099
      vertex 0.935089 63.2941 2.099
    endloop
  endfacet
  facet normal 0 0 1
    outer loop
      vertex 2.10982 65.3288 2.099
      vertex -25.75 73.5 2.099
      vertex 1.45576 64.35 2.099
    endloop
  endfacet
  facet normal 0 0 1
    outer loop
      vertex 2.88603 66.214 2.099
      vertex -25.75 73.5 2.099
      vertex 2.10982 65.3288 2.099
    endloop
  endfacet
  facet normal 0 0 1
    outer loop
      vertex 3.77115 66.9902 2.099
      vertex -25.75 73.5 2.099
      vertex 2.88603 66.214 2.099
    endloop
  endfacet
  facet normal 0 0 1
    outer loop
      vertex 4.75 67.6442 2.099
      vertex -25.75 73.5 2.099
      vertex 3.77115 66.9902 2.099
    endloop
  endfacet
  facet normal 0 0 1
    outer loop
      vertex 5.80585 68.1649 2.099
      vertex -25.75 73.5 2.099
      vertex 4.75 67.6442 2.099
    endloop
  endfacet
  facet normal 0 0 1
    outer loop
      vertex 6.92062 68.5433 2.099
      vertex -25.75 73.5 2.099
      vertex 5.80585 68.1649 2.099
    endloop
  endfacet
  facet normal 0 0 1
    outer loop
      vertex 8.07527 68.773 2.099
      vertex -25.75 73.5 2.099
      vertex 6.92062 68.5433 2.099
    endloop
  endfacet
  facet normal -0 0 1
    outer loop
      vertex 29.614 45.486 2.099
      vertex 35.9 -63.35 2.099
      vertex 30.3902 46.3711 2.099
    endloop
  endfacet
  facet normal -0 0 1
    outer loop
      vertex 28.7289 44.7098 2.099
      vertex 35.9 -63.35 2.099
      vertex 29.614 45.486 2.099
    endloop
  endfacet
  facet normal -0 0 1
    outer loop
      vertex 27.75 44.0558 2.099
      vertex 35.9 -63.35 2.099
      vertex 28.7289 44.7098 2.099
    endloop
  endfacet
  facet normal -0 0 1
    outer loop
      vertex 26.6942 43.5351 2.099
      vertex 35.9 -63.35 2.099
      vertex 27.75 44.0558 2.099
    endloop
  endfacet
  facet normal -0 0 1
    outer loop
      vertex 25.5794 43.1567 2.099
      vertex 35.9 -63.35 2.099
      vertex 26.6942 43.5351 2.099
    endloop
  endfacet
  facet normal -0 0 1
    outer loop
      vertex 24.4247 42.927 2.099
      vertex 35.9 -63.35 2.099
      vertex 25.5794 43.1567 2.099
    endloop
  endfacet
  facet normal -0 0 1
    outer loop
      vertex 23.25 42.85 2.099
      vertex 35.9 -63.35 2.099
      vertex 24.4247 42.927 2.099
    endloop
  endfacet
  facet normal -0 0 1
    outer loop
      vertex 9.25 42.85 2.099
      vertex 35.9 -63.35 2.099
      vertex 23.25 42.85 2.099
    endloop
  endfacet
  facet normal 0 0 1
    outer loop
      vertex 8.07527 42.927 2.099
      vertex 35.9 -63.35 2.099
      vertex 9.25 42.85 2.099
    endloop
  endfacet
  facet normal 0 0 1
    outer loop
      vertex -35.9 -63.35 2.099
      vertex 35.9 -63.35 2.099
      vertex 8.07527 42.927 2.099
    endloop
  endfacet
  facet normal 0 -0 1
    outer loop
      vertex 25.75 -73.5 2.099
      vertex 35.9 -63.35 2.099
      vertex -35.9 -63.35 2.099
    endloop
  endfacet
  facet normal 0 0 1
    outer loop
      vertex 35.9 -63.35 2.099
      vertex 25.75 -73.5 2.099
      vertex 35.8132 -64.6748 2.099
    endloop
  endfacet
  facet normal 0 0 1
    outer loop
      vertex 35.8132 -64.6748 2.099
      vertex 25.75 -73.5 2.099
      vertex 35.5542 -65.977 2.099
    endloop
  endfacet
  facet normal 0 0 1
    outer loop
      vertex 35.5542 -65.977 2.099
      vertex 25.75 -73.5 2.099
      vertex 35.1274 -67.2342 2.099
    endloop
  endfacet
  facet normal 0 0 1
    outer loop
      vertex 33.8025 -69.5289 2.099
      vertex 25.75 -73.5 2.099
      vertex 32.9271 -70.5271 2.099
    endloop
  endfacet
  facet normal 0 0 1
    outer loop
      vertex 32.9271 -70.5271 2.099
      vertex 25.75 -73.5 2.099
      vertex 31.9289 -71.4025 2.099
    endloop
  endfacet
  facet normal 0 0 1
    outer loop
      vertex 30.825 -72.1402 2.099
      vertex 25.75 -73.5 2.099
      vertex 29.6342 -72.7274 2.099
    endloop
  endfacet
  facet normal 0 0 1
    outer loop
      vertex 29.6342 -72.7274 2.099
      vertex 25.75 -73.5 2.099
      vertex 28.377 -73.1541 2.099
    endloop
  endfacet
  facet normal 0 0 1
    outer loop
      vertex 28.377 -73.1541 2.099
      vertex 25.75 -73.5 2.099
      vertex 27.0748 -73.4132 2.099
    endloop
  endfacet
  facet normal 0 0 1
    outer loop
      vertex 31.9289 -71.4025 2.099
      vertex 25.75 -73.5 2.099
      vertex 30.825 -72.1402 2.099
    endloop
  endfacet
  facet normal 0 0 1
    outer loop
      vertex 34.5402 -68.425 2.099
      vertex 25.75 -73.5 2.099
      vertex 33.8025 -69.5289 2.099
    endloop
  endfacet
  facet normal 0 0 1
    outer loop
      vertex -35.9 -63.35 2.099
      vertex 8.07527 42.927 2.099
      vertex 6.92062 43.1567 2.099
    endloop
  endfacet
  facet normal 0 0 1
    outer loop
      vertex -35.9 -63.35 2.099
      vertex 6.92062 43.1567 2.099
      vertex 5.80585 43.5351 2.099
    endloop
  endfacet
  facet normal 0 0 1
    outer loop
      vertex -35.9 -63.35 2.099
      vertex 5.80585 43.5351 2.099
      vertex 4.75 44.0558 2.099
    endloop
  endfacet
  facet normal 0 0 1
    outer loop
      vertex -35.9 -63.35 2.099
      vertex 4.75 44.0558 2.099
      vertex 3.77115 44.7098 2.099
    endloop
  endfacet
  facet normal 0 0 1
    outer loop
      vertex -35.9 -63.35 2.099
      vertex 3.77115 44.7098 2.099
      vertex 2.88603 45.486 2.099
    endloop
  endfacet
  facet normal 0 0 1
    outer loop
      vertex -35.9 63.35 2.099
      vertex 2.88603 45.486 2.099
      vertex 2.10982 46.3711 2.099
    endloop
  endfacet
  facet normal 0 0 1
    outer loop
      vertex -35.9 63.35 2.099
      vertex 2.10982 46.3711 2.099
      vertex 1.45576 47.35 2.099
    endloop
  endfacet
  facet normal 0 0 1
    outer loop
      vertex -35.9 63.35 2.099
      vertex 1.45576 47.35 2.099
      vertex 0.935089 48.4058 2.099
    endloop
  endfacet
  facet normal 0 0 1
    outer loop
      vertex -35.9 63.35 2.099
      vertex 0.935089 48.4058 2.099
      vertex 0.556671 49.5206 2.099
    endloop
  endfacet
  facet normal -0 0 1
    outer loop
      vertex -35.9 63.35 2.099
      vertex 0.25 51.85 2.099
      vertex -25.75 73.5 2.099
    endloop
  endfacet
  facet normal 0 0 1
    outer loop
      vertex 0.25 51.85 2.099
      vertex -35.9 63.35 2.099
      vertex 0.326996 50.6753 2.099
    endloop
  endfacet
  facet normal 0 0 1
    outer loop
      vertex 0.326996 50.6753 2.099
      vertex -35.9 63.35 2.099
      vertex 0.556671 49.5206 2.099
    endloop
  endfacet
  facet normal 0 0 1
    outer loop
      vertex 2.88603 45.486 2.099
      vertex -35.9 63.35 2.099
      vertex -35.9 -63.35 2.099
    endloop
  endfacet
  facet normal 0 0 1
    outer loop
      vertex -35.9 63.35 2.099
      vertex -25.75 73.5 2.099
      vertex -27.0748 73.4132 2.099
    endloop
  endfacet
  facet normal 0 0 1
    outer loop
      vertex 35.1274 -67.2342 2.099
      vertex 25.75 -73.5 2.099
      vertex 34.5402 -68.425 2.099
    endloop
  endfacet
  facet normal 0 0 1
    outer loop
      vertex -35.9 63.35 2.099
      vertex -27.0748 73.4132 2.099
      vertex -28.377 73.1541 2.099
    endloop
  endfacet
  facet normal 0 0 1
    outer loop
      vertex 25.75 -73.5 2.099
      vertex -35.9 -63.35 2.099
      vertex -25.75 -73.5 2.099
    endloop
  endfacet
  facet normal 0 0 1
    outer loop
      vertex -35.9 63.35 2.099
      vertex -28.377 73.1541 2.099
      vertex -29.6342 72.7274 2.099
    endloop
  endfacet
  facet normal 0 0 1
    outer loop
      vertex -25.75 -73.5 2.099
      vertex -35.9 -63.35 2.099
      vertex -27.0748 -73.4132 2.099
    endloop
  endfacet
  facet normal 0 0 1
    outer loop
      vertex -35.9 63.35 2.099
      vertex -29.6342 72.7274 2.099
      vertex -30.825 72.1402 2.099
    endloop
  endfacet
  facet normal 0 0 1
    outer loop
      vertex -27.0748 -73.4132 2.099
      vertex -35.9 -63.35 2.099
      vertex -28.377 -73.1541 2.099
    endloop
  endfacet
  facet normal 0 0 1
    outer loop
      vertex -35.9 63.35 2.099
      vertex -30.825 72.1402 2.099
      vertex -31.9289 71.4025 2.099
    endloop
  endfacet
  facet normal 0 0 1
    outer loop
      vertex -28.377 -73.1541 2.099
      vertex -35.9 -63.35 2.099
      vertex -29.6342 -72.7274 2.099
    endloop
  endfacet
  facet normal 0 0 1
    outer loop
      vertex -35.9 63.35 2.099
      vertex -31.9289 71.4025 2.099
      vertex -32.9271 70.5271 2.099
    endloop
  endfacet
  facet normal 0 0 1
    outer loop
      vertex -29.6342 -72.7274 2.099
      vertex -35.9 -63.35 2.099
      vertex -30.825 -72.1402 2.099
    endloop
  endfacet
  facet normal 0 0 1
    outer loop
      vertex -35.9 63.35 2.099
      vertex -32.9271 70.5271 2.099
      vertex -33.8025 69.5289 2.099
    endloop
  endfacet
  facet normal 0 0 1
    outer loop
      vertex -30.825 -72.1402 2.099
      vertex -35.9 -63.35 2.099
      vertex -31.9289 -71.4025 2.099
    endloop
  endfacet
  facet normal 0 0 1
    outer loop
      vertex -35.9 63.35 2.099
      vertex -33.8025 69.5289 2.099
      vertex -34.5402 68.425 2.099
    endloop
  endfacet
  facet normal 0 0 1
    outer loop
      vertex -31.9289 -71.4025 2.099
      vertex -35.9 -63.35 2.099
      vertex -32.9271 -70.5271 2.099
    endloop
  endfacet
  facet normal 0 0 1
    outer loop
      vertex -35.9 63.35 2.099
      vertex -34.5402 68.425 2.099
      vertex -35.1274 67.2342 2.099
    endloop
  endfacet
  facet normal 0 0 1
    outer loop
      vertex -32.9271 -70.5271 2.099
      vertex -35.9 -63.35 2.099
      vertex -33.8025 -69.5289 2.099
    endloop
  endfacet
  facet normal 0 0 1
    outer loop
      vertex -35.9 63.35 2.099
      vertex -35.1274 67.2342 2.099
      vertex -35.5542 65.977 2.099
    endloop
  endfacet
  facet normal 0 0 1
    outer loop
      vertex -33.8025 -69.5289 2.099
      vertex -35.9 -63.35 2.099
      vertex -34.5402 -68.425 2.099
    endloop
  endfacet
  facet normal 0 0 1
    outer loop
      vertex -35.9 63.35 2.099
      vertex -35.5542 65.977 2.099
      vertex -35.8132 64.6748 2.099
    endloop
  endfacet
  facet normal 0 0 1
    outer loop
      vertex -34.5402 -68.425 2.099
      vertex -35.9 -63.35 2.099
      vertex -35.1274 -67.2342 2.099
    endloop
  endfacet
  facet normal 0 0 1
    outer loop
      vertex -35.1274 -67.2342 2.099
      vertex -35.9 -63.35 2.099
      vertex -35.5542 -65.977 2.099
    endloop
  endfacet
  facet normal 0 0 1
    outer loop
      vertex -35.5542 -65.977 2.099
      vertex -35.9 -63.35 2.099
      vertex -35.8132 -64.6748 2.099
    endloop
  endfacet
  facet normal -0.980789 0.195073 0
    outer loop
      vertex 35.5542 -65.977 2.099
      vertex 35.8132 -64.6748 10.01
      vertex 35.8132 -64.6748 2.099
    endloop
  endfacet
  facet normal -0.980789 0.195073 0
    outer loop
      vertex 35.8132 -64.6748 10.01
      vertex 35.5542 -65.977 2.099
      vertex 35.5542 -65.977 10.01
    endloop
  endfacet
  facet normal 0.831436 -0.555621 0
    outer loop
      vertex -34.5402 68.425 10.01
      vertex -33.8025 69.5289 2.099
      vertex -33.8025 69.5289 10.01
    endloop
  endfacet
  facet normal 0.831436 -0.555621 0
    outer loop
      vertex -33.8025 69.5289 2.099
      vertex -34.5402 68.425 10.01
      vertex -34.5402 68.425 2.099
    endloop
  endfacet
  facet normal -0.694254 0.138083 -0.70636
    outer loop
      vertex 35.8132 -64.6748 10.01
      vertex 35.5542 -65.977 10.01
      vertex 34.673 -64.5247 11.16
    endloop
  endfacet
  facet normal -0.694238 0.138102 -0.706372
    outer loop
      vertex 34.673 -64.5247 11.16
      vertex 35.5542 -65.977 10.01
      vertex 34.4433 -65.6794 11.16
    endloop
  endfacet
  facet normal -0.670279 -0.227549 -0.706362
    outer loop
      vertex 35.1274 67.2342 10.01
      vertex 35.5542 65.977 10.01
      vertex 34.0649 66.7941 11.16
    endloop
  endfacet
  facet normal -0.670279 0.227549 -0.706362
    outer loop
      vertex 35.5542 -65.977 10.01
      vertex 35.1274 -67.2342 10.01
      vertex 34.0649 -66.7941 11.16
    endloop
  endfacet
  facet normal -0.634855 -0.313056 -0.706368
    outer loop
      vertex 34.5402 68.425 10.01
      vertex 35.1274 67.2342 10.01
      vertex 33.5442 67.85 11.16
    endloop
  endfacet
  facet normal -0.706349 0.0462795 -0.706349
    outer loop
      vertex 35.9 -63.35 10.01
      vertex 35.8132 -64.6748 10.01
      vertex 34.75 -63.35 11.16
    endloop
  endfacet
  facet normal -0.532206 -0.466733 -0.70634
    outer loop
      vertex 32.9271 70.5271 10.01
      vertex 33.8025 69.5289 10.01
      vertex 32.8902 68.8288 11.16
    endloop
  endfacet
  facet normal -0.313099 0.634857 -0.706347
    outer loop
      vertex 30.25 -71.1442 11.16
      vertex 29.6342 -72.7274 10.01
      vertex 29.1942 -71.6649 11.16
    endloop
  endfacet
  facet normal 0.466747 -0.532221 -0.70632
    outer loop
      vertex -31.9289 71.4025 10.01
      vertex -31.2289 70.4902 11.16
      vertex -32.9271 70.5271 10.01
    endloop
  endfacet
  facet normal 0.532255 -0.466715 -0.706315
    outer loop
      vertex -32.114 69.714 11.16
      vertex -32.8902 68.8288 11.16
      vertex -32.9271 70.5271 10.01
    endloop
  endfacet
  facet normal -0.466744 -0.532228 -0.706317
    outer loop
      vertex 32.9271 70.5271 10.01
      vertex 32.114 69.714 11.16
      vertex 31.2289 70.4902 11.16
    endloop
  endfacet
  facet normal 0.694254 -0.138083 -0.70636
    outer loop
      vertex -35.5542 65.977 10.01
      vertex -34.673 64.5247 11.16
      vertex -35.8132 64.6748 10.01
    endloop
  endfacet
  facet normal -0.227525 0.67031 -0.706341
    outer loop
      vertex 29.1942 -71.6649 11.16
      vertex 28.377 -73.1541 10.01
      vertex 28.0794 -72.0433 11.16
    endloop
  endfacet
  facet normal -0.0462795 -0.706349 -0.706349
    outer loop
      vertex 25.75 73.5 10.01
      vertex 27.0748 73.4132 10.01
      vertex 25.75 72.35 11.16
    endloop
  endfacet
  facet normal 0.0462795 -0.706349 -0.706349
    outer loop
      vertex -25.75 73.5 10.01
      vertex -25.75 72.35 11.16
      vertex -27.0748 73.4132 10.01
    endloop
  endfacet
  facet normal 0.670279 0.227549 -0.706362
    outer loop
      vertex -34.0649 -66.7941 11.16
      vertex -35.1274 -67.2342 10.01
      vertex -35.5542 -65.977 10.01
    endloop
  endfacet
  facet normal -0.466747 -0.532221 -0.70632
    outer loop
      vertex 31.9289 71.4025 10.01
      vertex 32.9271 70.5271 10.01
      vertex 31.2289 70.4902 11.16
    endloop
  endfacet
  facet normal 0.466747 0.532221 -0.70632
    outer loop
      vertex -31.2289 -70.4902 11.16
      vertex -31.9289 -71.4025 10.01
      vertex -32.9271 -70.5271 10.01
    endloop
  endfacet
  facet normal -0.0462994 0.706337 -0.70636
    outer loop
      vertex 26.9247 -72.273 11.16
      vertex 27.0748 -73.4132 10.01
      vertex 25.75 -72.35 11.16
    endloop
  endfacet
  facet normal -0.466747 0.532221 -0.70632
    outer loop
      vertex 32.9271 -70.5271 10.01
      vertex 31.9289 -71.4025 10.01
      vertex 31.2289 -70.4902 11.16
    endloop
  endfacet
  facet normal 0.707107 0 -0.707107
    outer loop
      vertex -34.75 -63.35 11.16
      vertex -35.9 63.35 10.01
      vertex -34.75 63.35 11.16
    endloop
  endfacet
  facet normal 0.707107 0 -0.707107
    outer loop
      vertex -35.9 63.35 10.01
      vertex -34.75 -63.35 11.16
      vertex -35.9 -63.35 10.01
    endloop
  endfacet
  facet normal -0.670277 -0.227534 -0.706369
    outer loop
      vertex 35.5542 65.977 10.01
      vertex 34.4433 65.6794 11.16
      vertex 34.0649 66.7941 11.16
    endloop
  endfacet
  facet normal -0.707107 0 -0.707107
    outer loop
      vertex 35.9 -63.35 10.01
      vertex 34.75 63.35 11.16
      vertex 35.9 63.35 10.01
    endloop
  endfacet
  facet normal -0.707107 -0 -0.707107
    outer loop
      vertex 34.75 63.35 11.16
      vertex 35.9 -63.35 10.01
      vertex 34.75 -63.35 11.16
    endloop
  endfacet
  facet normal -0.138135 -0.694245 -0.706359
    outer loop
      vertex 27.0748 73.4132 10.01
      vertex 28.377 73.1541 10.01
      vertex 26.9247 72.273 11.16
    endloop
  endfacet
  facet normal -0.706337 0.0462994 -0.70636
    outer loop
      vertex 34.75 -63.35 11.16
      vertex 35.8132 -64.6748 10.01
      vertex 34.673 -64.5247 11.16
    endloop
  endfacet
  facet normal 0.706349 -0.0462795 -0.706349
    outer loop
      vertex -35.8132 64.6748 10.01
      vertex -34.75 63.35 11.16
      vertex -35.9 63.35 10.01
    endloop
  endfacet
  facet normal 0 -0.707107 -0.707107
    outer loop
      vertex -25.75 73.5 10.01
      vertex 25.75 72.35 11.16
      vertex -25.75 72.35 11.16
    endloop
  endfacet
  facet normal 0 -0.707107 -0.707107
    outer loop
      vertex 25.75 72.35 11.16
      vertex -25.75 73.5 10.01
      vertex 25.75 73.5 10.01
    endloop
  endfacet
  facet normal -0.138108 0.694267 -0.706342
    outer loop
      vertex 28.0794 -72.0433 11.16
      vertex 28.377 -73.1541 10.01
      vertex 26.9247 -72.273 11.16
    endloop
  endfacet
  facet normal 0.0462994 0.706337 -0.70636
    outer loop
      vertex -26.9247 -72.273 11.16
      vertex -25.75 -72.35 11.16
      vertex -27.0748 -73.4132 10.01
    endloop
  endfacet
  facet normal -0.138135 0.694245 -0.706359
    outer loop
      vertex 28.377 -73.1541 10.01
      vertex 27.0748 -73.4132 10.01
      vertex 26.9247 -72.273 11.16
    endloop
  endfacet
  facet normal -0.634856 -0.313069 -0.706361
    outer loop
      vertex 35.1274 67.2342 10.01
      vertex 34.0649 66.7941 11.16
      vertex 33.5442 67.85 11.16
    endloop
  endfacet
  facet normal -0.393295 0.58853 -0.706365
    outer loop
      vertex 31.9289 -71.4025 10.01
      vertex 30.825 -72.1402 10.01
      vertex 30.25 -71.1442 11.16
    endloop
  endfacet
  facet normal -0.670277 0.227534 -0.706369
    outer loop
      vertex 34.4433 -65.6794 11.16
      vertex 35.5542 -65.977 10.01
      vertex 34.0649 -66.7941 11.16
    endloop
  endfacet
  facet normal -0.634856 0.313069 -0.706361
    outer loop
      vertex 34.0649 -66.7941 11.16
      vertex 35.1274 -67.2342 10.01
      vertex 33.5442 -67.85 11.16
    endloop
  endfacet
  facet normal -0.138108 -0.694267 -0.706342
    outer loop
      vertex 28.377 73.1541 10.01
      vertex 28.0794 72.0433 11.16
      vertex 26.9247 72.273 11.16
    endloop
  endfacet
  facet normal 0.634856 0.313069 -0.706361
    outer loop
      vertex -34.0649 -66.7941 11.16
      vertex -33.5442 -67.85 11.16
      vertex -35.1274 -67.2342 10.01
    endloop
  endfacet
  facet normal -0.706337 -0.0462994 -0.70636
    outer loop
      vertex 35.8132 64.6748 10.01
      vertex 34.75 63.35 11.16
      vertex 34.673 64.5247 11.16
    endloop
  endfacet
  facet normal 0.58858 0.393269 -0.706338
    outer loop
      vertex -33.5442 -67.85 11.16
      vertex -32.8902 -68.8288 11.16
      vertex -33.8025 -69.5289 10.01
    endloop
  endfacet
  facet normal 0.313056 0.634855 -0.706368
    outer loop
      vertex -30.25 -71.1442 11.16
      vertex -29.6342 -72.7274 10.01
      vertex -30.825 -72.1402 10.01
    endloop
  endfacet
  facet normal 0.227505 0.670306 -0.70635
    outer loop
      vertex -29.1942 -71.6649 11.16
      vertex -28.377 -73.1541 10.01
      vertex -29.6342 -72.7274 10.01
    endloop
  endfacet
  facet normal 0.694254 0.138083 -0.70636
    outer loop
      vertex -34.673 -64.5247 11.16
      vertex -35.5542 -65.977 10.01
      vertex -35.8132 -64.6748 10.01
    endloop
  endfacet
  facet normal -0.393251 -0.588614 -0.70632
    outer loop
      vertex 31.9289 71.4025 10.01
      vertex 31.2289 70.4902 11.16
      vertex 30.25 71.1442 11.16
    endloop
  endfacet
  facet normal 0.706337 -0.0462994 -0.70636
    outer loop
      vertex -34.673 64.5247 11.16
      vertex -34.75 63.35 11.16
      vertex -35.8132 64.6748 10.01
    endloop
  endfacet
  facet normal 0.138108 0.694267 -0.706342
    outer loop
      vertex -28.0794 -72.0433 11.16
      vertex -26.9247 -72.273 11.16
      vertex -28.377 -73.1541 10.01
    endloop
  endfacet
  facet normal -0.58858 0.393269 -0.706338
    outer loop
      vertex 33.5442 -67.85 11.16
      vertex 33.8025 -69.5289 10.01
      vertex 32.8902 -68.8288 11.16
    endloop
  endfacet
  facet normal 0.634856 -0.313069 -0.706361
    outer loop
      vertex -33.5442 67.85 11.16
      vertex -34.0649 66.7941 11.16
      vertex -35.1274 67.2342 10.01
    endloop
  endfacet
  facet normal -0.313056 -0.634855 -0.706368
    outer loop
      vertex 30.825 72.1402 10.01
      vertex 30.25 71.1442 11.16
      vertex 29.6342 72.7274 10.01
    endloop
  endfacet
  facet normal 0.532206 0.466733 -0.70634
    outer loop
      vertex -32.8902 -68.8288 11.16
      vertex -32.9271 -70.5271 10.01
      vertex -33.8025 -69.5289 10.01
    endloop
  endfacet
  facet normal 0.0462795 0.706349 -0.706349
    outer loop
      vertex -25.75 -72.35 11.16
      vertex -25.75 -73.5 10.01
      vertex -27.0748 -73.4132 10.01
    endloop
  endfacet
  facet normal 0.393295 -0.58853 -0.706365
    outer loop
      vertex -30.825 72.1402 10.01
      vertex -30.25 71.1442 11.16
      vertex -31.9289 71.4025 10.01
    endloop
  endfacet
  facet normal -0.58853 0.393295 -0.706365
    outer loop
      vertex 34.5402 -68.425 10.01
      vertex 33.8025 -69.5289 10.01
      vertex 33.5442 -67.85 11.16
    endloop
  endfacet
  facet normal -0.634855 0.313056 -0.706368
    outer loop
      vertex 35.1274 -67.2342 10.01
      vertex 34.5402 -68.425 10.01
      vertex 33.5442 -67.85 11.16
    endloop
  endfacet
  facet normal -0.227525 -0.67031 -0.706341
    outer loop
      vertex 28.377 73.1541 10.01
      vertex 29.1942 71.6649 11.16
      vertex 28.0794 72.0433 11.16
    endloop
  endfacet
  facet normal -0.227505 -0.670306 -0.70635
    outer loop
      vertex 29.6342 72.7274 10.01
      vertex 29.1942 71.6649 11.16
      vertex 28.377 73.1541 10.01
    endloop
  endfacet
  facet normal -0.532206 0.466733 -0.70634
    outer loop
      vertex 33.8025 -69.5289 10.01
      vertex 32.9271 -70.5271 10.01
      vertex 32.8902 -68.8288 11.16
    endloop
  endfacet
  facet normal -0.532255 0.466715 -0.706315
    outer loop
      vertex 32.8902 -68.8288 11.16
      vertex 32.9271 -70.5271 10.01
      vertex 32.114 -69.714 11.16
    endloop
  endfacet
  facet normal 0.634855 -0.313056 -0.706368
    outer loop
      vertex -34.5402 68.425 10.01
      vertex -33.5442 67.85 11.16
      vertex -35.1274 67.2342 10.01
    endloop
  endfacet
  facet normal -0.466744 0.532228 -0.706317
    outer loop
      vertex 32.114 -69.714 11.16
      vertex 32.9271 -70.5271 10.01
      vertex 31.2289 -70.4902 11.16
    endloop
  endfacet
  facet normal -0.694238 -0.138102 -0.706372
    outer loop
      vertex 35.5542 65.977 10.01
      vertex 34.673 64.5247 11.16
      vertex 34.4433 65.6794 11.16
    endloop
  endfacet
  facet normal 0.706337 0.0462994 -0.70636
    outer loop
      vertex -34.75 -63.35 11.16
      vertex -34.673 -64.5247 11.16
      vertex -35.8132 -64.6748 10.01
    endloop
  endfacet
  facet normal 0.227505 -0.670306 -0.70635
    outer loop
      vertex -28.377 73.1541 10.01
      vertex -29.1942 71.6649 11.16
      vertex -29.6342 72.7274 10.01
    endloop
  endfacet
  facet normal -0.706349 -0.0462795 -0.706349
    outer loop
      vertex 35.8132 64.6748 10.01
      vertex 35.9 63.35 10.01
      vertex 34.75 63.35 11.16
    endloop
  endfacet
  facet normal -0.313099 -0.634857 -0.706347
    outer loop
      vertex 29.6342 72.7274 10.01
      vertex 30.25 71.1442 11.16
      vertex 29.1942 71.6649 11.16
    endloop
  endfacet
  facet normal -0.0462994 -0.706337 -0.70636
    outer loop
      vertex 27.0748 73.4132 10.01
      vertex 26.9247 72.273 11.16
      vertex 25.75 72.35 11.16
    endloop
  endfacet
  facet normal 0.227525 -0.67031 -0.706341
    outer loop
      vertex -28.377 73.1541 10.01
      vertex -28.0794 72.0433 11.16
      vertex -29.1942 71.6649 11.16
    endloop
  endfacet
  facet normal -0.227505 0.670306 -0.70635
    outer loop
      vertex 29.1942 -71.6649 11.16
      vertex 29.6342 -72.7274 10.01
      vertex 28.377 -73.1541 10.01
    endloop
  endfacet
  facet normal 0.706349 0.0462795 -0.706349
    outer loop
      vertex -34.75 -63.35 11.16
      vertex -35.8132 -64.6748 10.01
      vertex -35.9 -63.35 10.01
    endloop
  endfacet
  facet normal 0.634855 0.313056 -0.706368
    outer loop
      vertex -33.5442 -67.85 11.16
      vertex -34.5402 -68.425 10.01
      vertex -35.1274 -67.2342 10.01
    endloop
  endfacet
  facet normal 0.694238 -0.138102 -0.706372
    outer loop
      vertex -34.4433 65.6794 11.16
      vertex -34.673 64.5247 11.16
      vertex -35.5542 65.977 10.01
    endloop
  endfacet
  facet normal 0.694238 0.138102 -0.706372
    outer loop
      vertex -34.673 -64.5247 11.16
      vertex -34.4433 -65.6794 11.16
      vertex -35.5542 -65.977 10.01
    endloop
  endfacet
  facet normal 0 0.707107 -0.707107
    outer loop
      vertex 25.75 -73.5 10.01
      vertex -25.75 -72.35 11.16
      vertex 25.75 -72.35 11.16
    endloop
  endfacet
  facet normal 0 0.707107 -0.707107
    outer loop
      vertex -25.75 -72.35 11.16
      vertex 25.75 -73.5 10.01
      vertex -25.75 -73.5 10.01
    endloop
  endfacet
  facet normal 0.138135 0.694245 -0.706359
    outer loop
      vertex -26.9247 -72.273 11.16
      vertex -27.0748 -73.4132 10.01
      vertex -28.377 -73.1541 10.01
    endloop
  endfacet
  facet normal 0.466744 0.532228 -0.706317
    outer loop
      vertex -32.114 -69.714 11.16
      vertex -31.2289 -70.4902 11.16
      vertex -32.9271 -70.5271 10.01
    endloop
  endfacet
  facet normal 0.227525 0.67031 -0.706341
    outer loop
      vertex -28.0794 -72.0433 11.16
      vertex -28.377 -73.1541 10.01
      vertex -29.1942 -71.6649 11.16
    endloop
  endfacet
  facet normal 0.58858 -0.393269 -0.706338
    outer loop
      vertex -32.8902 68.8288 11.16
      vertex -33.5442 67.85 11.16
      vertex -33.8025 69.5289 10.01
    endloop
  endfacet
  facet normal 0.532206 -0.466733 -0.70634
    outer loop
      vertex -32.9271 70.5271 10.01
      vertex -32.8902 68.8288 11.16
      vertex -33.8025 69.5289 10.01
    endloop
  endfacet
  facet normal -0.313056 0.634855 -0.706368
    outer loop
      vertex 30.25 -71.1442 11.16
      vertex 30.825 -72.1402 10.01
      vertex 29.6342 -72.7274 10.01
    endloop
  endfacet
  facet normal 0.58853 -0.393295 -0.706365
    outer loop
      vertex -33.8025 69.5289 10.01
      vertex -33.5442 67.85 11.16
      vertex -34.5402 68.425 10.01
    endloop
  endfacet
  facet normal -0.694254 -0.138083 -0.70636
    outer loop
      vertex 35.5542 65.977 10.01
      vertex 35.8132 64.6748 10.01
      vertex 34.673 64.5247 11.16
    endloop
  endfacet
  facet normal 0.138108 -0.694267 -0.706342
    outer loop
      vertex -26.9247 72.273 11.16
      vertex -28.0794 72.0433 11.16
      vertex -28.377 73.1541 10.01
    endloop
  endfacet
  facet normal -0.393251 0.588614 -0.70632
    outer loop
      vertex 31.2289 -70.4902 11.16
      vertex 31.9289 -71.4025 10.01
      vertex 30.25 -71.1442 11.16
    endloop
  endfacet
  facet normal 0.313056 -0.634855 -0.706368
    outer loop
      vertex -29.6342 72.7274 10.01
      vertex -30.25 71.1442 11.16
      vertex -30.825 72.1402 10.01
    endloop
  endfacet
  facet normal -0.532255 -0.466715 -0.706315
    outer loop
      vertex 32.9271 70.5271 10.01
      vertex 32.8902 68.8288 11.16
      vertex 32.114 69.714 11.16
    endloop
  endfacet
  facet normal 0.532255 0.466715 -0.706315
    outer loop
      vertex -32.8902 -68.8288 11.16
      vertex -32.114 -69.714 11.16
      vertex -32.9271 -70.5271 10.01
    endloop
  endfacet
  facet normal 0.670277 0.227534 -0.706369
    outer loop
      vertex -34.4433 -65.6794 11.16
      vertex -34.0649 -66.7941 11.16
      vertex -35.5542 -65.977 10.01
    endloop
  endfacet
  facet normal -0.393295 -0.58853 -0.706365
    outer loop
      vertex 30.825 72.1402 10.01
      vertex 31.9289 71.4025 10.01
      vertex 30.25 71.1442 11.16
    endloop
  endfacet
  facet normal 0.466744 -0.532228 -0.706317
    outer loop
      vertex -31.2289 70.4902 11.16
      vertex -32.114 69.714 11.16
      vertex -32.9271 70.5271 10.01
    endloop
  endfacet
  facet normal 0.670279 -0.227549 -0.706362
    outer loop
      vertex -35.1274 67.2342 10.01
      vertex -34.0649 66.7941 11.16
      vertex -35.5542 65.977 10.01
    endloop
  endfacet
  facet normal 0.670277 -0.227534 -0.706369
    outer loop
      vertex -34.0649 66.7941 11.16
      vertex -34.4433 65.6794 11.16
      vertex -35.5542 65.977 10.01
    endloop
  endfacet
  facet normal 0.313099 0.634857 -0.706347
    outer loop
      vertex -29.1942 -71.6649 11.16
      vertex -29.6342 -72.7274 10.01
      vertex -30.25 -71.1442 11.16
    endloop
  endfacet
  facet normal -0.0462795 0.706349 -0.706349
    outer loop
      vertex 25.75 -72.35 11.16
      vertex 27.0748 -73.4132 10.01
      vertex 25.75 -73.5 10.01
    endloop
  endfacet
  facet normal 0.313099 -0.634857 -0.706347
    outer loop
      vertex -29.6342 72.7274 10.01
      vertex -29.1942 71.6649 11.16
      vertex -30.25 71.1442 11.16
    endloop
  endfacet
  facet normal 0.138135 -0.694245 -0.706359
    outer loop
      vertex -27.0748 73.4132 10.01
      vertex -26.9247 72.273 11.16
      vertex -28.377 73.1541 10.01
    endloop
  endfacet
  facet normal 0.0462994 -0.706337 -0.70636
    outer loop
      vertex -25.75 72.35 11.16
      vertex -26.9247 72.273 11.16
      vertex -27.0748 73.4132 10.01
    endloop
  endfacet
  facet normal -0.58858 -0.393269 -0.706338
    outer loop
      vertex 33.8025 69.5289 10.01
      vertex 33.5442 67.85 11.16
      vertex 32.8902 68.8288 11.16
    endloop
  endfacet
  facet normal -0.58853 -0.393295 -0.706365
    outer loop
      vertex 33.8025 69.5289 10.01
      vertex 34.5402 68.425 10.01
      vertex 33.5442 67.85 11.16
    endloop
  endfacet
  facet normal 0.393251 -0.588614 -0.70632
    outer loop
      vertex -30.25 71.1442 11.16
      vertex -31.2289 70.4902 11.16
      vertex -31.9289 71.4025 10.01
    endloop
  endfacet
  facet normal 0.393251 0.588614 -0.70632
    outer loop
      vertex -31.2289 -70.4902 11.16
      vertex -30.25 -71.1442 11.16
      vertex -31.9289 -71.4025 10.01
    endloop
  endfacet
  facet normal 0.58853 0.393295 -0.706365
    outer loop
      vertex -33.5442 -67.85 11.16
      vertex -33.8025 -69.5289 10.01
      vertex -34.5402 -68.425 10.01
    endloop
  endfacet
  facet normal 0.393295 0.58853 -0.706365
    outer loop
      vertex -30.25 -71.1442 11.16
      vertex -30.825 -72.1402 10.01
      vertex -31.9289 -71.4025 10.01
    endloop
  endfacet
  facet normal -0.0654083 0.997859 0
    outer loop
      vertex 26.9247 -72.273 11.16
      vertex 25.75 -72.35 11.95
      vertex 26.9247 -72.273 11.95
    endloop
  endfacet
  facet normal -0.0654083 0.997859 0
    outer loop
      vertex 25.75 -72.35 11.95
      vertex 26.9247 -72.273 11.16
      vertex 25.75 -72.35 11.16
    endloop
  endfacet
  facet normal -0.65934 -0.751845 0
    outer loop
      vertex 31.2289 70.4902 11.16
      vertex 32.114 69.714 11.95
      vertex 31.2289 70.4902 11.95
    endloop
  endfacet
  facet normal -0.65934 -0.751845 -0
    outer loop
      vertex 32.114 69.714 11.95
      vertex 31.2289 70.4902 11.16
      vertex 32.114 69.714 11.16
    endloop
  endfacet
  facet normal 0.195103 0.980783 -0
    outer loop
      vertex -26.9247 -72.273 11.16
      vertex -28.0794 -72.0433 11.95
      vertex -26.9247 -72.273 11.95
    endloop
  endfacet
  facet normal 0.195103 0.980783 0
    outer loop
      vertex -28.0794 -72.0433 11.95
      vertex -26.9247 -72.273 11.16
      vertex -28.0794 -72.0433 11.16
    endloop
  endfacet
  facet normal 0.0654083 0.997859 -0
    outer loop
      vertex -25.75 -72.35 11.16
      vertex -26.9247 -72.273 11.95
      vertex -25.75 -72.35 11.95
    endloop
  endfacet
  facet normal 0.0654083 0.997859 0
    outer loop
      vertex -26.9247 -72.273 11.95
      vertex -25.75 -72.35 11.16
      vertex -26.9247 -72.273 11.16
    endloop
  endfacet
  facet normal 0.65934 -0.751845 0
    outer loop
      vertex -32.114 69.714 11.16
      vertex -31.2289 70.4902 11.95
      vertex -32.114 69.714 11.95
    endloop
  endfacet
  facet normal 0.65934 -0.751845 0
    outer loop
      vertex -31.2289 70.4902 11.95
      vertex -32.114 69.714 11.16
      vertex -31.2289 70.4902 11.16
    endloop
  endfacet
  facet normal 1 -0 0
    outer loop
      vertex -34.75 -63.35 11.95
      vertex -34.75 63.35 11.16
      vertex -34.75 63.35 11.95
    endloop
  endfacet
  facet normal 1 0 0
    outer loop
      vertex -34.75 63.35 11.16
      vertex -34.75 -63.35 11.95
      vertex -34.75 -63.35 11.16
    endloop
  endfacet
  facet normal -0.751882 -0.659298 0
    outer loop
      vertex 32.8902 68.8288 11.16
      vertex 32.114 69.714 11.95
      vertex 32.114 69.714 11.16
    endloop
  endfacet
  facet normal -0.751882 -0.659298 0
    outer loop
      vertex 32.114 69.714 11.95
      vertex 32.8902 68.8288 11.16
      vertex 32.8902 68.8288 11.95
    endloop
  endfacet
  facet normal 0.0654083 -0.997859 0
    outer loop
      vertex -26.9247 72.273 11.16
      vertex -25.75 72.35 11.95
      vertex -26.9247 72.273 11.95
    endloop
  endfacet
  facet normal 0.0654083 -0.997859 0
    outer loop
      vertex -25.75 72.35 11.95
      vertex -26.9247 72.273 11.16
      vertex -25.75 72.35 11.16
    endloop
  endfacet
  facet normal 0.195103 -0.980783 0
    outer loop
      vertex -28.0794 72.0433 11.16
      vertex -26.9247 72.273 11.95
      vertex -28.0794 72.0433 11.95
    endloop
  endfacet
  facet normal 0.195103 -0.980783 0
    outer loop
      vertex -26.9247 72.273 11.95
      vertex -28.0794 72.0433 11.16
      vertex -26.9247 72.273 11.16
    endloop
  endfacet
  facet normal 0.65934 0.751845 -0
    outer loop
      vertex -31.2289 -70.4902 11.16
      vertex -32.114 -69.714 11.95
      vertex -31.2289 -70.4902 11.95
    endloop
  endfacet
  facet normal 0.65934 0.751845 0
    outer loop
      vertex -32.114 -69.714 11.95
      vertex -31.2289 -70.4902 11.16
      vertex -32.114 -69.714 11.16
    endloop
  endfacet
  facet normal 0.997859 -0.0654083 0
    outer loop
      vertex -34.75 63.35 11.95
      vertex -34.673 64.5247 11.16
      vertex -34.673 64.5247 11.95
    endloop
  endfacet
  facet normal 0.997859 -0.0654083 0
    outer loop
      vertex -34.673 64.5247 11.16
      vertex -34.75 63.35 11.95
      vertex -34.75 63.35 11.16
    endloop
  endfacet
  facet normal -0.555523 0.831501 0
    outer loop
      vertex 31.2289 -70.4902 11.16
      vertex 30.25 -71.1442 11.95
      vertex 31.2289 -70.4902 11.95
    endloop
  endfacet
  facet normal -0.555523 0.831501 0
    outer loop
      vertex 30.25 -71.1442 11.95
      vertex 31.2289 -70.4902 11.16
      vertex 30.25 -71.1442 11.16
    endloop
  endfacet
  facet normal -0.442314 -0.89686 0
    outer loop
      vertex 29.1942 71.6649 11.16
      vertex 30.25 71.1442 11.95
      vertex 29.1942 71.6649 11.95
    endloop
  endfacet
  facet normal -0.442314 -0.89686 -0
    outer loop
      vertex 30.25 71.1442 11.95
      vertex 29.1942 71.6649 11.16
      vertex 30.25 71.1442 11.16
    endloop
  endfacet
  facet normal 0.831475 0.555562 0
    outer loop
      vertex -32.8902 -68.8288 11.95
      vertex -33.5442 -67.85 11.16
      vertex -33.5442 -67.85 11.95
    endloop
  endfacet
  facet normal 0.831475 0.555562 0
    outer loop
      vertex -33.5442 -67.85 11.16
      vertex -32.8902 -68.8288 11.95
      vertex -32.8902 -68.8288 11.16
    endloop
  endfacet
  facet normal 0 -1 0
    outer loop
      vertex -25.75 72.35 11.16
      vertex 25.75 72.35 11.95
      vertex -25.75 72.35 11.95
    endloop
  endfacet
  facet normal 0 -1 -0
    outer loop
      vertex 25.75 72.35 11.95
      vertex -25.75 72.35 11.16
      vertex 25.75 72.35 11.16
    endloop
  endfacet
  facet normal 0.946927 0.321447 0
    outer loop
      vertex -34.0649 -66.7941 11.95
      vertex -34.4433 -65.6794 11.16
      vertex -34.4433 -65.6794 11.95
    endloop
  endfacet
  facet normal 0.946927 0.321447 0
    outer loop
      vertex -34.4433 -65.6794 11.16
      vertex -34.0649 -66.7941 11.95
      vertex -34.0649 -66.7941 11.16
    endloop
  endfacet
  facet normal -0.946927 -0.321447 0
    outer loop
      vertex 34.4433 65.6794 11.16
      vertex 34.0649 66.7941 11.95
      vertex 34.0649 66.7941 11.16
    endloop
  endfacet
  facet normal -0.946927 -0.321447 0
    outer loop
      vertex 34.0649 66.7941 11.95
      vertex 34.4433 65.6794 11.16
      vertex 34.4433 65.6794 11.95
    endloop
  endfacet
  facet normal 0 1 -0
    outer loop
      vertex 25.75 -72.35 11.16
      vertex -25.75 -72.35 11.95
      vertex 25.75 -72.35 11.95
    endloop
  endfacet
  facet normal 0 1 0
    outer loop
      vertex -25.75 -72.35 11.95
      vertex 25.75 -72.35 11.16
      vertex -25.75 -72.35 11.16
    endloop
  endfacet
  facet normal 0.751882 -0.659298 0
    outer loop
      vertex -32.8902 68.8288 11.95
      vertex -32.114 69.714 11.16
      vertex -32.114 69.714 11.95
    endloop
  endfacet
  facet normal 0.751882 -0.659298 0
    outer loop
      vertex -32.114 69.714 11.16
      vertex -32.8902 68.8288 11.95
      vertex -32.8902 68.8288 11.16
    endloop
  endfacet
  facet normal -0.321421 -0.946936 0
    outer loop
      vertex 28.0794 72.0433 11.16
      vertex 29.1942 71.6649 11.95
      vertex 28.0794 72.0433 11.95
    endloop
  endfacet
  facet normal -0.321421 -0.946936 -0
    outer loop
      vertex 29.1942 71.6649 11.95
      vertex 28.0794 72.0433 11.16
      vertex 29.1942 71.6649 11.16
    endloop
  endfacet
  facet normal -0.896877 -0.44228 0
    outer loop
      vertex 34.0649 66.7941 11.16
      vertex 33.5442 67.85 11.95
      vertex 33.5442 67.85 11.16
    endloop
  endfacet
  facet normal -0.896877 -0.44228 0
    outer loop
      vertex 33.5442 67.85 11.95
      vertex 34.0649 66.7941 11.16
      vertex 34.0649 66.7941 11.95
    endloop
  endfacet
  facet normal 0.321421 -0.946936 0
    outer loop
      vertex -29.1942 71.6649 11.16
      vertex -28.0794 72.0433 11.95
      vertex -29.1942 71.6649 11.95
    endloop
  endfacet
  facet normal 0.321421 -0.946936 0
    outer loop
      vertex -28.0794 72.0433 11.95
      vertex -29.1942 71.6649 11.16
      vertex -28.0794 72.0433 11.16
    endloop
  endfacet
  facet normal 0.555523 0.831501 -0
    outer loop
      vertex -30.25 -71.1442 11.16
      vertex -31.2289 -70.4902 11.95
      vertex -30.25 -71.1442 11.95
    endloop
  endfacet
  facet normal 0.555523 0.831501 0
    outer loop
      vertex -31.2289 -70.4902 11.95
      vertex -30.25 -71.1442 11.16
      vertex -31.2289 -70.4902 11.16
    endloop
  endfacet
  facet normal 0.980783 -0.195103 0
    outer loop
      vertex -34.673 64.5247 11.95
      vertex -34.4433 65.6794 11.16
      vertex -34.4433 65.6794 11.95
    endloop
  endfacet
  facet normal 0.980783 -0.195103 0
    outer loop
      vertex -34.4433 65.6794 11.16
      vertex -34.673 64.5247 11.95
      vertex -34.673 64.5247 11.16
    endloop
  endfacet
  facet normal 0.896877 0.44228 0
    outer loop
      vertex -33.5442 -67.85 11.95
      vertex -34.0649 -66.7941 11.16
      vertex -34.0649 -66.7941 11.95
    endloop
  endfacet
  facet normal 0.896877 0.44228 0
    outer loop
      vertex -34.0649 -66.7941 11.16
      vertex -33.5442 -67.85 11.95
      vertex -33.5442 -67.85 11.16
    endloop
  endfacet
  facet normal -0.751882 0.659298 0
    outer loop
      vertex 32.114 -69.714 11.16
      vertex 32.8902 -68.8288 11.95
      vertex 32.8902 -68.8288 11.16
    endloop
  endfacet
  facet normal -0.751882 0.659298 0
    outer loop
      vertex 32.8902 -68.8288 11.95
      vertex 32.114 -69.714 11.16
      vertex 32.114 -69.714 11.95
    endloop
  endfacet
  facet normal 0.751882 0.659298 0
    outer loop
      vertex -32.114 -69.714 11.95
      vertex -32.8902 -68.8288 11.16
      vertex -32.8902 -68.8288 11.95
    endloop
  endfacet
  facet normal 0.751882 0.659298 0
    outer loop
      vertex -32.8902 -68.8288 11.16
      vertex -32.114 -69.714 11.95
      vertex -32.114 -69.714 11.16
    endloop
  endfacet
  facet normal -1 0 0
    outer loop
      vertex 34.75 -63.35 11.16
      vertex 34.75 63.35 11.95
      vertex 34.75 63.35 11.16
    endloop
  endfacet
  facet normal -1 -0 0
    outer loop
      vertex 34.75 63.35 11.95
      vertex 34.75 -63.35 11.16
      vertex 34.75 -63.35 11.95
    endloop
  endfacet
  facet normal 0.946927 -0.321447 0
    outer loop
      vertex -34.4433 65.6794 11.95
      vertex -34.0649 66.7941 11.16
      vertex -34.0649 66.7941 11.95
    endloop
  endfacet
  facet normal 0.946927 -0.321447 0
    outer loop
      vertex -34.0649 66.7941 11.16
      vertex -34.4433 65.6794 11.95
      vertex -34.4433 65.6794 11.16
    endloop
  endfacet
  facet normal -0.0654083 -0.997859 0
    outer loop
      vertex 25.75 72.35 11.16
      vertex 26.9247 72.273 11.95
      vertex 25.75 72.35 11.95
    endloop
  endfacet
  facet normal -0.0654083 -0.997859 -0
    outer loop
      vertex 26.9247 72.273 11.95
      vertex 25.75 72.35 11.16
      vertex 26.9247 72.273 11.16
    endloop
  endfacet
  facet normal 0.997859 0.0654083 0
    outer loop
      vertex -34.673 -64.5247 11.95
      vertex -34.75 -63.35 11.16
      vertex -34.75 -63.35 11.95
    endloop
  endfacet
  facet normal 0.997859 0.0654083 0
    outer loop
      vertex -34.75 -63.35 11.16
      vertex -34.673 -64.5247 11.95
      vertex -34.673 -64.5247 11.16
    endloop
  endfacet
  facet normal 0.321421 0.946936 -0
    outer loop
      vertex -28.0794 -72.0433 11.16
      vertex -29.1942 -71.6649 11.95
      vertex -28.0794 -72.0433 11.95
    endloop
  endfacet
  facet normal 0.321421 0.946936 0
    outer loop
      vertex -29.1942 -71.6649 11.95
      vertex -28.0794 -72.0433 11.16
      vertex -29.1942 -71.6649 11.16
    endloop
  endfacet
  facet normal 0.442314 0.89686 -0
    outer loop
      vertex -29.1942 -71.6649 11.16
      vertex -30.25 -71.1442 11.95
      vertex -29.1942 -71.6649 11.95
    endloop
  endfacet
  facet normal 0.442314 0.89686 0
    outer loop
      vertex -30.25 -71.1442 11.95
      vertex -29.1942 -71.6649 11.16
      vertex -30.25 -71.1442 11.16
    endloop
  endfacet
  facet normal -0.831475 -0.555562 0
    outer loop
      vertex 33.5442 67.85 11.16
      vertex 32.8902 68.8288 11.95
      vertex 32.8902 68.8288 11.16
    endloop
  endfacet
  facet normal -0.831475 -0.555562 0
    outer loop
      vertex 32.8902 68.8288 11.95
      vertex 33.5442 67.85 11.16
      vertex 33.5442 67.85 11.95
    endloop
  endfacet
  facet normal 0.980783 0.195103 0
    outer loop
      vertex -34.4433 -65.6794 11.95
      vertex -34.673 -64.5247 11.16
      vertex -34.673 -64.5247 11.95
    endloop
  endfacet
  facet normal 0.980783 0.195103 0
    outer loop
      vertex -34.673 -64.5247 11.16
      vertex -34.4433 -65.6794 11.95
      vertex -34.4433 -65.6794 11.16
    endloop
  endfacet
  facet normal -0.65934 0.751845 0
    outer loop
      vertex 32.114 -69.714 11.16
      vertex 31.2289 -70.4902 11.95
      vertex 32.114 -69.714 11.95
    endloop
  endfacet
  facet normal -0.65934 0.751845 0
    outer loop
      vertex 31.2289 -70.4902 11.95
      vertex 32.114 -69.714 11.16
      vertex 31.2289 -70.4902 11.16
    endloop
  endfacet
  facet normal -0.195103 0.980783 0
    outer loop
      vertex 28.0794 -72.0433 11.16
      vertex 26.9247 -72.273 11.95
      vertex 28.0794 -72.0433 11.95
    endloop
  endfacet
  facet normal -0.195103 0.980783 0
    outer loop
      vertex 26.9247 -72.273 11.95
      vertex 28.0794 -72.0433 11.16
      vertex 26.9247 -72.273 11.16
    endloop
  endfacet
  facet normal 0.555523 -0.831501 0
    outer loop
      vertex -31.2289 70.4902 11.16
      vertex -30.25 71.1442 11.95
      vertex -31.2289 70.4902 11.95
    endloop
  endfacet
  facet normal 0.555523 -0.831501 0
    outer loop
      vertex -30.25 71.1442 11.95
      vertex -31.2289 70.4902 11.16
      vertex -30.25 71.1442 11.16
    endloop
  endfacet
  facet normal -0.442314 0.89686 0
    outer loop
      vertex 30.25 -71.1442 11.16
      vertex 29.1942 -71.6649 11.95
      vertex 30.25 -71.1442 11.95
    endloop
  endfacet
  facet normal -0.442314 0.89686 0
    outer loop
      vertex 29.1942 -71.6649 11.95
      vertex 30.25 -71.1442 11.16
      vertex 29.1942 -71.6649 11.16
    endloop
  endfacet
  facet normal -0.195103 -0.980783 0
    outer loop
      vertex 26.9247 72.273 11.16
      vertex 28.0794 72.0433 11.95
      vertex 26.9247 72.273 11.95
    endloop
  endfacet
  facet normal -0.195103 -0.980783 -0
    outer loop
      vertex 28.0794 72.0433 11.95
      vertex 26.9247 72.273 11.16
      vertex 28.0794 72.0433 11.16
    endloop
  endfacet
  facet normal -0.997859 -0.0654083 0
    outer loop
      vertex 34.75 63.35 11.16
      vertex 34.673 64.5247 11.95
      vertex 34.673 64.5247 11.16
    endloop
  endfacet
  facet normal -0.997859 -0.0654083 0
    outer loop
      vertex 34.673 64.5247 11.95
      vertex 34.75 63.35 11.16
      vertex 34.75 63.35 11.95
    endloop
  endfacet
  facet normal 0.442314 -0.89686 0
    outer loop
      vertex -30.25 71.1442 11.16
      vertex -29.1942 71.6649 11.95
      vertex -30.25 71.1442 11.95
    endloop
  endfacet
  facet normal 0.442314 -0.89686 0
    outer loop
      vertex -29.1942 71.6649 11.95
      vertex -30.25 71.1442 11.16
      vertex -29.1942 71.6649 11.16
    endloop
  endfacet
  facet normal -0.946927 0.321447 0
    outer loop
      vertex 34.0649 -66.7941 11.16
      vertex 34.4433 -65.6794 11.95
      vertex 34.4433 -65.6794 11.16
    endloop
  endfacet
  facet normal -0.946927 0.321447 0
    outer loop
      vertex 34.4433 -65.6794 11.95
      vertex 34.0649 -66.7941 11.16
      vertex 34.0649 -66.7941 11.95
    endloop
  endfacet
  facet normal -0.980783 -0.195103 0
    outer loop
      vertex 34.673 64.5247 11.16
      vertex 34.4433 65.6794 11.95
      vertex 34.4433 65.6794 11.16
    endloop
  endfacet
  facet normal -0.980783 -0.195103 0
    outer loop
      vertex 34.4433 65.6794 11.95
      vertex 34.673 64.5247 11.16
      vertex 34.673 64.5247 11.95
    endloop
  endfacet
  facet normal 0.831475 -0.555562 0
    outer loop
      vertex -33.5442 67.85 11.95
      vertex -32.8902 68.8288 11.16
      vertex -32.8902 68.8288 11.95
    endloop
  endfacet
  facet normal 0.831475 -0.555562 0
    outer loop
      vertex -32.8902 68.8288 11.16
      vertex -33.5442 67.85 11.95
      vertex -33.5442 67.85 11.16
    endloop
  endfacet
  facet normal -0.896877 0.44228 0
    outer loop
      vertex 33.5442 -67.85 11.16
      vertex 34.0649 -66.7941 11.95
      vertex 34.0649 -66.7941 11.16
    endloop
  endfacet
  facet normal -0.896877 0.44228 0
    outer loop
      vertex 34.0649 -66.7941 11.95
      vertex 33.5442 -67.85 11.16
      vertex 33.5442 -67.85 11.95
    endloop
  endfacet
  facet normal 0.896877 -0.44228 0
    outer loop
      vertex -34.0649 66.7941 11.95
      vertex -33.5442 67.85 11.16
      vertex -33.5442 67.85 11.95
    endloop
  endfacet
  facet normal 0.896877 -0.44228 0
    outer loop
      vertex -33.5442 67.85 11.16
      vertex -34.0649 66.7941 11.95
      vertex -34.0649 66.7941 11.16
    endloop
  endfacet
  facet normal -0.555523 -0.831501 0
    outer loop
      vertex 30.25 71.1442 11.16
      vertex 31.2289 70.4902 11.95
      vertex 30.25 71.1442 11.95
    endloop
  endfacet
  facet normal -0.555523 -0.831501 -0
    outer loop
      vertex 31.2289 70.4902 11.95
      vertex 30.25 71.1442 11.16
      vertex 31.2289 70.4902 11.16
    endloop
  endfacet
  facet normal -0.831475 0.555562 0
    outer loop
      vertex 32.8902 -68.8288 11.16
      vertex 33.5442 -67.85 11.95
      vertex 33.5442 -67.85 11.16
    endloop
  endfacet
  facet normal -0.831475 0.555562 0
    outer loop
      vertex 33.5442 -67.85 11.95
      vertex 32.8902 -68.8288 11.16
      vertex 32.8902 -68.8288 11.95
    endloop
  endfacet
  facet normal -0.321421 0.946936 0
    outer loop
      vertex 29.1942 -71.6649 11.16
      vertex 28.0794 -72.0433 11.95
      vertex 29.1942 -71.6649 11.95
    endloop
  endfacet
  facet normal -0.321421 0.946936 0
    outer loop
      vertex 28.0794 -72.0433 11.95
      vertex 29.1942 -71.6649 11.16
      vertex 28.0794 -72.0433 11.16
    endloop
  endfacet
  facet normal -0.997859 0.0654083 0
    outer loop
      vertex 34.673 -64.5247 11.16
      vertex 34.75 -63.35 11.95
      vertex 34.75 -63.35 11.16
    endloop
  endfacet
  facet normal -0.997859 0.0654083 0
    outer loop
      vertex 34.75 -63.35 11.95
      vertex 34.673 -64.5247 11.16
      vertex 34.673 -64.5247 11.95
    endloop
  endfacet
  facet normal -0.980783 0.195103 0
    outer loop
      vertex 34.4433 -65.6794 11.16
      vertex 34.673 -64.5247 11.95
      vertex 34.673 -64.5247 11.16
    endloop
  endfacet
  facet normal -0.980783 0.195103 0
    outer loop
      vertex 34.673 -64.5247 11.95
      vertex 34.4433 -65.6794 11.16
      vertex 34.4433 -65.6794 11.95
    endloop
  endfacet
  facet normal 0 -1 0
    outer loop
      vertex -35.9 55.35 3.95
      vertex -36.8 55.35 7.29999
      vertex -36.8 55.35 3.95
    endloop
  endfacet
  facet normal 0 -1 0
    outer loop
      vertex -36.8 55.35 7.29999
      vertex -35.9 55.35 3.95
      vertex -35.9 55.35 8.29472
    endloop
  endfacet
  facet normal -0 0 1
    outer loop
      vertex -36.8 55.35 3.95
      vertex -35.9 9.6 3.95
      vertex -35.9 55.35 3.95
    endloop
  endfacet
  facet normal 0 0 1
    outer loop
      vertex -35.9 9.6 3.95
      vertex -36.8 55.35 3.95
      vertex -36.8 9.6 3.95
    endloop
  endfacet
  facet normal 0.741533 0 -0.670916
    outer loop
      vertex -35.9 9.6 8.29472
      vertex -36.8 55.35 7.29999
      vertex -35.9 55.35 8.29472
    endloop
  endfacet
  facet normal 0.741533 0 -0.670916
    outer loop
      vertex -36.8 55.35 7.29999
      vertex -35.9 9.6 8.29472
      vertex -36.8 9.6 7.29999
    endloop
  endfacet
  facet normal 1 -0 0
    outer loop
      vertex -36.8 9.6 7.29999
      vertex -36.8 55.35 3.95
      vertex -36.8 55.35 7.29999
    endloop
  endfacet
  facet normal 1 0 0
    outer loop
      vertex -36.8 55.35 3.95
      vertex -36.8 9.6 7.29999
      vertex -36.8 9.6 3.95
    endloop
  endfacet
  facet normal 0 1 -0
    outer loop
      vertex -35.9 9.6 3.95
      vertex -36.8 9.6 7.29999
      vertex -35.9 9.6 8.29472
    endloop
  endfacet
  facet normal 0 1 0
    outer loop
      vertex -36.8 9.6 7.29999
      vertex -35.9 9.6 3.95
      vertex -36.8 9.6 3.95
    endloop
  endfacet
  facet normal -0.987702 0 -0.156351
    outer loop
      vertex -21.4 -75 6.15
      vertex -21.4587 -73.5 6.52082
      vertex -21.4 -73.5 6.15
    endloop
  endfacet
  facet normal -0.987702 -0 -0.156351
    outer loop
      vertex -21.4587 -73.5 6.52082
      vertex -21.4 -75 6.15
      vertex -21.4587 -75 6.52082
    endloop
  endfacet
  facet normal 0 0 -1
    outer loop
      vertex -22.605 -75 7.85204
      vertex -22.595 -73.5 7.85204
      vertex -22.595 -75 7.85204
    endloop
  endfacet
  facet normal -0 0 -1
    outer loop
      vertex -22.595 -73.5 7.85204
      vertex -22.605 -75 7.85204
      vertex -22.605 -73.5 7.85204
    endloop
  endfacet
  facet normal -0.156437 0 0.987688
    outer loop
      vertex -22.6 -73.5 4.95
      vertex -22.2292 -75 5.00873
      vertex -22.2292 -73.5 5.00873
    endloop
  endfacet
  facet normal -0.156437 0 0.987688
    outer loop
      vertex -22.2292 -75 5.00873
      vertex -22.6 -73.5 4.95
      vertex -22.6 -75 4.95
    endloop
  endfacet
  facet normal 0.718151 0 -0.695887
    outer loop
      vertex -22.605 -75 7.85204
      vertex -23.5708 -73.5 6.85534
      vertex -22.605 -73.5 7.85204
    endloop
  endfacet
  facet normal 0.718151 0 -0.695887
    outer loop
      vertex -23.5708 -73.5 6.85534
      vertex -22.605 -75 7.85204
      vertex -23.5708 -75 6.85534
    endloop
  endfacet
  facet normal 0.890949 -0 0.454104
    outer loop
      vertex -23.7413 -75 5.77918
      vertex -23.5708 -73.5 5.44466
      vertex -23.7413 -73.5 5.77918
    endloop
  endfacet
  facet normal 0.890949 0 0.454104
    outer loop
      vertex -23.5708 -73.5 5.44466
      vertex -23.7413 -75 5.77918
      vertex -23.5708 -75 5.44466
    endloop
  endfacet
  facet normal 0.890949 0 -0.454104
    outer loop
      vertex -23.5708 -75 6.85534
      vertex -23.7413 -73.5 6.52082
      vertex -23.5708 -73.5 6.85534
    endloop
  endfacet
  facet normal 0.890949 0 -0.454104
    outer loop
      vertex -23.7413 -73.5 6.52082
      vertex -23.5708 -75 6.85534
      vertex -23.7413 -75 6.52082
    endloop
  endfacet
  facet normal 0.45402 0 0.890992
    outer loop
      vertex -23.3053 -73.5 5.17918
      vertex -22.9708 -75 5.00873
      vertex -22.9708 -73.5 5.00873
    endloop
  endfacet
  facet normal 0.45402 0 0.890992
    outer loop
      vertex -22.9708 -75 5.00873
      vertex -23.3053 -73.5 5.17918
      vertex -23.3053 -75 5.17918
    endloop
  endfacet
  facet normal 0.70708 -0 0.707133
    outer loop
      vertex -23.5708 -75 5.44466
      vertex -23.3053 -73.5 5.17918
      vertex -23.5708 -73.5 5.44466
    endloop
  endfacet
  facet normal 0.70708 0 0.707133
    outer loop
      vertex -23.3053 -73.5 5.17918
      vertex -23.5708 -75 5.44466
      vertex -23.3053 -75 5.17918
    endloop
  endfacet
  facet normal 0.987702 -0 0.156351
    outer loop
      vertex -23.8 -75 6.15
      vertex -23.7413 -73.5 5.77918
      vertex -23.8 -73.5 6.15
    endloop
  endfacet
  facet normal 0.987702 0 0.156351
    outer loop
      vertex -23.7413 -73.5 5.77918
      vertex -23.8 -75 6.15
      vertex -23.7413 -75 5.77918
    endloop
  endfacet
  facet normal 0.987702 0 -0.156351
    outer loop
      vertex -23.7413 -75 6.52082
      vertex -23.8 -73.5 6.15
      vertex -23.7413 -73.5 6.52082
    endloop
  endfacet
  facet normal 0.987702 0 -0.156351
    outer loop
      vertex -23.8 -73.5 6.15
      vertex -23.7413 -75 6.52082
      vertex -23.8 -75 6.15
    endloop
  endfacet
  facet normal -0.718151 0 -0.695887
    outer loop
      vertex -21.6292 -75 6.85534
      vertex -22.595 -73.5 7.85204
      vertex -21.6292 -73.5 6.85534
    endloop
  endfacet
  facet normal -0.718151 -0 -0.695887
    outer loop
      vertex -22.595 -73.5 7.85204
      vertex -21.6292 -75 6.85534
      vertex -22.595 -75 7.85204
    endloop
  endfacet
  facet normal -0.45402 0 0.890992
    outer loop
      vertex -22.2292 -73.5 5.00873
      vertex -21.8947 -75 5.17918
      vertex -21.8947 -73.5 5.17918
    endloop
  endfacet
  facet normal -0.45402 0 0.890992
    outer loop
      vertex -21.8947 -75 5.17918
      vertex -22.2292 -73.5 5.00873
      vertex -22.2292 -75 5.00873
    endloop
  endfacet
  facet normal -0.70708 0 0.707133
    outer loop
      vertex -21.8947 -75 5.17918
      vertex -21.6292 -73.5 5.44466
      vertex -21.8947 -73.5 5.17918
    endloop
  endfacet
  facet normal -0.70708 0 0.707133
    outer loop
      vertex -21.6292 -73.5 5.44466
      vertex -21.8947 -75 5.17918
      vertex -21.6292 -75 5.44466
    endloop
  endfacet
  facet normal -0.987702 0 0.156351
    outer loop
      vertex -21.4587 -75 5.77918
      vertex -21.4 -73.5 6.15
      vertex -21.4587 -73.5 5.77918
    endloop
  endfacet
  facet normal -0.987702 0 0.156351
    outer loop
      vertex -21.4 -73.5 6.15
      vertex -21.4587 -75 5.77918
      vertex -21.4 -75 6.15
    endloop
  endfacet
  facet normal -0.890949 0 0.454104
    outer loop
      vertex -21.6292 -75 5.44466
      vertex -21.4587 -73.5 5.77918
      vertex -21.6292 -73.5 5.44466
    endloop
  endfacet
  facet normal -0.890949 0 0.454104
    outer loop
      vertex -21.4587 -73.5 5.77918
      vertex -21.6292 -75 5.44466
      vertex -21.4587 -75 5.77918
    endloop
  endfacet
  facet normal -0.890949 0 -0.454104
    outer loop
      vertex -21.4587 -75 6.52082
      vertex -21.6292 -73.5 6.85534
      vertex -21.4587 -73.5 6.52082
    endloop
  endfacet
  facet normal -0.890949 -0 -0.454104
    outer loop
      vertex -21.6292 -73.5 6.85534
      vertex -21.4587 -75 6.52082
      vertex -21.6292 -75 6.85534
    endloop
  endfacet
  facet normal 0.156437 0 0.987688
    outer loop
      vertex -22.9708 -73.5 5.00873
      vertex -22.6 -75 4.95
      vertex -22.6 -73.5 4.95
    endloop
  endfacet
  facet normal 0.156437 0 0.987688
    outer loop
      vertex -22.6 -75 4.95
      vertex -22.9708 -73.5 5.00873
      vertex -22.9708 -75 5.00873
    endloop
  endfacet
  facet normal -0.987702 0 -0.156351
    outer loop
      vertex -18 -75 6.15
      vertex -18.0587 -73.5 6.52082
      vertex -18 -73.5 6.15
    endloop
  endfacet
  facet normal -0.987702 -0 -0.156351
    outer loop
      vertex -18.0587 -73.5 6.52082
      vertex -18 -75 6.15
      vertex -18.0587 -75 6.52082
    endloop
  endfacet
  facet normal 0 0 -1
    outer loop
      vertex -19.205 -75 7.85204
      vertex -19.195 -73.5 7.85204
      vertex -19.195 -75 7.85204
    endloop
  endfacet
  facet normal -0 0 -1
    outer loop
      vertex -19.195 -73.5 7.85204
      vertex -19.205 -75 7.85204
      vertex -19.205 -73.5 7.85204
    endloop
  endfacet
  facet normal -0.156437 0 0.987688
    outer loop
      vertex -19.2 -73.5 4.95
      vertex -18.8292 -75 5.00873
      vertex -18.8292 -73.5 5.00873
    endloop
  endfacet
  facet normal -0.156437 0 0.987688
    outer loop
      vertex -18.8292 -75 5.00873
      vertex -19.2 -73.5 4.95
      vertex -19.2 -75 4.95
    endloop
  endfacet
  facet normal 0.718151 0 -0.695887
    outer loop
      vertex -19.205 -75 7.85204
      vertex -20.1708 -73.5 6.85534
      vertex -19.205 -73.5 7.85204
    endloop
  endfacet
  facet normal 0.718151 0 -0.695887
    outer loop
      vertex -20.1708 -73.5 6.85534
      vertex -19.205 -75 7.85204
      vertex -20.1708 -75 6.85534
    endloop
  endfacet
  facet normal 0.890949 -0 0.454104
    outer loop
      vertex -20.3413 -75 5.77918
      vertex -20.1708 -73.5 5.44466
      vertex -20.3413 -73.5 5.77918
    endloop
  endfacet
  facet normal 0.890949 0 0.454104
    outer loop
      vertex -20.1708 -73.5 5.44466
      vertex -20.3413 -75 5.77918
      vertex -20.1708 -75 5.44466
    endloop
  endfacet
  facet normal 0.890949 0 -0.454104
    outer loop
      vertex -20.1708 -75 6.85534
      vertex -20.3413 -73.5 6.52082
      vertex -20.1708 -73.5 6.85534
    endloop
  endfacet
  facet normal 0.890949 0 -0.454104
    outer loop
      vertex -20.3413 -73.5 6.52082
      vertex -20.1708 -75 6.85534
      vertex -20.3413 -75 6.52082
    endloop
  endfacet
  facet normal 0.45402 0 0.890992
    outer loop
      vertex -19.9053 -73.5 5.17918
      vertex -19.5708 -75 5.00873
      vertex -19.5708 -73.5 5.00873
    endloop
  endfacet
  facet normal 0.45402 0 0.890992
    outer loop
      vertex -19.5708 -75 5.00873
      vertex -19.9053 -73.5 5.17918
      vertex -19.9053 -75 5.17918
    endloop
  endfacet
  facet normal 0.70708 -0 0.707133
    outer loop
      vertex -20.1708 -75 5.44466
      vertex -19.9053 -73.5 5.17918
      vertex -20.1708 -73.5 5.44466
    endloop
  endfacet
  facet normal 0.70708 0 0.707133
    outer loop
      vertex -19.9053 -73.5 5.17918
      vertex -20.1708 -75 5.44466
      vertex -19.9053 -75 5.17918
    endloop
  endfacet
  facet normal 0.987702 -0 0.156351
    outer loop
      vertex -20.4 -75 6.15
      vertex -20.3413 -73.5 5.77918
      vertex -20.4 -73.5 6.15
    endloop
  endfacet
  facet normal 0.987702 0 0.156351
    outer loop
      vertex -20.3413 -73.5 5.77918
      vertex -20.4 -75 6.15
      vertex -20.3413 -75 5.77918
    endloop
  endfacet
  facet normal 0.987702 0 -0.156351
    outer loop
      vertex -20.3413 -75 6.52082
      vertex -20.4 -73.5 6.15
      vertex -20.3413 -73.5 6.52082
    endloop
  endfacet
  facet normal 0.987702 0 -0.156351
    outer loop
      vertex -20.4 -73.5 6.15
      vertex -20.3413 -75 6.52082
      vertex -20.4 -75 6.15
    endloop
  endfacet
  facet normal -0.718151 0 -0.695887
    outer loop
      vertex -18.2292 -75 6.85534
      vertex -19.195 -73.5 7.85204
      vertex -18.2292 -73.5 6.85534
    endloop
  endfacet
  facet normal -0.718151 -0 -0.695887
    outer loop
      vertex -19.195 -73.5 7.85204
      vertex -18.2292 -75 6.85534
      vertex -19.195 -75 7.85204
    endloop
  endfacet
  facet normal -0.45402 0 0.890992
    outer loop
      vertex -18.8292 -73.5 5.00873
      vertex -18.4947 -75 5.17918
      vertex -18.4947 -73.5 5.17918
    endloop
  endfacet
  facet normal -0.45402 0 0.890992
    outer loop
      vertex -18.4947 -75 5.17918
      vertex -18.8292 -73.5 5.00873
      vertex -18.8292 -75 5.00873
    endloop
  endfacet
  facet normal -0.987702 0 0.156351
    outer loop
      vertex -18.0587 -75 5.77918
      vertex -18 -73.5 6.15
      vertex -18.0587 -73.5 5.77918
    endloop
  endfacet
  facet normal -0.987702 0 0.156351
    outer loop
      vertex -18 -73.5 6.15
      vertex -18.0587 -75 5.77918
      vertex -18 -75 6.15
    endloop
  endfacet
  facet normal -0.890949 0 0.454104
    outer loop
      vertex -18.2292 -75 5.44466
      vertex -18.0587 -73.5 5.77918
      vertex -18.2292 -73.5 5.44466
    endloop
  endfacet
  facet normal -0.890949 0 0.454104
    outer loop
      vertex -18.0587 -73.5 5.77918
      vertex -18.2292 -75 5.44466
      vertex -18.0587 -75 5.77918
    endloop
  endfacet
  facet normal -0.890949 0 -0.454104
    outer loop
      vertex -18.0587 -75 6.52082
      vertex -18.2292 -73.5 6.85534
      vertex -18.0587 -73.5 6.52082
    endloop
  endfacet
  facet normal -0.890949 -0 -0.454104
    outer loop
      vertex -18.2292 -73.5 6.85534
      vertex -18.0587 -75 6.52082
      vertex -18.2292 -75 6.85534
    endloop
  endfacet
  facet normal 0.156437 0 0.987688
    outer loop
      vertex -19.5708 -73.5 5.00873
      vertex -19.2 -75 4.95
      vertex -19.2 -73.5 4.95
    endloop
  endfacet
  facet normal 0.156437 0 0.987688
    outer loop
      vertex -19.2 -75 4.95
      vertex -19.5708 -73.5 5.00873
      vertex -19.5708 -75 5.00873
    endloop
  endfacet
  facet normal -0.70708 0 0.707133
    outer loop
      vertex -18.4947 -75 5.17918
      vertex -18.2292 -73.5 5.44466
      vertex -18.4947 -73.5 5.17918
    endloop
  endfacet
  facet normal -0.70708 0 0.707133
    outer loop
      vertex -18.2292 -73.5 5.44466
      vertex -18.4947 -75 5.17918
      vertex -18.2292 -75 5.44466
    endloop
  endfacet
  facet normal -0.987702 0 -0.156351
    outer loop
      vertex -14.6 -75 6.15
      vertex -14.6587 -73.5 6.52082
      vertex -14.6 -73.5 6.15
    endloop
  endfacet
  facet normal -0.987702 -0 -0.156351
    outer loop
      vertex -14.6587 -73.5 6.52082
      vertex -14.6 -75 6.15
      vertex -14.6587 -75 6.52082
    endloop
  endfacet
  facet normal 0 0 -1
    outer loop
      vertex -15.805 -75 7.85204
      vertex -15.795 -73.5 7.85204
      vertex -15.795 -75 7.85204
    endloop
  endfacet
  facet normal -0 0 -1
    outer loop
      vertex -15.795 -73.5 7.85204
      vertex -15.805 -75 7.85204
      vertex -15.805 -73.5 7.85204
    endloop
  endfacet
  facet normal -0.156437 0 0.987688
    outer loop
      vertex -15.8 -73.5 4.95
      vertex -15.4292 -75 5.00873
      vertex -15.4292 -73.5 5.00873
    endloop
  endfacet
  facet normal -0.156437 0 0.987688
    outer loop
      vertex -15.4292 -75 5.00873
      vertex -15.8 -73.5 4.95
      vertex -15.8 -75 4.95
    endloop
  endfacet
  facet normal 0.718151 0 -0.695887
    outer loop
      vertex -15.805 -75 7.85204
      vertex -16.7708 -73.5 6.85534
      vertex -15.805 -73.5 7.85204
    endloop
  endfacet
  facet normal 0.718151 0 -0.695887
    outer loop
      vertex -16.7708 -73.5 6.85534
      vertex -15.805 -75 7.85204
      vertex -16.7708 -75 6.85534
    endloop
  endfacet
  facet normal 0.890949 -0 0.454104
    outer loop
      vertex -16.9413 -75 5.77918
      vertex -16.7708 -73.5 5.44466
      vertex -16.9413 -73.5 5.77918
    endloop
  endfacet
  facet normal 0.890949 0 0.454104
    outer loop
      vertex -16.7708 -73.5 5.44466
      vertex -16.9413 -75 5.77918
      vertex -16.7708 -75 5.44466
    endloop
  endfacet
  facet normal 0.890949 0 -0.454104
    outer loop
      vertex -16.7708 -75 6.85534
      vertex -16.9413 -73.5 6.52082
      vertex -16.7708 -73.5 6.85534
    endloop
  endfacet
  facet normal 0.890949 0 -0.454104
    outer loop
      vertex -16.9413 -73.5 6.52082
      vertex -16.7708 -75 6.85534
      vertex -16.9413 -75 6.52082
    endloop
  endfacet
  facet normal 0.45402 0 0.890992
    outer loop
      vertex -16.5053 -73.5 5.17918
      vertex -16.1708 -75 5.00873
      vertex -16.1708 -73.5 5.00873
    endloop
  endfacet
  facet normal 0.45402 0 0.890992
    outer loop
      vertex -16.1708 -75 5.00873
      vertex -16.5053 -73.5 5.17918
      vertex -16.5053 -75 5.17918
    endloop
  endfacet
  facet normal 0.70708 0 0.707133
    outer loop
      vertex -16.7708 -73.5 5.44466
      vertex -16.5053 -75 5.17918
      vertex -16.5053 -73.5 5.17918
    endloop
  endfacet
  facet normal 0.70708 0 0.707133
    outer loop
      vertex -16.5053 -75 5.17918
      vertex -16.7708 -73.5 5.44466
      vertex -16.7708 -75 5.44466
    endloop
  endfacet
  facet normal 0.987702 -0 0.156351
    outer loop
      vertex -17 -75 6.15
      vertex -16.9413 -73.5 5.77918
      vertex -17 -73.5 6.15
    endloop
  endfacet
  facet normal 0.987702 0 0.156351
    outer loop
      vertex -16.9413 -73.5 5.77918
      vertex -17 -75 6.15
      vertex -16.9413 -75 5.77918
    endloop
  endfacet
  facet normal 0.987702 0 -0.156351
    outer loop
      vertex -16.9413 -75 6.52082
      vertex -17 -73.5 6.15
      vertex -16.9413 -73.5 6.52082
    endloop
  endfacet
  facet normal 0.987702 0 -0.156351
    outer loop
      vertex -17 -73.5 6.15
      vertex -16.9413 -75 6.52082
      vertex -17 -75 6.15
    endloop
  endfacet
  facet normal -0.718151 0 -0.695887
    outer loop
      vertex -14.8292 -75 6.85534
      vertex -15.795 -73.5 7.85204
      vertex -14.8292 -73.5 6.85534
    endloop
  endfacet
  facet normal -0.718151 -0 -0.695887
    outer loop
      vertex -15.795 -73.5 7.85204
      vertex -14.8292 -75 6.85534
      vertex -15.795 -75 7.85204
    endloop
  endfacet
  facet normal -0.45402 0 0.890992
    outer loop
      vertex -15.4292 -73.5 5.00873
      vertex -15.0947 -75 5.17918
      vertex -15.0947 -73.5 5.17918
    endloop
  endfacet
  facet normal -0.45402 0 0.890992
    outer loop
      vertex -15.0947 -75 5.17918
      vertex -15.4292 -73.5 5.00873
      vertex -15.4292 -75 5.00873
    endloop
  endfacet
  facet normal -0.987702 0 0.156351
    outer loop
      vertex -14.6587 -75 5.77918
      vertex -14.6 -73.5 6.15
      vertex -14.6587 -73.5 5.77918
    endloop
  endfacet
  facet normal -0.987702 0 0.156351
    outer loop
      vertex -14.6 -73.5 6.15
      vertex -14.6587 -75 5.77918
      vertex -14.6 -75 6.15
    endloop
  endfacet
  facet normal -0.890949 0 0.454104
    outer loop
      vertex -14.8292 -75 5.44466
      vertex -14.6587 -73.5 5.77918
      vertex -14.8292 -73.5 5.44466
    endloop
  endfacet
  facet normal -0.890949 0 0.454104
    outer loop
      vertex -14.6587 -73.5 5.77918
      vertex -14.8292 -75 5.44466
      vertex -14.6587 -75 5.77918
    endloop
  endfacet
  facet normal -0.890949 0 -0.454104
    outer loop
      vertex -14.6587 -75 6.52082
      vertex -14.8292 -73.5 6.85534
      vertex -14.6587 -73.5 6.52082
    endloop
  endfacet
  facet normal -0.890949 -0 -0.454104
    outer loop
      vertex -14.8292 -73.5 6.85534
      vertex -14.6587 -75 6.52082
      vertex -14.8292 -75 6.85534
    endloop
  endfacet
  facet normal 0.156437 0 0.987688
    outer loop
      vertex -16.1708 -73.5 5.00873
      vertex -15.8 -75 4.95
      vertex -15.8 -73.5 4.95
    endloop
  endfacet
  facet normal 0.156437 0 0.987688
    outer loop
      vertex -15.8 -75 4.95
      vertex -16.1708 -73.5 5.00873
      vertex -16.1708 -75 5.00873
    endloop
  endfacet
  facet normal -0.70708 0 0.707133
    outer loop
      vertex -15.0947 -75 5.17918
      vertex -14.8292 -73.5 5.44466
      vertex -15.0947 -73.5 5.17918
    endloop
  endfacet
  facet normal -0.70708 0 0.707133
    outer loop
      vertex -14.8292 -73.5 5.44466
      vertex -15.0947 -75 5.17918
      vertex -14.8292 -75 5.44466
    endloop
  endfacet
  facet normal -0.987702 0 -0.156351
    outer loop
      vertex -11.2 -75 6.15
      vertex -11.2587 -73.5 6.52082
      vertex -11.2 -73.5 6.15
    endloop
  endfacet
  facet normal -0.987702 -0 -0.156351
    outer loop
      vertex -11.2587 -73.5 6.52082
      vertex -11.2 -75 6.15
      vertex -11.2587 -75 6.52082
    endloop
  endfacet
  facet normal 0.45402 0 0.890992
    outer loop
      vertex -13.1053 -73.5 5.17918
      vertex -12.7708 -75 5.00873
      vertex -12.7708 -73.5 5.00873
    endloop
  endfacet
  facet normal 0.45402 0 0.890992
    outer loop
      vertex -12.7708 -75 5.00873
      vertex -13.1053 -73.5 5.17918
      vertex -13.1053 -75 5.17918
    endloop
  endfacet
  facet normal -0.718151 0 -0.695887
    outer loop
      vertex -11.4292 -75 6.85534
      vertex -12.395 -73.5 7.85204
      vertex -11.4292 -73.5 6.85534
    endloop
  endfacet
  facet normal -0.718151 -0 -0.695887
    outer loop
      vertex -12.395 -73.5 7.85204
      vertex -11.4292 -75 6.85534
      vertex -12.395 -75 7.85204
    endloop
  endfacet
  facet normal 0.70708 -0 0.707133
    outer loop
      vertex -13.3708 -75 5.44466
      vertex -13.1053 -73.5 5.17918
      vertex -13.3708 -73.5 5.44466
    endloop
  endfacet
  facet normal 0.70708 0 0.707133
    outer loop
      vertex -13.1053 -73.5 5.17918
      vertex -13.3708 -75 5.44466
      vertex -13.1053 -75 5.17918
    endloop
  endfacet
  facet normal 0.987702 -0 0.156351
    outer loop
      vertex -13.6 -75 6.15
      vertex -13.5413 -73.5 5.77918
      vertex -13.6 -73.5 6.15
    endloop
  endfacet
  facet normal 0.987702 0 0.156351
    outer loop
      vertex -13.5413 -73.5 5.77918
      vertex -13.6 -75 6.15
      vertex -13.5413 -75 5.77918
    endloop
  endfacet
  facet normal -0.987702 0 0.156351
    outer loop
      vertex -11.2587 -75 5.77918
      vertex -11.2 -73.5 6.15
      vertex -11.2587 -73.5 5.77918
    endloop
  endfacet
  facet normal -0.987702 0 0.156351
    outer loop
      vertex -11.2 -73.5 6.15
      vertex -11.2587 -75 5.77918
      vertex -11.2 -75 6.15
    endloop
  endfacet
  facet normal 0.718151 0 -0.695887
    outer loop
      vertex -12.405 -75 7.85204
      vertex -13.3708 -73.5 6.85534
      vertex -12.405 -73.5 7.85204
    endloop
  endfacet
  facet normal 0.718151 0 -0.695887
    outer loop
      vertex -13.3708 -73.5 6.85534
      vertex -12.405 -75 7.85204
      vertex -13.3708 -75 6.85534
    endloop
  endfacet
  facet normal 0.890949 -0 0.454104
    outer loop
      vertex -13.5413 -75 5.77918
      vertex -13.3708 -73.5 5.44466
      vertex -13.5413 -73.5 5.77918
    endloop
  endfacet
  facet normal 0.890949 0 0.454104
    outer loop
      vertex -13.3708 -73.5 5.44466
      vertex -13.5413 -75 5.77918
      vertex -13.3708 -75 5.44466
    endloop
  endfacet
  facet normal 0.890949 0 -0.454104
    outer loop
      vertex -13.3708 -75 6.85534
      vertex -13.5413 -73.5 6.52082
      vertex -13.3708 -73.5 6.85534
    endloop
  endfacet
  facet normal 0.890949 0 -0.454104
    outer loop
      vertex -13.5413 -73.5 6.52082
      vertex -13.3708 -75 6.85534
      vertex -13.5413 -75 6.52082
    endloop
  endfacet
  facet normal -0.45402 0 0.890992
    outer loop
      vertex -12.0292 -73.5 5.00873
      vertex -11.6947 -75 5.17918
      vertex -11.6947 -73.5 5.17918
    endloop
  endfacet
  facet normal -0.45402 0 0.890992
    outer loop
      vertex -11.6947 -75 5.17918
      vertex -12.0292 -73.5 5.00873
      vertex -12.0292 -75 5.00873
    endloop
  endfacet
  facet normal -0.890949 0 0.454104
    outer loop
      vertex -11.4292 -75 5.44466
      vertex -11.2587 -73.5 5.77918
      vertex -11.4292 -73.5 5.44466
    endloop
  endfacet
  facet normal -0.890949 0 0.454104
    outer loop
      vertex -11.2587 -73.5 5.77918
      vertex -11.4292 -75 5.44466
      vertex -11.2587 -75 5.77918
    endloop
  endfacet
  facet normal -0.156437 0 0.987688
    outer loop
      vertex -12.4 -73.5 4.95
      vertex -12.0292 -75 5.00873
      vertex -12.0292 -73.5 5.00873
    endloop
  endfacet
  facet normal -0.156437 0 0.987688
    outer loop
      vertex -12.0292 -75 5.00873
      vertex -12.4 -73.5 4.95
      vertex -12.4 -75 4.95
    endloop
  endfacet
  facet normal 0 0 -1
    outer loop
      vertex -12.405 -75 7.85204
      vertex -12.395 -73.5 7.85204
      vertex -12.395 -75 7.85204
    endloop
  endfacet
  facet normal -0 0 -1
    outer loop
      vertex -12.395 -73.5 7.85204
      vertex -12.405 -75 7.85204
      vertex -12.405 -73.5 7.85204
    endloop
  endfacet
  facet normal 0.156437 0 0.987688
    outer loop
      vertex -12.7708 -73.5 5.00873
      vertex -12.4 -75 4.95
      vertex -12.4 -73.5 4.95
    endloop
  endfacet
  facet normal 0.156437 0 0.987688
    outer loop
      vertex -12.4 -75 4.95
      vertex -12.7708 -73.5 5.00873
      vertex -12.7708 -75 5.00873
    endloop
  endfacet
  facet normal 0.987702 0 -0.156351
    outer loop
      vertex -13.5413 -75 6.52082
      vertex -13.6 -73.5 6.15
      vertex -13.5413 -73.5 6.52082
    endloop
  endfacet
  facet normal 0.987702 0 -0.156351
    outer loop
      vertex -13.6 -73.5 6.15
      vertex -13.5413 -75 6.52082
      vertex -13.6 -75 6.15
    endloop
  endfacet
  facet normal -0.70708 0 0.707133
    outer loop
      vertex -11.6947 -75 5.17918
      vertex -11.4292 -73.5 5.44466
      vertex -11.6947 -73.5 5.17918
    endloop
  endfacet
  facet normal -0.70708 0 0.707133
    outer loop
      vertex -11.4292 -73.5 5.44466
      vertex -11.6947 -75 5.17918
      vertex -11.4292 -75 5.44466
    endloop
  endfacet
  facet normal -0.890949 0 -0.454104
    outer loop
      vertex -11.2587 -75 6.52082
      vertex -11.4292 -73.5 6.85534
      vertex -11.2587 -73.5 6.52082
    endloop
  endfacet
  facet normal -0.890949 -0 -0.454104
    outer loop
      vertex -11.4292 -73.5 6.85534
      vertex -11.2587 -75 6.52082
      vertex -11.4292 -75 6.85534
    endloop
  endfacet
  facet normal -0.987702 0 -0.156351
    outer loop
      vertex 13.6 -75 6.15
      vertex 13.5413 -73.5 6.52082
      vertex 13.6 -73.5 6.15
    endloop
  endfacet
  facet normal -0.987702 -0 -0.156351
    outer loop
      vertex 13.5413 -73.5 6.52082
      vertex 13.6 -75 6.15
      vertex 13.5413 -75 6.52082
    endloop
  endfacet
  facet normal 0.45402 0 0.890992
    outer loop
      vertex 11.6947 -73.5 5.17918
      vertex 12.0292 -75 5.00873
      vertex 12.0292 -73.5 5.00873
    endloop
  endfacet
  facet normal 0.45402 0 0.890992
    outer loop
      vertex 12.0292 -75 5.00873
      vertex 11.6947 -73.5 5.17918
      vertex 11.6947 -75 5.17918
    endloop
  endfacet
  facet normal -0.718151 0 -0.695887
    outer loop
      vertex 13.3708 -75 6.85534
      vertex 12.405 -73.5 7.85204
      vertex 13.3708 -73.5 6.85534
    endloop
  endfacet
  facet normal -0.718151 -0 -0.695887
    outer loop
      vertex 12.405 -73.5 7.85204
      vertex 13.3708 -75 6.85534
      vertex 12.405 -75 7.85204
    endloop
  endfacet
  facet normal 0.70708 -0 0.707133
    outer loop
      vertex 11.4292 -75 5.44466
      vertex 11.6947 -73.5 5.17918
      vertex 11.4292 -73.5 5.44466
    endloop
  endfacet
  facet normal 0.70708 0 0.707133
    outer loop
      vertex 11.6947 -73.5 5.17918
      vertex 11.4292 -75 5.44466
      vertex 11.6947 -75 5.17918
    endloop
  endfacet
  facet normal 0.987702 -0 0.156351
    outer loop
      vertex 11.2 -75 6.15
      vertex 11.2587 -73.5 5.77918
      vertex 11.2 -73.5 6.15
    endloop
  endfacet
  facet normal 0.987702 0 0.156351
    outer loop
      vertex 11.2587 -73.5 5.77918
      vertex 11.2 -75 6.15
      vertex 11.2587 -75 5.77918
    endloop
  endfacet
  facet normal 0.718151 0 -0.695887
    outer loop
      vertex 12.395 -75 7.85204
      vertex 11.4292 -73.5 6.85534
      vertex 12.395 -73.5 7.85204
    endloop
  endfacet
  facet normal 0.718151 0 -0.695887
    outer loop
      vertex 11.4292 -73.5 6.85534
      vertex 12.395 -75 7.85204
      vertex 11.4292 -75 6.85534
    endloop
  endfacet
  facet normal 0.890949 -0 0.454104
    outer loop
      vertex 11.2587 -75 5.77918
      vertex 11.4292 -73.5 5.44466
      vertex 11.2587 -73.5 5.77918
    endloop
  endfacet
  facet normal 0.890949 0 0.454104
    outer loop
      vertex 11.4292 -73.5 5.44466
      vertex 11.2587 -75 5.77918
      vertex 11.4292 -75 5.44466
    endloop
  endfacet
  facet normal 0.890949 0 -0.454104
    outer loop
      vertex 11.4292 -75 6.85534
      vertex 11.2587 -73.5 6.52082
      vertex 11.4292 -73.5 6.85534
    endloop
  endfacet
  facet normal 0.890949 0 -0.454104
    outer loop
      vertex 11.2587 -73.5 6.52082
      vertex 11.4292 -75 6.85534
      vertex 11.2587 -75 6.52082
    endloop
  endfacet
  facet normal -0.45402 0 0.890992
    outer loop
      vertex 12.7708 -73.5 5.00873
      vertex 13.1053 -75 5.17918
      vertex 13.1053 -73.5 5.17918
    endloop
  endfacet
  facet normal -0.45402 0 0.890992
    outer loop
      vertex 13.1053 -75 5.17918
      vertex 12.7708 -73.5 5.00873
      vertex 12.7708 -75 5.00873
    endloop
  endfacet
  facet normal -0.890949 0 0.454104
    outer loop
      vertex 13.3708 -75 5.44466
      vertex 13.5413 -73.5 5.77918
      vertex 13.3708 -73.5 5.44466
    endloop
  endfacet
  facet normal -0.890949 0 0.454104
    outer loop
      vertex 13.5413 -73.5 5.77918
      vertex 13.3708 -75 5.44466
      vertex 13.5413 -75 5.77918
    endloop
  endfacet
  facet normal 0 0 -1
    outer loop
      vertex 12.395 -75 7.85204
      vertex 12.405 -73.5 7.85204
      vertex 12.405 -75 7.85204
    endloop
  endfacet
  facet normal -0 0 -1
    outer loop
      vertex 12.405 -73.5 7.85204
      vertex 12.395 -75 7.85204
      vertex 12.395 -73.5 7.85204
    endloop
  endfacet
  facet normal 0.156437 0 0.987688
    outer loop
      vertex 12.0292 -73.5 5.00873
      vertex 12.4 -75 4.95
      vertex 12.4 -73.5 4.95
    endloop
  endfacet
  facet normal 0.156437 0 0.987688
    outer loop
      vertex 12.4 -75 4.95
      vertex 12.0292 -73.5 5.00873
      vertex 12.0292 -75 5.00873
    endloop
  endfacet
  facet normal 0.987702 0 -0.156351
    outer loop
      vertex 11.2587 -75 6.52082
      vertex 11.2 -73.5 6.15
      vertex 11.2587 -73.5 6.52082
    endloop
  endfacet
  facet normal 0.987702 0 -0.156351
    outer loop
      vertex 11.2 -73.5 6.15
      vertex 11.2587 -75 6.52082
      vertex 11.2 -75 6.15
    endloop
  endfacet
  facet normal -0.156437 0 0.987688
    outer loop
      vertex 12.4 -73.5 4.95
      vertex 12.7708 -75 5.00873
      vertex 12.7708 -73.5 5.00873
    endloop
  endfacet
  facet normal -0.156437 0 0.987688
    outer loop
      vertex 12.7708 -75 5.00873
      vertex 12.4 -73.5 4.95
      vertex 12.4 -75 4.95
    endloop
  endfacet
  facet normal -0.70708 0 0.707133
    outer loop
      vertex 13.1053 -75 5.17918
      vertex 13.3708 -73.5 5.44466
      vertex 13.1053 -73.5 5.17918
    endloop
  endfacet
  facet normal -0.70708 0 0.707133
    outer loop
      vertex 13.3708 -73.5 5.44466
      vertex 13.1053 -75 5.17918
      vertex 13.3708 -75 5.44466
    endloop
  endfacet
  facet normal -0.890949 0 -0.454104
    outer loop
      vertex 13.5413 -75 6.52082
      vertex 13.3708 -73.5 6.85534
      vertex 13.5413 -73.5 6.52082
    endloop
  endfacet
  facet normal -0.890949 -0 -0.454104
    outer loop
      vertex 13.3708 -73.5 6.85534
      vertex 13.5413 -75 6.52082
      vertex 13.3708 -75 6.85534
    endloop
  endfacet
  facet normal -0.987702 0 0.156351
    outer loop
      vertex 13.5413 -75 5.77918
      vertex 13.6 -73.5 6.15
      vertex 13.5413 -73.5 5.77918
    endloop
  endfacet
  facet normal -0.987702 0 0.156351
    outer loop
      vertex 13.6 -73.5 6.15
      vertex 13.5413 -75 5.77918
      vertex 13.6 -75 6.15
    endloop
  endfacet
  facet normal -0.987702 0 0.156351
    outer loop
      vertex 16.9413 -75 5.77918
      vertex 17 -73.5 6.15
      vertex 16.9413 -73.5 5.77918
    endloop
  endfacet
  facet normal -0.987702 0 0.156351
    outer loop
      vertex 17 -73.5 6.15
      vertex 16.9413 -75 5.77918
      vertex 17 -75 6.15
    endloop
  endfacet
  facet normal 0.987702 -0 0.156351
    outer loop
      vertex 14.6 -75 6.15
      vertex 14.6587 -73.5 5.77918
      vertex 14.6 -73.5 6.15
    endloop
  endfacet
  facet normal 0.987702 0 0.156351
    outer loop
      vertex 14.6587 -73.5 5.77918
      vertex 14.6 -75 6.15
      vertex 14.6587 -75 5.77918
    endloop
  endfacet
  facet normal 0.45402 0 0.890992
    outer loop
      vertex 15.0947 -73.5 5.17918
      vertex 15.4292 -75 5.00873
      vertex 15.4292 -73.5 5.00873
    endloop
  endfacet
  facet normal 0.45402 0 0.890992
    outer loop
      vertex 15.4292 -75 5.00873
      vertex 15.0947 -73.5 5.17918
      vertex 15.0947 -75 5.17918
    endloop
  endfacet
  facet normal -0.718151 0 -0.695887
    outer loop
      vertex 16.7708 -75 6.85534
      vertex 15.805 -73.5 7.85204
      vertex 16.7708 -73.5 6.85534
    endloop
  endfacet
  facet normal -0.718151 -0 -0.695887
    outer loop
      vertex 15.805 -73.5 7.85204
      vertex 16.7708 -75 6.85534
      vertex 15.805 -75 7.85204
    endloop
  endfacet
  facet normal 0.70708 -0 0.707133
    outer loop
      vertex 14.8292 -75 5.44466
      vertex 15.0947 -73.5 5.17918
      vertex 14.8292 -73.5 5.44466
    endloop
  endfacet
  facet normal 0.70708 0 0.707133
    outer loop
      vertex 15.0947 -73.5 5.17918
      vertex 14.8292 -75 5.44466
      vertex 15.0947 -75 5.17918
    endloop
  endfacet
  facet normal -0.987702 0 -0.156351
    outer loop
      vertex 17 -75 6.15
      vertex 16.9413 -73.5 6.52082
      vertex 17 -73.5 6.15
    endloop
  endfacet
  facet normal -0.987702 -0 -0.156351
    outer loop
      vertex 16.9413 -73.5 6.52082
      vertex 17 -75 6.15
      vertex 16.9413 -75 6.52082
    endloop
  endfacet
  facet normal 0.890949 -0 0.454104
    outer loop
      vertex 14.6587 -75 5.77918
      vertex 14.8292 -73.5 5.44466
      vertex 14.6587 -73.5 5.77918
    endloop
  endfacet
  facet normal 0.890949 0 0.454104
    outer loop
      vertex 14.8292 -73.5 5.44466
      vertex 14.6587 -75 5.77918
      vertex 14.8292 -75 5.44466
    endloop
  endfacet
  facet normal 0.890949 0 -0.454104
    outer loop
      vertex 14.8292 -75 6.85534
      vertex 14.6587 -73.5 6.52082
      vertex 14.8292 -73.5 6.85534
    endloop
  endfacet
  facet normal 0.890949 0 -0.454104
    outer loop
      vertex 14.6587 -73.5 6.52082
      vertex 14.8292 -75 6.85534
      vertex 14.6587 -75 6.52082
    endloop
  endfacet
  facet normal 0.718151 0 -0.695887
    outer loop
      vertex 15.795 -75 7.85204
      vertex 14.8292 -73.5 6.85534
      vertex 15.795 -73.5 7.85204
    endloop
  endfacet
  facet normal 0.718151 0 -0.695887
    outer loop
      vertex 14.8292 -73.5 6.85534
      vertex 15.795 -75 7.85204
      vertex 14.8292 -75 6.85534
    endloop
  endfacet
  facet normal -0.70708 0 0.707133
    outer loop
      vertex 16.5053 -73.5 5.17918
      vertex 16.7708 -75 5.44466
      vertex 16.7708 -73.5 5.44466
    endloop
  endfacet
  facet normal -0.70708 0 0.707133
    outer loop
      vertex 16.7708 -75 5.44466
      vertex 16.5053 -73.5 5.17918
      vertex 16.5053 -75 5.17918
    endloop
  endfacet
  facet normal 0.156437 0 0.987688
    outer loop
      vertex 15.4292 -73.5 5.00873
      vertex 15.8 -75 4.95
      vertex 15.8 -73.5 4.95
    endloop
  endfacet
  facet normal 0.156437 0 0.987688
    outer loop
      vertex 15.8 -75 4.95
      vertex 15.4292 -73.5 5.00873
      vertex 15.4292 -75 5.00873
    endloop
  endfacet
  facet normal 0.987702 0 -0.156351
    outer loop
      vertex 14.6587 -75 6.52082
      vertex 14.6 -73.5 6.15
      vertex 14.6587 -73.5 6.52082
    endloop
  endfacet
  facet normal 0.987702 0 -0.156351
    outer loop
      vertex 14.6 -73.5 6.15
      vertex 14.6587 -75 6.52082
      vertex 14.6 -75 6.15
    endloop
  endfacet
  facet normal -0.45402 0 0.890992
    outer loop
      vertex 16.1708 -73.5 5.00873
      vertex 16.5053 -75 5.17918
      vertex 16.5053 -73.5 5.17918
    endloop
  endfacet
  facet normal -0.45402 0 0.890992
    outer loop
      vertex 16.5053 -75 5.17918
      vertex 16.1708 -73.5 5.00873
      vertex 16.1708 -75 5.00873
    endloop
  endfacet
  facet normal -0.156437 0 0.987688
    outer loop
      vertex 15.8 -73.5 4.95
      vertex 16.1708 -75 5.00873
      vertex 16.1708 -73.5 5.00873
    endloop
  endfacet
  facet normal -0.156437 0 0.987688
    outer loop
      vertex 16.1708 -75 5.00873
      vertex 15.8 -73.5 4.95
      vertex 15.8 -75 4.95
    endloop
  endfacet
  facet normal 0 0 -1
    outer loop
      vertex 15.795 -75 7.85204
      vertex 15.805 -73.5 7.85204
      vertex 15.805 -75 7.85204
    endloop
  endfacet
  facet normal -0 0 -1
    outer loop
      vertex 15.805 -73.5 7.85204
      vertex 15.795 -75 7.85204
      vertex 15.795 -73.5 7.85204
    endloop
  endfacet
  facet normal -0.890949 0 0.454104
    outer loop
      vertex 16.7708 -75 5.44466
      vertex 16.9413 -73.5 5.77918
      vertex 16.7708 -73.5 5.44466
    endloop
  endfacet
  facet normal -0.890949 0 0.454104
    outer loop
      vertex 16.9413 -73.5 5.77918
      vertex 16.7708 -75 5.44466
      vertex 16.9413 -75 5.77918
    endloop
  endfacet
  facet normal -0.890949 0 -0.454104
    outer loop
      vertex 16.9413 -75 6.52082
      vertex 16.7708 -73.5 6.85534
      vertex 16.9413 -73.5 6.52082
    endloop
  endfacet
  facet normal -0.890949 -0 -0.454104
    outer loop
      vertex 16.7708 -73.5 6.85534
      vertex 16.9413 -75 6.52082
      vertex 16.7708 -75 6.85534
    endloop
  endfacet
  facet normal -0.987702 0 -0.156351
    outer loop
      vertex 20.4 -75 6.15
      vertex 20.3413 -73.5 6.52082
      vertex 20.4 -73.5 6.15
    endloop
  endfacet
  facet normal -0.987702 -0 -0.156351
    outer loop
      vertex 20.3413 -73.5 6.52082
      vertex 20.4 -75 6.15
      vertex 20.3413 -75 6.52082
    endloop
  endfacet
  facet normal 0 0 -1
    outer loop
      vertex 19.195 -75 7.85204
      vertex 19.205 -73.5 7.85204
      vertex 19.205 -75 7.85204
    endloop
  endfacet
  facet normal -0 0 -1
    outer loop
      vertex 19.205 -73.5 7.85204
      vertex 19.195 -75 7.85204
      vertex 19.195 -73.5 7.85204
    endloop
  endfacet
  facet normal -0.156437 0 0.987688
    outer loop
      vertex 19.2 -73.5 4.95
      vertex 19.5708 -75 5.00873
      vertex 19.5708 -73.5 5.00873
    endloop
  endfacet
  facet normal -0.156437 0 0.987688
    outer loop
      vertex 19.5708 -75 5.00873
      vertex 19.2 -73.5 4.95
      vertex 19.2 -75 4.95
    endloop
  endfacet
  facet normal 0.718151 0 -0.695887
    outer loop
      vertex 19.195 -75 7.85204
      vertex 18.2292 -73.5 6.85534
      vertex 19.195 -73.5 7.85204
    endloop
  endfacet
  facet normal 0.718151 0 -0.695887
    outer loop
      vertex 18.2292 -73.5 6.85534
      vertex 19.195 -75 7.85204
      vertex 18.2292 -75 6.85534
    endloop
  endfacet
  facet normal 0.890949 -0 0.454104
    outer loop
      vertex 18.0587 -75 5.77918
      vertex 18.2292 -73.5 5.44466
      vertex 18.0587 -73.5 5.77918
    endloop
  endfacet
  facet normal 0.890949 0 0.454104
    outer loop
      vertex 18.2292 -73.5 5.44466
      vertex 18.0587 -75 5.77918
      vertex 18.2292 -75 5.44466
    endloop
  endfacet
  facet normal 0.890949 0 -0.454104
    outer loop
      vertex 18.2292 -75 6.85534
      vertex 18.0587 -73.5 6.52082
      vertex 18.2292 -73.5 6.85534
    endloop
  endfacet
  facet normal 0.890949 0 -0.454104
    outer loop
      vertex 18.0587 -73.5 6.52082
      vertex 18.2292 -75 6.85534
      vertex 18.0587 -75 6.52082
    endloop
  endfacet
  facet normal 0.45402 0 0.890992
    outer loop
      vertex 18.4947 -73.5 5.17918
      vertex 18.8292 -75 5.00873
      vertex 18.8292 -73.5 5.00873
    endloop
  endfacet
  facet normal 0.45402 0 0.890992
    outer loop
      vertex 18.8292 -75 5.00873
      vertex 18.4947 -73.5 5.17918
      vertex 18.4947 -75 5.17918
    endloop
  endfacet
  facet normal 0.70708 -0 0.707133
    outer loop
      vertex 18.2292 -75 5.44466
      vertex 18.4947 -73.5 5.17918
      vertex 18.2292 -73.5 5.44466
    endloop
  endfacet
  facet normal 0.70708 0 0.707133
    outer loop
      vertex 18.4947 -73.5 5.17918
      vertex 18.2292 -75 5.44466
      vertex 18.4947 -75 5.17918
    endloop
  endfacet
  facet normal 0.987702 -0 0.156351
    outer loop
      vertex 18 -75 6.15
      vertex 18.0587 -73.5 5.77918
      vertex 18 -73.5 6.15
    endloop
  endfacet
  facet normal 0.987702 0 0.156351
    outer loop
      vertex 18.0587 -73.5 5.77918
      vertex 18 -75 6.15
      vertex 18.0587 -75 5.77918
    endloop
  endfacet
  facet normal 0.987702 0 -0.156351
    outer loop
      vertex 18.0587 -75 6.52082
      vertex 18 -73.5 6.15
      vertex 18.0587 -73.5 6.52082
    endloop
  endfacet
  facet normal 0.987702 0 -0.156351
    outer loop
      vertex 18 -73.5 6.15
      vertex 18.0587 -75 6.52082
      vertex 18 -75 6.15
    endloop
  endfacet
  facet normal -0.718151 0 -0.695887
    outer loop
      vertex 20.1708 -75 6.85534
      vertex 19.205 -73.5 7.85204
      vertex 20.1708 -73.5 6.85534
    endloop
  endfacet
  facet normal -0.718151 -0 -0.695887
    outer loop
      vertex 19.205 -73.5 7.85204
      vertex 20.1708 -75 6.85534
      vertex 19.205 -75 7.85204
    endloop
  endfacet
  facet normal -0.45402 0 0.890992
    outer loop
      vertex 19.5708 -73.5 5.00873
      vertex 19.9053 -75 5.17918
      vertex 19.9053 -73.5 5.17918
    endloop
  endfacet
  facet normal -0.45402 0 0.890992
    outer loop
      vertex 19.9053 -75 5.17918
      vertex 19.5708 -73.5 5.00873
      vertex 19.5708 -75 5.00873
    endloop
  endfacet
  facet normal -0.987702 0 0.156351
    outer loop
      vertex 20.3413 -75 5.77918
      vertex 20.4 -73.5 6.15
      vertex 20.3413 -73.5 5.77918
    endloop
  endfacet
  facet normal -0.987702 0 0.156351
    outer loop
      vertex 20.4 -73.5 6.15
      vertex 20.3413 -75 5.77918
      vertex 20.4 -75 6.15
    endloop
  endfacet
  facet normal -0.890949 0 0.454104
    outer loop
      vertex 20.1708 -75 5.44466
      vertex 20.3413 -73.5 5.77918
      vertex 20.1708 -73.5 5.44466
    endloop
  endfacet
  facet normal -0.890949 0 0.454104
    outer loop
      vertex 20.3413 -73.5 5.77918
      vertex 20.1708 -75 5.44466
      vertex 20.3413 -75 5.77918
    endloop
  endfacet
  facet normal -0.890949 0 -0.454104
    outer loop
      vertex 20.3413 -75 6.52082
      vertex 20.1708 -73.5 6.85534
      vertex 20.3413 -73.5 6.52082
    endloop
  endfacet
  facet normal -0.890949 -0 -0.454104
    outer loop
      vertex 20.1708 -73.5 6.85534
      vertex 20.3413 -75 6.52082
      vertex 20.1708 -75 6.85534
    endloop
  endfacet
  facet normal 0.156437 0 0.987688
    outer loop
      vertex 18.8292 -73.5 5.00873
      vertex 19.2 -75 4.95
      vertex 19.2 -73.5 4.95
    endloop
  endfacet
  facet normal 0.156437 0 0.987688
    outer loop
      vertex 19.2 -75 4.95
      vertex 18.8292 -73.5 5.00873
      vertex 18.8292 -75 5.00873
    endloop
  endfacet
  facet normal -0.70708 0 0.707133
    outer loop
      vertex 19.9053 -75 5.17918
      vertex 20.1708 -73.5 5.44466
      vertex 19.9053 -73.5 5.17918
    endloop
  endfacet
  facet normal -0.70708 0 0.707133
    outer loop
      vertex 20.1708 -73.5 5.44466
      vertex 19.9053 -75 5.17918
      vertex 20.1708 -75 5.44466
    endloop
  endfacet
  facet normal -0.987702 0 -0.156351
    outer loop
      vertex 23.8 -75 6.15
      vertex 23.7413 -73.5 6.52082
      vertex 23.8 -73.5 6.15
    endloop
  endfacet
  facet normal -0.987702 -0 -0.156351
    outer loop
      vertex 23.7413 -73.5 6.52082
      vertex 23.8 -75 6.15
      vertex 23.7413 -75 6.52082
    endloop
  endfacet
  facet normal 0 0 -1
    outer loop
      vertex 22.595 -75 7.85204
      vertex 22.605 -73.5 7.85204
      vertex 22.605 -75 7.85204
    endloop
  endfacet
  facet normal -0 0 -1
    outer loop
      vertex 22.605 -73.5 7.85204
      vertex 22.595 -75 7.85204
      vertex 22.595 -73.5 7.85204
    endloop
  endfacet
  facet normal -0.156437 0 0.987688
    outer loop
      vertex 22.6 -73.5 4.95
      vertex 22.9708 -75 5.00873
      vertex 22.9708 -73.5 5.00873
    endloop
  endfacet
  facet normal -0.156437 0 0.987688
    outer loop
      vertex 22.9708 -75 5.00873
      vertex 22.6 -73.5 4.95
      vertex 22.6 -75 4.95
    endloop
  endfacet
  facet normal 0.718151 0 -0.695887
    outer loop
      vertex 22.595 -75 7.85204
      vertex 21.6292 -73.5 6.85534
      vertex 22.595 -73.5 7.85204
    endloop
  endfacet
  facet normal 0.718151 0 -0.695887
    outer loop
      vertex 21.6292 -73.5 6.85534
      vertex 22.595 -75 7.85204
      vertex 21.6292 -75 6.85534
    endloop
  endfacet
  facet normal 0.890949 -0 0.454104
    outer loop
      vertex 21.4587 -75 5.77918
      vertex 21.6292 -73.5 5.44466
      vertex 21.4587 -73.5 5.77918
    endloop
  endfacet
  facet normal 0.890949 0 0.454104
    outer loop
      vertex 21.6292 -73.5 5.44466
      vertex 21.4587 -75 5.77918
      vertex 21.6292 -75 5.44466
    endloop
  endfacet
  facet normal 0.890949 0 -0.454104
    outer loop
      vertex 21.6292 -75 6.85534
      vertex 21.4587 -73.5 6.52082
      vertex 21.6292 -73.5 6.85534
    endloop
  endfacet
  facet normal 0.890949 0 -0.454104
    outer loop
      vertex 21.4587 -73.5 6.52082
      vertex 21.6292 -75 6.85534
      vertex 21.4587 -75 6.52082
    endloop
  endfacet
  facet normal 0.45402 0 0.890992
    outer loop
      vertex 21.8947 -73.5 5.17918
      vertex 22.2292 -75 5.00873
      vertex 22.2292 -73.5 5.00873
    endloop
  endfacet
  facet normal 0.45402 0 0.890992
    outer loop
      vertex 22.2292 -75 5.00873
      vertex 21.8947 -73.5 5.17918
      vertex 21.8947 -75 5.17918
    endloop
  endfacet
  facet normal 0.70708 -0 0.707133
    outer loop
      vertex 21.6292 -75 5.44466
      vertex 21.8947 -73.5 5.17918
      vertex 21.6292 -73.5 5.44466
    endloop
  endfacet
  facet normal 0.70708 0 0.707133
    outer loop
      vertex 21.8947 -73.5 5.17918
      vertex 21.6292 -75 5.44466
      vertex 21.8947 -75 5.17918
    endloop
  endfacet
  facet normal 0.987702 -0 0.156351
    outer loop
      vertex 21.4 -75 6.15
      vertex 21.4587 -73.5 5.77918
      vertex 21.4 -73.5 6.15
    endloop
  endfacet
  facet normal 0.987702 0 0.156351
    outer loop
      vertex 21.4587 -73.5 5.77918
      vertex 21.4 -75 6.15
      vertex 21.4587 -75 5.77918
    endloop
  endfacet
  facet normal 0.987702 0 -0.156351
    outer loop
      vertex 21.4587 -75 6.52082
      vertex 21.4 -73.5 6.15
      vertex 21.4587 -73.5 6.52082
    endloop
  endfacet
  facet normal 0.987702 0 -0.156351
    outer loop
      vertex 21.4 -73.5 6.15
      vertex 21.4587 -75 6.52082
      vertex 21.4 -75 6.15
    endloop
  endfacet
  facet normal -0.718151 0 -0.695887
    outer loop
      vertex 23.5708 -75 6.85534
      vertex 22.605 -73.5 7.85204
      vertex 23.5708 -73.5 6.85534
    endloop
  endfacet
  facet normal -0.718151 -0 -0.695887
    outer loop
      vertex 22.605 -73.5 7.85204
      vertex 23.5708 -75 6.85534
      vertex 22.605 -75 7.85204
    endloop
  endfacet
  facet normal -0.45402 0 0.890992
    outer loop
      vertex 22.9708 -73.5 5.00873
      vertex 23.3053 -75 5.17918
      vertex 23.3053 -73.5 5.17918
    endloop
  endfacet
  facet normal -0.45402 0 0.890992
    outer loop
      vertex 23.3053 -75 5.17918
      vertex 22.9708 -73.5 5.00873
      vertex 22.9708 -75 5.00873
    endloop
  endfacet
  facet normal -0.70708 0 0.707133
    outer loop
      vertex 23.3053 -75 5.17918
      vertex 23.5708 -73.5 5.44466
      vertex 23.3053 -73.5 5.17918
    endloop
  endfacet
  facet normal -0.70708 0 0.707133
    outer loop
      vertex 23.5708 -73.5 5.44466
      vertex 23.3053 -75 5.17918
      vertex 23.5708 -75 5.44466
    endloop
  endfacet
  facet normal -0.987702 0 0.156351
    outer loop
      vertex 23.7413 -75 5.77918
      vertex 23.8 -73.5 6.15
      vertex 23.7413 -73.5 5.77918
    endloop
  endfacet
  facet normal -0.987702 0 0.156351
    outer loop
      vertex 23.8 -73.5 6.15
      vertex 23.7413 -75 5.77918
      vertex 23.8 -75 6.15
    endloop
  endfacet
  facet normal -0.890949 0 0.454104
    outer loop
      vertex 23.5708 -75 5.44466
      vertex 23.7413 -73.5 5.77918
      vertex 23.5708 -73.5 5.44466
    endloop
  endfacet
  facet normal -0.890949 0 0.454104
    outer loop
      vertex 23.7413 -73.5 5.77918
      vertex 23.5708 -75 5.44466
      vertex 23.7413 -75 5.77918
    endloop
  endfacet
  facet normal -0.890949 0 -0.454104
    outer loop
      vertex 23.7413 -75 6.52082
      vertex 23.5708 -73.5 6.85534
      vertex 23.7413 -73.5 6.52082
    endloop
  endfacet
  facet normal -0.890949 -0 -0.454104
    outer loop
      vertex 23.5708 -73.5 6.85534
      vertex 23.7413 -75 6.52082
      vertex 23.5708 -75 6.85534
    endloop
  endfacet
  facet normal 0.156437 0 0.987688
    outer loop
      vertex 22.2292 -73.5 5.00873
      vertex 22.6 -75 4.95
      vertex 22.6 -73.5 4.95
    endloop
  endfacet
  facet normal 0.156437 0 0.987688
    outer loop
      vertex 22.6 -75 4.95
      vertex 22.2292 -73.5 5.00873
      vertex 22.2292 -75 5.00873
    endloop
  endfacet
  facet normal -0.195094 -0.980785 0
    outer loop
      vertex -28.7652 -74.603 0.599999
      vertex -27.2706 -74.9003 11.95
      vertex -28.7652 -74.603 11.95
    endloop
  endfacet
  facet normal -0.195094 -0.980785 -0
    outer loop
      vertex -27.2706 -74.9003 11.95
      vertex -28.7652 -74.603 0.599999
      vertex -27.2706 -74.9003 0.599999
    endloop
  endfacet
  facet normal 0.0654257 -0.997857 0
    outer loop
      vertex 25.75 -75 0.599999
      vertex 27.2706 -74.9003 11.95
      vertex 25.75 -75 11.95
    endloop
  endfacet
  facet normal 0.0654257 -0.997857 0
    outer loop
      vertex 27.2706 -74.9003 11.95
      vertex 25.75 -75 0.599999
      vertex 27.2706 -74.9003 0.599999
    endloop
  endfacet
  facet normal -0.659364 0.751824 0
    outer loop
      vertex -32.8421 72.5926 0.599999
      vertex -33.9878 71.5878 11.95
      vertex -32.8421 72.5926 11.95
    endloop
  endfacet
  facet normal -0.659364 0.751824 0
    outer loop
      vertex -33.9878 71.5878 11.95
      vertex -32.8421 72.5926 0.599999
      vertex -33.9878 71.5878 0.599999
    endloop
  endfacet
  facet normal -0.442298 0.896868 0
    outer loop
      vertex -30.2083 74.1132 0.599999
      vertex -31.575 73.4392 11.95
      vertex -30.2083 74.1132 11.95
    endloop
  endfacet
  facet normal -0.442298 0.896868 0
    outer loop
      vertex -31.575 73.4392 11.95
      vertex -30.2083 74.1132 0.599999
      vertex -31.575 73.4392 0.599999
    endloop
  endfacet
  facet normal -0.896868 -0.442298 0
    outer loop
      vertex -35.8392 -69.175 0.599999
      vertex -36.5132 -67.8083 11.95
      vertex -36.5132 -67.8083 0.599999
    endloop
  endfacet
  facet normal -0.896868 -0.442298 0
    outer loop
      vertex -36.5132 -67.8083 11.95
      vertex -35.8392 -69.175 0.599999
      vertex -35.8392 -69.175 11.95
    endloop
  endfacet
  facet normal 0.831485 -0.555548 0
    outer loop
      vertex 34.9926 -70.4421 11.95
      vertex 35.8392 -69.175 0.599999
      vertex 35.8392 -69.175 11.95
    endloop
  endfacet
  facet normal 0.831485 -0.555548 0
    outer loop
      vertex 35.8392 -69.175 0.599999
      vertex 34.9926 -70.4421 11.95
      vertex 34.9926 -70.4421 0.599999
    endloop
  endfacet
  facet normal 0.751824 0.659364 0
    outer loop
      vertex 34.9926 70.4421 11.95
      vertex 33.9878 71.5878 0.599999
      vertex 33.9878 71.5878 11.95
    endloop
  endfacet
  facet normal 0.751824 0.659364 0
    outer loop
      vertex 33.9878 71.5878 0.599999
      vertex 34.9926 70.4421 11.95
      vertex 34.9926 70.4421 0.599999
    endloop
  endfacet
  facet normal 0.555548 -0.831485 0
    outer loop
      vertex 31.575 -73.4392 0.599999
      vertex 32.8421 -72.5926 11.95
      vertex 31.575 -73.4392 11.95
    endloop
  endfacet
  facet normal 0.555548 -0.831485 0
    outer loop
      vertex 32.8421 -72.5926 11.95
      vertex 31.575 -73.4392 0.599999
      vertex 32.8421 -72.5926 0.599999
    endloop
  endfacet
  facet normal -1 0 0
    outer loop
      vertex -37.4 -63.35 0.599999
      vertex -37.4 63.35 11.95
      vertex -37.4 63.35 0.599999
    endloop
  endfacet
  facet normal -1 -0 0
    outer loop
      vertex -37.4 63.35 11.95
      vertex -37.4 -63.35 0.599999
      vertex -37.4 -63.35 11.95
    endloop
  endfacet
  facet normal 0.659364 0.751824 -0
    outer loop
      vertex 33.9878 71.5878 0.599999
      vertex 32.8421 72.5926 11.95
      vertex 33.9878 71.5878 11.95
    endloop
  endfacet
  facet normal 0.659364 0.751824 0
    outer loop
      vertex 32.8421 72.5926 11.95
      vertex 33.9878 71.5878 0.599999
      vertex 32.8421 72.5926 0.599999
    endloop
  endfacet
  facet normal 0.3214 0.946943 -0
    outer loop
      vertex 30.2083 74.1132 0.599999
      vertex 28.7652 74.603 11.95
      vertex 30.2083 74.1132 11.95
    endloop
  endfacet
  facet normal 0.3214 0.946943 0
    outer loop
      vertex 28.7652 74.603 11.95
      vertex 30.2083 74.1132 0.599999
      vertex 28.7652 74.603 0.599999
    endloop
  endfacet
  facet normal 0.751824 -0.659364 0
    outer loop
      vertex 33.9878 -71.5878 11.95
      vertex 34.9926 -70.4421 0.599999
      vertex 34.9926 -70.4421 11.95
    endloop
  endfacet
  facet normal 0.751824 -0.659364 0
    outer loop
      vertex 34.9926 -70.4421 0.599999
      vertex 33.9878 -71.5878 11.95
      vertex 33.9878 -71.5878 0.599999
    endloop
  endfacet
  facet normal -0.751824 0.659364 0
    outer loop
      vertex -34.9926 70.4421 0.599999
      vertex -33.9878 71.5878 11.95
      vertex -33.9878 71.5878 0.599999
    endloop
  endfacet
  facet normal -0.751824 0.659364 0
    outer loop
      vertex -33.9878 71.5878 11.95
      vertex -34.9926 70.4421 0.599999
      vertex -34.9926 70.4421 11.95
    endloop
  endfacet
  facet normal -0.195094 0.980785 0
    outer loop
      vertex -27.2706 74.9003 0.599999
      vertex -28.7652 74.603 11.95
      vertex -27.2706 74.9003 11.95
    endloop
  endfacet
  facet normal -0.195094 0.980785 0
    outer loop
      vertex -28.7652 74.603 11.95
      vertex -27.2706 74.9003 0.599999
      vertex -28.7652 74.603 0.599999
    endloop
  endfacet
  facet normal -0.442298 -0.896868 0
    outer loop
      vertex -31.575 -73.4392 0.599999
      vertex -30.2083 -74.1132 11.95
      vertex -31.575 -73.4392 11.95
    endloop
  endfacet
  facet normal -0.442298 -0.896868 -0
    outer loop
      vertex -30.2083 -74.1132 11.95
      vertex -31.575 -73.4392 0.599999
      vertex -30.2083 -74.1132 0.599999
    endloop
  endfacet
  facet normal -0.0654257 0.997857 0
    outer loop
      vertex -25.75 75 0.599999
      vertex -27.2706 74.9003 11.95
      vertex -25.75 75 11.95
    endloop
  endfacet
  facet normal -0.0654257 0.997857 0
    outer loop
      vertex -27.2706 74.9003 11.95
      vertex -25.75 75 0.599999
      vertex -27.2706 74.9003 0.599999
    endloop
  endfacet
  facet normal -0.0654257 -0.997857 0
    outer loop
      vertex -27.2706 -74.9003 0.599999
      vertex -25.75 -75 11.95
      vertex -27.2706 -74.9003 11.95
    endloop
  endfacet
  facet normal -0.0654257 -0.997857 -0
    outer loop
      vertex -25.75 -75 11.95
      vertex -27.2706 -74.9003 0.599999
      vertex -25.75 -75 0.599999
    endloop
  endfacet
  facet normal 0.442298 -0.896868 0
    outer loop
      vertex 30.2083 -74.1132 0.599999
      vertex 31.575 -73.4392 11.95
      vertex 30.2083 -74.1132 11.95
    endloop
  endfacet
  facet normal 0.442298 -0.896868 0
    outer loop
      vertex 31.575 -73.4392 11.95
      vertex 30.2083 -74.1132 0.599999
      vertex 31.575 -73.4392 0.599999
    endloop
  endfacet
  facet normal -0.831485 -0.555548 0
    outer loop
      vertex -34.9926 -70.4421 0.599999
      vertex -35.8392 -69.175 11.95
      vertex -35.8392 -69.175 0.599999
    endloop
  endfacet
  facet normal -0.831485 -0.555548 0
    outer loop
      vertex -35.8392 -69.175 11.95
      vertex -34.9926 -70.4421 0.599999
      vertex -34.9926 -70.4421 11.95
    endloop
  endfacet
  facet normal 0.946943 -0.3214 0
    outer loop
      vertex 36.5132 -67.8083 11.95
      vertex 37.003 -66.3652 0.599999
      vertex 37.003 -66.3652 11.95
    endloop
  endfacet
  facet normal 0.946943 -0.3214 0
    outer loop
      vertex 37.003 -66.3652 0.599999
      vertex 36.5132 -67.8083 11.95
      vertex 36.5132 -67.8083 0.599999
    endloop
  endfacet
  facet normal 0 -1 0
    outer loop
      vertex 20.1708 -75 6.85534
      vertex 22.595 -75 7.85204
      vertex 19.205 -75 7.85204
    endloop
  endfacet
  facet normal 0 -1 0
    outer loop
      vertex 20.1708 -75 6.85534
      vertex 21.6292 -75 6.85534
      vertex 22.595 -75 7.85204
    endloop
  endfacet
  facet normal 0 -1 0
    outer loop
      vertex 20.3413 -75 6.52082
      vertex 21.6292 -75 6.85534
      vertex 20.1708 -75 6.85534
    endloop
  endfacet
  facet normal 0 -1 0
    outer loop
      vertex 20.3413 -75 6.52082
      vertex 21.4587 -75 6.52082
      vertex 21.6292 -75 6.85534
    endloop
  endfacet
  facet normal 0 -1 0
    outer loop
      vertex 20.4 -75 6.15
      vertex 21.4587 -75 6.52082
      vertex 20.3413 -75 6.52082
    endloop
  endfacet
  facet normal 0 -1 0
    outer loop
      vertex 20.4 -75 6.15
      vertex 21.4 -75 6.15
      vertex 21.4587 -75 6.52082
    endloop
  endfacet
  facet normal 0 -1 0
    outer loop
      vertex 20.3413 -75 5.77918
      vertex 21.4 -75 6.15
      vertex 20.4 -75 6.15
    endloop
  endfacet
  facet normal 0 -1 0
    outer loop
      vertex 20.3413 -75 5.77918
      vertex 21.4587 -75 5.77918
      vertex 21.4 -75 6.15
    endloop
  endfacet
  facet normal 0 -1 0
    outer loop
      vertex 20.1708 -75 5.44466
      vertex 21.4587 -75 5.77918
      vertex 20.3413 -75 5.77918
    endloop
  endfacet
  facet normal 0 -1 0
    outer loop
      vertex 20.1708 -75 5.44466
      vertex 21.6292 -75 5.44466
      vertex 21.4587 -75 5.77918
    endloop
  endfacet
  facet normal 0 -1 0
    outer loop
      vertex 19.9053 -75 5.17918
      vertex 21.6292 -75 5.44466
      vertex 20.1708 -75 5.44466
    endloop
  endfacet
  facet normal 0 -1 0
    outer loop
      vertex 19.9053 -75 5.17918
      vertex 21.8947 -75 5.17918
      vertex 21.6292 -75 5.44466
    endloop
  endfacet
  facet normal 0 -1 0
    outer loop
      vertex 19.5708 -75 5.00873
      vertex 21.8947 -75 5.17918
      vertex 19.9053 -75 5.17918
    endloop
  endfacet
  facet normal 0 -1 0
    outer loop
      vertex 19.5708 -75 5.00873
      vertex 22.2292 -75 5.00873
      vertex 21.8947 -75 5.17918
    endloop
  endfacet
  facet normal 0 -1 0
    outer loop
      vertex 25.75 -75 0.599999
      vertex 19.5708 -75 5.00873
      vertex 19.2 -75 4.95
    endloop
  endfacet
  facet normal 0 -1 0
    outer loop
      vertex 19.5708 -75 5.00873
      vertex 25.75 -75 0.599999
      vertex 22.2292 -75 5.00873
    endloop
  endfacet
  facet normal 0 -1 0
    outer loop
      vertex 16.7708 -75 6.85534
      vertex 19.195 -75 7.85204
      vertex 15.805 -75 7.85204
    endloop
  endfacet
  facet normal 0 -1 0
    outer loop
      vertex 16.7708 -75 6.85534
      vertex 18.2292 -75 6.85534
      vertex 19.195 -75 7.85204
    endloop
  endfacet
  facet normal 0 -1 0
    outer loop
      vertex 16.9413 -75 6.52082
      vertex 18.2292 -75 6.85534
      vertex 16.7708 -75 6.85534
    endloop
  endfacet
  facet normal 0 -1 0
    outer loop
      vertex 16.9413 -75 6.52082
      vertex 18.0587 -75 6.52082
      vertex 18.2292 -75 6.85534
    endloop
  endfacet
  facet normal 0 -1 0
    outer loop
      vertex 17 -75 6.15
      vertex 18.0587 -75 6.52082
      vertex 16.9413 -75 6.52082
    endloop
  endfacet
  facet normal 0 -1 0
    outer loop
      vertex 17 -75 6.15
      vertex 18 -75 6.15
      vertex 18.0587 -75 6.52082
    endloop
  endfacet
  facet normal 0 -1 0
    outer loop
      vertex 16.9413 -75 5.77918
      vertex 18 -75 6.15
      vertex 17 -75 6.15
    endloop
  endfacet
  facet normal 0 -1 0
    outer loop
      vertex 16.9413 -75 5.77918
      vertex 18.0587 -75 5.77918
      vertex 18 -75 6.15
    endloop
  endfacet
  facet normal 0 -1 0
    outer loop
      vertex 16.7708 -75 5.44466
      vertex 18.0587 -75 5.77918
      vertex 16.9413 -75 5.77918
    endloop
  endfacet
  facet normal 0 -1 0
    outer loop
      vertex 16.7708 -75 5.44466
      vertex 18.2292 -75 5.44466
      vertex 18.0587 -75 5.77918
    endloop
  endfacet
  facet normal 0 -1 0
    outer loop
      vertex 16.5053 -75 5.17918
      vertex 18.2292 -75 5.44466
      vertex 16.7708 -75 5.44466
    endloop
  endfacet
  facet normal 0 -1 0
    outer loop
      vertex 16.5053 -75 5.17918
      vertex 18.4947 -75 5.17918
      vertex 18.2292 -75 5.44466
    endloop
  endfacet
  facet normal 0 -1 0
    outer loop
      vertex 16.1708 -75 5.00873
      vertex 18.4947 -75 5.17918
      vertex 16.5053 -75 5.17918
    endloop
  endfacet
  facet normal 0 -1 0
    outer loop
      vertex 16.1708 -75 5.00873
      vertex 18.8292 -75 5.00873
      vertex 18.4947 -75 5.17918
    endloop
  endfacet
  facet normal 0 -1 0
    outer loop
      vertex 15.8 -75 4.95
      vertex 18.8292 -75 5.00873
      vertex 16.1708 -75 5.00873
    endloop
  endfacet
  facet normal 0 -1 -0
    outer loop
      vertex 18.8292 -75 5.00873
      vertex 15.8 -75 4.95
      vertex 19.2 -75 4.95
    endloop
  endfacet
  facet normal 0 -1 0
    outer loop
      vertex 13.3708 -75 6.85534
      vertex 15.795 -75 7.85204
      vertex 12.405 -75 7.85204
    endloop
  endfacet
  facet normal 0 -1 0
    outer loop
      vertex 13.3708 -75 6.85534
      vertex 14.8292 -75 6.85534
      vertex 15.795 -75 7.85204
    endloop
  endfacet
  facet normal 0 -1 0
    outer loop
      vertex 13.5413 -75 6.52082
      vertex 14.8292 -75 6.85534
      vertex 13.3708 -75 6.85534
    endloop
  endfacet
  facet normal 0 -1 0
    outer loop
      vertex 13.5413 -75 6.52082
      vertex 14.6587 -75 6.52082
      vertex 14.8292 -75 6.85534
    endloop
  endfacet
  facet normal 0 -1 0
    outer loop
      vertex 13.6 -75 6.15
      vertex 14.6587 -75 6.52082
      vertex 13.5413 -75 6.52082
    endloop
  endfacet
  facet normal 0 -1 0
    outer loop
      vertex 13.6 -75 6.15
      vertex 14.6 -75 6.15
      vertex 14.6587 -75 6.52082
    endloop
  endfacet
  facet normal 0 -1 0
    outer loop
      vertex 13.5413 -75 5.77918
      vertex 14.6 -75 6.15
      vertex 13.6 -75 6.15
    endloop
  endfacet
  facet normal 0 -1 0
    outer loop
      vertex 13.5413 -75 5.77918
      vertex 14.6587 -75 5.77918
      vertex 14.6 -75 6.15
    endloop
  endfacet
  facet normal 0 -1 0
    outer loop
      vertex 13.3708 -75 5.44466
      vertex 14.6587 -75 5.77918
      vertex 13.5413 -75 5.77918
    endloop
  endfacet
  facet normal 0 -1 0
    outer loop
      vertex 13.3708 -75 5.44466
      vertex 14.8292 -75 5.44466
      vertex 14.6587 -75 5.77918
    endloop
  endfacet
  facet normal 0 -1 0
    outer loop
      vertex 13.1053 -75 5.17918
      vertex 14.8292 -75 5.44466
      vertex 13.3708 -75 5.44466
    endloop
  endfacet
  facet normal 0 -1 0
    outer loop
      vertex 13.1053 -75 5.17918
      vertex 15.0947 -75 5.17918
      vertex 14.8292 -75 5.44466
    endloop
  endfacet
  facet normal 0 -1 0
    outer loop
      vertex 12.7708 -75 5.00873
      vertex 15.0947 -75 5.17918
      vertex 13.1053 -75 5.17918
    endloop
  endfacet
  facet normal 0 -1 0
    outer loop
      vertex 12.7708 -75 5.00873
      vertex 15.4292 -75 5.00873
      vertex 15.0947 -75 5.17918
    endloop
  endfacet
  facet normal 0 -1 0
    outer loop
      vertex 12.4 -75 4.95
      vertex 15.4292 -75 5.00873
      vertex 12.7708 -75 5.00873
    endloop
  endfacet
  facet normal 0 -1 -0
    outer loop
      vertex 15.4292 -75 5.00873
      vertex 12.4 -75 4.95
      vertex 15.8 -75 4.95
    endloop
  endfacet
  facet normal 0 -1 0
    outer loop
      vertex 1.09999 -75 9.14999
      vertex 11.4292 -75 6.85534
      vertex 12.395 -75 7.85204
    endloop
  endfacet
  facet normal 0 -1 0
    outer loop
      vertex 1.09999 -75 9.14999
      vertex 11.2587 -75 6.52082
      vertex 11.4292 -75 6.85534
    endloop
  endfacet
  facet normal 0 -1 0
    outer loop
      vertex 6.5 -75 3.75
      vertex 11.2587 -75 6.52082
      vertex 1.09999 -75 9.14999
    endloop
  endfacet
  facet normal 0 -1 0
    outer loop
      vertex 11.2587 -75 6.52082
      vertex 6.5 -75 3.75
      vertex 11.2 -75 6.15
    endloop
  endfacet
  facet normal 0 -1 -0
    outer loop
      vertex 11.2 -75 6.15
      vertex 6.5 -75 3.75
      vertex 11.2587 -75 5.77918
    endloop
  endfacet
  facet normal 0 -1 -0
    outer loop
      vertex 11.2587 -75 5.77918
      vertex 6.5 -75 3.75
      vertex 11.4292 -75 5.44466
    endloop
  endfacet
  facet normal 0 -1 0
    outer loop
      vertex 6.5 -75 3.14999
      vertex 11.4292 -75 5.44466
      vertex 6.5 -75 3.75
    endloop
  endfacet
  facet normal 0 -1 0
    outer loop
      vertex 6.5 -75 3.14999
      vertex 15.8 -75 4.95
      vertex 12.4 -75 4.95
    endloop
  endfacet
  facet normal 0 -1 0
    outer loop
      vertex 15.8 -75 4.95
      vertex 25.75 -75 0.599999
      vertex 19.2 -75 4.95
    endloop
  endfacet
  facet normal 0 -1 -0
    outer loop
      vertex 12.0292 -75 5.00873
      vertex 6.5 -75 3.14999
      vertex 12.4 -75 4.95
    endloop
  endfacet
  facet normal 0 -1 -0
    outer loop
      vertex 11.6947 -75 5.17918
      vertex 6.5 -75 3.14999
      vertex 12.0292 -75 5.00873
    endloop
  endfacet
  facet normal 0 -1 -0
    outer loop
      vertex 11.4292 -75 5.44466
      vertex 6.5 -75 3.14999
      vertex 11.6947 -75 5.17918
    endloop
  endfacet
  facet normal 0 -1 0
    outer loop
      vertex -14.8292 -75 6.85534
      vertex -12.405 -75 7.85204
      vertex -15.795 -75 7.85204
    endloop
  endfacet
  facet normal 0 -1 0
    outer loop
      vertex -14.8292 -75 6.85534
      vertex -13.3708 -75 6.85534
      vertex -12.405 -75 7.85204
    endloop
  endfacet
  facet normal 0 -1 0
    outer loop
      vertex -14.6587 -75 6.52082
      vertex -13.3708 -75 6.85534
      vertex -14.8292 -75 6.85534
    endloop
  endfacet
  facet normal 0 -1 0
    outer loop
      vertex -14.6587 -75 6.52082
      vertex -13.5413 -75 6.52082
      vertex -13.3708 -75 6.85534
    endloop
  endfacet
  facet normal 0 -1 0
    outer loop
      vertex -14.6 -75 6.15
      vertex -13.5413 -75 6.52082
      vertex -14.6587 -75 6.52082
    endloop
  endfacet
  facet normal 0 -1 0
    outer loop
      vertex -14.6 -75 6.15
      vertex -13.6 -75 6.15
      vertex -13.5413 -75 6.52082
    endloop
  endfacet
  facet normal 0 -1 0
    outer loop
      vertex -14.6587 -75 5.77918
      vertex -13.6 -75 6.15
      vertex -14.6 -75 6.15
    endloop
  endfacet
  facet normal 0 -1 0
    outer loop
      vertex -14.6587 -75 5.77918
      vertex -13.5413 -75 5.77918
      vertex -13.6 -75 6.15
    endloop
  endfacet
  facet normal 0 -1 0
    outer loop
      vertex -14.8292 -75 5.44466
      vertex -13.5413 -75 5.77918
      vertex -14.6587 -75 5.77918
    endloop
  endfacet
  facet normal 0 -1 0
    outer loop
      vertex -14.8292 -75 5.44466
      vertex -13.3708 -75 5.44466
      vertex -13.5413 -75 5.77918
    endloop
  endfacet
  facet normal 0 -1 0
    outer loop
      vertex -15.0947 -75 5.17918
      vertex -13.3708 -75 5.44466
      vertex -14.8292 -75 5.44466
    endloop
  endfacet
  facet normal 0 -1 0
    outer loop
      vertex -15.0947 -75 5.17918
      vertex -13.1053 -75 5.17918
      vertex -13.3708 -75 5.44466
    endloop
  endfacet
  facet normal 0 -1 0
    outer loop
      vertex -15.4292 -75 5.00873
      vertex -13.1053 -75 5.17918
      vertex -15.0947 -75 5.17918
    endloop
  endfacet
  facet normal 0 -1 0
    outer loop
      vertex -15.4292 -75 5.00873
      vertex -12.7708 -75 5.00873
      vertex -13.1053 -75 5.17918
    endloop
  endfacet
  facet normal 0 -1 0
    outer loop
      vertex -15.8 -75 4.95
      vertex -12.7708 -75 5.00873
      vertex -15.4292 -75 5.00873
    endloop
  endfacet
  facet normal 0 -1 -0
    outer loop
      vertex -12.7708 -75 5.00873
      vertex -15.8 -75 4.95
      vertex -12.4 -75 4.95
    endloop
  endfacet
  facet normal 0 -1 0
    outer loop
      vertex -18.2292 -75 6.85534
      vertex -15.805 -75 7.85204
      vertex -19.195 -75 7.85204
    endloop
  endfacet
  facet normal 0 -1 0
    outer loop
      vertex -18.2292 -75 6.85534
      vertex -16.7708 -75 6.85534
      vertex -15.805 -75 7.85204
    endloop
  endfacet
  facet normal 0 -1 0
    outer loop
      vertex -18.0587 -75 6.52082
      vertex -16.7708 -75 6.85534
      vertex -18.2292 -75 6.85534
    endloop
  endfacet
  facet normal 0 -1 0
    outer loop
      vertex -18.0587 -75 6.52082
      vertex -16.9413 -75 6.52082
      vertex -16.7708 -75 6.85534
    endloop
  endfacet
  facet normal 0 -1 0
    outer loop
      vertex -18 -75 6.15
      vertex -16.9413 -75 6.52082
      vertex -18.0587 -75 6.52082
    endloop
  endfacet
  facet normal 0 -1 0
    outer loop
      vertex -18 -75 6.15
      vertex -17 -75 6.15
      vertex -16.9413 -75 6.52082
    endloop
  endfacet
  facet normal 0 -1 0
    outer loop
      vertex -18.0587 -75 5.77918
      vertex -17 -75 6.15
      vertex -18 -75 6.15
    endloop
  endfacet
  facet normal 0 -1 0
    outer loop
      vertex -18.0587 -75 5.77918
      vertex -16.9413 -75 5.77918
      vertex -17 -75 6.15
    endloop
  endfacet
  facet normal 0 -1 0
    outer loop
      vertex -18.2292 -75 5.44466
      vertex -16.9413 -75 5.77918
      vertex -18.0587 -75 5.77918
    endloop
  endfacet
  facet normal 0 -1 0
    outer loop
      vertex -18.2292 -75 5.44466
      vertex -16.7708 -75 5.44466
      vertex -16.9413 -75 5.77918
    endloop
  endfacet
  facet normal 0 -1 0
    outer loop
      vertex -18.4947 -75 5.17918
      vertex -16.7708 -75 5.44466
      vertex -18.2292 -75 5.44466
    endloop
  endfacet
  facet normal 0 -1 0
    outer loop
      vertex -18.4947 -75 5.17918
      vertex -16.5053 -75 5.17918
      vertex -16.7708 -75 5.44466
    endloop
  endfacet
  facet normal 0 -1 0
    outer loop
      vertex -18.8292 -75 5.00873
      vertex -16.5053 -75 5.17918
      vertex -18.4947 -75 5.17918
    endloop
  endfacet
  facet normal 0 -1 0
    outer loop
      vertex -18.8292 -75 5.00873
      vertex -16.1708 -75 5.00873
      vertex -16.5053 -75 5.17918
    endloop
  endfacet
  facet normal 0 -1 0
    outer loop
      vertex -19.2 -75 4.95
      vertex -16.1708 -75 5.00873
      vertex -18.8292 -75 5.00873
    endloop
  endfacet
  facet normal 0 -1 -0
    outer loop
      vertex -16.1708 -75 5.00873
      vertex -19.2 -75 4.95
      vertex -15.8 -75 4.95
    endloop
  endfacet
  facet normal 0 -1 0
    outer loop
      vertex -21.6292 -75 6.85534
      vertex -19.205 -75 7.85204
      vertex -22.595 -75 7.85204
    endloop
  endfacet
  facet normal 0 -1 0
    outer loop
      vertex -21.6292 -75 6.85534
      vertex -20.1708 -75 6.85534
      vertex -19.205 -75 7.85204
    endloop
  endfacet
  facet normal 0 -1 0
    outer loop
      vertex -21.4587 -75 6.52082
      vertex -20.1708 -75 6.85534
      vertex -21.6292 -75 6.85534
    endloop
  endfacet
  facet normal 0 -1 0
    outer loop
      vertex -21.4587 -75 6.52082
      vertex -20.3413 -75 6.52082
      vertex -20.1708 -75 6.85534
    endloop
  endfacet
  facet normal 0 -1 0
    outer loop
      vertex -21.4 -75 6.15
      vertex -20.3413 -75 6.52082
      vertex -21.4587 -75 6.52082
    endloop
  endfacet
  facet normal 0 -1 0
    outer loop
      vertex -21.4 -75 6.15
      vertex -20.4 -75 6.15
      vertex -20.3413 -75 6.52082
    endloop
  endfacet
  facet normal 0 -1 0
    outer loop
      vertex -21.4587 -75 5.77918
      vertex -20.4 -75 6.15
      vertex -21.4 -75 6.15
    endloop
  endfacet
  facet normal 0 -1 0
    outer loop
      vertex -21.4587 -75 5.77918
      vertex -20.3413 -75 5.77918
      vertex -20.4 -75 6.15
    endloop
  endfacet
  facet normal 0 -1 0
    outer loop
      vertex -21.6292 -75 5.44466
      vertex -20.3413 -75 5.77918
      vertex -21.4587 -75 5.77918
    endloop
  endfacet
  facet normal 0 -1 0
    outer loop
      vertex -21.6292 -75 5.44466
      vertex -20.1708 -75 5.44466
      vertex -20.3413 -75 5.77918
    endloop
  endfacet
  facet normal 0 -1 0
    outer loop
      vertex -21.8947 -75 5.17918
      vertex -20.1708 -75 5.44466
      vertex -21.6292 -75 5.44466
    endloop
  endfacet
  facet normal 0 -1 0
    outer loop
      vertex -21.8947 -75 5.17918
      vertex -19.9053 -75 5.17918
      vertex -20.1708 -75 5.44466
    endloop
  endfacet
  facet normal 0 -1 0
    outer loop
      vertex -22.2292 -75 5.00873
      vertex -19.9053 -75 5.17918
      vertex -21.8947 -75 5.17918
    endloop
  endfacet
  facet normal 0 -1 0
    outer loop
      vertex -22.2292 -75 5.00873
      vertex -19.5708 -75 5.00873
      vertex -19.9053 -75 5.17918
    endloop
  endfacet
  facet normal 0 -1 0
    outer loop
      vertex -25.75 -75 0.599999
      vertex -22.2292 -75 5.00873
      vertex -22.6 -75 4.95
    endloop
  endfacet
  facet normal 0 -1 -0
    outer loop
      vertex -22.2292 -75 5.00873
      vertex -25.75 -75 0.599999
      vertex -19.5708 -75 5.00873
    endloop
  endfacet
  facet normal 0 -1 0
    outer loop
      vertex -25.75 -75 11.95
      vertex -1.09999 -75 9.14999
      vertex 25.75 -75 11.95
    endloop
  endfacet
  facet normal 0 -1 0
    outer loop
      vertex -22.595 -75 7.85204
      vertex -25.75 -75 11.95
      vertex -22.605 -75 7.85204
    endloop
  endfacet
  facet normal 0 -1 0
    outer loop
      vertex -25.75 -75 11.95
      vertex -23.5708 -75 6.85534
      vertex -22.605 -75 7.85204
    endloop
  endfacet
  facet normal 0 -1 0
    outer loop
      vertex -25.75 -75 11.95
      vertex -23.7413 -75 6.52082
      vertex -23.5708 -75 6.85534
    endloop
  endfacet
  facet normal 0 -1 0
    outer loop
      vertex -25.75 -75 11.95
      vertex -23.8 -75 6.15
      vertex -23.7413 -75 6.52082
    endloop
  endfacet
  facet normal 0 -1 0
    outer loop
      vertex -25.75 -75 0.599999
      vertex -23.8 -75 6.15
      vertex -25.75 -75 11.95
    endloop
  endfacet
  facet normal 0 -1 -0
    outer loop
      vertex -19.5708 -75 5.00873
      vertex -25.75 -75 0.599999
      vertex -19.2 -75 4.95
    endloop
  endfacet
  facet normal 0 -1 -0
    outer loop
      vertex -19.2 -75 4.95
      vertex -25.75 -75 0.599999
      vertex -15.8 -75 4.95
    endloop
  endfacet
  facet normal -0 -1 0
    outer loop
      vertex -6.5 -75 3.14999
      vertex -15.8 -75 4.95
      vertex -25.75 -75 0.599999
    endloop
  endfacet
  facet normal 0 -1 0
    outer loop
      vertex -12.4 -75 4.95
      vertex -6.5 -75 3.14999
      vertex -6.5 -75 3.75
    endloop
  endfacet
  facet normal 0 -1 -0
    outer loop
      vertex -6.5 -75 3.14999
      vertex -25.75 -75 0.599999
      vertex 6.5 -75 3.14999
    endloop
  endfacet
  facet normal 0 -1 0
    outer loop
      vertex -15.8 -75 4.95
      vertex -6.5 -75 3.14999
      vertex -12.4 -75 4.95
    endloop
  endfacet
  facet normal 0 -1 -0
    outer loop
      vertex -22.9708 -75 5.00873
      vertex -25.75 -75 0.599999
      vertex -22.6 -75 4.95
    endloop
  endfacet
  facet normal 0 -1 -0
    outer loop
      vertex -23.3053 -75 5.17918
      vertex -25.75 -75 0.599999
      vertex -22.9708 -75 5.00873
    endloop
  endfacet
  facet normal 0 -1 -0
    outer loop
      vertex -23.5708 -75 5.44466
      vertex -25.75 -75 0.599999
      vertex -23.3053 -75 5.17918
    endloop
  endfacet
  facet normal 0 -1 -0
    outer loop
      vertex -23.7413 -75 5.77918
      vertex -25.75 -75 0.599999
      vertex -23.5708 -75 5.44466
    endloop
  endfacet
  facet normal 0 -1 -0
    outer loop
      vertex -23.8 -75 6.15
      vertex -25.75 -75 0.599999
      vertex -23.7413 -75 5.77918
    endloop
  endfacet
  facet normal 0 -1 0
    outer loop
      vertex 1.09999 -75 9.14999
      vertex 25.75 -75 11.95
      vertex -1.09999 -75 9.14999
    endloop
  endfacet
  facet normal 0 -1 0
    outer loop
      vertex 12.395 -75 7.85204
      vertex 25.75 -75 11.95
      vertex 1.09999 -75 9.14999
    endloop
  endfacet
  facet normal 0 -1 0
    outer loop
      vertex 12.405 -75 7.85204
      vertex 25.75 -75 11.95
      vertex 12.395 -75 7.85204
    endloop
  endfacet
  facet normal 0 -1 0
    outer loop
      vertex 15.795 -75 7.85204
      vertex 25.75 -75 11.95
      vertex 12.405 -75 7.85204
    endloop
  endfacet
  facet normal 0 -1 0
    outer loop
      vertex 15.805 -75 7.85204
      vertex 25.75 -75 11.95
      vertex 15.795 -75 7.85204
    endloop
  endfacet
  facet normal 0 -1 0
    outer loop
      vertex 19.195 -75 7.85204
      vertex 25.75 -75 11.95
      vertex 15.805 -75 7.85204
    endloop
  endfacet
  facet normal 0 -1 0
    outer loop
      vertex 19.205 -75 7.85204
      vertex 25.75 -75 11.95
      vertex 19.195 -75 7.85204
    endloop
  endfacet
  facet normal 0 -1 0
    outer loop
      vertex 22.595 -75 7.85204
      vertex 25.75 -75 11.95
      vertex 19.205 -75 7.85204
    endloop
  endfacet
  facet normal 0 -1 0
    outer loop
      vertex 22.605 -75 7.85204
      vertex 25.75 -75 11.95
      vertex 22.595 -75 7.85204
    endloop
  endfacet
  facet normal 0 -1 0
    outer loop
      vertex 23.5708 -75 6.85534
      vertex 25.75 -75 11.95
      vertex 22.605 -75 7.85204
    endloop
  endfacet
  facet normal 0 -1 0
    outer loop
      vertex 23.7413 -75 6.52082
      vertex 25.75 -75 11.95
      vertex 23.5708 -75 6.85534
    endloop
  endfacet
  facet normal 0 -1 0
    outer loop
      vertex 23.8 -75 6.15
      vertex 25.75 -75 11.95
      vertex 23.7413 -75 6.52082
    endloop
  endfacet
  facet normal 0 -1 0
    outer loop
      vertex 25.75 -75 0.599999
      vertex 23.8 -75 6.15
      vertex 23.7413 -75 5.77918
    endloop
  endfacet
  facet normal 0 -1 -0
    outer loop
      vertex 15.8 -75 4.95
      vertex 6.5 -75 3.14999
      vertex 25.75 -75 0.599999
    endloop
  endfacet
  facet normal 0 -1 0
    outer loop
      vertex 23.8 -75 6.15
      vertex 25.75 -75 0.599999
      vertex 25.75 -75 11.95
    endloop
  endfacet
  facet normal 0 -1 0
    outer loop
      vertex 23.5708 -75 5.44466
      vertex 25.75 -75 0.599999
      vertex 23.7413 -75 5.77918
    endloop
  endfacet
  facet normal 0 -1 0
    outer loop
      vertex 23.3053 -75 5.17918
      vertex 25.75 -75 0.599999
      vertex 23.5708 -75 5.44466
    endloop
  endfacet
  facet normal 0 -1 0
    outer loop
      vertex 22.9708 -75 5.00873
      vertex 25.75 -75 0.599999
      vertex 23.3053 -75 5.17918
    endloop
  endfacet
  facet normal 0 -1 0
    outer loop
      vertex 22.6 -75 4.95
      vertex 25.75 -75 0.599999
      vertex 22.9708 -75 5.00873
    endloop
  endfacet
  facet normal 0 -1 0
    outer loop
      vertex 22.2292 -75 5.00873
      vertex 25.75 -75 0.599999
      vertex 22.6 -75 4.95
    endloop
  endfacet
  facet normal 0 -1 0
    outer loop
      vertex 25.75 -75 0.599999
      vertex 6.5 -75 3.14999
      vertex -25.75 -75 0.599999
    endloop
  endfacet
  facet normal 0 -1 0
    outer loop
      vertex -19.205 -75 7.85204
      vertex -25.75 -75 11.95
      vertex -22.595 -75 7.85204
    endloop
  endfacet
  facet normal 0 -1 0
    outer loop
      vertex -19.195 -75 7.85204
      vertex -25.75 -75 11.95
      vertex -19.205 -75 7.85204
    endloop
  endfacet
  facet normal 0 -1 0
    outer loop
      vertex -15.805 -75 7.85204
      vertex -25.75 -75 11.95
      vertex -19.195 -75 7.85204
    endloop
  endfacet
  facet normal 0 -1 0
    outer loop
      vertex -15.795 -75 7.85204
      vertex -25.75 -75 11.95
      vertex -15.805 -75 7.85204
    endloop
  endfacet
  facet normal 0 -1 0
    outer loop
      vertex -12.405 -75 7.85204
      vertex -25.75 -75 11.95
      vertex -15.795 -75 7.85204
    endloop
  endfacet
  facet normal 0 -1 0
    outer loop
      vertex -12.395 -75 7.85204
      vertex -25.75 -75 11.95
      vertex -12.405 -75 7.85204
    endloop
  endfacet
  facet normal 0 -1 0
    outer loop
      vertex -25.75 -75 11.95
      vertex -12.395 -75 7.85204
      vertex -1.09999 -75 9.14999
    endloop
  endfacet
  facet normal 0 -1 0
    outer loop
      vertex -11.4292 -75 6.85534
      vertex -1.09999 -75 9.14999
      vertex -12.395 -75 7.85204
    endloop
  endfacet
  facet normal 0 -1 0
    outer loop
      vertex -11.2587 -75 6.52082
      vertex -1.09999 -75 9.14999
      vertex -11.4292 -75 6.85534
    endloop
  endfacet
  facet normal 0 -1 0
    outer loop
      vertex -6.5 -75 3.75
      vertex -11.2587 -75 6.52082
      vertex -11.2 -75 6.15
    endloop
  endfacet
  facet normal 0 -1 0
    outer loop
      vertex -6.5 -75 3.75
      vertex -11.2 -75 6.15
      vertex -11.2587 -75 5.77918
    endloop
  endfacet
  facet normal 0 -1 0
    outer loop
      vertex -6.5 -75 3.75
      vertex -11.2587 -75 5.77918
      vertex -11.4292 -75 5.44466
    endloop
  endfacet
  facet normal 0 -1 0
    outer loop
      vertex -6.5 -75 3.75
      vertex -11.4292 -75 5.44466
      vertex -11.6947 -75 5.17918
    endloop
  endfacet
  facet normal 0 -1 0
    outer loop
      vertex -6.5 -75 3.75
      vertex -11.6947 -75 5.17918
      vertex -12.0292 -75 5.00873
    endloop
  endfacet
  facet normal 0 -1 0
    outer loop
      vertex -11.2587 -75 6.52082
      vertex -6.5 -75 3.75
      vertex -1.09999 -75 9.14999
    endloop
  endfacet
  facet normal 0 -1 0
    outer loop
      vertex -6.5 -75 3.75
      vertex -12.0292 -75 5.00873
      vertex -12.4 -75 4.95
    endloop
  endfacet
  facet normal -0.659364 -0.751824 0
    outer loop
      vertex -33.9878 -71.5878 0.599999
      vertex -32.8421 -72.5926 11.95
      vertex -33.9878 -71.5878 11.95
    endloop
  endfacet
  facet normal -0.659364 -0.751824 -0
    outer loop
      vertex -32.8421 -72.5926 11.95
      vertex -33.9878 -71.5878 0.599999
      vertex -32.8421 -72.5926 0.599999
    endloop
  endfacet
  facet normal 0 1 -0
    outer loop
      vertex 25.75 75 0.599999
      vertex -25.75 75 11.95
      vertex 25.75 75 11.95
    endloop
  endfacet
  facet normal 0 1 0
    outer loop
      vertex -25.75 75 11.95
      vertex 25.75 75 0.599999
      vertex -25.75 75 0.599999
    endloop
  endfacet
  facet normal -0.997857 -0.0654257 0
    outer loop
      vertex -37.3003 -64.8706 0.599999
      vertex -37.4 -63.35 11.95
      vertex -37.4 -63.35 0.599999
    endloop
  endfacet
  facet normal -0.997857 -0.0654257 0
    outer loop
      vertex -37.4 -63.35 11.95
      vertex -37.3003 -64.8706 0.599999
      vertex -37.3003 -64.8706 11.95
    endloop
  endfacet
  facet normal -0.980785 0.195094 0
    outer loop
      vertex -37.3003 64.8706 0.599999
      vertex -37.003 66.3652 11.95
      vertex -37.003 66.3652 0.599999
    endloop
  endfacet
  facet normal -0.980785 0.195094 0
    outer loop
      vertex -37.003 66.3652 11.95
      vertex -37.3003 64.8706 0.599999
      vertex -37.3003 64.8706 11.95
    endloop
  endfacet
  facet normal 0.997857 -0.0654257 0
    outer loop
      vertex 37.3003 -64.8706 11.95
      vertex 37.4 -63.35 0.599999
      vertex 37.4 -63.35 11.95
    endloop
  endfacet
  facet normal 0.997857 -0.0654257 0
    outer loop
      vertex 37.4 -63.35 0.599999
      vertex 37.3003 -64.8706 11.95
      vertex 37.3003 -64.8706 0.599999
    endloop
  endfacet
  facet normal 1 -0 0
    outer loop
      vertex 37.4 -63.35 11.95
      vertex 37.4 63.35 0.599999
      vertex 37.4 63.35 11.95
    endloop
  endfacet
  facet normal 1 0 0
    outer loop
      vertex 37.4 63.35 0.599999
      vertex 37.4 -63.35 11.95
      vertex 37.4 -63.35 0.599999
    endloop
  endfacet
  facet normal -0.751824 -0.659364 0
    outer loop
      vertex -33.9878 -71.5878 0.599999
      vertex -34.9926 -70.4421 11.95
      vertex -34.9926 -70.4421 0.599999
    endloop
  endfacet
  facet normal -0.751824 -0.659364 0
    outer loop
      vertex -34.9926 -70.4421 11.95
      vertex -33.9878 -71.5878 0.599999
      vertex -33.9878 -71.5878 11.95
    endloop
  endfacet
  facet normal -0.997857 0.0654257 0
    outer loop
      vertex -37.4 63.35 0.599999
      vertex -37.3003 64.8706 11.95
      vertex -37.3003 64.8706 0.599999
    endloop
  endfacet
  facet normal -0.997857 0.0654257 0
    outer loop
      vertex -37.3003 64.8706 11.95
      vertex -37.4 63.35 0.599999
      vertex -37.4 63.35 11.95
    endloop
  endfacet
  facet normal -0.946943 0.3214 0
    outer loop
      vertex -37.003 66.3652 0.599999
      vertex -36.5132 67.8083 11.95
      vertex -36.5132 67.8083 0.599999
    endloop
  endfacet
  facet normal -0.946943 0.3214 0
    outer loop
      vertex -36.5132 67.8083 11.95
      vertex -37.003 66.3652 0.599999
      vertex -37.003 66.3652 11.95
    endloop
  endfacet
  facet normal 0.980785 -0.195094 0
    outer loop
      vertex 37.003 -66.3652 11.95
      vertex 37.3003 -64.8706 0.599999
      vertex 37.3003 -64.8706 11.95
    endloop
  endfacet
  facet normal 0.980785 -0.195094 0
    outer loop
      vertex 37.3003 -64.8706 0.599999
      vertex 37.003 -66.3652 11.95
      vertex 37.003 -66.3652 0.599999
    endloop
  endfacet
  facet normal 0 0 1
    outer loop
      vertex 34.75 63.35 11.95
      vertex 37.4 63.35 11.95
      vertex 37.3003 64.8706 11.95
    endloop
  endfacet
  facet normal 0 0 1
    outer loop
      vertex 37.4 63.35 11.95
      vertex 34.75 63.35 11.95
      vertex 37.4 -63.35 11.95
    endloop
  endfacet
  facet normal 0 0 1
    outer loop
      vertex 34.673 64.5247 11.95
      vertex 37.3003 64.8706 11.95
      vertex 37.003 66.3652 11.95
    endloop
  endfacet
  facet normal 0 0 1
    outer loop
      vertex 34.75 -63.35 11.95
      vertex 37.4 -63.35 11.95
      vertex 34.75 63.35 11.95
    endloop
  endfacet
  facet normal 0 0 1
    outer loop
      vertex 34.4433 65.6794 11.95
      vertex 37.003 66.3652 11.95
      vertex 36.5132 67.8083 11.95
    endloop
  endfacet
  facet normal 0 0 1
    outer loop
      vertex 37.4 -63.35 11.95
      vertex 34.75 -63.35 11.95
      vertex 37.3003 -64.8706 11.95
    endloop
  endfacet
  facet normal 0 0 1
    outer loop
      vertex 34.0649 66.7941 11.95
      vertex 36.5132 67.8083 11.95
      vertex 35.8392 69.175 11.95
    endloop
  endfacet
  facet normal -0 0 1
    outer loop
      vertex 34.673 -64.5247 11.95
      vertex 37.3003 -64.8706 11.95
      vertex 34.75 -63.35 11.95
    endloop
  endfacet
  facet normal 0 0 1
    outer loop
      vertex 33.5442 67.85 11.95
      vertex 35.8392 69.175 11.95
      vertex 34.9926 70.4421 11.95
    endloop
  endfacet
  facet normal 0 0 1
    outer loop
      vertex 37.3003 -64.8706 11.95
      vertex 34.673 -64.5247 11.95
      vertex 37.003 -66.3652 11.95
    endloop
  endfacet
  facet normal -0 0 1
    outer loop
      vertex 34.4433 -65.6794 11.95
      vertex 37.003 -66.3652 11.95
      vertex 34.673 -64.5247 11.95
    endloop
  endfacet
  facet normal 0 0 1
    outer loop
      vertex 37.3003 64.8706 11.95
      vertex 34.673 64.5247 11.95
      vertex 34.75 63.35 11.95
    endloop
  endfacet
  facet normal 0 0 1
    outer loop
      vertex 37.003 66.3652 11.95
      vertex 34.4433 65.6794 11.95
      vertex 34.673 64.5247 11.95
    endloop
  endfacet
  facet normal 0 0 1
    outer loop
      vertex 36.5132 67.8083 11.95
      vertex 34.0649 66.7941 11.95
      vertex 34.4433 65.6794 11.95
    endloop
  endfacet
  facet normal 0 0 1
    outer loop
      vertex 32.8902 68.8288 11.95
      vertex 34.9926 70.4421 11.95
      vertex 33.9878 71.5878 11.95
    endloop
  endfacet
  facet normal 0 0 1
    outer loop
      vertex 35.8392 69.175 11.95
      vertex 33.5442 67.85 11.95
      vertex 34.0649 66.7941 11.95
    endloop
  endfacet
  facet normal 0 0 1
    outer loop
      vertex 34.9926 70.4421 11.95
      vertex 32.8902 68.8288 11.95
      vertex 33.5442 67.85 11.95
    endloop
  endfacet
  facet normal 0 0 1
    outer loop
      vertex 32.114 69.714 11.95
      vertex 33.9878 71.5878 11.95
      vertex 32.8421 72.5926 11.95
    endloop
  endfacet
  facet normal 0 0 1
    outer loop
      vertex 33.9878 71.5878 11.95
      vertex 32.114 69.714 11.95
      vertex 32.8902 68.8288 11.95
    endloop
  endfacet
  facet normal 0 0 1
    outer loop
      vertex 31.2289 70.4902 11.95
      vertex 32.8421 72.5926 11.95
      vertex 31.575 73.4392 11.95
    endloop
  endfacet
  facet normal 0 0 1
    outer loop
      vertex 32.8421 72.5926 11.95
      vertex 31.2289 70.4902 11.95
      vertex 32.114 69.714 11.95
    endloop
  endfacet
  facet normal 0 0 1
    outer loop
      vertex 31.575 73.4392 11.95
      vertex 30.25 71.1442 11.95
      vertex 31.2289 70.4902 11.95
    endloop
  endfacet
  facet normal 0 0 1
    outer loop
      vertex 30.2083 74.1132 11.95
      vertex 30.25 71.1442 11.95
      vertex 31.575 73.4392 11.95
    endloop
  endfacet
  facet normal 0 0 1
    outer loop
      vertex 30.2083 74.1132 11.95
      vertex 29.1942 71.6649 11.95
      vertex 30.25 71.1442 11.95
    endloop
  endfacet
  facet normal 0 0 1
    outer loop
      vertex 28.7652 74.603 11.95
      vertex 29.1942 71.6649 11.95
      vertex 30.2083 74.1132 11.95
    endloop
  endfacet
  facet normal 0 0 1
    outer loop
      vertex 28.7652 74.603 11.95
      vertex 28.0794 72.0433 11.95
      vertex 29.1942 71.6649 11.95
    endloop
  endfacet
  facet normal 0 0 1
    outer loop
      vertex 27.2706 74.9003 11.95
      vertex 28.0794 72.0433 11.95
      vertex 28.7652 74.603 11.95
    endloop
  endfacet
  facet normal 0 0 1
    outer loop
      vertex 27.2706 74.9003 11.95
      vertex 26.9247 72.273 11.95
      vertex 28.0794 72.0433 11.95
    endloop
  endfacet
  facet normal 0 0 1
    outer loop
      vertex 25.75 75 11.95
      vertex 26.9247 72.273 11.95
      vertex 27.2706 74.9003 11.95
    endloop
  endfacet
  facet normal 0 0 1
    outer loop
      vertex 25.75 75 11.95
      vertex 25.75 72.35 11.95
      vertex 26.9247 72.273 11.95
    endloop
  endfacet
  facet normal -0 0 1
    outer loop
      vertex -25.75 75 11.95
      vertex 25.75 72.35 11.95
      vertex 25.75 75 11.95
    endloop
  endfacet
  facet normal 0 0 1
    outer loop
      vertex -25.75 75 11.95
      vertex -25.75 72.35 11.95
      vertex 25.75 72.35 11.95
    endloop
  endfacet
  facet normal 0 0 1
    outer loop
      vertex -25.75 75 11.95
      vertex -26.9247 72.273 11.95
      vertex -25.75 72.35 11.95
    endloop
  endfacet
  facet normal -0 0 1
    outer loop
      vertex -27.2706 74.9003 11.95
      vertex -26.9247 72.273 11.95
      vertex -25.75 75 11.95
    endloop
  endfacet
  facet normal 0 0 1
    outer loop
      vertex -27.2706 74.9003 11.95
      vertex -28.0794 72.0433 11.95
      vertex -26.9247 72.273 11.95
    endloop
  endfacet
  facet normal -0 0 1
    outer loop
      vertex -28.7652 74.603 11.95
      vertex -28.0794 72.0433 11.95
      vertex -27.2706 74.9003 11.95
    endloop
  endfacet
  facet normal 0 0 1
    outer loop
      vertex -28.7652 74.603 11.95
      vertex -29.1942 71.6649 11.95
      vertex -28.0794 72.0433 11.95
    endloop
  endfacet
  facet normal -0 0 1
    outer loop
      vertex -30.2083 74.1132 11.95
      vertex -29.1942 71.6649 11.95
      vertex -28.7652 74.603 11.95
    endloop
  endfacet
  facet normal 0 0 1
    outer loop
      vertex -30.2083 74.1132 11.95
      vertex -30.25 71.1442 11.95
      vertex -29.1942 71.6649 11.95
    endloop
  endfacet
  facet normal -0 0 1
    outer loop
      vertex -31.575 73.4392 11.95
      vertex -30.25 71.1442 11.95
      vertex -30.2083 74.1132 11.95
    endloop
  endfacet
  facet normal 0 0 1
    outer loop
      vertex -30.25 71.1442 11.95
      vertex -31.575 73.4392 11.95
      vertex -31.2289 70.4902 11.95
    endloop
  endfacet
  facet normal -0 0 1
    outer loop
      vertex -32.8421 72.5926 11.95
      vertex -31.2289 70.4902 11.95
      vertex -31.575 73.4392 11.95
    endloop
  endfacet
  facet normal 0 0 1
    outer loop
      vertex -31.2289 70.4902 11.95
      vertex -32.8421 72.5926 11.95
      vertex -32.114 69.714 11.95
    endloop
  endfacet
  facet normal -0 0 1
    outer loop
      vertex -33.9878 71.5878 11.95
      vertex -32.114 69.714 11.95
      vertex -32.8421 72.5926 11.95
    endloop
  endfacet
  facet normal 0 0 1
    outer loop
      vertex -32.114 69.714 11.95
      vertex -33.9878 71.5878 11.95
      vertex -32.8902 68.8288 11.95
    endloop
  endfacet
  facet normal -0 0 1
    outer loop
      vertex -34.9926 70.4421 11.95
      vertex -32.8902 68.8288 11.95
      vertex -33.9878 71.5878 11.95
    endloop
  endfacet
  facet normal 0 0 1
    outer loop
      vertex -32.8902 68.8288 11.95
      vertex -34.9926 70.4421 11.95
      vertex -33.5442 67.85 11.95
    endloop
  endfacet
  facet normal -0 0 1
    outer loop
      vertex -35.8392 69.175 11.95
      vertex -33.5442 67.85 11.95
      vertex -34.9926 70.4421 11.95
    endloop
  endfacet
  facet normal 0 0 1
    outer loop
      vertex -33.5442 67.85 11.95
      vertex -35.8392 69.175 11.95
      vertex -34.0649 66.7941 11.95
    endloop
  endfacet
  facet normal -0 0 1
    outer loop
      vertex -37.003 66.3652 11.95
      vertex -34.4433 65.6794 11.95
      vertex -36.5132 67.8083 11.95
    endloop
  endfacet
  facet normal 0 0 1
    outer loop
      vertex -34.0649 66.7941 11.95
      vertex -36.5132 67.8083 11.95
      vertex -34.4433 65.6794 11.95
    endloop
  endfacet
  facet normal -0 0 1
    outer loop
      vertex -36.5132 67.8083 11.95
      vertex -34.0649 66.7941 11.95
      vertex -35.8392 69.175 11.95
    endloop
  endfacet
  facet normal 0 0 1
    outer loop
      vertex 37.003 -66.3652 11.95
      vertex 34.4433 -65.6794 11.95
      vertex 36.5132 -67.8083 11.95
    endloop
  endfacet
  facet normal -0 0 1
    outer loop
      vertex 34.0649 -66.7941 11.95
      vertex 36.5132 -67.8083 11.95
      vertex 34.4433 -65.6794 11.95
    endloop
  endfacet
  facet normal 0 0 1
    outer loop
      vertex 36.5132 -67.8083 11.95
      vertex 34.0649 -66.7941 11.95
      vertex 35.8392 -69.175 11.95
    endloop
  endfacet
  facet normal -0 0 1
    outer loop
      vertex 33.5442 -67.85 11.95
      vertex 35.8392 -69.175 11.95
      vertex 34.0649 -66.7941 11.95
    endloop
  endfacet
  facet normal 0 0 1
    outer loop
      vertex 35.8392 -69.175 11.95
      vertex 33.5442 -67.85 11.95
      vertex 34.9926 -70.4421 11.95
    endloop
  endfacet
  facet normal -0 0 1
    outer loop
      vertex 32.8902 -68.8288 11.95
      vertex 34.9926 -70.4421 11.95
      vertex 33.5442 -67.85 11.95
    endloop
  endfacet
  facet normal 0 0 1
    outer loop
      vertex 34.9926 -70.4421 11.95
      vertex 32.8902 -68.8288 11.95
      vertex 33.9878 -71.5878 11.95
    endloop
  endfacet
  facet normal -0 0 1
    outer loop
      vertex 32.114 -69.714 11.95
      vertex 33.9878 -71.5878 11.95
      vertex 32.8902 -68.8288 11.95
    endloop
  endfacet
  facet normal 0 0 1
    outer loop
      vertex 33.9878 -71.5878 11.95
      vertex 32.114 -69.714 11.95
      vertex 32.8421 -72.5926 11.95
    endloop
  endfacet
  facet normal -0 0 1
    outer loop
      vertex 31.2289 -70.4902 11.95
      vertex 32.8421 -72.5926 11.95
      vertex 32.114 -69.714 11.95
    endloop
  endfacet
  facet normal 0 0 1
    outer loop
      vertex 32.8421 -72.5926 11.95
      vertex 31.2289 -70.4902 11.95
      vertex 31.575 -73.4392 11.95
    endloop
  endfacet
  facet normal -0 0 1
    outer loop
      vertex 30.25 -71.1442 11.95
      vertex 31.575 -73.4392 11.95
      vertex 31.2289 -70.4902 11.95
    endloop
  endfacet
  facet normal 0 0 1
    outer loop
      vertex 30.25 -71.1442 11.95
      vertex 30.2083 -74.1132 11.95
      vertex 31.575 -73.4392 11.95
    endloop
  endfacet
  facet normal -0 0 1
    outer loop
      vertex 29.1942 -71.6649 11.95
      vertex 30.2083 -74.1132 11.95
      vertex 30.25 -71.1442 11.95
    endloop
  endfacet
  facet normal 0 0 1
    outer loop
      vertex 29.1942 -71.6649 11.95
      vertex 28.7652 -74.603 11.95
      vertex 30.2083 -74.1132 11.95
    endloop
  endfacet
  facet normal -0 0 1
    outer loop
      vertex 28.0794 -72.0433 11.95
      vertex 28.7652 -74.603 11.95
      vertex 29.1942 -71.6649 11.95
    endloop
  endfacet
  facet normal 0 0 1
    outer loop
      vertex 28.0794 -72.0433 11.95
      vertex 27.2706 -74.9003 11.95
      vertex 28.7652 -74.603 11.95
    endloop
  endfacet
  facet normal -0 0 1
    outer loop
      vertex 26.9247 -72.273 11.95
      vertex 27.2706 -74.9003 11.95
      vertex 28.0794 -72.0433 11.95
    endloop
  endfacet
  facet normal -0 0 1
    outer loop
      vertex 25.75 -72.35 11.95
      vertex 27.2706 -74.9003 11.95
      vertex 26.9247 -72.273 11.95
    endloop
  endfacet
  facet normal 0 0 1
    outer loop
      vertex 25.75 -72.35 11.95
      vertex 25.75 -75 11.95
      vertex 27.2706 -74.9003 11.95
    endloop
  endfacet
  facet normal -0 0 1
    outer loop
      vertex -25.75 -72.35 11.95
      vertex 25.75 -75 11.95
      vertex 25.75 -72.35 11.95
    endloop
  endfacet
  facet normal 0 0 1
    outer loop
      vertex -25.75 -72.35 11.95
      vertex -25.75 -75 11.95
      vertex 25.75 -75 11.95
    endloop
  endfacet
  facet normal 0 0 1
    outer loop
      vertex -26.9247 -72.273 11.95
      vertex -25.75 -75 11.95
      vertex -25.75 -72.35 11.95
    endloop
  endfacet
  facet normal 0 0 1
    outer loop
      vertex -26.9247 -72.273 11.95
      vertex -27.2706 -74.9003 11.95
      vertex -25.75 -75 11.95
    endloop
  endfacet
  facet normal 0 0 1
    outer loop
      vertex -28.0794 -72.0433 11.95
      vertex -27.2706 -74.9003 11.95
      vertex -26.9247 -72.273 11.95
    endloop
  endfacet
  facet normal 0 0 1
    outer loop
      vertex -28.0794 -72.0433 11.95
      vertex -28.7652 -74.603 11.95
      vertex -27.2706 -74.9003 11.95
    endloop
  endfacet
  facet normal 0 0 1
    outer loop
      vertex -29.1942 -71.6649 11.95
      vertex -28.7652 -74.603 11.95
      vertex -28.0794 -72.0433 11.95
    endloop
  endfacet
  facet normal 0 0 1
    outer loop
      vertex -29.1942 -71.6649 11.95
      vertex -30.2083 -74.1132 11.95
      vertex -28.7652 -74.603 11.95
    endloop
  endfacet
  facet normal 0 0 1
    outer loop
      vertex -30.25 -71.1442 11.95
      vertex -30.2083 -74.1132 11.95
      vertex -29.1942 -71.6649 11.95
    endloop
  endfacet
  facet normal 0 0 1
    outer loop
      vertex -31.575 -73.4392 11.95
      vertex -30.25 -71.1442 11.95
      vertex -31.2289 -70.4902 11.95
    endloop
  endfacet
  facet normal 0 0 1
    outer loop
      vertex -30.25 -71.1442 11.95
      vertex -31.575 -73.4392 11.95
      vertex -30.2083 -74.1132 11.95
    endloop
  endfacet
  facet normal 0 0 1
    outer loop
      vertex -32.8421 -72.5926 11.95
      vertex -31.2289 -70.4902 11.95
      vertex -32.114 -69.714 11.95
    endloop
  endfacet
  facet normal 0 0 1
    outer loop
      vertex -31.2289 -70.4902 11.95
      vertex -32.8421 -72.5926 11.95
      vertex -31.575 -73.4392 11.95
    endloop
  endfacet
  facet normal 0 0 1
    outer loop
      vertex -33.9878 -71.5878 11.95
      vertex -32.114 -69.714 11.95
      vertex -32.8902 -68.8288 11.95
    endloop
  endfacet
  facet normal 0 0 1
    outer loop
      vertex -34.9926 -70.4421 11.95
      vertex -32.8902 -68.8288 11.95
      vertex -33.5442 -67.85 11.95
    endloop
  endfacet
  facet normal 0 0 1
    outer loop
      vertex -32.114 -69.714 11.95
      vertex -33.9878 -71.5878 11.95
      vertex -32.8421 -72.5926 11.95
    endloop
  endfacet
  facet normal 0 0 1
    outer loop
      vertex -35.8392 -69.175 11.95
      vertex -33.5442 -67.85 11.95
      vertex -34.0649 -66.7941 11.95
    endloop
  endfacet
  facet normal 0 0 1
    outer loop
      vertex -36.5132 -67.8083 11.95
      vertex -34.0649 -66.7941 11.95
      vertex -34.4433 -65.6794 11.95
    endloop
  endfacet
  facet normal 0 0 1
    outer loop
      vertex -37.003 -66.3652 11.95
      vertex -34.4433 -65.6794 11.95
      vertex -34.673 -64.5247 11.95
    endloop
  endfacet
  facet normal 0 0 1
    outer loop
      vertex -32.8902 -68.8288 11.95
      vertex -34.9926 -70.4421 11.95
      vertex -33.9878 -71.5878 11.95
    endloop
  endfacet
  facet normal 0 0 1
    outer loop
      vertex -37.3003 -64.8706 11.95
      vertex -34.673 -64.5247 11.95
      vertex -34.75 -63.35 11.95
    endloop
  endfacet
  facet normal 0 0 1
    outer loop
      vertex -34.75 63.35 11.95
      vertex -37.4 63.35 11.95
      vertex -34.75 -63.35 11.95
    endloop
  endfacet
  facet normal 0 0 1
    outer loop
      vertex -34.4433 65.6794 11.95
      vertex -37.003 66.3652 11.95
      vertex -34.673 64.5247 11.95
    endloop
  endfacet
  facet normal 0 0 1
    outer loop
      vertex -37.4 -63.35 11.95
      vertex -34.75 -63.35 11.95
      vertex -37.4 63.35 11.95
    endloop
  endfacet
  facet normal -0 0 1
    outer loop
      vertex -37.3003 64.8706 11.95
      vertex -34.673 64.5247 11.95
      vertex -37.003 66.3652 11.95
    endloop
  endfacet
  facet normal 0 -0 1
    outer loop
      vertex -37.3003 -64.8706 11.95
      vertex -34.75 -63.35 11.95
      vertex -37.4 -63.35 11.95
    endloop
  endfacet
  facet normal 0 0 1
    outer loop
      vertex -34.673 64.5247 11.95
      vertex -37.3003 64.8706 11.95
      vertex -34.75 63.35 11.95
    endloop
  endfacet
  facet normal 0 0 1
    outer loop
      vertex -33.5442 -67.85 11.95
      vertex -35.8392 -69.175 11.95
      vertex -34.9926 -70.4421 11.95
    endloop
  endfacet
  facet normal 0 0 1
    outer loop
      vertex -34.75 63.35 11.95
      vertex -37.3003 64.8706 11.95
      vertex -37.4 63.35 11.95
    endloop
  endfacet
  facet normal 0 0 1
    outer loop
      vertex -34.0649 -66.7941 11.95
      vertex -36.5132 -67.8083 11.95
      vertex -35.8392 -69.175 11.95
    endloop
  endfacet
  facet normal 0 0 1
    outer loop
      vertex -34.4433 -65.6794 11.95
      vertex -37.003 -66.3652 11.95
      vertex -36.5132 -67.8083 11.95
    endloop
  endfacet
  facet normal 0 0 1
    outer loop
      vertex -34.673 -64.5247 11.95
      vertex -37.3003 -64.8706 11.95
      vertex -37.003 -66.3652 11.95
    endloop
  endfacet
  facet normal -0.555548 0.831485 0
    outer loop
      vertex -31.575 73.4392 0.599999
      vertex -32.8421 72.5926 11.95
      vertex -31.575 73.4392 11.95
    endloop
  endfacet
  facet normal -0.555548 0.831485 0
    outer loop
      vertex -32.8421 72.5926 11.95
      vertex -31.575 73.4392 0.599999
      vertex -32.8421 72.5926 0.599999
    endloop
  endfacet
  facet normal -0.555548 -0.831485 0
    outer loop
      vertex -32.8421 -72.5926 0.599999
      vertex -31.575 -73.4392 11.95
      vertex -32.8421 -72.5926 11.95
    endloop
  endfacet
  facet normal -0.555548 -0.831485 -0
    outer loop
      vertex -31.575 -73.4392 11.95
      vertex -32.8421 -72.5926 0.599999
      vertex -31.575 -73.4392 0.599999
    endloop
  endfacet
  facet normal 0.896868 0.442298 0
    outer loop
      vertex 36.5132 67.8083 11.95
      vertex 35.8392 69.175 0.599999
      vertex 35.8392 69.175 11.95
    endloop
  endfacet
  facet normal 0.896868 0.442298 0
    outer loop
      vertex 35.8392 69.175 0.599999
      vertex 36.5132 67.8083 11.95
      vertex 36.5132 67.8083 0.599999
    endloop
  endfacet
  facet normal 0.195094 0.980785 -0
    outer loop
      vertex 28.7652 74.603 0.599999
      vertex 27.2706 74.9003 11.95
      vertex 28.7652 74.603 11.95
    endloop
  endfacet
  facet normal 0.195094 0.980785 0
    outer loop
      vertex 27.2706 74.9003 11.95
      vertex 28.7652 74.603 0.599999
      vertex 27.2706 74.9003 0.599999
    endloop
  endfacet
  facet normal 0.831485 0.555548 0
    outer loop
      vertex 35.8392 69.175 11.95
      vertex 34.9926 70.4421 0.599999
      vertex 34.9926 70.4421 11.95
    endloop
  endfacet
  facet normal 0.831485 0.555548 0
    outer loop
      vertex 34.9926 70.4421 0.599999
      vertex 35.8392 69.175 11.95
      vertex 35.8392 69.175 0.599999
    endloop
  endfacet
  facet normal 0.3214 -0.946943 0
    outer loop
      vertex 28.7652 -74.603 0.599999
      vertex 30.2083 -74.1132 11.95
      vertex 28.7652 -74.603 11.95
    endloop
  endfacet
  facet normal 0.3214 -0.946943 0
    outer loop
      vertex 30.2083 -74.1132 11.95
      vertex 28.7652 -74.603 0.599999
      vertex 30.2083 -74.1132 0.599999
    endloop
  endfacet
  facet normal 0.980785 0.195094 0
    outer loop
      vertex 37.3003 64.8706 11.95
      vertex 37.003 66.3652 0.599999
      vertex 37.003 66.3652 11.95
    endloop
  endfacet
  facet normal 0.980785 0.195094 0
    outer loop
      vertex 37.003 66.3652 0.599999
      vertex 37.3003 64.8706 11.95
      vertex 37.3003 64.8706 0.599999
    endloop
  endfacet
  facet normal 0.0654257 0.997857 -0
    outer loop
      vertex 27.2706 74.9003 0.599999
      vertex 25.75 75 11.95
      vertex 27.2706 74.9003 11.95
    endloop
  endfacet
  facet normal 0.0654257 0.997857 0
    outer loop
      vertex 25.75 75 11.95
      vertex 27.2706 74.9003 0.599999
      vertex 25.75 75 0.599999
    endloop
  endfacet
  facet normal -0.3214 -0.946943 0
    outer loop
      vertex -30.2083 -74.1132 0.599999
      vertex -28.7652 -74.603 11.95
      vertex -30.2083 -74.1132 11.95
    endloop
  endfacet
  facet normal -0.3214 -0.946943 -0
    outer loop
      vertex -28.7652 -74.603 11.95
      vertex -30.2083 -74.1132 0.599999
      vertex -28.7652 -74.603 0.599999
    endloop
  endfacet
  facet normal -0.3214 0.946943 0
    outer loop
      vertex -28.7652 74.603 0.599999
      vertex -30.2083 74.1132 11.95
      vertex -28.7652 74.603 11.95
    endloop
  endfacet
  facet normal -0.3214 0.946943 0
    outer loop
      vertex -30.2083 74.1132 11.95
      vertex -28.7652 74.603 0.599999
      vertex -30.2083 74.1132 0.599999
    endloop
  endfacet
  facet normal 0.946943 0.3214 0
    outer loop
      vertex 37.003 66.3652 11.95
      vertex 36.5132 67.8083 0.599999
      vertex 36.5132 67.8083 11.95
    endloop
  endfacet
  facet normal 0.946943 0.3214 0
    outer loop
      vertex 36.5132 67.8083 0.599999
      vertex 37.003 66.3652 11.95
      vertex 37.003 66.3652 0.599999
    endloop
  endfacet
  facet normal 0.997857 0.0654257 0
    outer loop
      vertex 37.4 63.35 11.95
      vertex 37.3003 64.8706 0.599999
      vertex 37.3003 64.8706 11.95
    endloop
  endfacet
  facet normal 0.997857 0.0654257 0
    outer loop
      vertex 37.3003 64.8706 0.599999
      vertex 37.4 63.35 11.95
      vertex 37.4 63.35 0.599999
    endloop
  endfacet
  facet normal 0.896868 -0.442298 0
    outer loop
      vertex 35.8392 -69.175 11.95
      vertex 36.5132 -67.8083 0.599999
      vertex 36.5132 -67.8083 11.95
    endloop
  endfacet
  facet normal 0.896868 -0.442298 0
    outer loop
      vertex 36.5132 -67.8083 0.599999
      vertex 35.8392 -69.175 11.95
      vertex 35.8392 -69.175 0.599999
    endloop
  endfacet
  facet normal -0.980785 -0.195094 0
    outer loop
      vertex -37.003 -66.3652 0.599999
      vertex -37.3003 -64.8706 11.95
      vertex -37.3003 -64.8706 0.599999
    endloop
  endfacet
  facet normal -0.980785 -0.195094 0
    outer loop
      vertex -37.3003 -64.8706 11.95
      vertex -37.003 -66.3652 0.599999
      vertex -37.003 -66.3652 11.95
    endloop
  endfacet
  facet normal -0.946943 -0.3214 0
    outer loop
      vertex -36.5132 -67.8083 0.599999
      vertex -37.003 -66.3652 11.95
      vertex -37.003 -66.3652 0.599999
    endloop
  endfacet
  facet normal -0.946943 -0.3214 0
    outer loop
      vertex -37.003 -66.3652 11.95
      vertex -36.5132 -67.8083 0.599999
      vertex -36.5132 -67.8083 11.95
    endloop
  endfacet
  facet normal 0.195094 -0.980785 0
    outer loop
      vertex 27.2706 -74.9003 0.599999
      vertex 28.7652 -74.603 11.95
      vertex 27.2706 -74.9003 11.95
    endloop
  endfacet
  facet normal 0.195094 -0.980785 0
    outer loop
      vertex 28.7652 -74.603 11.95
      vertex 27.2706 -74.9003 0.599999
      vertex 28.7652 -74.603 0.599999
    endloop
  endfacet
  facet normal 0 0 -1
    outer loop
      vertex 25.75 -75 0.599999
      vertex 37.4 -63.35 0.599999
      vertex 37.3003 -64.8706 0.599999
    endloop
  endfacet
  facet normal 0 0 -1
    outer loop
      vertex 37.4 -63.35 0.599999
      vertex 31.9433 49.5206 0.599999
      vertex 37.4 63.35 0.599999
    endloop
  endfacet
  facet normal 0 0 -1
    outer loop
      vertex 25.75 -75 0.599999
      vertex 37.3003 -64.8706 0.599999
      vertex 37.003 -66.3652 0.599999
    endloop
  endfacet
  facet normal 0 -0 -1
    outer loop
      vertex 32.173 50.6753 0.599999
      vertex 37.4 63.35 0.599999
      vertex 31.9433 49.5206 0.599999
    endloop
  endfacet
  facet normal 0 0 -1
    outer loop
      vertex 25.75 -75 0.599999
      vertex 37.003 -66.3652 0.599999
      vertex 36.5132 -67.8083 0.599999
    endloop
  endfacet
  facet normal 0 -0 -1
    outer loop
      vertex 32.25 51.85 0.599999
      vertex 37.4 63.35 0.599999
      vertex 32.173 50.6753 0.599999
    endloop
  endfacet
  facet normal 0 0 -1
    outer loop
      vertex 25.75 -75 0.599999
      vertex 36.5132 -67.8083 0.599999
      vertex 35.8392 -69.175 0.599999
    endloop
  endfacet
  facet normal 0 0 -1
    outer loop
      vertex 32.25 59.85 0.599999
      vertex 37.4 63.35 0.599999
      vertex 32.25 51.85 0.599999
    endloop
  endfacet
  facet normal 0 0 -1
    outer loop
      vertex 25.75 -75 0.599999
      vertex 35.8392 -69.175 0.599999
      vertex 34.9926 -70.4421 0.599999
    endloop
  endfacet
  facet normal 0 0 -1
    outer loop
      vertex 31.9433 62.1794 0.599999
      vertex 37.4 63.35 0.599999
      vertex 32.173 61.0247 0.599999
    endloop
  endfacet
  facet normal 0 0 -1
    outer loop
      vertex 25.75 -75 0.599999
      vertex 34.9926 -70.4421 0.599999
      vertex 33.9878 -71.5878 0.599999
    endloop
  endfacet
  facet normal 0 0 -1
    outer loop
      vertex 31.5649 63.2941 0.599999
      vertex 37.4 63.35 0.599999
      vertex 31.9433 62.1794 0.599999
    endloop
  endfacet
  facet normal 0 0 -1
    outer loop
      vertex 25.75 -75 0.599999
      vertex 33.9878 -71.5878 0.599999
      vertex 32.8421 -72.5926 0.599999
    endloop
  endfacet
  facet normal -0 0 -1
    outer loop
      vertex 37.3003 64.8706 0.599999
      vertex 31.5649 63.2941 0.599999
      vertex 37.003 66.3652 0.599999
    endloop
  endfacet
  facet normal 0 0 -1
    outer loop
      vertex 31.0442 64.35 0.599999
      vertex 37.003 66.3652 0.599999
      vertex 31.5649 63.2941 0.599999
    endloop
  endfacet
  facet normal -0 0 -1
    outer loop
      vertex 37.4 63.35 0.599999
      vertex 31.5649 63.2941 0.599999
      vertex 37.3003 64.8706 0.599999
    endloop
  endfacet
  facet normal 0 0 -1
    outer loop
      vertex 32.173 61.0247 0.599999
      vertex 37.4 63.35 0.599999
      vertex 32.25 59.85 0.599999
    endloop
  endfacet
  facet normal 0 0 -1
    outer loop
      vertex 25.75 -75 0.599999
      vertex 32.8421 -72.5926 0.599999
      vertex 31.575 -73.4392 0.599999
    endloop
  endfacet
  facet normal 0 0 -1
    outer loop
      vertex 37.4 -63.35 0.599999
      vertex 31.5649 48.4058 0.599999
      vertex 31.9433 49.5206 0.599999
    endloop
  endfacet
  facet normal 0 0 -1
    outer loop
      vertex 37.4 -63.35 0.599999
      vertex 31.0442 47.35 0.599999
      vertex 31.5649 48.4058 0.599999
    endloop
  endfacet
  facet normal 0 0 -1
    outer loop
      vertex 37.4 -63.35 0.599999
      vertex 30.3902 46.3711 0.599999
      vertex 31.0442 47.35 0.599999
    endloop
  endfacet
  facet normal 0 0 -1
    outer loop
      vertex 25.75 -75 0.599999
      vertex 31.575 -73.4392 0.599999
      vertex 30.2083 -74.1132 0.599999
    endloop
  endfacet
  facet normal 0 0 -1
    outer loop
      vertex 37.4 -63.35 0.599999
      vertex 29.614 45.486 0.599999
      vertex 30.3902 46.3711 0.599999
    endloop
  endfacet
  facet normal 0 0 -1
    outer loop
      vertex 25.75 -75 0.599999
      vertex 30.2083 -74.1132 0.599999
      vertex 28.7652 -74.603 0.599999
    endloop
  endfacet
  facet normal 0 0 -1
    outer loop
      vertex 37.4 -63.35 0.599999
      vertex 28.7289 44.7098 0.599999
      vertex 29.614 45.486 0.599999
    endloop
  endfacet
  facet normal 0 0 -1
    outer loop
      vertex 37.4 -63.35 0.599999
      vertex 27.75 44.0558 0.599999
      vertex 28.7289 44.7098 0.599999
    endloop
  endfacet
  facet normal 0 0 -1
    outer loop
      vertex 25.75 -75 0.599999
      vertex 28.7652 -74.603 0.599999
      vertex 27.2706 -74.9003 0.599999
    endloop
  endfacet
  facet normal 0 0 -1
    outer loop
      vertex 37.4 -63.35 0.599999
      vertex 26.6942 43.5351 0.599999
      vertex 27.75 44.0558 0.599999
    endloop
  endfacet
  facet normal -0 0 -1
    outer loop
      vertex 37.4 -63.35 0.599999
      vertex 25.75 -75 0.599999
      vertex -37.4 -63.35 0.599999
    endloop
  endfacet
  facet normal 0 0 -1
    outer loop
      vertex 37.4 -63.35 0.599999
      vertex 25.5794 43.1567 0.599999
      vertex 26.6942 43.5351 0.599999
    endloop
  endfacet
  facet normal 0 0 -1
    outer loop
      vertex 37.4 -63.35 0.599999
      vertex 24.4247 42.927 0.599999
      vertex 25.5794 43.1567 0.599999
    endloop
  endfacet
  facet normal 0 0 -1
    outer loop
      vertex 37.4 -63.35 0.599999
      vertex 23.25 42.85 0.599999
      vertex 24.4247 42.927 0.599999
    endloop
  endfacet
  facet normal 0 0 -1
    outer loop
      vertex 37.4 -63.35 0.599999
      vertex 9.25 42.85 0.599999
      vertex 23.25 42.85 0.599999
    endloop
  endfacet
  facet normal 0 0 -1
    outer loop
      vertex 37.4 -63.35 0.599999
      vertex 8.07527 42.927 0.599999
      vertex 9.25 42.85 0.599999
    endloop
  endfacet
  facet normal 0 0 -1
    outer loop
      vertex 37.4 -63.35 0.599999
      vertex -37.4 -63.35 0.599999
      vertex 8.07527 42.927 0.599999
    endloop
  endfacet
  facet normal -0 0 -1
    outer loop
      vertex 8.07527 42.927 0.599999
      vertex -37.4 -63.35 0.599999
      vertex 6.92062 43.1567 0.599999
    endloop
  endfacet
  facet normal -0 0 -1
    outer loop
      vertex 6.92062 43.1567 0.599999
      vertex -37.4 -63.35 0.599999
      vertex 5.80585 43.5351 0.599999
    endloop
  endfacet
  facet normal -0 0 -1
    outer loop
      vertex 5.80585 43.5351 0.599999
      vertex -37.4 -63.35 0.599999
      vertex 4.75 44.0558 0.599999
    endloop
  endfacet
  facet normal -0 0 -1
    outer loop
      vertex 4.75 44.0558 0.599999
      vertex -37.4 -63.35 0.599999
      vertex 3.77115 44.7098 0.599999
    endloop
  endfacet
  facet normal -0 0 -1
    outer loop
      vertex 3.77115 44.7098 0.599999
      vertex -37.4 -63.35 0.599999
      vertex 2.88603 45.486 0.599999
    endloop
  endfacet
  facet normal 0 0 -1
    outer loop
      vertex -37.4 63.35 0.599999
      vertex 2.88603 45.486 0.599999
      vertex -37.4 -63.35 0.599999
    endloop
  endfacet
  facet normal 0 0 -1
    outer loop
      vertex 2.88603 45.486 0.599999
      vertex -37.4 63.35 0.599999
      vertex 2.10982 46.3711 0.599999
    endloop
  endfacet
  facet normal 0 0 -1
    outer loop
      vertex 2.10982 46.3711 0.599999
      vertex -37.4 63.35 0.599999
      vertex 1.45576 47.35 0.599999
    endloop
  endfacet
  facet normal 0 0 -1
    outer loop
      vertex 0.556671 49.5206 0.599999
      vertex -37.4 63.35 0.599999
      vertex 0.326996 50.6753 0.599999
    endloop
  endfacet
  facet normal 0 0 -1
    outer loop
      vertex 0.935089 48.4058 0.599999
      vertex -37.4 63.35 0.599999
      vertex 0.556671 49.5206 0.599999
    endloop
  endfacet
  facet normal 0 0 -1
    outer loop
      vertex 1.45576 47.35 0.599999
      vertex -37.4 63.35 0.599999
      vertex 0.935089 48.4058 0.599999
    endloop
  endfacet
  facet normal 0 0 -1
    outer loop
      vertex -37.4 -63.35 0.599999
      vertex 25.75 -75 0.599999
      vertex -25.75 -75 0.599999
    endloop
  endfacet
  facet normal -0 0 -1
    outer loop
      vertex 37.003 66.3652 0.599999
      vertex 31.0442 64.35 0.599999
      vertex 36.5132 67.8083 0.599999
    endloop
  endfacet
  facet normal 0 0 -1
    outer loop
      vertex 30.3902 65.3288 0.599999
      vertex 36.5132 67.8083 0.599999
      vertex 31.0442 64.35 0.599999
    endloop
  endfacet
  facet normal -0 0 -1
    outer loop
      vertex 36.5132 67.8083 0.599999
      vertex 30.3902 65.3288 0.599999
      vertex 35.8392 69.175 0.599999
    endloop
  endfacet
  facet normal -0 0 -1
    outer loop
      vertex 35.8392 69.175 0.599999
      vertex 30.3902 65.3288 0.599999
      vertex 34.9926 70.4421 0.599999
    endloop
  endfacet
  facet normal 0 0 -1
    outer loop
      vertex 29.614 66.214 0.599999
      vertex 34.9926 70.4421 0.599999
      vertex 30.3902 65.3288 0.599999
    endloop
  endfacet
  facet normal -0 0 -1
    outer loop
      vertex 34.9926 70.4421 0.599999
      vertex 29.614 66.214 0.599999
      vertex 33.9878 71.5878 0.599999
    endloop
  endfacet
  facet normal 0 0 -1
    outer loop
      vertex 28.7289 66.9902 0.599999
      vertex 33.9878 71.5878 0.599999
      vertex 29.614 66.214 0.599999
    endloop
  endfacet
  facet normal -0 0 -1
    outer loop
      vertex 33.9878 71.5878 0.599999
      vertex 28.7289 66.9902 0.599999
      vertex 32.8421 72.5926 0.599999
    endloop
  endfacet
  facet normal -0 0 -1
    outer loop
      vertex 32.8421 72.5926 0.599999
      vertex 28.7289 66.9902 0.599999
      vertex 31.575 73.4392 0.599999
    endloop
  endfacet
  facet normal 0 0 -1
    outer loop
      vertex 27.75 67.6442 0.599999
      vertex 31.575 73.4392 0.599999
      vertex 28.7289 66.9902 0.599999
    endloop
  endfacet
  facet normal -0 0 -1
    outer loop
      vertex 31.575 73.4392 0.599999
      vertex 27.75 67.6442 0.599999
      vertex 30.2083 74.1132 0.599999
    endloop
  endfacet
  facet normal 0 0 -1
    outer loop
      vertex 26.6942 68.1649 0.599999
      vertex 30.2083 74.1132 0.599999
      vertex 27.75 67.6442 0.599999
    endloop
  endfacet
  facet normal -0 0 -1
    outer loop
      vertex 30.2083 74.1132 0.599999
      vertex 26.6942 68.1649 0.599999
      vertex 28.7652 74.603 0.599999
    endloop
  endfacet
  facet normal -0 0 -1
    outer loop
      vertex 28.7652 74.603 0.599999
      vertex 26.6942 68.1649 0.599999
      vertex 27.2706 74.9003 0.599999
    endloop
  endfacet
  facet normal 0 0 -1
    outer loop
      vertex 25.5794 68.5433 0.599999
      vertex 27.2706 74.9003 0.599999
      vertex 26.6942 68.1649 0.599999
    endloop
  endfacet
  facet normal -0 0 -1
    outer loop
      vertex 27.2706 74.9003 0.599999
      vertex 25.5794 68.5433 0.599999
      vertex 25.75 75 0.599999
    endloop
  endfacet
  facet normal 0 0 -1
    outer loop
      vertex 24.4247 68.773 0.599999
      vertex 25.75 75 0.599999
      vertex 25.5794 68.5433 0.599999
    endloop
  endfacet
  facet normal 0 0 -1
    outer loop
      vertex 23.25 68.85 0.599999
      vertex 25.75 75 0.599999
      vertex 24.4247 68.773 0.599999
    endloop
  endfacet
  facet normal 0 0 -1
    outer loop
      vertex 9.25 68.85 0.599999
      vertex 25.75 75 0.599999
      vertex 23.25 68.85 0.599999
    endloop
  endfacet
  facet normal 0 0 -1
    outer loop
      vertex 8.07527 68.773 0.599999
      vertex 25.75 75 0.599999
      vertex 9.25 68.85 0.599999
    endloop
  endfacet
  facet normal 0 0 -1
    outer loop
      vertex -25.75 75 0.599999
      vertex 8.07527 68.773 0.599999
      vertex 6.92062 68.5433 0.599999
    endloop
  endfacet
  facet normal 0 0 -1
    outer loop
      vertex -25.75 75 0.599999
      vertex 6.92062 68.5433 0.599999
      vertex 5.80585 68.1649 0.599999
    endloop
  endfacet
  facet normal 0 0 -1
    outer loop
      vertex 0.326996 50.6753 0.599999
      vertex -37.4 63.35 0.599999
      vertex 0.25 51.85 0.599999
    endloop
  endfacet
  facet normal 0 0 -1
    outer loop
      vertex 8.07527 68.773 0.599999
      vertex -25.75 75 0.599999
      vertex 25.75 75 0.599999
    endloop
  endfacet
  facet normal 0 0 -1
    outer loop
      vertex 4.75 67.6442 0.599999
      vertex -25.75 75 0.599999
      vertex 5.80585 68.1649 0.599999
    endloop
  endfacet
  facet normal 0 0 -1
    outer loop
      vertex 3.77115 66.9902 0.599999
      vertex -25.75 75 0.599999
      vertex 4.75 67.6442 0.599999
    endloop
  endfacet
  facet normal 0 0 -1
    outer loop
      vertex 2.88603 66.214 0.599999
      vertex -25.75 75 0.599999
      vertex 3.77115 66.9902 0.599999
    endloop
  endfacet
  facet normal 0 0 -1
    outer loop
      vertex 2.10982 65.3288 0.599999
      vertex -25.75 75 0.599999
      vertex 2.88603 66.214 0.599999
    endloop
  endfacet
  facet normal 0 0 -1
    outer loop
      vertex 1.45576 64.35 0.599999
      vertex -25.75 75 0.599999
      vertex 2.10982 65.3288 0.599999
    endloop
  endfacet
  facet normal 0 0 -1
    outer loop
      vertex 0.935089 63.2941 0.599999
      vertex -25.75 75 0.599999
      vertex 1.45576 64.35 0.599999
    endloop
  endfacet
  facet normal 0 0 -1
    outer loop
      vertex 0.556671 62.1794 0.599999
      vertex -25.75 75 0.599999
      vertex 0.935089 63.2941 0.599999
    endloop
  endfacet
  facet normal 0 0 -1
    outer loop
      vertex 0.326996 61.0247 0.599999
      vertex -25.75 75 0.599999
      vertex 0.556671 62.1794 0.599999
    endloop
  endfacet
  facet normal 0 0 -1
    outer loop
      vertex 0.25 51.85 0.599999
      vertex -37.4 63.35 0.599999
      vertex 0.25 59.85 0.599999
    endloop
  endfacet
  facet normal 0 0 -1
    outer loop
      vertex -37.4 -63.35 0.599999
      vertex -25.75 -75 0.599999
      vertex -27.2706 -74.9003 0.599999
    endloop
  endfacet
  facet normal 0 -0 -1
    outer loop
      vertex -25.75 75 0.599999
      vertex 0.25 59.85 0.599999
      vertex -37.4 63.35 0.599999
    endloop
  endfacet
  facet normal 0 0 -1
    outer loop
      vertex -37.4 -63.35 0.599999
      vertex -27.2706 -74.9003 0.599999
      vertex -28.7652 -74.603 0.599999
    endloop
  endfacet
  facet normal 0 0 -1
    outer loop
      vertex 0.25 59.85 0.599999
      vertex -25.75 75 0.599999
      vertex 0.326996 61.0247 0.599999
    endloop
  endfacet
  facet normal 0 0 -1
    outer loop
      vertex -37.4 -63.35 0.599999
      vertex -28.7652 -74.603 0.599999
      vertex -30.2083 -74.1132 0.599999
    endloop
  endfacet
  facet normal 0 0 -1
    outer loop
      vertex -25.75 75 0.599999
      vertex -37.4 63.35 0.599999
      vertex -27.2706 74.9003 0.599999
    endloop
  endfacet
  facet normal 0 0 -1
    outer loop
      vertex -37.4 -63.35 0.599999
      vertex -30.2083 -74.1132 0.599999
      vertex -31.575 -73.4392 0.599999
    endloop
  endfacet
  facet normal 0 0 -1
    outer loop
      vertex -27.2706 74.9003 0.599999
      vertex -37.4 63.35 0.599999
      vertex -28.7652 74.603 0.599999
    endloop
  endfacet
  facet normal 0 0 -1
    outer loop
      vertex -37.4 -63.35 0.599999
      vertex -31.575 -73.4392 0.599999
      vertex -32.8421 -72.5926 0.599999
    endloop
  endfacet
  facet normal 0 0 -1
    outer loop
      vertex -28.7652 74.603 0.599999
      vertex -37.4 63.35 0.599999
      vertex -30.2083 74.1132 0.599999
    endloop
  endfacet
  facet normal 0 0 -1
    outer loop
      vertex -37.4 -63.35 0.599999
      vertex -32.8421 -72.5926 0.599999
      vertex -33.9878 -71.5878 0.599999
    endloop
  endfacet
  facet normal 0 0 -1
    outer loop
      vertex -30.2083 74.1132 0.599999
      vertex -37.4 63.35 0.599999
      vertex -31.575 73.4392 0.599999
    endloop
  endfacet
  facet normal 0 0 -1
    outer loop
      vertex -37.4 -63.35 0.599999
      vertex -33.9878 -71.5878 0.599999
      vertex -34.9926 -70.4421 0.599999
    endloop
  endfacet
  facet normal 0 0 -1
    outer loop
      vertex -31.575 73.4392 0.599999
      vertex -37.4 63.35 0.599999
      vertex -32.8421 72.5926 0.599999
    endloop
  endfacet
  facet normal 0 0 -1
    outer loop
      vertex -37.4 -63.35 0.599999
      vertex -34.9926 -70.4421 0.599999
      vertex -35.8392 -69.175 0.599999
    endloop
  endfacet
  facet normal 0 0 -1
    outer loop
      vertex -32.8421 72.5926 0.599999
      vertex -37.4 63.35 0.599999
      vertex -33.9878 71.5878 0.599999
    endloop
  endfacet
  facet normal 0 0 -1
    outer loop
      vertex -37.4 -63.35 0.599999
      vertex -35.8392 -69.175 0.599999
      vertex -36.5132 -67.8083 0.599999
    endloop
  endfacet
  facet normal 0 0 -1
    outer loop
      vertex -33.9878 71.5878 0.599999
      vertex -37.4 63.35 0.599999
      vertex -34.9926 70.4421 0.599999
    endloop
  endfacet
  facet normal 0 0 -1
    outer loop
      vertex -37.4 -63.35 0.599999
      vertex -36.5132 -67.8083 0.599999
      vertex -37.003 -66.3652 0.599999
    endloop
  endfacet
  facet normal 0 0 -1
    outer loop
      vertex -34.9926 70.4421 0.599999
      vertex -37.4 63.35 0.599999
      vertex -35.8392 69.175 0.599999
    endloop
  endfacet
  facet normal 0 0 -1
    outer loop
      vertex -37.4 -63.35 0.599999
      vertex -37.003 -66.3652 0.599999
      vertex -37.3003 -64.8706 0.599999
    endloop
  endfacet
  facet normal 0 0 -1
    outer loop
      vertex -35.8392 69.175 0.599999
      vertex -37.4 63.35 0.599999
      vertex -36.5132 67.8083 0.599999
    endloop
  endfacet
  facet normal 0 0 -1
    outer loop
      vertex -36.5132 67.8083 0.599999
      vertex -37.4 63.35 0.599999
      vertex -37.003 66.3652 0.599999
    endloop
  endfacet
  facet normal 0 0 -1
    outer loop
      vertex -37.003 66.3652 0.599999
      vertex -37.4 63.35 0.599999
      vertex -37.3003 64.8706 0.599999
    endloop
  endfacet
  facet normal -0.831485 0.555548 0
    outer loop
      vertex -35.8392 69.175 0.599999
      vertex -34.9926 70.4421 11.95
      vertex -34.9926 70.4421 0.599999
    endloop
  endfacet
  facet normal -0.831485 0.555548 0
    outer loop
      vertex -34.9926 70.4421 11.95
      vertex -35.8392 69.175 0.599999
      vertex -35.8392 69.175 11.95
    endloop
  endfacet
  facet normal -0.896868 0.442298 0
    outer loop
      vertex -36.5132 67.8083 0.599999
      vertex -35.8392 69.175 11.95
      vertex -35.8392 69.175 0.599999
    endloop
  endfacet
  facet normal -0.896868 0.442298 0
    outer loop
      vertex -35.8392 69.175 11.95
      vertex -36.5132 67.8083 0.599999
      vertex -36.5132 67.8083 11.95
    endloop
  endfacet
  facet normal 0.555548 0.831485 -0
    outer loop
      vertex 32.8421 72.5926 0.599999
      vertex 31.575 73.4392 11.95
      vertex 32.8421 72.5926 11.95
    endloop
  endfacet
  facet normal 0.555548 0.831485 0
    outer loop
      vertex 31.575 73.4392 11.95
      vertex 32.8421 72.5926 0.599999
      vertex 31.575 73.4392 0.599999
    endloop
  endfacet
  facet normal 0.442298 0.896868 -0
    outer loop
      vertex 31.575 73.4392 0.599999
      vertex 30.2083 74.1132 11.95
      vertex 31.575 73.4392 11.95
    endloop
  endfacet
  facet normal 0.442298 0.896868 0
    outer loop
      vertex 30.2083 74.1132 11.95
      vertex 31.575 73.4392 0.599999
      vertex 30.2083 74.1132 0.599999
    endloop
  endfacet
  facet normal 0.659364 -0.751824 0
    outer loop
      vertex 32.8421 -72.5926 0.599999
      vertex 33.9878 -71.5878 11.95
      vertex 32.8421 -72.5926 11.95
    endloop
  endfacet
  facet normal 0.659364 -0.751824 0
    outer loop
      vertex 33.9878 -71.5878 11.95
      vertex 32.8421 -72.5926 0.599999
      vertex 33.9878 -71.5878 0.599999
    endloop
  endfacet
  facet normal 0.831451 -0.555598 0
    outer loop
      vertex 1.45576 64.35 2.099
      vertex 2.10982 65.3288 0.599999
      vertex 2.10982 65.3288 2.099
    endloop
  endfacet
  facet normal 0.831451 -0.555598 0
    outer loop
      vertex 2.10982 65.3288 0.599999
      vertex 1.45576 64.35 2.099
      vertex 1.45576 64.35 0.599999
    endloop
  endfacet
  facet normal -0.0654083 0.997859 0
    outer loop
      vertex 24.4247 42.927 0.599999
      vertex 23.25 42.85 2.099
      vertex 24.4247 42.927 2.099
    endloop
  endfacet
  facet normal -0.0654083 0.997859 0
    outer loop
      vertex 23.25 42.85 2.099
      vertex 24.4247 42.927 0.599999
      vertex 23.25 42.85 0.599999
    endloop
  endfacet
  facet normal -0.555523 0.831501 0
    outer loop
      vertex 28.7289 44.7098 0.599999
      vertex 27.75 44.0558 2.099
      vertex 28.7289 44.7098 2.099
    endloop
  endfacet
  facet normal -0.555523 0.831501 0
    outer loop
      vertex 27.75 44.0558 2.099
      vertex 28.7289 44.7098 0.599999
      vertex 27.75 44.0558 0.599999
    endloop
  endfacet
  facet normal 0.195111 -0.980781 0
    outer loop
      vertex 6.92062 68.5433 0.599999
      vertex 8.07527 68.773 2.099
      vertex 6.92062 68.5433 2.099
    endloop
  endfacet
  facet normal 0.195111 -0.980781 0
    outer loop
      vertex 8.07527 68.773 2.099
      vertex 6.92062 68.5433 0.599999
      vertex 8.07527 68.773 0.599999
    endloop
  endfacet
  facet normal -0.980783 -0.195103 0
    outer loop
      vertex 32.173 61.0247 0.599999
      vertex 31.9433 62.1794 2.099
      vertex 31.9433 62.1794 0.599999
    endloop
  endfacet
  facet normal -0.980783 -0.195103 0
    outer loop
      vertex 31.9433 62.1794 2.099
      vertex 32.173 61.0247 0.599999
      vertex 32.173 61.0247 2.099
    endloop
  endfacet
  facet normal 0.659332 0.751852 -0
    outer loop
      vertex 3.77115 44.7098 0.599999
      vertex 2.88603 45.486 2.099
      vertex 3.77115 44.7098 2.099
    endloop
  endfacet
  facet normal 0.659332 0.751852 0
    outer loop
      vertex 2.88603 45.486 2.099
      vertex 3.77115 44.7098 0.599999
      vertex 2.88603 45.486 0.599999
    endloop
  endfacet
  facet normal -0.65934 0.751845 0
    outer loop
      vertex 29.614 45.486 0.599999
      vertex 28.7289 44.7098 2.099
      vertex 29.614 45.486 2.099
    endloop
  endfacet
  facet normal -0.65934 0.751845 0
    outer loop
      vertex 28.7289 44.7098 2.099
      vertex 29.614 45.486 0.599999
      vertex 28.7289 44.7098 0.599999
    endloop
  endfacet
  facet normal 0.0654066 0.997859 -0
    outer loop
      vertex 9.25 42.85 0.599999
      vertex 8.07527 42.927 2.099
      vertex 9.25 42.85 2.099
    endloop
  endfacet
  facet normal 0.0654066 0.997859 0
    outer loop
      vertex 8.07527 42.927 2.099
      vertex 9.25 42.85 0.599999
      vertex 8.07527 42.927 0.599999
    endloop
  endfacet
  facet normal 0.442297 0.896869 -0
    outer loop
      vertex 5.80585 43.5351 0.599999
      vertex 4.75 44.0558 2.099
      vertex 5.80585 43.5351 2.099
    endloop
  endfacet
  facet normal 0.442297 0.896869 0
    outer loop
      vertex 4.75 44.0558 2.099
      vertex 5.80585 43.5351 0.599999
      vertex 4.75 44.0558 0.599999
    endloop
  endfacet
  facet normal 0.321429 0.946934 -0
    outer loop
      vertex 6.92062 43.1567 0.599999
      vertex 5.80585 43.5351 2.099
      vertex 6.92062 43.1567 2.099
    endloop
  endfacet
  facet normal 0.321429 0.946934 0
    outer loop
      vertex 5.80585 43.5351 2.099
      vertex 6.92062 43.1567 0.599999
      vertex 5.80585 43.5351 0.599999
    endloop
  endfacet
  facet normal -0.442314 0.89686 0
    outer loop
      vertex 27.75 44.0558 0.599999
      vertex 26.6942 43.5351 2.099
      vertex 27.75 44.0558 2.099
    endloop
  endfacet
  facet normal -0.442314 0.89686 0
    outer loop
      vertex 26.6942 43.5351 2.099
      vertex 27.75 44.0558 0.599999
      vertex 26.6942 43.5351 0.599999
    endloop
  endfacet
  facet normal 0.751841 0.659345 0
    outer loop
      vertex 2.88603 45.486 2.099
      vertex 2.10982 46.3711 0.599999
      vertex 2.10982 46.3711 2.099
    endloop
  endfacet
  facet normal 0.751841 0.659345 0
    outer loop
      vertex 2.10982 46.3711 0.599999
      vertex 2.88603 45.486 2.099
      vertex 2.88603 45.486 0.599999
    endloop
  endfacet
  facet normal 0.0654066 -0.997859 0
    outer loop
      vertex 8.07527 68.773 0.599999
      vertex 9.25 68.85 2.099
      vertex 8.07527 68.773 2.099
    endloop
  endfacet
  facet normal 0.0654066 -0.997859 0
    outer loop
      vertex 9.25 68.85 2.099
      vertex 8.07527 68.773 0.599999
      vertex 9.25 68.85 0.599999
    endloop
  endfacet
  facet normal -1 0 0
    outer loop
      vertex 32.25 51.85 0.599999
      vertex 32.25 59.85 2.099
      vertex 32.25 59.85 0.599999
    endloop
  endfacet
  facet normal -1 -0 0
    outer loop
      vertex 32.25 59.85 2.099
      vertex 32.25 51.85 0.599999
      vertex 32.25 51.85 2.099
    endloop
  endfacet
  facet normal 0.195111 0.980781 -0
    outer loop
      vertex 8.07527 42.927 0.599999
      vertex 6.92062 43.1567 2.099
      vertex 8.07527 42.927 2.099
    endloop
  endfacet
  facet normal 0.195111 0.980781 0
    outer loop
      vertex 6.92062 43.1567 2.099
      vertex 8.07527 42.927 0.599999
      vertex 6.92062 43.1567 0.599999
    endloop
  endfacet
  facet normal -0.831501 0.555523 0
    outer loop
      vertex 30.3902 46.3711 0.599999
      vertex 31.0442 47.35 2.099
      vertex 31.0442 47.35 0.599999
    endloop
  endfacet
  facet normal -0.831501 0.555523 0
    outer loop
      vertex 31.0442 47.35 2.099
      vertex 30.3902 46.3711 0.599999
      vertex 30.3902 46.3711 2.099
    endloop
  endfacet
  facet normal -0.997859 -0.0654083 0
    outer loop
      vertex 32.25 59.85 0.599999
      vertex 32.173 61.0247 2.099
      vertex 32.173 61.0247 0.599999
    endloop
  endfacet
  facet normal -0.997859 -0.0654083 0
    outer loop
      vertex 32.173 61.0247 2.099
      vertex 32.25 59.85 0.599999
      vertex 32.25 59.85 2.099
    endloop
  endfacet
  facet normal 0.997859 0.0654049 0
    outer loop
      vertex 0.326996 50.6753 2.099
      vertex 0.25 51.85 0.599999
      vertex 0.25 51.85 2.099
    endloop
  endfacet
  facet normal 0.997859 0.0654049 0
    outer loop
      vertex 0.25 51.85 0.599999
      vertex 0.326996 50.6753 2.099
      vertex 0.326996 50.6753 0.599999
    endloop
  endfacet
  facet normal 0 -1 0
    outer loop
      vertex 9.25 68.85 0.599999
      vertex 23.25 68.85 2.099
      vertex 9.25 68.85 2.099
    endloop
  endfacet
  facet normal 0 -1 -0
    outer loop
      vertex 23.25 68.85 2.099
      vertex 9.25 68.85 0.599999
      vertex 23.25 68.85 0.599999
    endloop
  endfacet
  facet normal 0.831477 0.555558 0
    outer loop
      vertex 2.10982 46.3711 2.099
      vertex 1.45576 47.35 0.599999
      vertex 1.45576 47.35 2.099
    endloop
  endfacet
  facet normal 0.831477 0.555558 0
    outer loop
      vertex 1.45576 47.35 0.599999
      vertex 2.10982 46.3711 2.099
      vertex 2.10982 46.3711 0.599999
    endloop
  endfacet
  facet normal -0.896877 -0.44228 0
    outer loop
      vertex 31.5649 63.2941 0.599999
      vertex 31.0442 64.35 2.099
      vertex 31.0442 64.35 0.599999
    endloop
  endfacet
  facet normal -0.896877 -0.44228 0
    outer loop
      vertex 31.0442 64.35 2.099
      vertex 31.5649 63.2941 0.599999
      vertex 31.5649 63.2941 2.099
    endloop
  endfacet
  facet normal 0.980787 0.195083 0
    outer loop
      vertex 0.556671 49.5206 2.099
      vertex 0.326996 50.6753 0.599999
      vertex 0.326996 50.6753 2.099
    endloop
  endfacet
  facet normal 0.980787 0.195083 0
    outer loop
      vertex 0.326996 50.6753 0.599999
      vertex 0.556671 49.5206 2.099
      vertex 0.556671 49.5206 0.599999
    endloop
  endfacet
  facet normal 0.946923 -0.321461 0
    outer loop
      vertex 0.556671 62.1794 2.099
      vertex 0.935089 63.2941 0.599999
      vertex 0.935089 63.2941 2.099
    endloop
  endfacet
  facet normal 0.946923 -0.321461 0
    outer loop
      vertex 0.935089 63.2941 0.599999
      vertex 0.556671 62.1794 2.099
      vertex 0.556671 62.1794 0.599999
    endloop
  endfacet
  facet normal 0 1 -0
    outer loop
      vertex 23.25 42.85 0.599999
      vertex 9.25 42.85 2.099
      vertex 23.25 42.85 2.099
    endloop
  endfacet
  facet normal 0 1 0
    outer loop
      vertex 9.25 42.85 2.099
      vertex 23.25 42.85 0.599999
      vertex 9.25 42.85 0.599999
    endloop
  endfacet
  facet normal 0.442297 -0.896869 0
    outer loop
      vertex 4.75 67.6442 0.599999
      vertex 5.80585 68.1649 2.099
      vertex 4.75 67.6442 2.099
    endloop
  endfacet
  facet normal 0.442297 -0.896869 0
    outer loop
      vertex 5.80585 68.1649 2.099
      vertex 4.75 67.6442 0.599999
      vertex 5.80585 68.1649 0.599999
    endloop
  endfacet
  facet normal 0.555543 0.831488 -0
    outer loop
      vertex 4.75 44.0558 0.599999
      vertex 3.77115 44.7098 2.099
      vertex 4.75 44.0558 2.099
    endloop
  endfacet
  facet normal 0.555543 0.831488 0
    outer loop
      vertex 3.77115 44.7098 2.099
      vertex 4.75 44.0558 0.599999
      vertex 3.77115 44.7098 0.599999
    endloop
  endfacet
  facet normal 0.980787 -0.195083 0
    outer loop
      vertex 0.326996 61.0247 2.099
      vertex 0.556671 62.1794 0.599999
      vertex 0.556671 62.1794 2.099
    endloop
  endfacet
  facet normal 0.980787 -0.195083 0
    outer loop
      vertex 0.556671 62.1794 0.599999
      vertex 0.326996 61.0247 2.099
      vertex 0.326996 61.0247 0.599999
    endloop
  endfacet
  facet normal 0.997859 -0.0654049 0
    outer loop
      vertex 0.25 59.85 2.099
      vertex 0.326996 61.0247 0.599999
      vertex 0.326996 61.0247 2.099
    endloop
  endfacet
  facet normal 0.997859 -0.0654049 0
    outer loop
      vertex 0.326996 61.0247 0.599999
      vertex 0.25 59.85 2.099
      vertex 0.25 59.85 0.599999
    endloop
  endfacet
  facet normal -0.555523 -0.831501 0
    outer loop
      vertex 27.75 67.6442 0.599999
      vertex 28.7289 66.9902 2.099
      vertex 27.75 67.6442 2.099
    endloop
  endfacet
  facet normal -0.555523 -0.831501 -0
    outer loop
      vertex 28.7289 66.9902 2.099
      vertex 27.75 67.6442 0.599999
      vertex 28.7289 66.9902 0.599999
    endloop
  endfacet
  facet normal -0.65934 -0.751845 0
    outer loop
      vertex 28.7289 66.9902 0.599999
      vertex 29.614 66.214 2.099
      vertex 28.7289 66.9902 2.099
    endloop
  endfacet
  facet normal -0.65934 -0.751845 -0
    outer loop
      vertex 29.614 66.214 2.099
      vertex 28.7289 66.9902 0.599999
      vertex 29.614 66.214 0.599999
    endloop
  endfacet
  facet normal 0.89687 0.442294 0
    outer loop
      vertex 1.45576 47.35 2.099
      vertex 0.935089 48.4058 0.599999
      vertex 0.935089 48.4058 2.099
    endloop
  endfacet
  facet normal 0.89687 0.442294 0
    outer loop
      vertex 0.935089 48.4058 0.599999
      vertex 1.45576 47.35 2.099
      vertex 1.45576 47.35 0.599999
    endloop
  endfacet
  facet normal -0.831475 -0.555562 0
    outer loop
      vertex 31.0442 64.35 0.599999
      vertex 30.3902 65.3288 2.099
      vertex 30.3902 65.3288 0.599999
    endloop
  endfacet
  facet normal -0.831475 -0.555562 0
    outer loop
      vertex 30.3902 65.3288 2.099
      vertex 31.0442 64.35 0.599999
      vertex 31.0442 64.35 2.099
    endloop
  endfacet
  facet normal 1 -0 0
    outer loop
      vertex 0.25 51.85 2.099
      vertex 0.25 59.85 0.599999
      vertex 0.25 59.85 2.099
    endloop
  endfacet
  facet normal 1 0 0
    outer loop
      vertex 0.25 59.85 0.599999
      vertex 0.25 51.85 2.099
      vertex 0.25 51.85 0.599999
    endloop
  endfacet
  facet normal 0.896887 -0.442261 0
    outer loop
      vertex 0.935089 63.2941 2.099
      vertex 1.45576 64.35 0.599999
      vertex 1.45576 64.35 2.099
    endloop
  endfacet
  facet normal 0.896887 -0.442261 0
    outer loop
      vertex 1.45576 64.35 0.599999
      vertex 0.935089 63.2941 2.099
      vertex 0.935089 63.2941 0.599999
    endloop
  endfacet
  facet normal 0.555543 -0.831488 0
    outer loop
      vertex 3.77115 66.9902 0.599999
      vertex 4.75 67.6442 2.099
      vertex 3.77115 66.9902 2.099
    endloop
  endfacet
  facet normal 0.555543 -0.831488 0
    outer loop
      vertex 4.75 67.6442 2.099
      vertex 3.77115 66.9902 0.599999
      vertex 4.75 67.6442 0.599999
    endloop
  endfacet
  facet normal -0.751882 -0.659298 0
    outer loop
      vertex 30.3902 65.3288 0.599999
      vertex 29.614 66.214 2.099
      vertex 29.614 66.214 0.599999
    endloop
  endfacet
  facet normal -0.751882 -0.659298 0
    outer loop
      vertex 29.614 66.214 2.099
      vertex 30.3902 65.3288 0.599999
      vertex 30.3902 65.3288 2.099
    endloop
  endfacet
  facet normal -0.89686 0.442314 0
    outer loop
      vertex 31.0442 47.35 0.599999
      vertex 31.5649 48.4058 2.099
      vertex 31.5649 48.4058 0.599999
    endloop
  endfacet
  facet normal -0.89686 0.442314 0
    outer loop
      vertex 31.5649 48.4058 2.099
      vertex 31.0442 47.35 0.599999
      vertex 31.0442 47.35 2.099
    endloop
  endfacet
  facet normal -0.997859 0.0654083 0
    outer loop
      vertex 32.173 50.6753 0.599999
      vertex 32.25 51.85 2.099
      vertex 32.25 51.85 0.599999
    endloop
  endfacet
  facet normal -0.997859 0.0654083 0
    outer loop
      vertex 32.25 51.85 2.099
      vertex 32.173 50.6753 0.599999
      vertex 32.173 50.6753 2.099
    endloop
  endfacet
  facet normal -0.195103 -0.980783 0
    outer loop
      vertex 24.4247 68.773 0.599999
      vertex 25.5794 68.5433 2.099
      vertex 24.4247 68.773 2.099
    endloop
  endfacet
  facet normal -0.195103 -0.980783 -0
    outer loop
      vertex 25.5794 68.5433 2.099
      vertex 24.4247 68.773 0.599999
      vertex 25.5794 68.5433 0.599999
    endloop
  endfacet
  facet normal 0.946932 0.321435 0
    outer loop
      vertex 0.935089 48.4058 2.099
      vertex 0.556671 49.5206 0.599999
      vertex 0.556671 49.5206 2.099
    endloop
  endfacet
  facet normal 0.946932 0.321435 0
    outer loop
      vertex 0.556671 49.5206 0.599999
      vertex 0.935089 48.4058 2.099
      vertex 0.935089 48.4058 0.599999
    endloop
  endfacet
  facet normal 0.659332 -0.751852 0
    outer loop
      vertex 2.88603 66.214 0.599999
      vertex 3.77115 66.9902 2.099
      vertex 2.88603 66.214 2.099
    endloop
  endfacet
  facet normal 0.659332 -0.751852 0
    outer loop
      vertex 3.77115 66.9902 2.099
      vertex 2.88603 66.214 0.599999
      vertex 3.77115 66.9902 0.599999
    endloop
  endfacet
  facet normal -0.0654083 -0.997859 0
    outer loop
      vertex 23.25 68.85 0.599999
      vertex 24.4247 68.773 2.099
      vertex 23.25 68.85 2.099
    endloop
  endfacet
  facet normal -0.0654083 -0.997859 -0
    outer loop
      vertex 24.4247 68.773 2.099
      vertex 23.25 68.85 0.599999
      vertex 24.4247 68.773 0.599999
    endloop
  endfacet
  facet normal -0.321421 -0.946936 0
    outer loop
      vertex 25.5794 68.5433 0.599999
      vertex 26.6942 68.1649 2.099
      vertex 25.5794 68.5433 2.099
    endloop
  endfacet
  facet normal -0.321421 -0.946936 -0
    outer loop
      vertex 26.6942 68.1649 2.099
      vertex 25.5794 68.5433 0.599999
      vertex 26.6942 68.1649 0.599999
    endloop
  endfacet
  facet normal -0.442314 -0.89686 0
    outer loop
      vertex 26.6942 68.1649 0.599999
      vertex 27.75 67.6442 2.099
      vertex 26.6942 68.1649 2.099
    endloop
  endfacet
  facet normal -0.442314 -0.89686 -0
    outer loop
      vertex 27.75 67.6442 2.099
      vertex 26.6942 68.1649 0.599999
      vertex 27.75 67.6442 0.599999
    endloop
  endfacet
  facet normal -0.946927 -0.321447 0
    outer loop
      vertex 31.9433 62.1794 0.599999
      vertex 31.5649 63.2941 2.099
      vertex 31.5649 63.2941 0.599999
    endloop
  endfacet
  facet normal -0.946927 -0.321447 0
    outer loop
      vertex 31.5649 63.2941 2.099
      vertex 31.9433 62.1794 0.599999
      vertex 31.9433 62.1794 2.099
    endloop
  endfacet
  facet normal -0.980783 0.195103 0
    outer loop
      vertex 31.9433 49.5206 0.599999
      vertex 32.173 50.6753 2.099
      vertex 32.173 50.6753 0.599999
    endloop
  endfacet
  facet normal -0.980783 0.195103 0
    outer loop
      vertex 32.173 50.6753 2.099
      vertex 31.9433 49.5206 0.599999
      vertex 31.9433 49.5206 2.099
    endloop
  endfacet
  facet normal -0.195103 0.980783 0
    outer loop
      vertex 25.5794 43.1567 0.599999
      vertex 24.4247 42.927 2.099
      vertex 25.5794 43.1567 2.099
    endloop
  endfacet
  facet normal -0.195103 0.980783 0
    outer loop
      vertex 24.4247 42.927 2.099
      vertex 25.5794 43.1567 0.599999
      vertex 24.4247 42.927 0.599999
    endloop
  endfacet
  facet normal 0.321429 -0.946934 0
    outer loop
      vertex 5.80585 68.1649 0.599999
      vertex 6.92062 68.5433 2.099
      vertex 5.80585 68.1649 2.099
    endloop
  endfacet
  facet normal 0.321429 -0.946934 0
    outer loop
      vertex 6.92062 68.5433 2.099
      vertex 5.80585 68.1649 0.599999
      vertex 6.92062 68.5433 0.599999
    endloop
  endfacet
  facet normal 0.751878 -0.659303 0
    outer loop
      vertex 2.10982 65.3288 2.099
      vertex 2.88603 66.214 0.599999
      vertex 2.88603 66.214 2.099
    endloop
  endfacet
  facet normal 0.751878 -0.659303 0
    outer loop
      vertex 2.88603 66.214 0.599999
      vertex 2.10982 65.3288 2.099
      vertex 2.10982 65.3288 0.599999
    endloop
  endfacet
  facet normal -0.751845 0.65934 0
    outer loop
      vertex 29.614 45.486 0.599999
      vertex 30.3902 46.3711 2.099
      vertex 30.3902 46.3711 0.599999
    endloop
  endfacet
  facet normal -0.751845 0.65934 0
    outer loop
      vertex 30.3902 46.3711 2.099
      vertex 29.614 45.486 0.599999
      vertex 29.614 45.486 2.099
    endloop
  endfacet
  facet normal -0.946936 0.321421 0
    outer loop
      vertex 31.5649 48.4058 0.599999
      vertex 31.9433 49.5206 2.099
      vertex 31.9433 49.5206 0.599999
    endloop
  endfacet
  facet normal -0.946936 0.321421 0
    outer loop
      vertex 31.9433 49.5206 2.099
      vertex 31.5649 48.4058 0.599999
      vertex 31.5649 48.4058 2.099
    endloop
  endfacet
  facet normal -0.321421 0.946936 0
    outer loop
      vertex 26.6942 43.5351 0.599999
      vertex 25.5794 43.1567 2.099
      vertex 26.6942 43.5351 2.099
    endloop
  endfacet
  facet normal -0.321421 0.946936 0
    outer loop
      vertex 25.5794 43.1567 2.099
      vertex 26.6942 43.5351 0.599999
      vertex 25.5794 43.1567 0.599999
    endloop
  endfacet
  facet normal 0 1 0
    outer loop
      vertex 35.9 16.35 3.95
      vertex 36.8 16.35 7.29999
      vertex 36.8 16.35 3.95
    endloop
  endfacet
  facet normal 0 1 0
    outer loop
      vertex 36.8 16.35 7.29999
      vertex 35.9 16.35 3.95
      vertex 35.9 16.35 8.29472
    endloop
  endfacet
  facet normal -0.741533 0 -0.670916
    outer loop
      vertex 36.8 16.35 7.29999
      vertex 35.9 40.35 8.29472
      vertex 36.8 40.35 7.29999
    endloop
  endfacet
  facet normal -0.741533 -0 -0.670916
    outer loop
      vertex 35.9 40.35 8.29472
      vertex 36.8 16.35 7.29999
      vertex 35.9 16.35 8.29472
    endloop
  endfacet
  facet normal -1 0 0
    outer loop
      vertex 36.8 16.35 3.95
      vertex 36.8 40.35 7.29999
      vertex 36.8 40.35 3.95
    endloop
  endfacet
  facet normal -1 -0 0
    outer loop
      vertex 36.8 40.35 7.29999
      vertex 36.8 16.35 3.95
      vertex 36.8 16.35 7.29999
    endloop
  endfacet
  facet normal -0 0 1
    outer loop
      vertex 35.9 40.35 3.95
      vertex 36.8 16.35 3.95
      vertex 36.8 40.35 3.95
    endloop
  endfacet
  facet normal 0 0 1
    outer loop
      vertex 36.8 16.35 3.95
      vertex 35.9 40.35 3.95
      vertex 35.9 16.35 3.95
    endloop
  endfacet
  facet normal 0 -1 0
    outer loop
      vertex 35.9 40.35 3.95
      vertex 36.8 40.35 7.29999
      vertex 35.9 40.35 8.29472
    endloop
  endfacet
  facet normal 0 -1 -0
    outer loop
      vertex 36.8 40.35 7.29999
      vertex 35.9 40.35 3.95
      vertex 36.8 40.35 3.95
    endloop
  endfacet
  facet normal -1 0 0
    outer loop
      vertex 6.5 -75 3.14999
      vertex 6.5 -73.5 3.75
      vertex 6.5 -73.5 3.14999
    endloop
  endfacet
  facet normal -1 -0 0
    outer loop
      vertex 6.5 -73.5 3.75
      vertex 6.5 -75 3.14999
      vertex 6.5 -75 3.75
    endloop
  endfacet
  facet normal 1 -0 0
    outer loop
      vertex -6.5 -75 3.75
      vertex -6.5 -73.5 3.14999
      vertex -6.5 -73.5 3.75
    endloop
  endfacet
  facet normal 1 0 0
    outer loop
      vertex -6.5 -73.5 3.14999
      vertex -6.5 -75 3.75
      vertex -6.5 -75 3.14999
    endloop
  endfacet
  facet normal 0 0 -1
    outer loop
      vertex -1.09999 -75 9.14999
      vertex 1.09999 -73.5 9.14999
      vertex 1.09999 -75 9.14999
    endloop
  endfacet
  facet normal -0 0 -1
    outer loop
      vertex 1.09999 -73.5 9.14999
      vertex -1.09999 -75 9.14999
      vertex -1.09999 -73.5 9.14999
    endloop
  endfacet
  facet normal -0 0 1
    outer loop
      vertex -6.5 -73.5 3.14999
      vertex 6.5 -75 3.14999
      vertex 6.5 -73.5 3.14999
    endloop
  endfacet
  facet normal 0 0 1
    outer loop
      vertex 6.5 -75 3.14999
      vertex -6.5 -73.5 3.14999
      vertex -6.5 -75 3.14999
    endloop
  endfacet
  facet normal 0.707105 0 -0.707108
    outer loop
      vertex -6.5 -75 3.75
      vertex -1.09999 -73.5 9.14999
      vertex -1.09999 -75 9.14999
    endloop
  endfacet
  facet normal 0.707105 0 -0.707108
    outer loop
      vertex -1.09999 -73.5 9.14999
      vertex -6.5 -75 3.75
      vertex -6.5 -73.5 3.75
    endloop
  endfacet
  facet normal -0.707105 0 -0.707108
    outer loop
      vertex 1.09999 -75 9.14999
      vertex 6.5 -73.5 3.75
      vertex 6.5 -75 3.75
    endloop
  endfacet
  facet normal -0.707105 0 -0.707108
    outer loop
      vertex 6.5 -73.5 3.75
      vertex 1.09999 -75 9.14999
      vertex 1.09999 -73.5 9.14999
    endloop
  endfacet
endsolid OpenSCAD_Model
